1,1,692.0008544921875,334.69842529296875,87.05194091796875,116.95321655273438,0.920880913734436,-1,-1,-1
1,2,198.29248046875,467.2076110839844,96.7364501953125,147.58840942382812,0.9035440683364868,-1,-1,-1
1,3,917.239501953125,544.6671142578125,59.64739990234375,174.2747802734375,0.8990219235420227,-1,-1,-1
1,4,471.72198486328125,506.7977294921875,57.29803466796875,176.269287109375,0.8963243365287781,-1,-1,-1
1,5,923.0677490234375,388.358642578125,57.02801513671875,137.59710693359375,0.873788595199585,-1,-1,-1
1,6,99.71556854248047,529.909423828125,61.33362579345703,179.01763916015625,0.8683358430862427,-1,-1,-1
1,7,178.29269409179688,276.37420654296875,55.66816711425781,116.85317993164062,0.8569608330726624,-1,-1,-1
1,8,1041.1064453125,387.830078125,45.1976318359375,163.3358154296875,0.8537349104881287,-1,-1,-1
1,9,493.5572509765625,416.52899169921875,47.787353515625,118.2049560546875,0.8123518228530884,-1,-1,-1
1,10,532.042236328125,341.1462707519531,61.65203857421875,127.0902099609375,0.7820456624031067,-1,-1,-1
1,11,585.3201904296875,289.05535888671875,56.7471923828125,98.19500732421875,0.7330819368362427,-1,-1,-1
1,12,1252.042236328125,355.06414794921875,27.4100341796875,146.59173583984375,0.7321819067001343,-1,-1,-1
1,13,128.11892700195312,242.2852783203125,39.33561706542969,69.02593994140625,0.7084572911262512,-1,-1,-1
2,1,691.994384765625,334.7109375,87.0440673828125,116.94155883789062,0.9214349985122681,-1,-1,-1
2,2,198.28305053710938,467.2094421386719,96.7325439453125,147.60067749023438,0.9043573141098022,-1,-1,-1
2,3,917.224365234375,544.659423828125,59.69403076171875,174.28717041015625,0.8987292647361755,-1,-1,-1
2,4,471.7283935546875,506.7900695800781,57.29571533203125,176.26107788085938,0.8966042399406433,-1,-1,-1
2,5,923.0338134765625,388.3564453125,57.06243896484375,137.5931396484375,0.8742840886116028,-1,-1,-1
2,6,99.75316619873047,529.9147338867188,61.33698272705078,179.0574951171875,0.868452787399292,-1,-1,-1
2,7,178.30014038085938,276.38909912109375,55.69667053222656,116.87136840820312,0.8579747676849365,-1,-1,-1
2,8,1041.115234375,387.7997131347656,45.21044921875,163.36618041992188,0.8551542162895203,-1,-1,-1
2,9,493.59490966796875,416.5307312011719,47.742431640625,118.21670532226562,0.8129177689552307,-1,-1,-1
2,10,532.0403442382812,341.1212463378906,61.50482177734375,127.10287475585938,0.7840296030044556,-1,-1,-1
2,11,585.3672485351562,289.0628662109375,56.7027587890625,98.18798828125,0.7337531447410583,-1,-1,-1
2,12,1252.0167236328125,355.0496520996094,27.4366455078125,146.58697509765625,0.7335434556007385,-1,-1,-1
2,13,128.1201171875,242.30775451660156,39.32728576660156,69.00065612792969,0.7085406184196472,-1,-1,-1
3,1,691.986083984375,334.6922607421875,87.07281494140625,116.95834350585938,0.9217321872711182,-1,-1,-1
3,2,198.27413940429688,467.19500732421875,96.73922729492188,147.60791015625,0.904567301273346,-1,-1,-1
3,3,917.2342529296875,544.662109375,59.69879150390625,174.280029296875,0.8990302085876465,-1,-1,-1
3,4,471.7327575683594,506.80047607421875,57.304168701171875,176.2374267578125,0.8970064520835876,-1,-1,-1
3,5,923.0050048828125,388.3670654296875,57.0865478515625,137.58111572265625,0.8732652068138123,-1,-1,-1
3,6,99.75506591796875,529.9071655273438,61.35540771484375,179.09356689453125,0.8691115379333496,-1,-1,-1
3,7,178.3173370361328,276.4078063964844,55.68775939941406,116.86264038085938,0.8569906949996948,-1,-1,-1
3,8,1041.11181640625,387.7894592285156,45.220458984375,163.36550903320312,0.8552972078323364,-1,-1,-1
3,9,493.5907287597656,416.53057861328125,47.779937744140625,118.21295166015625,0.8132397532463074,-1,-1,-1
3,10,532.0352783203125,341.1141052246094,61.4852294921875,127.11529541015625,0.7839180827140808,-1,-1,-1
3,11,585.3761596679688,289.0638732910156,56.68487548828125,98.17681884765625,0.7332038879394531,-1,-1,-1
3,12,1251.9962158203125,355.0523681640625,27.45703125,146.5673828125,0.7338019609451294,-1,-1,-1
3,13,128.1331329345703,242.1864471435547,39.28913879394531,69.11244201660156,0.7079877257347107,-1,-1,-1
4,1,691.9931640625,334.6903381347656,87.06976318359375,116.95223999023438,0.9217814803123474,-1,-1,-1
4,2,198.26612854003906,467.1871337890625,96.74250793457031,147.645751953125,0.9040242433547974,-1,-1,-1
4,3,917.2434692382812,544.6607055664062,59.69219970703125,174.29229736328125,0.8991313576698303,-1,-1,-1
4,4,471.74163818359375,506.7450256347656,57.31634521484375,176.28775024414062,0.8964380025863647,-1,-1,-1
4,5,922.9943237304688,388.37109375,57.102783203125,137.5726318359375,0.8735194206237793,-1,-1,-1
4,6,99.73644256591797,529.9249267578125,61.382835388183594,179.11627197265625,0.868800163269043,-1,-1,-1
4,7,178.33099365234375,276.40985107421875,55.661529541015625,116.86566162109375,0.8562282919883728,-1,-1,-1
4,8,1041.1002197265625,387.79510498046875,45.2412109375,163.35528564453125,0.8548403978347778,-1,-1,-1
4,9,493.671630859375,416.5303955078125,47.7108154296875,118.21160888671875,0.8135402798652649,-1,-1,-1
4,10,532.0307006835938,341.12200927734375,61.49835205078125,127.11264038085938,0.783207356929779,-1,-1,-1
4,11,585.3828735351562,289.0619812011719,56.68212890625,98.15957641601562,0.7305368185043335,-1,-1,-1
4,12,1251.986328125,355.05328369140625,27.46728515625,146.56668090820312,0.7323872447013855,-1,-1,-1
4,13,128.13597106933594,242.1512908935547,39.27763366699219,69.13252258300781,0.7058389186859131,-1,-1,-1
5,1,690.795654296875,337.2521667480469,90.98370361328125,116.52423095703125,0.9138931632041931,-1,-1,-1
5,2,195.8186492919922,469.7577209472656,99.68934631347656,147.62136840820312,0.910097599029541,-1,-1,-1
5,3,918.8593139648438,546.18798828125,61.80682373046875,173.173583984375,0.8857879042625427,-1,-1,-1
5,4,470.9604797363281,507.4753112792969,57.380462646484375,177.52157592773438,0.8942505717277527,-1,-1,-1
5,5,924.088134765625,389.3147888183594,57.24761962890625,139.07772827148438,0.8902941346168518,-1,-1,-1
5,6,96.78187561035156,531.5835571289062,60.58660888671875,178.54437255859375,0.8801649808883667,-1,-1,-1
5,7,175.84230041503906,279.127685546875,55.54217529296875,115.20889282226562,0.8571327924728394,-1,-1,-1
5,8,1040.5400390625,389.5027160644531,46.3204345703125,163.12167358398438,0.8441305160522461,-1,-1,-1
5,9,494.600341796875,418.6809997558594,48.38525390625,119.77059936523438,0.8073440194129944,-1,-1,-1
5,10,531.3243408203125,340.7598571777344,63.49493408203125,129.34909057617188,0.7134562730789185,-1,-1,-1
5,11,585.38818359375,289.48046875,57.53253173828125,99.07449340820312,0.7679124474525452,-1,-1,-1
5,12,1254.372802734375,357.43408203125,25.627197265625,145.24313354492188,0.7169838547706604,-1,-1,-1
6,1,689.0877685546875,340.07135009765625,94.960205078125,115.28445434570312,0.9234185218811035,-1,-1,-1
6,2,192.55393981933594,472.4801940917969,104.20597839355469,147.33840942382812,0.9052010178565979,-1,-1,-1
6,3,918.5093383789062,547.6360473632812,65.29986572265625,171.62969970703125,0.8948450684547424,-1,-1,-1
6,4,468.3312683105469,508.9521789550781,57.430572509765625,178.22622680664062,0.8677710890769958,-1,-1,-1
6,5,923.8265991210938,391.2133483886719,57.01318359375,140.09725952148438,0.8889549970626831,-1,-1,-1
6,6,90.69570922851562,534.0446166992188,60.7156982421875,179.63494873046875,0.8609063625335693,-1,-1,-1
6,7,171.77821350097656,279.1214904785156,55.67466735839844,115.89291381835938,0.8467622995376587,-1,-1,-1
6,8,1036.585205078125,391.57513427734375,48.6934814453125,162.4307861328125,0.8397603631019592,-1,-1,-1
6,9,495.44647216796875,422.3008117675781,47.92510986328125,121.76040649414062,0.8456886410713196,-1,-1,-1
6,10,529.0016479492188,341.933349609375,63.92889404296875,130.59542846679688,0.828441321849823,-1,-1,-1
6,11,585.169677734375,289.74591064453125,56.7149658203125,100.34579467773438,0.713982880115509,-1,-1,-1
6,12,1252.9569091796875,360.10205078125,26.5966796875,143.93508911132812,0.7758303284645081,-1,-1,-1
6,13,119.72196960449219,243.5139617919922,39.65531921386719,70.17689514160156,0.6690414547920227,-1,-1,-1
7,1,687.0264892578125,342.7424621582031,99.00445556640625,114.64886474609375,0.9183633327484131,-1,-1,-1
7,2,187.0672149658203,474.5028381347656,109.04365539550781,148.70602416992188,0.899067223072052,-1,-1,-1
7,3,916.9241333007812,549.7948608398438,68.40716552734375,169.34173583984375,0.9031388163566589,-1,-1,-1
7,4,464.2398681640625,511.084228515625,58.343017578125,178.688232421875,0.8738067150115967,-1,-1,-1
7,5,921.3846435546875,393.2120056152344,57.4927978515625,141.57608032226562,0.9020096063613892,-1,-1,-1
7,6,83.10582733154297,536.995361328125,66.48796844482422,178.06414794921875,0.7350642085075378,-1,-1,-1
7,7,165.69900512695312,281.20611572265625,56.88017272949219,115.97152709960938,0.862602174282074,-1,-1,-1
7,8,1027.291015625,393.3147888183594,53.9456787109375,162.04257202148438,0.7493423819541931,-1,-1,-1
7,9,494.90362548828125,426.5210876464844,47.63818359375,126.47702026367188,0.8778784871101379,-1,-1,-1
7,10,526.3649291992188,343.173095703125,61.80767822265625,130.53662109375,0.8099465370178223,-1,-1,-1
7,11,580.8751831054688,290.4460144042969,60.4393310546875,101.91299438476562,0.837079644203186,-1,-1,-1
7,12,1250.9334716796875,363.3221435546875,27.9794921875,142.69677734375,0.8018896579742432,-1,-1,-1
7,13,113.52035522460938,243.85791015625,40.84156799316406,70.54745483398438,0.6900765895843506,-1,-1,-1
8,1,684.4644165039062,344.13763427734375,99.3797607421875,116.35479736328125,0.9171346426010132,-1,-1,-1
8,2,185.8756866455078,477.02618408203125,108.11882019042969,146.53802490234375,0.8900443911552429,-1,-1,-1
8,3,912.9580688476562,552.2479858398438,71.25506591796875,167.41729736328125,0.8930385112762451,-1,-1,-1
8,4,457.3903503417969,514.5068359375,59.293792724609375,178.2138671875,0.8692768812179565,-1,-1,-1
8,5,915.9727783203125,395.18060302734375,57.1231689453125,143.7684326171875,0.8818492889404297,-1,-1,-1
8,6,73.22380828857422,540.31689453125,74.53995513916016,176.304931640625,0.8311942219734192,-1,-1,-1
8,7,156.79464721679688,281.06304931640625,57.70030212402344,118.26925659179688,0.8444740176200867,-1,-1,-1
8,8,1023.251708984375,394.8948669433594,52.619384765625,161.68875122070312,0.8043057322502136,-1,-1,-1
8,9,490.34356689453125,431.02532958984375,49.51837158203125,126.7130126953125,0.871559739112854,-1,-1,-1
8,10,522.6206665039062,344.5229797363281,61.4166259765625,130.62924194335938,0.8072618246078491,-1,-1,-1
8,11,577.8465576171875,291.5116271972656,63.328369140625,101.40313720703125,0.8709251284599304,-1,-1,-1
8,12,1246.4140625,366.11236572265625,31.7227783203125,141.40194702148438,0.8168262839317322,-1,-1,-1
8,13,104.62811279296875,244.6637725830078,41.26435852050781,71.05772399902344,0.7087154388427734,-1,-1,-1
9,1,683.0194091796875,344.9486389160156,99.05389404296875,116.07537841796875,0.9175083041191101,-1,-1,-1
9,2,186.5911102294922,480.48333740234375,103.86408996582031,142.56219482421875,0.7692922949790955,-1,-1,-1
9,3,906.2171020507812,553.4899291992188,71.624755859375,165.9439697265625,0.9087732434272766,-1,-1,-1
9,5,907.0556640625,397.61883544921875,56.5496826171875,144.2779541015625,0.8715896606445312,-1,-1,-1
9,6,61.11824035644531,542.925537109375,69.74600219726562,175.1241455078125,0.8279449939727783,-1,-1,-1
9,7,146.71791076660156,283.94580078125,57.414093017578125,116.63092041015625,0.8530333638191223,-1,-1,-1
9,8,1017.0408325195312,396.0173645019531,48.96258544921875,161.59432983398438,0.8190822601318359,-1,-1,-1
9,9,484.2279052734375,437.0928649902344,55.973388671875,122.86251831054688,0.8417429327964783,-1,-1,-1
9,10,505.6468200683594,345.361083984375,72.39114379882812,131.25216674804688,0.7751589417457581,-1,-1,-1
9,11,577.4134521484375,293.8365783691406,63.08270263671875,99.80410766601562,0.8866238594055176,-1,-1,-1
9,12,1236.808837890625,368.5384521484375,39.7169189453125,139.74212646484375,0.819735050201416,-1,-1,-1
9,13,93.61915588378906,245.194091796875,41.845489501953125,70.80972290039062,0.6662523746490479,-1,-1,-1
10,1,687.0670776367188,349.3259582519531,86.57928466796875,113.18545532226562,0.8817250728607178,-1,-1,-1
10,2,170.4336700439453,488.9596252441406,109.06144714355469,142.90042114257812,0.8467150926589966,-1,-1,-1
10,3,886.59423828125,554.9426879882812,74.526611328125,163.7476806640625,0.8984087705612183,-1,-1,-1
10,5,882.2501220703125,401.2513427734375,55.42498779296875,141.584716796875,0.8427066802978516,-1,-1,-1
10,6,33.62178421020508,546.591064453125,82.19968795776367,172.9417724609375,0.8767496943473816,-1,-1,-1
10,7,121.7379150390625,285.41326904296875,58.6253662109375,116.788818359375,0.7710974216461182,-1,-1,-1
10,8,992.9990234375,398.53369140625,49.34228515625,159.78369140625,0.7408154606819153,-1,-1,-1
10,9,462.5124816894531,438.9242858886719,75.65225219726562,121.22702026367188,0.8060548305511475,-1,-1,-1
10,10,471.3478698730469,348.3572998046875,96.47238159179688,129.77175903320312,0.435499906539917,-1,-1,-1
10,11,565.2593383789062,296.5826110839844,67.577392578125,91.97940063476562,0.6531429886817932,-1,-1,-1
10,12,1212.6419677734375,371.5883483886719,52.021728515625,136.97171020507812,0.8323509097099304,-1,-1,-1
10,13,66.5679702758789,246.96646118164062,45.965576171875,72.20269775390625,0.7342881560325623,-1,-1,-1
10,4,427.1134948730469,520.0802001953125,59.400726318359375,176.6497802734375,0.9030110836029053,-1,-1,-1
11,1,693.6737670898438,353.6070556640625,79.2017822265625,109.60394287109375,0.8829074501991272,-1,-1,-1
11,2,159.6412811279297,494.66778564453125,116.67515563964844,147.50933837890625,0.8540992736816406,-1,-1,-1
11,3,875.55322265625,555.6283569335938,77.4173583984375,162.99896240234375,0.8904332518577576,-1,-1,-1
11,5,857.0519409179688,403.2203674316406,65.77197265625,140.13137817382812,0.8493988513946533,-1,-1,-1
11,6,18.012414932250977,548.426513671875,87.2346248626709,171.12347412109375,0.8364064693450928,-1,-1,-1
11,7,106.90203094482422,286.6324768066406,60.24634552001953,117.0435791015625,0.7356371879577637,-1,-1,-1
11,8,981.2145385742188,399.3572082519531,46.75006103515625,157.94766235351562,0.5002911686897278,-1,-1,-1
11,9,448.70880126953125,439.17108154296875,88.63970947265625,121.68328857421875,0.7545630931854248,-1,-1,-1
11,10,450.95819091796875,351.0664978027344,93.74981689453125,130.15670776367188,0.6584784388542175,-1,-1,-1
11,11,555.8515625,298.3417053222656,72.53118896484375,94.00357055664062,0.7668907046318054,-1,-1,-1
11,12,1198.7872314453125,373.5646667480469,56.3262939453125,134.56179809570312,0.8563146591186523,-1,-1,-1
11,13,50.18355941772461,248.41262817382812,47.569759368896484,71.877197265625,0.7169526219367981,-1,-1,-1
11,4,414.93450927734375,521.1838989257812,57.922149658203125,176.451171875,0.873076319694519,-1,-1,-1
12,1,673.9149169921875,354.7222595214844,86.84423828125,111.32583618164062,0.9099622368812561,-1,-1,-1
12,2,132.29302978515625,498.31640625,135.47750854492188,156.23785400390625,0.9032807946205139,-1,-1,-1
12,3,851.26513671875,555.3575439453125,79.90069580078125,162.81121826171875,0.8944973945617676,-1,-1,-1
12,5,821.8846435546875,401.24249267578125,71.59326171875,141.0255126953125,0.7763497829437256,-1,-1,-1
12,6,0.0,551.9575805664062,75.13533020019531,167.638916015625,0.5745458006858826,-1,-1,-1
12,7,76.70494079589844,286.3993835449219,61.02430725097656,119.25616455078125,0.7485843300819397,-1,-1,-1
12,8,948.881103515625,395.2159729003906,49.44488525390625,158.88809204101562,0.49483469128608704,-1,-1,-1
12,9,429.22686767578125,439.14532470703125,89.10546875,121.19696044921875,0.8844133019447327,-1,-1,-1
12,10,418.09735107421875,355.4033203125,90.65106201171875,127.924560546875,0.8272902965545654,-1,-1,-1
12,11,532.6826171875,286.2625732421875,79.03607177734375,101.06375122070312,0.7347778677940369,-1,-1,-1
12,12,1169.799072265625,373.6919250488281,67.97705078125,137.55215454101562,0.8954854011535645,-1,-1,-1
12,13,18.90839195251465,251.3232879638672,47.525407791137695,69.97410583496094,0.6897110939025879,-1,-1,-1
12,4,387.3554992675781,522.5032348632812,59.391143798828125,176.379638671875,0.8852049112319946,-1,-1,-1
13,1,667.3892211914062,354.26483154296875,95.80340576171875,112.65420532226562,0.9090449810028076,-1,-1,-1
13,2,129.0187225341797,501.0850830078125,136.5598602294922,164.35809326171875,0.6165744066238403,-1,-1,-1
13,3,841.80615234375,555.175537109375,79.9400634765625,163.0478515625,0.9062920808792114,-1,-1,-1
13,5,809.2803955078125,393.0767822265625,68.69989013671875,148.335205078125,0.8888337016105652,-1,-1,-1
13,6,0.0,553.925537109375,43.4245491027832,164.73785400390625,0.6532934308052063,-1,-1,-1
13,7,59.47822189331055,285.2664489746094,62.972476959228516,121.09091186523438,0.7081430554389954,-1,-1,-1
13,8,916.4632568359375,391.9851989746094,66.9112548828125,161.22311401367188,0.7201851010322571,-1,-1,-1
13,9,416.109375,438.4598693847656,93.2740478515625,122.47189331054688,0.8916086554527283,-1,-1,-1
13,10,401.6308898925781,359.57269287109375,91.131591796875,126.36651611328125,0.835817277431488,-1,-1,-1
13,11,528.165771484375,289.37921142578125,75.9407958984375,93.80715942382812,0.7283094525337219,-1,-1,-1
13,12,1155.6947021484375,374.35638427734375,73.9718017578125,137.25344848632812,0.9042802453041077,-1,-1,-1
13,13,1.8159302473068237,251.0511016845703,47.24415123462677,71.32609558105469,0.5574284195899963,-1,-1,-1
13,4,373.3956298828125,522.7745971679688,59.931610107421875,177.13507080078125,0.897760808467865,-1,-1,-1
14,1,665.0086059570312,353.8290710449219,102.290283203125,114.81118774414062,0.9293873906135559,-1,-1,-1
14,2,127.69496154785156,504.2442321777344,133.9523468017578,167.87869262695312,0.9095020294189453,-1,-1,-1
14,3,836.6007080078125,553.8689575195312,73.93719482421875,164.6104736328125,0.8932517170906067,-1,-1,-1
14,5,797.1224365234375,380.5829772949219,67.30059814453125,159.26779174804688,0.8367300629615784,-1,-1,-1
14,7,44.5993537902832,285.7716979980469,62.74663162231445,121.58517456054688,0.6664879322052002,-1,-1,-1
14,8,910.50537109375,387.8132629394531,58.3162841796875,164.83956909179688,0.40487799048423767,-1,-1,-1
14,9,406.08233642578125,437.38739013671875,94.28643798828125,124.27484130859375,0.8851108551025391,-1,-1,-1
14,10,386.1415100097656,362.64898681640625,91.21188354492188,124.95462036132812,0.8340945243835449,-1,-1,-1
14,11,521.7741088867188,282.32550048828125,74.7861328125,97.97613525390625,0.46038302779197693,-1,-1,-1
14,12,1141.3472900390625,374.6800842285156,77.0211181640625,136.55795288085938,0.8993144035339355,-1,-1,-1
14,13,0.0,252.49380493164062,31.35072898864746,70.32135009765625,0.6554100513458252,-1,-1,-1
14,4,359.54742431640625,523.0797119140625,60.99505615234375,177.22613525390625,0.891257643699646,-1,-1,-1
15,1,667.6405639648438,354.6983642578125,100.4532470703125,116.48605346679688,0.8893357515335083,-1,-1,-1
15,2,132.81008911132812,506.6985778808594,126.27236938476562,170.19528198242188,0.8801124691963196,-1,-1,-1
15,3,832.35986328125,553.4570922851562,68.553466796875,164.92303466796875,0.8767930865287781,-1,-1,-1
15,5,782.835205078125,368.27239990234375,70.1282958984375,166.7630615234375,0.875489354133606,-1,-1,-1
15,7,29.718658447265625,283.325439453125,62.55924987792969,123.68240356445312,0.645372211933136,-1,-1,-1
15,8,901.9636840820312,391.6036376953125,53.1724853515625,160.65185546875,0.4270677864551544,-1,-1,-1
15,9,398.78143310546875,434.9607238769531,93.91909790039062,127.75894165039062,0.9003883004188538,-1,-1,-1
15,10,371.8968200683594,366.024169921875,92.281982421875,122.08770751953125,0.8157265782356262,-1,-1,-1
15,11,535.3534545898438,291.1895446777344,55.30267333984375,88.98220825195312,0.5363603830337524,-1,-1,-1
15,12,1125.59423828125,375.608154296875,78.877685546875,134.36264038085938,0.8907849192619324,-1,-1,-1
15,4,346.8626708984375,523.634765625,61.4609375,177.0875244140625,0.8749154806137085,-1,-1,-1
16,1,676.4874877929688,357.4064025878906,88.3001708984375,120.20706176757812,0.8917063474655151,-1,-1,-1
16,2,146.12203979492188,508.9800720214844,112.10812377929688,170.11019897460938,0.8977847695350647,-1,-1,-1
16,3,826.8172607421875,552.1135864257812,64.64862060546875,165.89501953125,0.5794031620025635,-1,-1,-1
16,5,765.550537109375,356.96795654296875,77.89697265625,174.70159912109375,0.8649073839187622,-1,-1,-1
16,7,14.332991600036621,282.5760803222656,63.222046852111816,125.28994750976562,0.7134910225868225,-1,-1,-1
16,8,888.9091186523438,357.2893371582031,53.2164306640625,194.59390258789062,0.4810117483139038,-1,-1,-1
16,9,395.61553955078125,432.5987548828125,92.24685668945312,130.0108642578125,0.898065984249115,-1,-1,-1
16,10,357.049072265625,369.4777526855469,94.06329345703125,119.5087890625,0.8461737632751465,-1,-1,-1
16,11,545.2845458984375,295.3579406738281,40.640625,85.1522216796875,0.679261326789856,-1,-1,-1
16,12,1109.176513671875,375.5595703125,80.77978515625,133.4598388671875,0.8838433623313904,-1,-1,-1
16,4,334.0112609863281,524.1231079101562,60.905792236328125,177.33721923828125,0.8947895169258118,-1,-1,-1
17,1,680.1531372070312,361.477783203125,77.1240234375,118.72866821289062,0.8889122605323792,-1,-1,-1
17,2,144.01527404785156,508.96673583984375,121.68754577636719,172.27801513671875,0.8898031115531921,-1,-1,-1
17,3,817.396484375,550.6824340820312,65.62896728515625,167.1778564453125,0.8912352919578552,-1,-1,-1
17,5,751.2855224609375,361.869384765625,81.083740234375,157.45269775390625,0.883543074131012,-1,-1,-1
17,7,0.2423141598701477,283.9583435058594,62.63442915678024,123.17520141601562,0.7014057636260986,-1,-1,-1
17,9,394.696533203125,428.52252197265625,87.8258056640625,136.57940673828125,0.9070966839790344,-1,-1,-1
17,10,343.6697692871094,372.37762451171875,96.428466796875,117.11856079101562,0.8577362298965454,-1,-1,-1
17,11,542.7022094726562,297.0365295410156,40.67706298828125,83.01303100585938,0.4838525652885437,-1,-1,-1
17,12,1093.556396484375,375.1194763183594,82.453125,132.14474487304688,0.8937796950340271,-1,-1,-1
17,4,320.73333740234375,524.3898315429688,61.513153076171875,177.69354248046875,0.8875254392623901,-1,-1,-1
17,16,1239.646728515625,458.1712951660156,37.194091796875,168.81600952148438,0.8266832828521729,-1,-1,-1
18,1,679.1395263671875,364.2186584472656,67.6090087890625,115.8507080078125,0.8420735597610474,-1,-1,-1
18,2,134.8600311279297,507.13238525390625,135.74525451660156,175.44183349609375,0.9085132479667664,-1,-1,-1
18,3,808.4729614257812,549.0489501953125,65.365966796875,168.32916259765625,0.8980965614318848,-1,-1,-1
18,5,737.7504272460938,361.7922058105469,82.56732177734375,146.18130493164062,0.6390250325202942,-1,-1,-1
18,7,0.0,286.5517883300781,47.57686996459961,117.64584350585938,0.7470194101333618,-1,-1,-1
18,9,395.98016357421875,424.6800231933594,80.06924438476562,138.55868530273438,0.8854208588600159,-1,-1,-1
18,10,331.2900085449219,375.134033203125,99.37481689453125,114.470947265625,0.8055722713470459,-1,-1,-1
18,11,536.0903930664062,297.0827331542969,46.3089599609375,83.17059326171875,0.7058423161506653,-1,-1,-1
18,12,1078.6588134765625,373.5412902832031,82.3653564453125,132.64382934570312,0.8713579177856445,-1,-1,-1
18,4,306.86505126953125,525.0492553710938,62.0185546875,178.16644287109375,0.9135112166404724,-1,-1,-1
18,16,1224.47607421875,457.1646728515625,49.9569091796875,170.4276123046875,0.8774052262306213,-1,-1,-1
18,8,860.4283447265625,321.0859069824219,54.782470703125,226.87704467773438,0.5763887763023376,-1,-1,-1
19,1,678.1500854492188,364.4979553222656,68.19732666015625,115.15792846679688,0.8219972252845764,-1,-1,-1
19,2,126.71306610107422,504.48681640625,147.22403717041016,177.87506103515625,0.9227389693260193,-1,-1,-1
19,3,798.870849609375,546.1541137695312,64.13934326171875,171.4669189453125,0.8865213394165039,-1,-1,-1
19,5,728.4122314453125,360.060302734375,80.02288818359375,138.449462890625,0.778835654258728,-1,-1,-1
19,7,0.0,273.2231750488281,31.834821701049805,130.41448974609375,0.6816021203994751,-1,-1,-1
19,9,396.29559326171875,421.13580322265625,70.80282592773438,139.8880615234375,0.9145136475563049,-1,-1,-1
19,10,318.87738037109375,375.87554931640625,104.95101928710938,114.2056884765625,0.849816620349884,-1,-1,-1
19,11,523.1347045898438,295.00872802734375,57.1009521484375,84.31521606445312,0.8241863250732422,-1,-1,-1
19,12,1062.6019287109375,371.6144104003906,82.60595703125,133.61495971679688,0.8676262497901917,-1,-1,-1
19,4,292.6747741699219,525.5571899414062,62.4368896484375,178.349365234375,0.8918226957321167,-1,-1,-1
19,16,1209.3702392578125,455.86029052734375,57.487548828125,170.58013916015625,0.8134586215019226,-1,-1,-1
19,8,841.1536254882812,308.7784729003906,61.13177490234375,234.09060668945312,0.45690950751304626,-1,-1,-1
20,1,677.9012451171875,362.1889953613281,70.55462646484375,117.58560180664062,0.7776728868484497,-1,-1,-1
20,2,123.99585723876953,502.1756591796875,151.43669891357422,178.16949462890625,0.91407310962677,-1,-1,-1
20,3,787.9768676757812,545.8692626953125,64.687255859375,171.84619140625,0.8854823112487793,-1,-1,-1
20,5,716.7837524414062,357.8321533203125,76.65118408203125,132.09161376953125,0.7845476865768433,-1,-1,-1
20,9,396.0650939941406,418.2195129394531,61.33013916015625,142.08871459960938,0.871914267539978,-1,-1,-1
20,10,309.17108154296875,376.19512939453125,104.83078002929688,114.29916381835938,0.8353559970855713,-1,-1,-1
20,11,512.4056396484375,291.8315124511719,65.14837646484375,90.70443725585938,0.858589231967926,-1,-1,-1
20,12,1044.246826171875,369.6181335449219,81.756591796875,134.54290771484375,0.8305073976516724,-1,-1,-1
20,4,277.4880065917969,526.0117797851562,63.87628173828125,179.065673828125,0.84882652759552,-1,-1,-1
20,16,1192.475830078125,455.5004577636719,59.086181640625,168.18447875976562,0.7899779081344604,-1,-1,-1
20,8,828.3096313476562,298.4157409667969,59.91595458984375,235.33786010742188,0.6369654536247253,-1,-1,-1
21,1,672.4689331054688,358.08905029296875,65.3106689453125,121.64447021484375,0.8258242607116699,-1,-1,-1
21,2,124.30648040771484,501.611083984375,142.40943145751953,175.38726806640625,0.9123703837394714,-1,-1,-1
21,3,776.8723754882812,545.5985107421875,65.83258056640625,172.3223876953125,0.8839449286460876,-1,-1,-1
21,5,714.2700805664062,354.66693115234375,66.01043701171875,135.87579345703125,0.6283504962921143,-1,-1,-1
21,9,390.40106201171875,416.8184814453125,56.540130615234375,143.3363037109375,0.857860803604126,-1,-1,-1
21,10,301.75274658203125,376.48388671875,102.24588012695312,114.1077880859375,0.8351748585700989,-1,-1,-1
21,11,500.88641357421875,290.0956115722656,72.71087646484375,94.9503173828125,0.8671633005142212,-1,-1,-1
21,12,1025.4808349609375,367.8846740722656,78.353271484375,127.01177978515625,0.8027792572975159,-1,-1,-1
21,4,258.8892822265625,527.3401489257812,67.97390747070312,179.174560546875,0.883783221244812,-1,-1,-1
21,16,1175.341796875,453.92462158203125,58.68310546875,167.99798583984375,0.8249728083610535,-1,-1,-1
21,8,808.8834838867188,298.4755859375,64.94952392578125,225.08074951171875,0.5170454978942871,-1,-1,-1
22,1,664.3171997070312,353.7623596191406,58.160400390625,125.87124633789062,0.8089634776115417,-1,-1,-1
22,2,133.44187927246094,502.26336669921875,124.39204406738281,175.4627685546875,0.9022662043571472,-1,-1,-1
22,3,766.9597778320312,545.8925170898438,65.19818115234375,172.6279296875,0.8888676166534424,-1,-1,-1
22,5,705.8449096679688,354.5132141113281,61.7684326171875,139.57440185546875,0.7050540447235107,-1,-1,-1
22,9,382.73883056640625,416.6214599609375,53.633697509765625,143.90045166015625,0.8530034422874451,-1,-1,-1
22,10,300.1477966308594,376.9416198730469,95.54794311523438,114.03411865234375,0.8332873582839966,-1,-1,-1
22,11,492.3978576660156,288.3030090332031,75.55923461914062,99.786376953125,0.8416370153427124,-1,-1,-1
22,12,1006.6708374023438,366.8536376953125,73.13714599609375,120.71212768554688,0.8327714204788208,-1,-1,-1
22,4,246.22897338867188,528.2958374023438,65.98284912109375,178.53375244140625,0.8624648451805115,-1,-1,-1
22,16,1157.772705078125,452.5973815917969,60.3182373046875,167.44369506835938,0.8455293774604797,-1,-1,-1
22,8,793.709716796875,301.85455322265625,65.87847900390625,197.71615600585938,0.5210795998573303,-1,-1,-1
22,18,1197.6737060546875,417.0535888671875,63.009033203125,134.854736328125,0.8312708139419556,-1,-1,-1
23,1,655.6130981445312,347.35955810546875,53.01605224609375,132.657470703125,0.731795072555542,-1,-1,-1
23,2,150.4726104736328,502.87109375,104.6898193359375,177.05908203125,0.8889118432998657,-1,-1,-1
23,3,755.5411376953125,545.927001953125,66.76043701171875,173.26702880859375,0.8842238783836365,-1,-1,-1
23,5,689.9270629882812,354.2596740722656,65.74224853515625,143.99453735351562,0.728005588054657,-1,-1,-1
23,9,375.6385803222656,417.47515869140625,51.4178466796875,146.56304931640625,0.894817590713501,-1,-1,-1
23,10,301.3966064453125,377.350830078125,86.364013671875,113.42669677734375,0.860785186290741,-1,-1,-1
23,11,489.7675476074219,288.9837951660156,72.12612915039062,103.99267578125,0.8254168033599854,-1,-1,-1
23,12,990.9216918945312,367.5382080078125,64.43475341796875,124.65838623046875,0.5696898102760315,-1,-1,-1
23,4,231.5966033935547,529.1533813476562,65.92112731933594,179.78082275390625,0.8585753440856934,-1,-1,-1
23,16,1141.2169189453125,452.5173034667969,59.0618896484375,166.87692260742188,0.8547773361206055,-1,-1,-1
23,8,772.8894653320312,305.2308044433594,72.13800048828125,197.76510620117188,0.48897120356559753,-1,-1,-1
23,18,1179.969482421875,415.87774658203125,61.6224365234375,135.739990234375,0.8017841577529907,-1,-1,-1
24,1,646.7421264648438,328.87677001953125,52.12567138671875,150.6640625,0.7896709442138672,-1,-1,-1
24,2,170.0886688232422,503.1185302734375,85.74034118652344,176.23602294921875,0.8595940470695496,-1,-1,-1
24,3,744.9930419921875,545.9883422851562,66.942138671875,173.02459716796875,0.8855589032173157,-1,-1,-1
24,5,676.6502685546875,355.9636535644531,68.456298828125,147.36724853515625,0.7796404957771301,-1,-1,-1
24,9,368.7955627441406,419.9233093261719,50.835968017578125,147.64859008789062,0.896009624004364,-1,-1,-1
24,10,298.122802734375,378.0999450683594,84.86297607421875,112.63470458984375,0.8647878170013428,-1,-1,-1
24,11,492.4758605957031,289.6485290527344,61.732696533203125,105.03900146484375,0.7022305727005005,-1,-1,-1
24,12,975.1759033203125,368.9042053222656,59.5760498046875,129.92623901367188,0.8623695373535156,-1,-1,-1
24,4,220.35430908203125,528.5693359375,63.868499755859375,181.37841796875,0.8856280446052551,-1,-1,-1
24,16,1126.67919921875,453.2125244140625,63.2149658203125,164.9591064453125,0.701716959476471,-1,-1,-1
24,8,756.10400390625,308.7400817871094,75.6600341796875,201.57272338867188,0.7468129396438599,-1,-1,-1
24,18,1163.778076171875,416.26904296875,61.55078125,133.7080078125,0.43828853964805603,-1,-1,-1
25,1,639.7177734375,303.2921142578125,51.1328125,175.90679931640625,0.8065375685691833,-1,-1,-1
25,2,169.17355346679688,501.3674011230469,92.666259765625,178.99398803710938,0.7167628407478333,-1,-1,-1
25,3,736.5332641601562,545.2178955078125,65.7640380859375,173.4212646484375,0.8882429599761963,-1,-1,-1
25,5,665.5079345703125,358.8083801269531,71.76708984375,150.21792602539062,0.8443134427070618,-1,-1,-1
25,9,365.3945007324219,423.3250427246094,49.419219970703125,145.86666870117188,0.8785964846611023,-1,-1,-1
25,10,291.52117919921875,377.1505432128906,90.059326171875,114.4189453125,0.8861785531044006,-1,-1,-1
25,11,501.3591613769531,291.15887451171875,48.192413330078125,101.04013061523438,0.6810739636421204,-1,-1,-1
25,12,962.8050537109375,370.8974609375,57.24273681640625,130.03652954101562,0.8585039973258972,-1,-1,-1
25,4,209.47189331054688,527.7056274414062,65.28829956054688,183.27105712890625,0.8058494329452515,-1,-1,-1
25,16,1111.051513671875,453.2464599609375,65.7625732421875,163.26422119140625,0.812910258769989,-1,-1,-1
25,8,746.3561401367188,312.0027160644531,72.51092529296875,199.84783935546875,0.6634966731071472,-1,-1,-1
25,18,1148.0321044921875,419.2471008300781,63.9952392578125,128.46261596679688,0.8124159574508667,-1,-1,-1
26,1,629.3500366210938,287.63104248046875,54.59967041015625,183.6583251953125,0.8180750608444214,-1,-1,-1
26,2,165.78892517089844,520.1586303710938,101.34556579589844,181.9041748046875,0.4331133961677551,-1,-1,-1
26,3,729.0588989257812,545.2675170898438,63.64251708984375,173.83013916015625,0.8897610902786255,-1,-1,-1
26,5,654.501953125,362.95965576171875,73.9066162109375,151.8697509765625,0.7752358317375183,-1,-1,-1
26,9,361.3465270996094,428.3896484375,50.396881103515625,142.24884033203125,0.8605622053146362,-1,-1,-1
26,10,284.22564697265625,376.38214111328125,94.35910034179688,115.66632080078125,0.8610588908195496,-1,-1,-1
26,11,499.0867614746094,292.40228271484375,48.154998779296875,102.11178588867188,0.8265479803085327,-1,-1,-1
26,12,952.2179565429688,372.91046142578125,55.46044921875,128.6119384765625,0.891390323638916,-1,-1,-1
26,4,198.59933471679688,529.5606689453125,71.37615966796875,183.31634521484375,0.5626140236854553,-1,-1,-1
26,16,1098.52099609375,455.642822265625,69.771728515625,159.9468994140625,0.8031400442123413,-1,-1,-1
26,8,737.6585693359375,314.04083251953125,71.82611083984375,199.9283447265625,0.783761739730835,-1,-1,-1
26,18,1135.1806640625,424.0967712402344,64.0025634765625,122.95529174804688,0.7848378419876099,-1,-1,-1
27,1,621.495361328125,294.0548095703125,54.39385986328125,165.93011474609375,0.7777520418167114,-1,-1,-1
27,3,724.55712890625,544.3453979492188,60.09014892578125,174.49005126953125,0.8902899026870728,-1,-1,-1
27,5,647.0924072265625,368.0539245605469,72.06475830078125,151.70950317382812,0.8409612774848938,-1,-1,-1
27,9,357.56939697265625,431.7322998046875,54.300018310546875,139.8934326171875,0.8300565481185913,-1,-1,-1
27,10,280.232421875,375.053955078125,97.23968505859375,115.79843139648438,0.8434433341026306,-1,-1,-1
27,11,494.7795104980469,292.9329528808594,54.337921142578125,103.16366577148438,0.8752878308296204,-1,-1,-1
27,12,942.38671875,374.73968505859375,53.46929931640625,126.89151000976562,0.8852394819259644,-1,-1,-1
27,4,186.70628356933594,529.9755859375,68.84580993652344,183.6156005859375,0.7016648650169373,-1,-1,-1
27,16,1087.509033203125,456.138671875,73.8074951171875,158.16107177734375,0.8250172734260559,-1,-1,-1
27,8,735.277587890625,310.53289794921875,65.37255859375,206.471435546875,0.820118248462677,-1,-1,-1
27,18,1123.4476318359375,427.1769714355469,64.103759765625,118.15914916992188,0.48054802417755127,-1,-1,-1
28,1,609.7568359375,282.5160827636719,66.8360595703125,159.20465087890625,0.8534080982208252,-1,-1,-1
28,3,720.2698974609375,543.6347045898438,56.7962646484375,175.8001708984375,0.8440191149711609,-1,-1,-1
28,5,640.6808471679688,375.15802001953125,68.3629150390625,151.6180419921875,0.7564125061035156,-1,-1,-1
28,9,352.4183654785156,434.0339050292969,57.528533935546875,138.04110717773438,0.7861886024475098,-1,-1,-1
28,10,275.806640625,374.6701354980469,98.41256713867188,112.4984130859375,0.7776097059249878,-1,-1,-1
28,11,491.8773498535156,292.7759094238281,61.082061767578125,110.48760986328125,0.8908085823059082,-1,-1,-1
28,12,931.3866577148438,374.94091796875,53.38592529296875,126.10104370117188,0.8595824837684631,-1,-1,-1
28,4,177.8466033935547,531.1992797851562,62.25288391113281,184.91259765625,0.8464711904525757,-1,-1,-1
28,16,1076.949462890625,455.763671875,66.68798828125,156.623046875,0.8145560622215271,-1,-1,-1
28,8,732.1943969726562,310.50238037109375,61.06854248046875,208.810302734375,0.6929548978805542,-1,-1,-1
28,18,1112.3673095703125,428.4274597167969,63.4046630859375,116.40896606445312,0.7706278562545776,-1,-1,-1
28,2,189.1569366455078,504.8802795410156,138.7063446044922,166.24746704101562,0.7533690929412842,-1,-1,-1
29,1,598.634033203125,281.61260986328125,79.97381591796875,142.83956909179688,0.8873563408851624,-1,-1,-1
29,3,716.4596557617188,543.2279052734375,53.30889892578125,175.5697021484375,0.867620587348938,-1,-1,-1
29,5,635.98583984375,383.2213439941406,66.737548828125,153.45840454101562,0.7883656620979309,-1,-1,-1
29,9,346.8002014160156,434.60791015625,58.241668701171875,137.56976318359375,0.7836934924125671,-1,-1,-1
29,10,272.29541015625,375.6399841308594,98.09609985351562,107.618896484375,0.7748618721961975,-1,-1,-1
29,11,487.2400817871094,292.9697265625,72.07266235351562,114.68771362304688,0.8919751644134521,-1,-1,-1
29,12,920.518310546875,373.9192810058594,52.847900390625,126.30081176757812,0.8810328245162964,-1,-1,-1
29,4,169.08863830566406,531.7796020507812,60.07997131347656,184.9447021484375,0.8791846036911011,-1,-1,-1
29,16,1066.4183349609375,454.92852783203125,62.9522705078125,156.4913330078125,0.8569558262825012,-1,-1,-1
29,8,723.7965087890625,329.6095275878906,65.89117431640625,193.39498901367188,0.7679356932640076,-1,-1,-1
29,18,1100.762939453125,427.8369140625,63.94482421875,116.7930908203125,0.8048767447471619,-1,-1,-1
29,2,197.05223083496094,501.99212646484375,147.4071502685547,160.5775146484375,0.8729760050773621,-1,-1,-1
30,1,589.7081909179688,278.9569091796875,71.24163818359375,136.77890014648438,0.8534235954284668,-1,-1,-1
30,3,709.1002807617188,542.2490844726562,53.65838623046875,176.2322998046875,0.8449190258979797,-1,-1,-1
30,5,629.743408203125,392.761962890625,66.1533203125,149.50201416015625,0.7218849062919617,-1,-1,-1
30,9,338.660400390625,433.06719970703125,58.99761962890625,138.13861083984375,0.7271978259086609,-1,-1,-1
30,10,272.3269348144531,375.55755615234375,95.6251220703125,101.47064208984375,0.7335779070854187,-1,-1,-1
30,11,486.62603759765625,286.0321350097656,76.61529541015625,124.9312744140625,0.8532918691635132,-1,-1,-1
30,12,910.6040649414062,372.64898681640625,51.69366455078125,126.36648559570312,0.8555850982666016,-1,-1,-1
30,4,158.59640502929688,532.1680297851562,63.74864196777344,184.177734375,0.8868526816368103,-1,-1,-1
30,16,1054.8179931640625,452.2635498046875,61.0133056640625,157.7801513671875,0.8588792085647583,-1,-1,-1
30,8,714.9702758789062,339.8366394042969,69.61480712890625,187.18917846679688,0.8006597757339478,-1,-1,-1
30,18,1089.362548828125,427.9320373535156,63.763427734375,115.54043579101562,0.8176754713058472,-1,-1,-1
30,2,204.70301818847656,502.23956298828125,145.2019805908203,158.96136474609375,0.8555852770805359,-1,-1,-1
31,1,581.3895874023438,272.508544921875,71.13690185546875,139.82489013671875,0.8163283467292786,-1,-1,-1
31,3,701.387939453125,540.4181518554688,53.84710693359375,177.2125244140625,0.8368300795555115,-1,-1,-1
31,5,624.3018798828125,400.898681640625,63.21826171875,142.82244873046875,0.8407809138298035,-1,-1,-1
31,9,329.00341796875,430.4481506347656,59.2833251953125,140.64224243164062,0.5881238579750061,-1,-1,-1
31,10,276.2336120605469,375.07598876953125,86.03082275390625,97.53964233398438,0.6654925346374512,-1,-1,-1
31,11,488.46148681640625,281.09173583984375,73.269287109375,131.14971923828125,0.8138436675071716,-1,-1,-1
31,12,899.8156127929688,370.67071533203125,50.6339111328125,126.8236083984375,0.8524231910705566,-1,-1,-1
31,4,146.5091094970703,531.9616088867188,63.10466003417969,185.1689453125,0.9009441137313843,-1,-1,-1
31,16,1041.6510009765625,450.20550537109375,60.232177734375,158.5408935546875,0.8383652567863464,-1,-1,-1
31,8,706.2112426757812,345.53497314453125,69.8365478515625,188.91363525390625,0.736251711845398,-1,-1,-1
31,18,1079.0377197265625,426.7495422363281,61.798095703125,115.67587280273438,0.7921092510223389,-1,-1,-1
31,2,200.22279357910156,502.05792236328125,143.2033233642578,158.819091796875,0.9150672554969788,-1,-1,-1
32,1,578.9662475585938,265.6328430175781,58.5477294921875,147.20751953125,0.7590398788452148,-1,-1,-1
32,3,692.8120727539062,538.4933471679688,56.80047607421875,179.7620849609375,0.8362671136856079,-1,-1,-1
32,5,617.6668090820312,406.1010437011719,61.9398193359375,138.49606323242188,0.8201447129249573,-1,-1,-1
32,9,299.4023742675781,428.0638427734375,79.01681518554688,141.37774658203125,0.6927236914634705,-1,-1,-1
32,10,280.5873107910156,374.54132080078125,76.54940795898438,95.46499633789062,0.5675107836723328,-1,-1,-1
32,11,496.199462890625,291.2408752441406,60.8001708984375,121.38827514648438,0.5690386295318604,-1,-1,-1
32,12,889.076904296875,367.3643798828125,49.5960693359375,128.29501342773438,0.8518902659416199,-1,-1,-1
32,4,134.88189697265625,531.9002685546875,64.24964904785156,185.1458740234375,0.8905124664306641,-1,-1,-1
32,16,1028.129638671875,446.3664245605469,57.6728515625,159.14096069335938,0.8449112772941589,-1,-1,-1
32,8,695.9479370117188,363.0440979003906,70.05303955078125,178.34133911132812,0.4849484860897064,-1,-1,-1
32,18,1067.9256591796875,424.556640625,60.2802734375,116.99609375,0.7879573106765747,-1,-1,-1
32,2,198.59939575195312,499.5937805175781,134.69076538085938,160.33737182617188,0.8693832159042358,-1,-1,-1
33,1,574.5158081054688,241.753662109375,47.9677734375,172.49014282226562,0.8234208226203918,-1,-1,-1
33,3,686.339111328125,536.24755859375,60.5269775390625,180.5889892578125,0.840528130531311,-1,-1,-1
33,5,609.6832275390625,409.825439453125,62.8756103515625,133.69696044921875,0.8123853802680969,-1,-1,-1
33,9,293.3234558105469,422.8089599609375,76.04962158203125,143.869873046875,0.8254706859588623,-1,-1,-1
33,10,283.09869384765625,372.3878173828125,69.68197631835938,98.8299560546875,0.5451496243476868,-1,-1,-1
33,11,500.16961669921875,293.809814453125,61.5697021484375,119.28936767578125,0.7020853757858276,-1,-1,-1
33,12,877.1419677734375,362.8946533203125,50.94830322265625,129.76092529296875,0.7828819751739502,-1,-1,-1
33,4,124.5960693359375,531.5289306640625,64.88664245605469,185.11083984375,0.8875209093093872,-1,-1,-1
33,16,1013.4844360351562,443.3216857910156,53.79534912109375,151.47470092773438,0.8087831139564514,-1,-1,-1
33,8,686.1378173828125,353.4451599121094,68.5428466796875,196.54537963867188,0.5371642708778381,-1,-1,-1
33,18,1057.8519287109375,420.1315002441406,57.8934326171875,119.28970336914062,0.8138104677200317,-1,-1,-1
33,2,206.3822784423828,495.7597351074219,118.34306335449219,163.22482299804688,0.8805539608001709,-1,-1,-1
34,1,572.3089599609375,226.44151306152344,42.0760498046875,188.2628631591797,0.8152695894241333,-1,-1,-1
34,3,678.1199340820312,535.5379028320312,62.75030517578125,180.42840576171875,0.836719810962677,-1,-1,-1
34,5,598.2323608398438,412.9825744628906,60.38482666015625,128.26864624023438,0.826099693775177,-1,-1,-1
34,9,294.3762512207031,416.9136962890625,64.772216796875,139.0029296875,0.6890960931777954,-1,-1,-1
34,10,287.87847900390625,370.20428466796875,57.715972900390625,106.41061401367188,0.6157193779945374,-1,-1,-1
34,11,501.4884338378906,296.94476318359375,65.47543334960938,115.9656982421875,0.7865434885025024,-1,-1,-1
34,12,866.8076782226562,358.2832946777344,52.0390625,128.66156005859375,0.7197043895721436,-1,-1,-1
34,4,112.8695068359375,531.5928344726562,65.07575988769531,185.92315673828125,0.9024007320404053,-1,-1,-1
34,16,999.3814086914062,442.07537841796875,53.94024658203125,146.42413330078125,0.8164536952972412,-1,-1,-1
34,8,676.4068603515625,387.69964599609375,68.3681640625,164.10565185546875,0.6504623293876648,-1,-1,-1
34,18,1049.166748046875,416.578857421875,55.0841064453125,121.44610595703125,0.8622278571128845,-1,-1,-1
34,2,221.68301391601562,491.25390625,110.79315185546875,167.30316162109375,0.8583153486251831,-1,-1,-1
35,1,568.9564208984375,246.25506591796875,43.03546142578125,167.60552978515625,0.7391087412834167,-1,-1,-1
35,3,670.959716796875,533.4166870117188,63.1279296875,180.5264892578125,0.8591718077659607,-1,-1,-1
35,5,588.3313598632812,414.6259460449219,57.00994873046875,125.71493530273438,0.828372061252594,-1,-1,-1
35,9,298.5657653808594,411.19677734375,52.364288330078125,135.2138671875,0.7005955576896667,-1,-1,-1
35,11,503.836669921875,297.5195007324219,64.905517578125,117.20001220703125,0.8453841209411621,-1,-1,-1
35,12,857.4212646484375,354.3094177246094,53.13433837890625,125.55880737304688,0.8504604697227478,-1,-1,-1
35,4,104.05213928222656,530.7164916992188,65.07240295410156,185.460205078125,0.8856734037399292,-1,-1,-1
35,16,983.5354614257812,440.2969055175781,55.97222900390625,137.65255737304688,0.7974516153335571,-1,-1,-1
35,18,1038.887451171875,411.45233154296875,54.482666015625,124.55084228515625,0.862734854221344,-1,-1,-1
35,2,243.438720703125,485.465087890625,107.31716918945312,170.30242919921875,0.8970316052436829,-1,-1,-1
35,21,1232.434326171875,264.2222900390625,44.605712890625,90.20901489257812,0.6695539355278015,-1,-1,-1
36,1,563.123291015625,238.81141662597656,43.69512939453125,174.28855895996094,0.8354478478431702,-1,-1,-1
36,3,659.60107421875,533.0604858398438,66.10443115234375,178.96820068359375,0.8827421069145203,-1,-1,-1
36,5,576.8934936523438,414.5608215332031,57.5938720703125,128.28933715820312,0.842695415019989,-1,-1,-1
36,9,298.20916748046875,404.93768310546875,43.90716552734375,136.552490234375,0.7254540324211121,-1,-1,-1
36,11,502.58831787109375,296.0242004394531,60.26806640625,118.99679565429688,0.8286184072494507,-1,-1,-1
36,12,847.7069702148438,350.3655090332031,53.302978515625,122.9034423828125,0.8133564591407776,-1,-1,-1
36,4,92.39519500732422,530.8670654296875,65.55963897705078,186.44451904296875,0.8898340463638306,-1,-1,-1
36,16,967.3580322265625,439.30389404296875,58.7177734375,133.5416259765625,0.8058601021766663,-1,-1,-1
36,18,1030.2633056640625,404.8406677246094,53.168212890625,128.53225708007812,0.880128800868988,-1,-1,-1
36,2,252.91610717773438,480.786865234375,108.17864990234375,173.9365234375,0.8976365923881531,-1,-1,-1
36,21,1222.0335693359375,262.820556640625,52.4500732421875,89.83514404296875,0.47649502754211426,-1,-1,-1
36,8,659.244384765625,327.7772216796875,63.3428955078125,220.76715087890625,0.6167625188827515,-1,-1,-1
37,1,555.2301025390625,245.8864288330078,46.01934814453125,165.62928771972656,0.7977677583694458,-1,-1,-1
37,3,653.3732299804688,530.7691040039062,63.5985107421875,179.4783935546875,0.8696502447128296,-1,-1,-1
37,5,566.119873046875,412.9654541015625,55.2186279296875,137.020263671875,0.8276843428611755,-1,-1,-1
37,9,285.2970886230469,401.8211669921875,51.182281494140625,134.63641357421875,0.6736912727355957,-1,-1,-1
37,11,499.0620422363281,291.7362976074219,54.829193115234375,122.85183715820312,0.8186073303222656,-1,-1,-1
37,12,838.0678100585938,347.20477294921875,54.114013671875,121.98419189453125,0.7309524416923523,-1,-1,-1
37,4,81.82923126220703,530.1583251953125,66.10480499267578,186.914794921875,0.9007548093795776,-1,-1,-1
37,16,946.27685546875,437.97039794921875,67.4276123046875,136.1612548828125,0.7298200726509094,-1,-1,-1
37,18,1020.5051879882812,398.4566650390625,51.62603759765625,130.50921630859375,0.8850867748260498,-1,-1,-1
37,2,259.00091552734375,477.0893859863281,107.91342163085938,175.52151489257812,0.8646845817565918,-1,-1,-1
37,21,1211.51025390625,261.2682800292969,55.0816650390625,89.35980224609375,0.5970354080200195,-1,-1,-1
38,1,544.8577270507812,255.64698791503906,54.14422607421875,156.6266326904297,0.805101215839386,-1,-1,-1
38,3,645.265869140625,529.1011352539062,62.83984375,179.40313720703125,0.870795488357544,-1,-1,-1
38,5,555.2933959960938,412.9229431152344,54.7515869140625,140.38119506835938,0.7833654880523682,-1,-1,-1
38,11,492.27740478515625,282.04571533203125,51.98626708984375,131.357421875,0.7978313565254211,-1,-1,-1
38,12,828.4505004882812,344.8509826660156,53.05401611328125,122.86480712890625,0.8252959251403809,-1,-1,-1
38,4,69.67544555664062,530.0924682617188,66.68365478515625,187.29766845703125,0.8913335800170898,-1,-1,-1
38,16,920.7734985351562,437.0748596191406,80.51446533203125,138.39016723632812,0.873920738697052,-1,-1,-1
38,18,1010.653564453125,391.7399597167969,51.5340576171875,132.23312377929688,0.8348509073257446,-1,-1,-1
38,2,261.1393737792969,475.9779968261719,104.26858520507812,171.08901977539062,0.8744510412216187,-1,-1,-1
38,21,1199.8853759765625,259.52508544921875,56.36962890625,88.7437744140625,0.7216152548789978,-1,-1,-1
38,10,276.7447204589844,362.4065856933594,61.917388916015625,110.84268188476562,0.5990884304046631,-1,-1,-1
39,1,534.1342163085938,258.6893615722656,60.0743408203125,156.30438232421875,0.6499077081680298,-1,-1,-1
39,3,637.3292236328125,528.0247802734375,61.72021484375,179.41473388671875,0.884583055973053,-1,-1,-1
39,5,545.3661499023438,412.3177185058594,55.12091064453125,142.32473754882812,0.8317133784294128,-1,-1,-1
39,11,485.38446044921875,271.6656494140625,48.6651611328125,135.83328247070312,0.7395440340042114,-1,-1,-1
39,12,818.4570922851562,342.71209716796875,52.27001953125,124.01025390625,0.7916683554649353,-1,-1,-1
39,4,57.15035629272461,530.1700439453125,67.48770523071289,188.24517822265625,0.886724054813385,-1,-1,-1
39,16,901.1577758789062,435.66650390625,88.0325927734375,139.05487060546875,0.8846642971038818,-1,-1,-1
39,18,1001.0025024414062,385.9273681640625,50.90313720703125,133.12860107421875,0.8203490376472473,-1,-1,-1
39,2,260.2467346191406,474.253662109375,96.99447631835938,167.48492431640625,0.8676888346672058,-1,-1,-1
39,21,1187.9779052734375,257.2671813964844,56.711669921875,88.9244384765625,0.6431675553321838,-1,-1,-1
39,9,269.81298828125,388.69573974609375,67.13037109375,135.32012939453125,0.533855676651001,-1,-1,-1
40,1,526.7911376953125,270.170166015625,52.929443359375,145.92910766601562,0.5402324795722961,-1,-1,-1
40,3,628.8654174804688,526.0269775390625,61.4742431640625,180.6556396484375,0.8881333470344543,-1,-1,-1
40,5,533.8824462890625,413.13189697265625,54.8160400390625,140.79150390625,0.8121658563613892,-1,-1,-1
40,11,478.5439453125,261.9336242675781,47.5635986328125,142.59844970703125,0.6554874181747437,-1,-1,-1
40,12,808.5048217773438,341.078857421875,52.45703125,124.85089111328125,0.8292961120605469,-1,-1,-1
40,4,45.00019836425781,529.7088623046875,67.63477325439453,188.50537109375,0.8988113403320312,-1,-1,-1
40,16,886.3565673828125,434.0982971191406,91.28204345703125,139.86972045898438,0.8903770446777344,-1,-1,-1
40,18,989.65234375,382.3929748535156,51.6148681640625,130.02377319335938,0.8872159123420715,-1,-1,-1
40,2,257.8092956542969,471.794677734375,87.81393432617188,163.5194091796875,0.8715833425521851,-1,-1,-1
40,21,1175.28857421875,255.58761596679688,57.5833740234375,89.88519287109375,0.7628703117370605,-1,-1,-1
40,8,622.5269165039062,387.808349609375,48.92156982421875,164.9114990234375,0.4898439049720764,-1,-1,-1
41,1,520.217041015625,263.35186767578125,46.92578125,164.06732177734375,0.5706192255020142,-1,-1,-1
41,3,620.4559326171875,524.9566040039062,60.64605712890625,181.05828857421875,0.874664306640625,-1,-1,-1
41,5,521.0595703125,414.5277404785156,55.14447021484375,138.83914184570312,0.7659350037574768,-1,-1,-1
41,11,470.606201171875,259.789306640625,48.99591064453125,136.93045043945312,0.6794561743736267,-1,-1,-1
41,12,796.55859375,339.4479675292969,55.7169189453125,124.92404174804688,0.8595244288444519,-1,-1,-1
41,4,31.962799072265625,529.6309814453125,68.63349914550781,188.4354248046875,0.8892237544059753,-1,-1,-1
41,16,873.224365234375,432.5479736328125,91.757568359375,139.276611328125,0.9061879515647888,-1,-1,-1
41,18,977.379150390625,379.8002014160156,52.113525390625,126.72027587890625,0.876776933670044,-1,-1,-1
41,21,1162.686767578125,253.51101684570312,57.2528076171875,91.11196899414062,0.7403638362884521,-1,-1,-1
41,8,616.7920532226562,395.7709655761719,44.14508056640625,150.64224243164062,0.5888354182243347,-1,-1,-1
41,9,256.1310119628906,365.5356140136719,78.25021362304688,143.54605102539062,0.5280390977859497,-1,-1,-1
42,1,512.419189453125,276.8464050292969,43.96270751953125,156.87677001953125,0.48056313395500183,-1,-1,-1
42,3,608.766357421875,523.4249877929688,61.91534423828125,181.25042724609375,0.8490402698516846,-1,-1,-1
42,5,505.46221923828125,414.7693786621094,58.3629150390625,139.35275268554688,0.8114336133003235,-1,-1,-1
42,11,462.2142028808594,238.2821807861328,61.562164306640625,153.0710906982422,0.4977748990058899,-1,-1,-1
42,12,784.3306884765625,337.665771484375,57.0777587890625,125.07968139648438,0.7988091707229614,-1,-1,-1
42,4,17.073223114013672,529.6265869140625,70.32797622680664,188.32037353515625,0.8745079040527344,-1,-1,-1
42,16,860.2353515625,430.0468444824219,90.28643798828125,139.62600708007812,0.9010214805603027,-1,-1,-1
42,18,962.7545776367188,377.54351806640625,54.236328125,125.86749267578125,0.8841851949691772,-1,-1,-1
42,21,1148.7919921875,251.65501403808594,56.8370361328125,90.87373352050781,0.6274388432502747,-1,-1,-1
42,8,598.7694702148438,394.77923583984375,52.220458984375,154.61029052734375,0.5823562145233154,-1,-1,-1
42,9,247.06912231445312,359.7342834472656,80.20965576171875,133.32589721679688,0.6015026569366455,-1,-1,-1
42,2,246.36968994140625,465.2891540527344,78.09097290039062,159.58322143554688,0.8596421480178833,-1,-1,-1
43,1,501.760498046875,292.0918884277344,41.46343994140625,142.93035888671875,0.44683223962783813,-1,-1,-1
43,3,596.1349487304688,522.4326171875,62.57177734375,182.13543701171875,0.8243918418884277,-1,-1,-1
43,5,489.4352111816406,415.255859375,59.494537353515625,139.97894287109375,0.8119760155677795,-1,-1,-1
43,11,449.8226013183594,245.81979370117188,65.45370483398438,142.8106689453125,0.6180157661437988,-1,-1,-1
43,12,769.6260986328125,335.8133239746094,58.98516845703125,125.73822021484375,0.8042276501655579,-1,-1,-1
43,4,1.887050747871399,530.0736083984375,70.07935702800751,188.6524658203125,0.8748684525489807,-1,-1,-1
43,16,846.6893310546875,427.5548400878906,87.70263671875,140.62277221679688,0.9033706784248352,-1,-1,-1
43,18,944.2130737304688,377.0153503417969,59.28173828125,124.649658203125,0.8889549970626831,-1,-1,-1
43,21,1133.889892578125,249.641845703125,56.91796875,91.10147094726562,0.6918389201164246,-1,-1,-1
43,8,591.2391967773438,392.8340759277344,48.90191650390625,155.93942260742188,0.7724785804748535,-1,-1,-1
43,9,238.32968139648438,356.2322692871094,76.94671630859375,124.46914672851562,0.5243146419525146,-1,-1,-1
43,2,236.23812866210938,462.67132568359375,85.78884887695312,158.43548583984375,0.8233996629714966,-1,-1,-1
44,1,490.1449279785156,308.48834228515625,40.313568115234375,133.40966796875,0.41841578483581543,-1,-1,-1
44,3,584.003662109375,521.0814819335938,63.02789306640625,183.110595703125,0.837493896484375,-1,-1,-1
44,5,475.3200988769531,416.15887451171875,61.006195068359375,144.74981689453125,0.7927915453910828,-1,-1,-1
44,11,437.8475341796875,244.37069702148438,67.62545776367188,140.07150268554688,0.5699672698974609,-1,-1,-1
44,12,755.93994140625,333.31280517578125,60.1038818359375,126.66964721679688,0.8575335741043091,-1,-1,-1
44,4,0.0,530.660888671875,57.07666015625,189.3380126953125,0.748912513256073,-1,-1,-1
44,16,833.876953125,425.58038330078125,86.13616943359375,141.2672119140625,0.8998948335647583,-1,-1,-1
44,18,925.0178833007812,375.62603759765625,65.9268798828125,124.59689331054688,0.857472836971283,-1,-1,-1
44,21,1119.4720458984375,247.78338623046875,56.5511474609375,90.90499877929688,0.6624326109886169,-1,-1,-1
44,8,582.22607421875,389.73291015625,48.51556396484375,160.161865234375,0.8388562798500061,-1,-1,-1
44,2,222.50367736816406,461.1575927734375,97.10414123535156,159.351806640625,0.809367299079895,-1,-1,-1
44,10,235.15933227539062,354.4911804199219,64.620849609375,117.79061889648438,0.5367486476898193,-1,-1,-1
45,1,478.6129150390625,319.6926574707031,47.08477783203125,148.1793212890625,0.5625814199447632,-1,-1,-1
45,3,574.4617919921875,520.8333129882812,62.572021484375,182.4853515625,0.8505041003227234,-1,-1,-1
45,5,463.3763122558594,416.9898986816406,63.661529541015625,154.57009887695312,0.7919657826423645,-1,-1,-1
45,11,429.2832336425781,243.43911743164062,72.61489868164062,132.45919799804688,0.7845430970191956,-1,-1,-1
45,12,744.9588623046875,330.3161926269531,60.36688232421875,128.48880004882812,0.816303551197052,-1,-1,-1
45,4,0.0,531.1692504882812,44.19438552856445,188.7647705078125,0.8145356774330139,-1,-1,-1
45,16,823.9385375976562,424.4870300292969,82.30975341796875,141.57211303710938,0.890252947807312,-1,-1,-1
45,18,910.95068359375,373.4953918457031,68.3992919921875,125.2952880859375,0.8853127956390381,-1,-1,-1
45,21,1108.5079345703125,246.22439575195312,55.174072265625,91.2618408203125,0.7440556287765503,-1,-1,-1
45,8,572.7380981445312,388.04144287109375,50.925537109375,163.760498046875,0.753252387046814,-1,-1,-1
45,2,215.72442626953125,457.8004150390625,96.97451782226562,161.64483642578125,0.8089455962181091,-1,-1,-1
46,1,471.8028869628906,330.310546875,47.054718017578125,144.21160888671875,0.5179506540298462,-1,-1,-1
46,3,566.2512817382812,520.3490600585938,61.6739501953125,183.0460205078125,0.8465211391448975,-1,-1,-1
46,5,453.9167175292969,418.9080810546875,64.35000610351562,157.964599609375,0.8499389886856079,-1,-1,-1
46,11,420.6214294433594,249.17355346679688,78.40457153320312,123.061767578125,0.7684004902839661,-1,-1,-1
46,12,736.462158203125,328.07989501953125,59.9610595703125,129.80868530273438,0.8088910579681396,-1,-1,-1
46,4,0.0,530.5819702148438,32.856910705566406,188.52276611328125,0.810877799987793,-1,-1,-1
46,16,816.2694091796875,424.2793273925781,77.74530029296875,141.33633422851562,0.9045400023460388,-1,-1,-1
46,18,903.1596069335938,370.42425537109375,65.13824462890625,127.37832641601562,0.8700920343399048,-1,-1,-1
46,21,1098.957763671875,245.26866149902344,54.3004150390625,92.52342224121094,0.7296777367591858,-1,-1,-1
46,8,567.8427734375,387.4196472167969,52.55450439453125,160.87258911132812,0.8562682867050171,-1,-1,-1
46,2,210.11068725585938,453.1300354003906,94.0235595703125,165.57888793945312,0.8395867347717285,-1,-1,-1
46,9,212.70445251464844,348.0148010253906,69.17729187011719,127.15692138671875,0.5002171993255615,-1,-1,-1
47,1,466.7248229980469,339.57855224609375,46.237213134765625,131.80966186523438,0.5884607434272766,-1,-1,-1
47,3,559.409423828125,519.662353515625,61.39154052734375,182.44024658203125,0.8640574216842651,-1,-1,-1
47,5,446.3483581542969,421.0444641113281,65.21414184570312,158.87863159179688,0.8622316718101501,-1,-1,-1
47,11,412.7483825683594,253.0475616455078,80.85543823242188,115.79121398925781,0.8023991584777832,-1,-1,-1
47,12,729.90771484375,326.37188720703125,59.339599609375,129.85006713867188,0.8606478571891785,-1,-1,-1
47,4,0.0,533.1682739257812,24.48384666442871,184.0811767578125,0.605002760887146,-1,-1,-1
47,16,809.9500732421875,423.918701171875,74.217529296875,141.19775390625,0.8999543786048889,-1,-1,-1
47,18,898.739501953125,366.92620849609375,59.3443603515625,126.83489990234375,0.8603727221488953,-1,-1,-1
47,21,1091.038330078125,244.6363067626953,54.4583740234375,92.91886901855469,0.7947455048561096,-1,-1,-1
47,8,562.953369140625,384.4727783203125,59.27459716796875,165.2945556640625,0.8669252395629883,-1,-1,-1
47,2,207.22463989257812,450.3605041503906,89.63772583007812,164.42111206054688,0.8356983661651611,-1,-1,-1
47,9,206.64505004882812,344.8407287597656,66.911376953125,128.02401733398438,0.6910790801048279,-1,-1,-1
48,1,460.61077880859375,346.7807312011719,48.747772216796875,125.45794677734375,0.45599281787872314,-1,-1,-1
48,3,553.0300903320312,519.7891235351562,61.4422607421875,182.6900634765625,0.8628511428833008,-1,-1,-1
48,5,438.9943542480469,422.0043029785156,67.56521606445312,157.96237182617188,0.870658278465271,-1,-1,-1
48,11,403.1962585449219,255.59927368164062,82.90829467773438,111.96560668945312,0.8523409962654114,-1,-1,-1
48,12,724.097412109375,324.92156982421875,58.88482666015625,129.47372436523438,0.8556612133979797,-1,-1,-1
48,16,803.6397705078125,423.3525695800781,72.295654296875,142.06973266601562,0.8918127417564392,-1,-1,-1
48,18,894.8377075195312,364.41058349609375,54.17486572265625,125.46408081054688,0.8843222260475159,-1,-1,-1
48,21,1084.4466552734375,242.88426208496094,53.525390625,93.44865417480469,0.7895845770835876,-1,-1,-1
48,8,557.0392456054688,388.7081298828125,68.39447021484375,162.98876953125,0.8905755281448364,-1,-1,-1
48,2,201.78826904296875,449.2527770996094,88.12359619140625,164.60183715820312,0.8557156324386597,-1,-1,-1
48,9,199.06443786621094,341.59893798828125,67.36308288574219,132.58551025390625,0.6186625957489014,-1,-1,-1
48,25,539.6123657226562,276.38336181640625,40.3560791015625,129.92352294921875,0.5500383377075195,-1,-1,-1
49,1,455.2857360839844,353.7997131347656,60.794219970703125,121.12664794921875,0.4602179527282715,-1,-1,-1
49,3,546.5599975585938,519.5020751953125,61.810791015625,182.79193115234375,0.8702986836433411,-1,-1,-1
49,5,430.9602355957031,423.1922607421875,68.86376953125,157.248291015625,0.8923560380935669,-1,-1,-1
49,11,394.5156555175781,259.8090515136719,87.33657836914062,108.95834350585938,0.8214281797409058,-1,-1,-1
49,12,719.3967895507812,324.74212646484375,58.41766357421875,129.41204833984375,0.8287935853004456,-1,-1,-1
49,16,796.7798461914062,422.03082275390625,72.82135009765625,142.6708984375,0.8930297493934631,-1,-1,-1
49,18,888.4984130859375,362.91778564453125,51.147705078125,124.51971435546875,0.8682841658592224,-1,-1,-1
49,21,1077.765380859375,242.63011169433594,52.9207763671875,93.03611755371094,0.7782225012779236,-1,-1,-1
49,8,551.49365234375,392.1988220214844,79.14007568359375,160.40243530273438,0.8922897577285767,-1,-1,-1
49,2,194.7600860595703,445.6095886230469,87.84867858886719,166.13961791992188,0.8814398050308228,-1,-1,-1
49,9,190.5645751953125,338.66357421875,60.09086608886719,134.30914306640625,0.5244474411010742,-1,-1,-1
50,1,448.6222229003906,356.9535827636719,55.40350341796875,119.14321899414062,0.630313515663147,-1,-1,-1
50,3,540.5725708007812,518.7184448242188,60.49639892578125,182.7054443359375,0.8527734875679016,-1,-1,-1
50,5,421.89434814453125,423.5079650878906,69.70086669921875,157.63644409179688,0.8335126638412476,-1,-1,-1
50,11,388.8671875,264.2547302246094,89.79791259765625,104.34429931640625,0.7494129538536072,-1,-1,-1
50,12,714.2651977539062,324.9385070800781,62.173583984375,129.8404541015625,0.8368490934371948,-1,-1,-1
50,16,790.8444213867188,420.3152160644531,72.18035888671875,144.03726196289062,0.9078851342201233,-1,-1,-1
50,18,878.22216796875,362.5330810546875,51.5858154296875,123.19281005859375,0.8259340524673462,-1,-1,-1
50,21,1070.9305419921875,242.49908447265625,52.638427734375,91.97390747070312,0.7879979014396667,-1,-1,-1
50,8,544.6111450195312,397.0439147949219,90.90081787109375,157.86044311523438,0.8740187287330627,-1,-1,-1
50,2,187.76620483398438,445.6925964355469,86.507080078125,162.92977905273438,0.8743773102760315,-1,-1,-1
50,9,180.44093322753906,336.25079345703125,57.13761901855469,144.26168823242188,0.5086262822151184,-1,-1,-1
50,25,525.9530029296875,275.68548583984375,39.6016845703125,129.09326171875,0.4028201103210449,-1,-1,-1
51,1,440.5984191894531,360.3485107421875,53.380584716796875,116.66571044921875,0.61467045545578,-1,-1,-1
51,3,532.8993530273438,518.8099365234375,60.3662109375,183.32476806640625,0.8865742087364197,-1,-1,-1
51,5,411.8538818359375,424.5568542480469,68.00018310546875,158.81478881835938,0.6521071791648865,-1,-1,-1
51,11,388.4561767578125,269.3875427246094,81.60171508789062,97.66744995117188,0.7047832608222961,-1,-1,-1
51,12,706.6267700195312,325.21624755859375,65.58538818359375,129.71002197265625,0.7350015044212341,-1,-1,-1
51,16,783.8817749023438,417.8976745605469,72.12261962890625,145.48287963867188,0.9030245542526245,-1,-1,-1
51,18,868.334228515625,363.33758544921875,51.565185546875,122.89480590820312,0.8653362989425659,-1,-1,-1
51,21,1062.7493896484375,241.52587890625,52.7974853515625,91.79507446289062,0.8301459550857544,-1,-1,-1
51,8,538.267822265625,401.6988830566406,99.5030517578125,152.96035766601562,0.8708696365356445,-1,-1,-1
51,2,179.78335571289062,437.36077880859375,86.12994384765625,169.40069580078125,0.8896026611328125,-1,-1,-1
51,9,169.31480407714844,334.7121276855469,57.05938720703125,147.64425659179688,0.6793335676193237,-1,-1,-1
51,25,517.048095703125,278.048828125,40.6917724609375,160.47689819335938,0.6164475083351135,-1,-1,-1
52,1,431.59588623046875,355.6181945800781,52.38702392578125,121.52725219726562,0.6097210049629211,-1,-1,-1
52,3,523.8048095703125,518.4989013671875,59.541259765625,182.87701416015625,0.8800507187843323,-1,-1,-1
52,5,398.9034729003906,426.3728332519531,66.54666137695312,165.19662475585938,0.7264699935913086,-1,-1,-1
52,11,390.2406921386719,276.31201171875,71.98208618164062,88.68618774414062,0.7255072593688965,-1,-1,-1
52,12,695.1083984375,325.9680480957031,69.57904052734375,129.06201171875,0.8544467687606812,-1,-1,-1
52,16,774.939208984375,413.529296875,72.18292236328125,149.0643310546875,0.9057947993278503,-1,-1,-1
52,18,855.2411499023438,363.6842346191406,53.85491943359375,121.9376220703125,0.8482622504234314,-1,-1,-1
52,21,1052.345703125,240.4139862060547,52.9326171875,91.45903015136719,0.8447893857955933,-1,-1,-1
52,8,529.5344848632812,406.0062255859375,106.42144775390625,151.09295654296875,0.7749277353286743,-1,-1,-1
52,2,169.7161407470703,435.18768310546875,86.53324890136719,169.88641357421875,0.8725166320800781,-1,-1,-1
52,9,156.53375244140625,333.80487060546875,59.96954345703125,150.2249755859375,0.7639628052711487,-1,-1,-1
52,25,506.6069641113281,290.339599609375,42.341217041015625,158.127197265625,0.4784730076789856,-1,-1,-1
53,1,422.62921142578125,350.9099426269531,60.353179931640625,126.12844848632812,0.46645140647888184,-1,-1,-1
53,3,512.2703247070312,518.0555419921875,59.90869140625,182.76806640625,0.8653591275215149,-1,-1,-1
53,5,383.91705322265625,429.20086669921875,63.264892578125,170.55706787109375,0.7401902675628662,-1,-1,-1
53,11,388.42938232421875,285.00457763671875,65.17034912109375,82.3057861328125,0.5013425350189209,-1,-1,-1
53,12,682.9993286132812,325.7801513671875,71.0306396484375,127.779541015625,0.8715232014656067,-1,-1,-1
53,16,763.8626098632812,408.71771240234375,73.279541015625,152.20098876953125,0.9104200005531311,-1,-1,-1
53,18,841.5706787109375,362.8153991699219,54.134521484375,121.37301635742188,0.8281266093254089,-1,-1,-1
53,21,1041.62353515625,239.06336975097656,52.44189453125,91.14137268066406,0.7769035696983337,-1,-1,-1
53,8,522.4912719726562,407.7536926269531,106.9981689453125,154.86654663085938,0.7668505907058716,-1,-1,-1
53,2,156.31045532226562,431.4613342285156,88.66006469726562,171.99575805664062,0.8904021978378296,-1,-1,-1
53,9,141.56671142578125,334.61962890625,63.9434814453125,149.52532958984375,0.6027244329452515,-1,-1,-1
53,25,493.358642578125,303.854248046875,48.86578369140625,146.91336059570312,0.6010373830795288,-1,-1,-1
53,27,1245.1885986328125,491.3586730957031,32.0809326171875,191.14859008789062,0.7915204167366028,-1,-1,-1
54,1,409.64703369140625,347.9141845703125,57.526763916015625,130.06747436523438,0.5093376040458679,-1,-1,-1
54,3,499.09661865234375,517.6271362304688,60.41046142578125,183.36468505859375,0.8771508932113647,-1,-1,-1
54,5,368.1392517089844,432.8323059082031,60.814727783203125,174.78683471679688,0.8541117310523987,-1,-1,-1
54,11,385.810791015625,295.1343078613281,59.113922119140625,91.90093994140625,0.43215787410736084,-1,-1,-1
54,12,668.9736938476562,325.2861633300781,72.89959716796875,127.7276611328125,0.8085048198699951,-1,-1,-1
54,16,751.9924926757812,404.0238037109375,73.8199462890625,155.1878662109375,0.8682636618614197,-1,-1,-1
54,18,827.452392578125,359.7864990234375,53.27020263671875,122.3770751953125,0.8417826294898987,-1,-1,-1
54,21,1027.5848388671875,238.50039672851562,53.594482421875,90.53741455078125,0.7749950289726257,-1,-1,-1
54,8,527.4288330078125,408.119873046875,90.6053466796875,157.14935302734375,0.8864736557006836,-1,-1,-1
54,2,139.46588134765625,430.6434631347656,94.4344482421875,173.32894897460938,0.8563050031661987,-1,-1,-1
54,9,124.9275131225586,359.2359924316406,68.36885833740234,124.4671630859375,0.42247313261032104,-1,-1,-1
54,25,480.81072998046875,312.656982421875,55.31036376953125,138.17047119140625,0.4765789210796356,-1,-1,-1
54,27,1229.8363037109375,484.18310546875,44.75537109375,197.84930419921875,0.8345823287963867,-1,-1,-1
55,1,395.6855163574219,343.4998474121094,56.8443603515625,134.9322509765625,0.5627506971359253,-1,-1,-1
55,3,485.88018798828125,517.4855346679688,60.2513427734375,183.6478271484375,0.86971515417099,-1,-1,-1
55,5,351.1258850097656,435.96527099609375,61.19000244140625,178.19940185546875,0.869762122631073,-1,-1,-1
55,12,654.5291137695312,324.50396728515625,74.119140625,127.64434814453125,0.8646114468574524,-1,-1,-1
55,16,742.97021484375,400.2523498535156,70.79931640625,153.46633911132812,0.8819507956504822,-1,-1,-1
55,18,811.1874389648438,355.22003173828125,53.99798583984375,123.66653442382812,0.7084146738052368,-1,-1,-1
55,21,1013.998779296875,237.25250244140625,52.794921875,91.01376342773438,0.7251582741737366,-1,-1,-1
55,8,526.0369262695312,407.81622314453125,80.58349609375,157.76336669921875,0.8800460696220398,-1,-1,-1
55,2,120.32257080078125,431.4035339355469,100.79818725585938,174.44564819335938,0.891685426235199,-1,-1,-1
55,25,465.1165771484375,315.7389831542969,54.0697021484375,135.6566162109375,0.7577221393585205,-1,-1,-1
55,27,1215.3271484375,480.056884765625,53.5389404296875,197.412109375,0.8429245948791504,-1,-1,-1
56,3,471.82452392578125,517.3275756835938,60.00067138671875,182.9691162109375,0.8804618120193481,-1,-1,-1
56,5,333.7022705078125,438.2669372558594,63.293853759765625,178.49441528320312,0.8729413747787476,-1,-1,-1
56,12,640.3652954101562,322.50445556640625,75.3321533203125,129.08901977539062,0.8400800228118896,-1,-1,-1
56,16,734.9599609375,396.1545104980469,66.6611328125,149.41598510742188,0.8369585871696472,-1,-1,-1
56,18,800.9319458007812,350.37237548828125,50.00933837890625,122.76544189453125,0.5758401155471802,-1,-1,-1
56,21,999.286376953125,235.42771911621094,52.6041259765625,91.57093811035156,0.7686711549758911,-1,-1,-1
56,8,518.225830078125,406.6566467285156,75.44866943359375,158.68630981445312,0.8246886134147644,-1,-1,-1
56,2,100.18106842041016,434.6676025390625,106.08763885498047,171.93975830078125,0.8495092988014221,-1,-1,-1
56,25,453.1120910644531,316.4059753417969,56.099334716796875,135.82269287109375,0.6054753661155701,-1,-1,-1
56,27,1198.85498046875,477.9200439453125,59.83837890625,195.3341064453125,0.8297051787376404,-1,-1,-1
56,9,97.66190338134766,345.3980712890625,50.963905334472656,121.44754028320312,0.45058104395866394,-1,-1,-1
57,3,457.2826232910156,516.7061767578125,60.352020263671875,183.39306640625,0.8379250764846802,-1,-1,-1
57,5,316.9817810058594,439.4553527832031,64.31503295898438,176.88302612304688,0.6221892237663269,-1,-1,-1
57,12,634.39794921875,318.9323425292969,67.13043212890625,131.6270751953125,0.8234813213348389,-1,-1,-1
57,16,725.100830078125,393.6390686035156,64.671630859375,144.96133422851562,0.6866441965103149,-1,-1,-1
57,18,784.8638305664062,345.4116516113281,52.79058837890625,121.47796630859375,0.40668821334838867,-1,-1,-1
57,21,984.8067016601562,233.96812438964844,52.25067138671875,92.07514953613281,0.8247941136360168,-1,-1,-1
57,8,502.7825622558594,404.66802978515625,82.88369750976562,160.26324462890625,0.8483134508132935,-1,-1,-1
57,2,79.93103790283203,435.9156799316406,109.83159637451172,171.46701049804688,0.8752701282501221,-1,-1,-1
57,25,438.46240234375,316.19622802734375,59.558990478515625,137.80331420898438,0.7801921367645264,-1,-1,-1
57,27,1184.3536376953125,476.4464111328125,61.57568359375,194.399169921875,0.8148549795150757,-1,-1,-1
57,1,364.48870849609375,326.1768493652344,61.84210205078125,153.61105346679688,0.5705140233039856,-1,-1,-1
58,3,442.92236328125,516.7089233398438,62.402435302734375,183.62567138671875,0.8152462840080261,-1,-1,-1
58,5,296.8177795410156,440.9064025878906,67.96942138671875,176.57992553710938,0.8562435507774353,-1,-1,-1
58,12,623.7660522460938,314.5820617675781,62.08355712890625,134.95355224609375,0.8436758518218994,-1,-1,-1
58,16,711.425048828125,392.1628112792969,66.86077880859375,143.29788208007812,0.8293271064758301,-1,-1,-1
58,18,771.4682006835938,341.7294921875,53.05487060546875,119.3912353515625,0.579828143119812,-1,-1,-1
58,21,970.2847900390625,233.24478149414062,52.010009765625,91.19821166992188,0.6879382729530334,-1,-1,-1
58,8,491.48468017578125,401.56024169921875,87.1522216796875,162.89825439453125,0.8640417456626892,-1,-1,-1
58,2,59.874366760253906,435.9271240234375,111.46460723876953,171.6251220703125,0.8448790311813354,-1,-1,-1
58,25,426.2380676269531,315.169677734375,60.19677734375,138.79922485351562,0.6031892895698547,-1,-1,-1
58,27,1167.25,474.3410339355469,62.3074951171875,194.93441772460938,0.8285024762153625,-1,-1,-1
58,1,351.7008361816406,322.55181884765625,53.7200927734375,158.4166259765625,0.708145797252655,-1,-1,-1
59,3,427.8414001464844,516.7337036132812,60.3388671875,184.09478759765625,0.8541077971458435,-1,-1,-1
59,5,277.7886962890625,442.2142028808594,69.65994262695312,177.17800903320312,0.8703137636184692,-1,-1,-1
59,12,609.5590209960938,311.20745849609375,58.96820068359375,133.14190673828125,0.8433091044425964,-1,-1,-1
59,16,695.1414184570312,391.7283630371094,76.565673828125,138.34548950195312,0.8622841238975525,-1,-1,-1
59,18,758.451904296875,338.0253601074219,51.61431884765625,118.94699096679688,0.47718149423599243,-1,-1,-1
59,21,954.6260986328125,232.2207794189453,51.83685302734375,90.83076477050781,0.7939106822013855,-1,-1,-1
59,8,485.0847473144531,397.979736328125,84.78042602539062,165.659912109375,0.9037803411483765,-1,-1,-1
59,2,40.11063003540039,436.085693359375,112.18113327026367,173.8330078125,0.8285359740257263,-1,-1,-1
59,25,414.89910888671875,313.91326904296875,59.65118408203125,139.46328735351562,0.6824612617492676,-1,-1,-1
59,27,1151.594482421875,473.2844543457031,61.1845703125,195.85568237304688,0.5951549410820007,-1,-1,-1
59,1,340.1710510253906,322.7655029296875,57.289947509765625,160.85443115234375,0.7411326766014099,-1,-1,-1
60,3,411.287109375,517.3506469726562,61.060394287109375,184.5,0.8439459204673767,-1,-1,-1
60,5,256.1669616699219,444.47625732421875,74.10250854492188,179.435791015625,0.8842967748641968,-1,-1,-1
60,12,594.8875732421875,308.73907470703125,55.1700439453125,132.79998779296875,0.670862078666687,-1,-1,-1
60,16,678.7455444335938,390.77935791015625,82.0465087890625,136.32073974609375,0.8993650674819946,-1,-1,-1
60,18,746.965087890625,334.1143493652344,48.07794189453125,115.7906494140625,0.4868435263633728,-1,-1,-1
60,21,938.5223999023438,232.38352966308594,51.3201904296875,89.70744323730469,0.6547690629959106,-1,-1,-1
60,8,485.552978515625,394.5924072265625,75.52740478515625,172.10418701171875,0.9154493808746338,-1,-1,-1
60,2,19.18758773803711,436.05657958984375,114.66589736938477,174.9898681640625,0.8425275683403015,-1,-1,-1
60,25,399.9034729003906,313.4446105957031,60.056365966796875,140.84494018554688,0.7229323983192444,-1,-1,-1
60,27,1133.6966552734375,471.8116455078125,59.3419189453125,195.47027587890625,0.8162897229194641,-1,-1,-1
60,1,326.4543762207031,325.34332275390625,55.33880615234375,158.92706298828125,0.41769182682037354,-1,-1,-1
60,28,54.60686492919922,380.63629150390625,54.906639099121094,101.91476440429688,0.5544794201850891,-1,-1,-1
60,9,23.039501190185547,341.5927429199219,43.79031753540039,118.285400390625,0.4997806251049042,-1,-1,-1
61,3,394.4092712402344,517.8146362304688,61.65081787109375,185.11492919921875,0.8308807015419006,-1,-1,-1
61,5,234.8048858642578,448.83697509765625,78.54005432128906,177.74261474609375,0.8759790062904358,-1,-1,-1
61,12,578.3974609375,307.0099182128906,54.73199462890625,132.7537841796875,0.7821013331413269,-1,-1,-1
61,16,661.3392333984375,389.8374938964844,91.68548583984375,136.93655395507812,0.8978897929191589,-1,-1,-1
61,18,738.488525390625,329.6038818359375,41.96002197265625,95.48092651367188,0.5863177180290222,-1,-1,-1
61,21,920.935302734375,232.90011596679688,50.984130859375,88.3148193359375,0.6926809549331665,-1,-1,-1
61,8,483.5804748535156,390.7893371582031,68.52737426757812,172.55709838867188,0.8879210352897644,-1,-1,-1
61,2,0.6479151248931885,435.8164978027344,114.33888602256775,177.61746215820312,0.7235158681869507,-1,-1,-1
61,25,383.53765869140625,312.8623046875,60.2508544921875,142.12173461914062,0.7591167092323303,-1,-1,-1
61,27,1115.8341064453125,470.33050537109375,58.8419189453125,194.80633544921875,0.8264199495315552,-1,-1,-1
61,1,310.32763671875,328.0003662109375,59.2470703125,156.34735107421875,0.5778100490570068,-1,-1,-1
62,3,376.7748107910156,518.6204833984375,61.7481689453125,185.506591796875,0.8387770056724548,-1,-1,-1
62,5,214.25559997558594,453.8614807128906,82.23930358886719,180.46316528320312,0.8674044609069824,-1,-1,-1
62,12,555.9588623046875,306.1213073730469,60.65020751953125,130.29190063476562,0.8415930867195129,-1,-1,-1
62,16,643.8616333007812,389.4211730957031,101.93377685546875,136.83468627929688,0.8939502835273743,-1,-1,-1
62,18,723.569580078125,323.8244934082031,44.913330078125,88.85723876953125,0.4664202928543091,-1,-1,-1
62,8,477.5938415527344,388.8638000488281,62.978118896484375,172.04281616210938,0.8857649564743042,-1,-1,-1
62,2,0.0,431.96942138671875,91.58149719238281,181.4013671875,0.45216605067253113,-1,-1,-1
62,25,366.4444885253906,312.6543273925781,59.10888671875,142.2110595703125,0.7662251591682434,-1,-1,-1
62,27,1097.919189453125,469.2383117675781,57.1494140625,193.24307250976562,0.8235707879066467,-1,-1,-1
62,1,292.0858154296875,329.22857666015625,58.242645263671875,156.4234619140625,0.5298352837562561,-1,-1,-1
62,28,19.388498306274414,375.710205078125,51.103986740112305,121.28237915039062,0.5048388838768005,-1,-1,-1
63,3,358.62548828125,518.9009399414062,62.8060302734375,185.8597412109375,0.8516835570335388,-1,-1,-1
63,5,194.8760528564453,459.4107971191406,84.47758483886719,182.26199340820312,0.8999472260475159,-1,-1,-1
63,12,534.6325073242188,305.41522216796875,68.27734375,126.33148193359375,0.5206562876701355,-1,-1,-1
63,16,626.2335205078125,387.717529296875,108.8128662109375,138.97509765625,0.8941169381141663,-1,-1,-1
63,18,708.5118408203125,316.9410705566406,48.630615234375,90.4884033203125,0.5686231851577759,-1,-1,-1
63,8,468.8451843261719,387.64556884765625,59.013397216796875,172.60260009765625,0.9035623669624329,-1,-1,-1
63,25,348.266357421875,313.66912841796875,60.457611083984375,140.7093505859375,0.7867818474769592,-1,-1,-1
63,27,1078.4654541015625,467.87164306640625,57.58740234375,191.22198486328125,0.855783998966217,-1,-1,-1
63,1,274.2032165527344,329.6168212890625,55.187896728515625,157.39608764648438,0.5548180937767029,-1,-1,-1
63,28,0.3291802406311035,372.6015625,48.26055669784546,126.41958618164062,0.7362056374549866,-1,-1,-1
63,21,885.56103515625,231.46780395507812,50.72918701171875,88.3228759765625,0.504410445690155,-1,-1,-1
64,3,339.8530578613281,519.5116577148438,63.95330810546875,186.31787109375,0.850357711315155,-1,-1,-1
64,5,176.56968688964844,464.7408447265625,84.94902038574219,183.5491943359375,0.8740224838256836,-1,-1,-1
64,12,519.0096435546875,305.8952941894531,70.01123046875,121.699951171875,0.7708752155303955,-1,-1,-1
64,16,608.2980346679688,334.4254455566406,130.7750244140625,189.85494995117188,0.7669951915740967,-1,-1,-1
64,8,460.08966064453125,388.0488586425781,56.656982421875,171.78713989257812,0.8644358515739441,-1,-1,-1
64,25,329.6843566894531,314.2402038574219,61.69732666015625,138.91122436523438,0.7031019330024719,-1,-1,-1
64,27,1059.594482421875,466.17559814453125,58.51611328125,191.38671875,0.8455019593238831,-1,-1,-1
64,1,255.04205322265625,329.0718078613281,55.331878662109375,159.39520263671875,0.7005202770233154,-1,-1,-1
64,28,0.0,368.3475036621094,26.934486389160156,134.2203369140625,0.5946013331413269,-1,-1,-1
64,29,1108.8983154296875,675.9177856445312,57.6309814453125,43.34320068359375,0.5130645632743835,-1,-1,-1
64,21,866.6132202148438,231.55816650390625,50.1748046875,87.39309692382812,0.6825464963912964,-1,-1,-1
65,3,321.1883850097656,520.4946899414062,65.5799560546875,186.00469970703125,0.8572975993156433,-1,-1,-1
65,5,159.47589111328125,468.2048645019531,82.47784423828125,183.41897583007812,0.904045045375824,-1,-1,-1
65,12,504.9833068847656,305.97454833984375,69.23818969726562,117.666259765625,0.8337534070014954,-1,-1,-1
65,16,590.4947509765625,299.958251953125,147.6282958984375,222.21173095703125,0.7446879744529724,-1,-1,-1
65,8,450.2058410644531,390.76690673828125,61.69512939453125,169.39691162109375,0.8766739368438721,-1,-1,-1
65,25,310.7438659667969,314.6586608886719,66.5443115234375,140.68890380859375,0.7089470028877258,-1,-1,-1
65,27,1039.5391845703125,464.8243103027344,60.6427001953125,189.92672729492188,0.8625481128692627,-1,-1,-1
65,1,235.95445251464844,328.2602233886719,55.32774353027344,160.9769287109375,0.7442883849143982,-1,-1,-1
65,29,1090.6221923828125,674.1696166992188,56.4189453125,44.98291015625,0.4701130986213684,-1,-1,-1
65,21,849.071533203125,231.68893432617188,49.433837890625,86.50576782226562,0.6092644929885864,-1,-1,-1
66,3,302.8883972167969,521.732666015625,65.95321655273438,185.8773193359375,0.6199890971183777,-1,-1,-1
66,5,141.5059356689453,469.0454406738281,79.45181274414062,184.71316528320312,0.8880341053009033,-1,-1,-1
66,12,489.2586669921875,306.29742431640625,69.2237548828125,111.3345947265625,0.8566567897796631,-1,-1,-1
66,16,578.3596801757812,342.72552490234375,123.182861328125,175.4691162109375,0.8698102235794067,-1,-1,-1
66,8,439.1300048828125,394.1392517089844,72.3299560546875,167.21945190429688,0.8998312950134277,-1,-1,-1
66,25,295.29412841796875,314.8088073730469,70.09854125976562,145.06680297851562,0.8251522183418274,-1,-1,-1
66,27,1020.8507080078125,463.9004821777344,59.976318359375,191.70315551757812,0.8429144024848938,-1,-1,-1
66,1,216.90245056152344,327.9003601074219,58.27595520019531,162.59518432617188,0.7161721587181091,-1,-1,-1
66,29,1072.322998046875,672.7831420898438,54.679443359375,46.771484375,0.5498055219650269,-1,-1,-1
66,21,830.6993408203125,231.65667724609375,48.8560791015625,86.27813720703125,0.6632810235023499,-1,-1,-1
67,3,284.1107177734375,523.0022583007812,66.517822265625,186.46722412109375,0.8520256280899048,-1,-1,-1
67,5,123.20276641845703,468.7409362792969,76.6043472290039,188.36441040039062,0.869981050491333,-1,-1,-1
67,12,471.74761962890625,305.6855163574219,68.221923828125,107.20263671875,0.8035504817962646,-1,-1,-1
67,16,574.2896728515625,361.8148193359375,104.65753173828125,153.18243408203125,0.8846397399902344,-1,-1,-1
67,8,428.4714660644531,398.5001525878906,82.06979370117188,164.33090209960938,0.8924261927604675,-1,-1,-1
67,25,278.935302734375,316.2384338378906,75.48135375976562,145.616943359375,0.47727444767951965,-1,-1,-1
67,27,1002.5119018554688,463.019287109375,58.85589599609375,192.39349365234375,0.8350163698196411,-1,-1,-1
67,1,196.5303497314453,328.8506774902344,59.65290832519531,163.30670166015625,0.6760354042053223,-1,-1,-1
67,29,1053.0892333984375,671.3802490234375,55.8729248046875,48.54449462890625,0.5403414368629456,-1,-1,-1
67,21,812.7205200195312,231.72219848632812,48.89031982421875,86.2052001953125,0.6860948801040649,-1,-1,-1
67,30,1145.116455078125,673.0240478515625,58.4830322265625,46.8243408203125,0.5468296408653259,-1,-1,-1
67,31,1202.8126220703125,667.6182861328125,63.113037109375,52.13409423828125,0.4377884566783905,-1,-1,-1
67,32,934.7625732421875,673.5972900390625,59.0906982421875,45.94677734375,0.5497215986251831,-1,-1,-1
67,18,644.6283569335938,276.05438232421875,70.23419189453125,112.14547729492188,0.5065462589263916,-1,-1,-1
68,3,266.49957275390625,524.81640625,65.79519653320312,185.82073974609375,0.8058500289916992,-1,-1,-1
68,5,103.76131439208984,467.7881774902344,74.87665557861328,188.79934692382812,0.8987944722175598,-1,-1,-1
68,12,454.9330139160156,303.9255065917969,67.38632202148438,104.7564697265625,0.7109968066215515,-1,-1,-1
68,16,574.3693237304688,365.1702880859375,90.99664306640625,148.35015869140625,0.8798571228981018,-1,-1,-1
68,8,417.9646301269531,402.5441589355469,91.52554321289062,160.35269165039062,0.9074803590774536,-1,-1,-1
68,25,261.5043029785156,316.8595886230469,81.68316650390625,148.01995849609375,0.7566913366317749,-1,-1,-1
68,27,986.585205078125,462.2339172363281,55.92333984375,191.24349975585938,0.8453883528709412,-1,-1,-1
68,1,176.89346313476562,330.48626708984375,59.337799072265625,164.47732543945312,0.6995600461959839,-1,-1,-1
68,29,1035.1954345703125,670.21484375,55.9078369140625,49.78515625,0.42976927757263184,-1,-1,-1
68,21,795.7493286132812,231.3136749267578,49.04364013671875,86.15028381347656,0.7083361744880676,-1,-1,-1
68,31,1185.12744140625,666.3544921875,65.263427734375,53.4285888671875,0.40609031915664673,-1,-1,-1
68,32,916.3199462890625,672.6176147460938,60.23590087890625,47.0086669921875,0.4758807122707367,-1,-1,-1
68,18,624.29736328125,288.9583740234375,79.42547607421875,96.71807861328125,0.5427669286727905,-1,-1,-1
69,3,249.3791046142578,525.8184204101562,66.00508117675781,186.53570556640625,0.7930670976638794,-1,-1,-1
69,5,86.41285705566406,466.95111083984375,72.96298217773438,189.62591552734375,0.8813806176185608,-1,-1,-1
69,12,445.0008239746094,301.8992004394531,62.25030517578125,101.01031494140625,0.7936517596244812,-1,-1,-1
69,16,575.6221313476562,362.3943786621094,79.94964599609375,150.48953247070312,0.8772618770599365,-1,-1,-1
69,8,404.3076171875,405.6175231933594,102.82687377929688,158.78103637695312,0.9096899628639221,-1,-1,-1
69,25,245.7595672607422,324.9955749511719,86.72499084472656,142.21817016601562,0.7641521096229553,-1,-1,-1
69,27,969.8297119140625,461.52001953125,55.7630615234375,190.7906494140625,0.8276675939559937,-1,-1,-1
69,1,158.912109375,332.9041748046875,63.155029296875,165.95849609375,0.701568067073822,-1,-1,-1
69,21,779.5084838867188,230.91156005859375,49.23175048828125,86.70611572265625,0.6280879974365234,-1,-1,-1
69,31,1167.732666015625,664.1922607421875,65.1539306640625,55.514892578125,0.5388477444648743,-1,-1,-1
69,32,900.1068725585938,671.76123046875,59.8822021484375,47.739990234375,0.4315531551837921,-1,-1,-1
69,18,605.7578125,294.5765075683594,91.88330078125,90.9920654296875,0.6507258415222168,-1,-1,-1
70,3,233.57766723632812,527.3822631835938,66.61868286132812,186.5518798828125,0.7943968176841736,-1,-1,-1
70,5,68.847412109375,465.49322509765625,72.44961547851562,190.94805908203125,0.8646233677864075,-1,-1,-1
70,12,438.7680969238281,298.83465576171875,61.075347900390625,102.0631103515625,0.8250168561935425,-1,-1,-1
70,16,573.9354858398438,361.4407958984375,72.135009765625,150.2991943359375,0.8623127937316895,-1,-1,-1
70,8,390.8589172363281,405.7953186035156,111.975341796875,160.31491088867188,0.8877884149551392,-1,-1,-1
70,25,231.80484008789062,328.34088134765625,89.37445068359375,143.8515625,0.7395738959312439,-1,-1,-1
70,27,956.203857421875,460.9023132324219,55.21160888671875,190.48580932617188,0.8156886100769043,-1,-1,-1
70,1,142.48350524902344,335.145751953125,65.53689575195312,167.92630004882812,0.6778480410575867,-1,-1,-1
70,21,765.1093139648438,230.48182678222656,49.26666259765625,88.06877136230469,0.6940802335739136,-1,-1,-1
70,31,1151.5123291015625,662.6849975585938,64.7841796875,57.02252197265625,0.6122856736183167,-1,-1,-1
70,18,590.2384033203125,296.3392333984375,100.99188232421875,89.535400390625,0.573713481426239,-1,-1,-1
70,33,1228.02099609375,419.706787109375,48.6011962890625,163.72698974609375,0.7626952528953552,-1,-1,-1
70,29,1003.2964477539062,668.2279663085938,55.37005615234375,51.77203369140625,0.46779653429985046,-1,-1,-1
71,3,220.24378967285156,528.366455078125,67.30867004394531,187.964111328125,0.7952847480773926,-1,-1,-1
71,5,55.73038101196289,464.6811218261719,70.67900466918945,190.79000854492188,0.8655005693435669,-1,-1,-1
71,12,436.729248046875,296.4495849609375,58.124267578125,101.99652099609375,0.4844248592853546,-1,-1,-1
71,16,571.8005981445312,361.36004638671875,68.14141845703125,145.91744995117188,0.8920614719390869,-1,-1,-1
71,8,380.4127197265625,403.5668640136719,114.6778564453125,163.62832641601562,0.8806071281433105,-1,-1,-1
71,25,219.4262237548828,328.5894470214844,89.04740905761719,150.86248779296875,0.8157381415367126,-1,-1,-1
71,27,943.7090454101562,461.08465576171875,54.36004638671875,189.16107177734375,0.7550017833709717,-1,-1,-1
71,1,128.4732666015625,335.8135986328125,66.00436401367188,172.96316528320312,0.6679506897926331,-1,-1,-1
71,21,753.6970825195312,230.30825805664062,47.37451171875,87.574462890625,0.49948394298553467,-1,-1,-1
71,31,1138.173095703125,661.9987182617188,66.274658203125,57.94293212890625,0.6228418946266174,-1,-1,-1
71,18,570.7973022460938,293.98724365234375,113.17376708984375,92.53155517578125,0.5159327387809753,-1,-1,-1
71,33,1215.9114990234375,418.23040771484375,54.687744140625,164.57818603515625,0.7802263498306274,-1,-1,-1
71,34,1084.7437744140625,230.0577392578125,44.028076171875,81.83261108398438,0.43506696820259094,-1,-1,-1
71,29,991.3884887695312,667.6246337890625,54.87738037109375,52.343994140625,0.6157931089401245,-1,-1,-1
71,30,1079.4815673828125,668.3045654296875,61.2286376953125,51.57421875,0.5162762403488159,-1,-1,-1
71,32,874.8757934570312,672.0455932617188,58.1409912109375,47.0321044921875,0.5283476114273071,-1,-1,-1
72,3,209.62384033203125,529.1439819335938,68.32278442382812,188.4610595703125,0.8311911225318909,-1,-1,-1
72,5,47.93539047241211,463.2311706542969,68.34688949584961,190.70388793945312,0.8982701301574707,-1,-1,-1
72,12,436.364013671875,295.7463073730469,54.24420166015625,100.90341186523438,0.6676058769226074,-1,-1,-1
72,16,571.8142700195312,361.0983581542969,65.51336669921875,139.14212036132812,0.8130530118942261,-1,-1,-1
72,8,377.7982482910156,402.1053466796875,110.78170776367188,166.42596435546875,0.9028104543685913,-1,-1,-1
72,25,214.362548828125,328.85980224609375,85.52737426757812,154.67230224609375,0.8263640403747559,-1,-1,-1
72,27,937.310302734375,460.6009826660156,52.0137939453125,189.88497924804688,0.863861083984375,-1,-1,-1
72,1,118.83160400390625,345.0549621582031,60.4638671875,168.35134887695312,0.5675984621047974,-1,-1,-1
72,21,745.7113647460938,229.81106567382812,47.193359375,88.79324340820312,0.5689105987548828,-1,-1,-1
72,31,1130.5980224609375,661.4532470703125,63.7562255859375,58.5467529296875,0.706753671169281,-1,-1,-1
72,33,1206.3966064453125,417.9687194824219,56.9652099609375,164.02505493164062,0.8390446901321411,-1,-1,-1
72,34,1076.2628173828125,229.97518920898438,43.287353515625,81.066650390625,0.7110233306884766,-1,-1,-1
72,29,983.3048706054688,666.9923706054688,54.51226806640625,52.969482421875,0.6546435356140137,-1,-1,-1
72,30,1072.085205078125,667.3123779296875,59.2537841796875,52.6876220703125,0.6870244145393372,-1,-1,-1
72,11,193.88255310058594,329.8281555175781,64.92460632324219,120.11819458007812,0.4885789752006531,-1,-1,-1
73,3,204.92401123046875,529.8989868164062,67.66744995117188,188.57415771484375,0.8922338485717773,-1,-1,-1
73,5,43.60919952392578,462.4232177734375,67.62376403808594,191.0950927734375,0.9110104441642761,-1,-1,-1
73,12,437.387939453125,296.66455078125,48.43414306640625,98.603515625,0.6958841681480408,-1,-1,-1
73,16,574.8121337890625,361.1303405761719,63.83380126953125,133.91433715820312,0.8891345262527466,-1,-1,-1
73,8,383.9677734375,405.7744445800781,99.91531372070312,163.91629028320312,0.9080028533935547,-1,-1,-1
73,25,216.3591766357422,328.1458740234375,78.06742858886719,156.81622314453125,0.8314647674560547,-1,-1,-1
73,27,933.6998901367188,460.7402038574219,50.78411865234375,190.61752319335938,0.8820345401763916,-1,-1,-1
73,1,112.60435485839844,350.8304138183594,47.47344970703125,165.48934936523438,0.5419965982437134,-1,-1,-1
73,21,740.919921875,228.99935913085938,47.69818115234375,91.60671997070312,0.827039361000061,-1,-1,-1
73,31,1126.3712158203125,661.1884765625,62.8330078125,58.8115234375,0.7205508351325989,-1,-1,-1
73,33,1202.377197265625,418.218994140625,56.5272216796875,163.36126708984375,0.8391622304916382,-1,-1,-1
73,29,979.3723754882812,667.093017578125,53.78936767578125,52.906982421875,0.6390135288238525,-1,-1,-1
73,11,191.58132934570312,331.9358825683594,66.33755493164062,120.32687377929688,0.6181807518005371,-1,-1,-1
73,18,560.4682006835938,302.659423828125,118.64813232421875,82.41354370117188,0.5784158706665039,-1,-1,-1
73,32,864.13037109375,673.2710571289062,54.10662841796875,46.03692626953125,0.5183102488517761,-1,-1,-1
74,3,202.1896514892578,530.5538940429688,67.08509826660156,187.873046875,0.8927012085914612,-1,-1,-1
74,5,44.21999740600586,461.5665588378906,66.15591812133789,192.61184692382812,0.9134541153907776,-1,-1,-1
74,12,441.81280517578125,297.1023864746094,46.170806884765625,99.58029174804688,0.7931899428367615,-1,-1,-1
74,16,580.2044067382812,362.12359619140625,68.44775390625,133.270263671875,0.8790773749351501,-1,-1,-1
74,8,401.4388122558594,404.9898376464844,91.56304931640625,166.93112182617188,0.8520683646202087,-1,-1,-1
74,25,226.63978576660156,326.8536682128906,66.94108581542969,158.39459228515625,0.8236784934997559,-1,-1,-1
74,27,933.0569458007812,461.32537841796875,50.09161376953125,189.0211181640625,0.8814747333526611,-1,-1,-1
74,1,109.31275177001953,351.34857177734375,47.40801239013672,166.422607421875,0.5915636420249939,-1,-1,-1
74,21,739.1612548828125,228.7880096435547,48.0029296875,93.05497741699219,0.8601723313331604,-1,-1,-1
74,31,1124.681396484375,661.3984375,63.2303466796875,58.6015625,0.7309908866882324,-1,-1,-1
74,33,1201.7247314453125,418.4065246582031,55.6131591796875,163.29031372070312,0.8442606925964355,-1,-1,-1
74,29,978.3566284179688,667.038330078125,53.45745849609375,52.961669921875,0.7321611642837524,-1,-1,-1
74,11,190.56234741210938,332.62310791015625,68.75643920898438,120.25949096679688,0.597989022731781,-1,-1,-1
74,18,562.1160278320312,314.37030029296875,118.83624267578125,71.42709350585938,0.4475383162498474,-1,-1,-1
74,32,861.9578247070312,673.7007446289062,54.11114501953125,46.094482421875,0.6240814328193665,-1,-1,-1
74,34,1069.094482421875,229.43905639648438,44.285888671875,73.83905029296875,0.7009381651878357,-1,-1,-1
74,30,1066.2381591796875,668.1317138671875,58.6651611328125,51.8682861328125,0.6858267784118652,-1,-1,-1
75,3,198.7327423095703,531.0040283203125,67.95057678222656,187.76446533203125,0.876957893371582,-1,-1,-1
75,5,45.446556091308594,461.0785827636719,64.96449279785156,193.46401977539062,0.9133371710777283,-1,-1,-1
75,12,447.02099609375,296.6344909667969,44.916595458984375,102.28005981445312,0.8397330045700073,-1,-1,-1
75,16,586.261962890625,364.2795715332031,77.82977294921875,129.98403930664062,0.9099113941192627,-1,-1,-1
75,8,410.9555969238281,404.9006652832031,91.71951293945312,170.36038208007812,0.8034448623657227,-1,-1,-1
75,25,239.20387268066406,326.61273193359375,57.11231994628906,158.59854125976562,0.8498714566230774,-1,-1,-1
75,27,932.947021484375,461.81640625,51.67889404296875,187.9266357421875,0.8882701992988586,-1,-1,-1
75,1,106.35005187988281,351.1331787109375,50.64006042480469,168.2099609375,0.6580982804298401,-1,-1,-1
75,21,737.857177734375,228.3863067626953,47.75482177734375,93.90208435058594,0.8388597965240479,-1,-1,-1
75,31,1123.5706787109375,661.9683837890625,63.641845703125,58.0316162109375,0.7252181172370911,-1,-1,-1
75,33,1200.8309326171875,418.4821472167969,55.280029296875,163.76559448242188,0.8490328788757324,-1,-1,-1
75,29,977.6002197265625,666.8414306640625,53.1748046875,53.1585693359375,0.6947430372238159,-1,-1,-1
75,11,189.2198944091797,331.93170166015625,72.65910339355469,120.75927734375,0.6743667125701904,-1,-1,-1
75,32,860.1239624023438,674.2471313476562,54.24761962890625,45.47894287109375,0.6307754516601562,-1,-1,-1
75,34,1066.3360595703125,230.5789794921875,45.9759521484375,70.87887573242188,0.6692132353782654,-1,-1,-1
75,30,1065.6749267578125,668.8574829101562,58.2034912109375,51.1126708984375,0.6686482429504395,-1,-1,-1
76,3,193.81410217285156,531.3024291992188,69.79179382324219,187.8101806640625,0.885143518447876,-1,-1,-1
76,5,45.287227630615234,460.9085998535156,64.07052230834961,193.43362426757812,0.9066238403320312,-1,-1,-1
76,12,452.4066162109375,294.1767272949219,43.6739501953125,112.26763916015625,0.8325722217559814,-1,-1,-1
76,16,590.3070068359375,364.6352844238281,87.6785888671875,129.60073852539062,0.9200780987739563,-1,-1,-1
76,8,418.08642578125,403.87921142578125,92.0159912109375,172.2125244140625,0.8882005214691162,-1,-1,-1
76,25,248.0318603515625,326.8840026855469,51.52484130859375,157.59005737304688,0.8509204983711243,-1,-1,-1
76,27,931.5242309570312,462.3019104003906,53.5733642578125,186.05099487304688,0.8116387724876404,-1,-1,-1
76,1,103.01009368896484,342.2138366699219,57.698204040527344,177.77462768554688,0.7198395133018494,-1,-1,-1
76,21,734.96484375,226.97335815429688,48.2850341796875,95.32760620117188,0.8460705280303955,-1,-1,-1
76,31,1120.854736328125,662.3577880859375,63.6220703125,57.6422119140625,0.7461565732955933,-1,-1,-1
76,33,1198.336181640625,418.206787109375,55.5830078125,163.69696044921875,0.8482977747917175,-1,-1,-1
76,29,975.0294799804688,666.5045166015625,53.65924072265625,53.43023681640625,0.6493012309074402,-1,-1,-1
76,11,186.48617553710938,329.9954833984375,75.25796508789062,122.65975952148438,0.7593307495117188,-1,-1,-1
76,32,858.1885986328125,674.0112915039062,54.1796875,45.466796875,0.567841112613678,-1,-1,-1
76,34,1059.2562255859375,231.63316345214844,49.8372802734375,68.52226257324219,0.507160484790802,-1,-1,-1
76,30,1063.8782958984375,669.0775146484375,56.898193359375,50.79351806640625,0.674763560295105,-1,-1,-1
77,3,188.68060302734375,531.4822998046875,69.44387817382812,187.47003173828125,0.8866473436355591,-1,-1,-1
77,5,42.1363525390625,461.51806640625,65.21852111816406,193.9635009765625,0.8862506747245789,-1,-1,-1
77,12,456.7142028808594,290.72344970703125,42.244659423828125,119.51727294921875,0.8488069772720337,-1,-1,-1
77,16,591.6654663085938,365.327880859375,93.58502197265625,128.45791625976562,0.9281715154647827,-1,-1,-1
77,8,420.7097473144531,401.0376281738281,95.86019897460938,174.03250122070312,0.8904584050178528,-1,-1,-1
77,25,249.942626953125,327.6888732910156,50.8272705078125,157.38681030273438,0.8685651421546936,-1,-1,-1
77,27,927.7127685546875,462.4064636230469,56.0579833984375,187.25021362304688,0.627070426940918,-1,-1,-1
77,1,97.46692657470703,338.8646240234375,55.64275360107422,181.729248046875,0.7495032548904419,-1,-1,-1
77,21,730.5974731445312,226.05404663085938,48.51171875,96.43966674804688,0.8571629524230957,-1,-1,-1
77,31,1117.682861328125,662.1770629882812,62.02099609375,57.67730712890625,0.7252705097198486,-1,-1,-1
77,33,1193.6593017578125,418.0593566894531,55.512451171875,164.82638549804688,0.8530355095863342,-1,-1,-1
77,29,970.6864624023438,665.5025634765625,53.00738525390625,54.140869140625,0.5975774526596069,-1,-1,-1
77,11,183.26409912109375,325.6220397949219,77.37039184570312,126.93569946289062,0.7490845322608948,-1,-1,-1
77,32,854.3360595703125,673.8401489257812,55.30242919921875,45.75030517578125,0.49190768599510193,-1,-1,-1
77,30,1059.46044921875,668.5671997070312,57.34814453125,51.12591552734375,0.6743720173835754,-1,-1,-1
78,3,181.47509765625,532.539306640625,69.81793212890625,186.49932861328125,0.8897531628608704,-1,-1,-1
78,5,37.19384765625,462.4746398925781,68.48262023925781,193.50784301757812,0.888534426689148,-1,-1,-1
78,12,446.7171325683594,288.6313781738281,53.6402587890625,130.35299682617188,0.7587632536888123,-1,-1,-1
78,16,591.8916625976562,365.58001708984375,94.161865234375,128.10662841796875,0.932518482208252,-1,-1,-1
78,8,422.4029541015625,403.4064636230469,98.9237060546875,173.93576049804688,0.8997465372085571,-1,-1,-1
78,25,251.01950073242188,329.27777099609375,54.849365234375,158.055419921875,0.8776326179504395,-1,-1,-1
78,27,923.7987670898438,462.9299621582031,56.1400146484375,187.06503295898438,0.8906589150428772,-1,-1,-1
78,1,88.88232421875,337.6240234375,57.40214538574219,182.67578125,0.8003365993499756,-1,-1,-1
78,21,724.75244140625,225.68753051757812,49.5205078125,97.3343505859375,0.8836211562156677,-1,-1,-1
78,31,1112.1600341796875,661.6630249023438,62.656005859375,58.31341552734375,0.7282479405403137,-1,-1,-1
78,33,1187.619384765625,417.82421875,56.2464599609375,164.8870849609375,0.8355596661567688,-1,-1,-1
78,29,964.8837280273438,665.4262084960938,53.74725341796875,54.4365234375,0.6353721022605896,-1,-1,-1
78,11,180.14114379882812,322.4935607910156,77.65386962890625,130.06539916992188,0.48737937211990356,-1,-1,-1
78,32,849.9445190429688,674.1234130859375,54.90484619140625,45.44805908203125,0.5180348753929138,-1,-1,-1
78,30,1054.9483642578125,668.2533569335938,56.5452880859375,51.4354248046875,0.6435085535049438,-1,-1,-1
78,34,1039.9202880859375,231.7593994140625,58.674560546875,66.91937255859375,0.7312083840370178,-1,-1,-1
79,3,174.04588317871094,532.7744140625,71.02281188964844,186.27630615234375,0.8799768090248108,-1,-1,-1
79,5,32.75398254394531,462.6328125,72.90630340576172,193.49725341796875,0.8770923614501953,-1,-1,-1
79,12,447.5810546875,286.654052734375,59.827423095703125,127.83145141601562,0.8412764668464661,-1,-1,-1
79,16,589.2816772460938,365.5505065917969,95.3006591796875,128.16717529296875,0.9119051098823547,-1,-1,-1
79,8,422.2701721191406,409.101806640625,104.16952514648438,174.68133544921875,0.8478779792785645,-1,-1,-1
79,25,252.2761993408203,331.34423828125,60.55665588378906,158.63265991210938,0.8435011506080627,-1,-1,-1
79,27,919.1002197265625,463.248046875,57.93597412109375,188.16741943359375,0.8942971229553223,-1,-1,-1
79,1,81.87251281738281,336.9824523925781,59.88688659667969,182.92135620117188,0.759650707244873,-1,-1,-1
79,21,719.9818115234375,225.8139190673828,49.43963623046875,97.01936340332031,0.8966615796089172,-1,-1,-1
79,31,1106.1204833984375,661.3009643554688,64.247802734375,58.6026611328125,0.722852349281311,-1,-1,-1
79,33,1182.5103759765625,417.44873046875,55.087646484375,164.21484375,0.837448000907898,-1,-1,-1
79,29,959.9554443359375,665.32958984375,53.6812744140625,54.4664306640625,0.6317195892333984,-1,-1,-1
79,11,179.78378295898438,320.0851135253906,77.78155517578125,130.98114013671875,0.8302904367446899,-1,-1,-1
79,32,844.69775390625,673.9232788085938,55.9527587890625,45.51800537109375,0.4984123706817627,-1,-1,-1
79,30,1049.346435546875,668.4705810546875,56.594970703125,51.16607666015625,0.6844286918640137,-1,-1,-1
79,34,1032.04150390625,231.7438507080078,60.3436279296875,67.20906066894531,0.7386846542358398,-1,-1,-1
80,3,170.20404052734375,533.2278442382812,71.09732055664062,185.8116455078125,0.9188951849937439,-1,-1,-1
80,5,29.16352653503418,462.2615051269531,78.02302742004395,195.02035522460938,0.8587455749511719,-1,-1,-1
80,12,455.9317932128906,283.091796875,52.531097412109375,130.95492553710938,0.7493507266044617,-1,-1,-1
80,16,587.7584228515625,363.8433837890625,95.70831298828125,129.88949584960938,0.7408101558685303,-1,-1,-1
80,8,425.51312255859375,414.9506530761719,105.345458984375,172.56265258789062,0.8609631657600403,-1,-1,-1
80,25,253.4441375732422,332.6933288574219,61.32762145996094,158.97390747070312,0.8618162274360657,-1,-1,-1
80,27,916.9583740234375,463.89239501953125,58.473388671875,188.10467529296875,0.8812122941017151,-1,-1,-1
80,1,76.88742065429688,335.8522033691406,52.24346923828125,184.53128051757812,0.763662576675415,-1,-1,-1
80,21,716.9879150390625,225.1800537109375,49.5379638671875,97.63925170898438,0.8876285552978516,-1,-1,-1
80,31,1103.2218017578125,661.0803833007812,62.2235107421875,58.88134765625,0.7739245891571045,-1,-1,-1
80,33,1178.9866943359375,417.23358154296875,55.68408203125,164.75091552734375,0.8620894551277161,-1,-1,-1
80,29,957.0711669921875,664.8313598632812,53.04986572265625,55.040771484375,0.6850648522377014,-1,-1,-1
80,11,182.88316345214844,316.0483703613281,76.04130554199219,133.12741088867188,0.8834599852561951,-1,-1,-1
80,32,841.6476440429688,673.8974609375,55.60101318359375,45.59600830078125,0.5308614373207092,-1,-1,-1
80,30,1045.5450439453125,668.3530883789062,57.2080078125,51.32501220703125,0.7035463452339172,-1,-1,-1
81,3,169.18930053710938,533.6346435546875,71.45919799804688,185.50567626953125,0.9157321453094482,-1,-1,-1
81,5,28.961591720581055,461.27276611328125,84.24417304992676,192.7769775390625,0.8951288461685181,-1,-1,-1
81,12,463.835693359375,275.7167663574219,51.7674560546875,138.94674682617188,0.7308768630027771,-1,-1,-1
81,16,591.0523681640625,361.86444091796875,90.5181884765625,131.44476318359375,0.6378882527351379,-1,-1,-1
81,8,427.107421875,421.4532165527344,112.93402099609375,168.62271118164062,0.9013253450393677,-1,-1,-1
81,25,256.802978515625,334.0640563964844,58.959930419921875,158.444091796875,0.8784908652305603,-1,-1,-1
81,27,918.995361328125,464.8653259277344,57.51806640625,187.64743041992188,0.8814840912818909,-1,-1,-1
81,1,75.65894317626953,335.06719970703125,46.068328857421875,184.7379150390625,0.7652493119239807,-1,-1,-1
81,21,716.678955078125,224.6834259033203,49.68377685546875,98.36512756347656,0.8930256366729736,-1,-1,-1
81,31,1103.2532958984375,661.2551879882812,61.7847900390625,58.74481201171875,0.772563636302948,-1,-1,-1
81,33,1178.7664794921875,417.374755859375,56.11181640625,164.8885498046875,0.8557916283607483,-1,-1,-1
81,29,957.1376953125,664.8988647460938,52.4398193359375,55.02972412109375,0.6791489124298096,-1,-1,-1
81,11,189.22975158691406,313.6737060546875,69.10154724121094,134.87765502929688,0.8583579063415527,-1,-1,-1
81,32,841.8280639648438,674.0576782226562,54.96575927734375,45.74072265625,0.5450441837310791,-1,-1,-1
81,30,1045.282958984375,668.6091918945312,57.1368408203125,51.1351318359375,0.7050131559371948,-1,-1,-1
82,3,169.6958770751953,533.9153442382812,71.55328369140625,185.13043212890625,0.9153033494949341,-1,-1,-1
82,5,31.073589324951172,459.9522705078125,86.7196159362793,190.09564208984375,0.9090248942375183,-1,-1,-1
82,12,471.9639587402344,262.86328125,56.547027587890625,148.87844848632812,0.7710676789283752,-1,-1,-1
82,16,597.1500244140625,360.4508056640625,84.1324462890625,134.01318359375,0.8308575749397278,-1,-1,-1
82,8,430.5019836425781,425.390625,121.54232788085938,167.193359375,0.9002107977867126,-1,-1,-1
82,25,262.4317626953125,334.585693359375,54.064727783203125,158.81109619140625,0.8729056119918823,-1,-1,-1
82,27,922.5587158203125,465.81231689453125,55.8570556640625,187.9439697265625,0.8778228759765625,-1,-1,-1
82,1,75.90447235107422,333.8586120605469,43.493812561035156,180.46206665039062,0.6681779623031616,-1,-1,-1
82,21,717.757568359375,224.05184936523438,50.14031982421875,99.5897216796875,0.8879870772361755,-1,-1,-1
82,31,1104.3609619140625,661.9044189453125,62.9114990234375,58.0955810546875,0.6565937995910645,-1,-1,-1
82,33,1180.310791015625,417.7464904785156,55.823486328125,164.48641967773438,0.8387506604194641,-1,-1,-1
82,29,958.2514038085938,665.3485107421875,53.2724609375,54.6514892578125,0.6420844793319702,-1,-1,-1
82,11,197.7835693359375,311.82403564453125,61.804931640625,135.5120849609375,0.8393329977989197,-1,-1,-1
82,32,842.8406372070312,674.5585327148438,54.43206787109375,45.3585205078125,0.5224325656890869,-1,-1,-1
82,30,1047.193359375,669.0448608398438,56.4910888671875,50.867431640625,0.6911938190460205,-1,-1,-1
83,3,170.1859130859375,534.0220947265625,72.07432556152344,185.100830078125,0.9162614345550537,-1,-1,-1
83,5,34.276641845703125,458.084228515625,85.65325164794922,187.3690185546875,0.9050055742263794,-1,-1,-1
83,12,476.45513916015625,257.8688049316406,63.5087890625,144.27914428710938,0.7919220924377441,-1,-1,-1
83,16,604.2291870117188,360.5909729003906,79.7554931640625,135.65826416015625,0.8572536706924438,-1,-1,-1
83,8,441.7897033691406,428.0813903808594,118.15554809570312,167.36050415039062,0.8540414571762085,-1,-1,-1
83,25,270.5765075683594,334.5382995605469,50.66534423828125,158.23721313476562,0.8572189807891846,-1,-1,-1
83,27,922.9309692382812,466.79754638671875,58.1114501953125,187.8092041015625,0.876793622970581,-1,-1,-1
83,1,76.14183807373047,332.2628479003906,44.41352844238281,182.70455932617188,0.7147175073623657,-1,-1,-1
83,21,719.291259765625,223.94595336914062,50.44451904296875,100.35031127929688,0.8910691738128662,-1,-1,-1
83,31,1106.3616943359375,662.9102172851562,64.0501708984375,57.08978271484375,0.7357457280158997,-1,-1,-1
83,33,1182.526611328125,417.814453125,55.9534912109375,165.22576904296875,0.8357175588607788,-1,-1,-1
83,29,959.711669921875,666.3624877929688,53.39495849609375,53.63751220703125,0.5044317841529846,-1,-1,-1
83,11,206.75404357910156,310.85491943359375,57.03813171386719,136.3170166015625,0.8737995028495789,-1,-1,-1
83,32,843.8633422851562,675.1365966796875,53.31787109375,44.8634033203125,0.4059029817581177,-1,-1,-1
83,30,1049.6177978515625,669.686279296875,56.059814453125,50.313720703125,0.6337155699729919,-1,-1,-1
83,34,1029.87744140625,238.94520568847656,61.0411376953125,59.53800964355469,0.6522850394248962,-1,-1,-1
84,3,171.177001953125,534.125244140625,72.47438049316406,185.161376953125,0.9110507369041443,-1,-1,-1
84,5,38.60687255859375,456.44146728515625,82.12989044189453,182.2198486328125,0.6329285502433777,-1,-1,-1
84,12,485.02459716796875,256.9669189453125,69.425537109375,145.9345703125,0.7831813097000122,-1,-1,-1
84,16,609.0447387695312,360.0158996582031,82.9559326171875,136.91259765625,0.9104093313217163,-1,-1,-1
84,8,458.4107971191406,431.00958251953125,104.60629272460938,160.75872802734375,0.8998340964317322,-1,-1,-1
84,25,277.2867736816406,335.4405822753906,50.83673095703125,156.61984252929688,0.8560143113136292,-1,-1,-1
84,27,924.09716796875,467.84393310546875,59.05755615234375,187.5574951171875,0.8805072903633118,-1,-1,-1
84,1,76.85306549072266,343.8656311035156,45.95832824707031,163.71090698242188,0.6369935274124146,-1,-1,-1
84,21,720.7650146484375,223.182861328125,50.321533203125,101.18984985351562,0.8872608542442322,-1,-1,-1
84,31,1109.289794921875,663.3500366210938,63.4482421875,56.64996337890625,0.7463995218276978,-1,-1,-1
84,33,1184.8079833984375,417.9517822265625,56.443115234375,165.809814453125,0.8455433249473572,-1,-1,-1
84,29,961.2890625,666.9719848632812,53.716796875,53.02801513671875,0.5936648845672607,-1,-1,-1
84,11,215.16265869140625,310.58062744140625,54.8992919921875,135.827880859375,0.8637206554412842,-1,-1,-1
84,30,1052.4619140625,669.856689453125,55.884521484375,50.143310546875,0.6315748691558838,-1,-1,-1
84,38,1030.3946533203125,134.78724670410156,33.236083984375,50.69172668457031,0.4160071313381195,-1,-1,-1
84,34,1031.655029296875,240.15611267089844,60.842041015625,58.15382385253906,0.6434820890426636,-1,-1,-1
85,3,172.59857177734375,534.6959228515625,72.80294799804688,184.93658447265625,0.8883512020111084,-1,-1,-1
85,5,43.82530975341797,453.367431640625,78.08309173583984,182.050048828125,0.8983311057090759,-1,-1,-1
85,12,492.03411865234375,256.73779296875,80.0164794921875,148.78143310546875,0.7592357993125916,-1,-1,-1
85,16,612.8637084960938,359.9722595214844,87.18035888671875,137.218505859375,0.9056351780891418,-1,-1,-1
85,8,468.3845520019531,434.1718444824219,97.74746704101562,156.47763061523438,0.9143284559249878,-1,-1,-1
85,25,283.9079895019531,336.8318786621094,53.137542724609375,156.99212646484375,0.8350380063056946,-1,-1,-1
85,27,929.1312255859375,469.3531799316406,57.97808837890625,186.66751098632812,0.8959665894508362,-1,-1,-1
85,1,80.94721221923828,353.0411071777344,43.44861602783203,151.47421264648438,0.6698241233825684,-1,-1,-1
85,21,723.06494140625,222.3034210205078,50.5604248046875,102.49324035644531,0.8892123699188232,-1,-1,-1
85,31,1112.6221923828125,664.0316772460938,63.37646484375,55.96832275390625,0.7444128394126892,-1,-1,-1
85,33,1187.23388671875,418.3033447265625,57.2974853515625,166.20660400390625,0.8415476679801941,-1,-1,-1
85,29,963.8456420898438,666.7800903320312,53.0985107421875,53.21990966796875,0.6876180768013,-1,-1,-1
85,11,219.7498779296875,311.5745544433594,54.79388427734375,134.67697143554688,0.8155049085617065,-1,-1,-1
85,30,1056.832275390625,670.4248046875,54.2596435546875,49.5751953125,0.6442978382110596,-1,-1,-1
85,34,1034.55224609375,241.30189514160156,60.5621337890625,56.06376647949219,0.5059645175933838,-1,-1,-1
86,3,175.29885864257812,534.8766479492188,73.16836547851562,184.4503173828125,0.9033189415931702,-1,-1,-1
86,5,49.850135803222656,449.8093566894531,72.00366973876953,182.03140258789062,0.9005025625228882,-1,-1,-1
86,12,501.7565002441406,271.1891784667969,85.95797729492188,135.73040771484375,0.8882451057434082,-1,-1,-1
86,16,616.5457763671875,360.0295715332031,89.445068359375,137.5645751953125,0.8080386519432068,-1,-1,-1
86,8,473.9454345703125,436.4267272949219,95.11834716796875,153.05123901367188,0.9151489734649658,-1,-1,-1
86,25,291.1023254394531,338.5621643066406,60.76409912109375,156.75665283203125,0.842211902141571,-1,-1,-1
86,27,932.9469604492188,470.13568115234375,59.509765625,186.45281982421875,0.8691442012786865,-1,-1,-1
86,1,84.5918960571289,357.8100891113281,43.86888885498047,147.54647827148438,0.7252700328826904,-1,-1,-1
86,21,725.8850708007812,222.00794982910156,51.03607177734375,103.26063537597656,0.8821123838424683,-1,-1,-1
86,31,1117.060302734375,664.9328002929688,62.6712646484375,55.06719970703125,0.7157667875289917,-1,-1,-1
86,33,1191.372314453125,418.91693115234375,57.0716552734375,166.181396484375,0.849666953086853,-1,-1,-1
86,29,967.669189453125,666.8545532226562,52.694091796875,53.14544677734375,0.6661483645439148,-1,-1,-1
86,11,223.8048553466797,312.9785461425781,55.31739807128906,133.21951293945312,0.8776776790618896,-1,-1,-1
86,30,1060.5760498046875,671.1044311523438,53.956787109375,48.89556884765625,0.652727484703064,-1,-1,-1
86,34,1037.077392578125,241.86676025390625,62.43359375,55.203857421875,0.4931555688381195,-1,-1,-1
86,38,1037.427490234375,134.4861602783203,33.4097900390625,50.768402099609375,0.42070624232292175,-1,-1,-1
87,3,181.34877014160156,535.367919921875,72.10655212402344,183.922119140625,0.8926258683204651,-1,-1,-1
87,5,56.66380310058594,447.3460998535156,71.190673828125,181.82400512695312,0.8960896730422974,-1,-1,-1
87,12,510.6980895996094,286.09515380859375,89.94412231445312,121.18826293945312,0.8648046851158142,-1,-1,-1
87,16,621.5676879882812,359.864501953125,89.033935546875,138.3406982421875,0.8917897939682007,-1,-1,-1
87,8,478.199951171875,436.8434143066406,94.82470703125,152.86447143554688,0.9189119935035706,-1,-1,-1
87,25,299.73193359375,341.3072509765625,64.94912719726562,155.96743774414062,0.8917046189308167,-1,-1,-1
87,27,942.0216674804688,470.4784240722656,57.63214111328125,187.25051879882812,0.8155442476272583,-1,-1,-1
87,1,88.17225646972656,360.7895202636719,45.5589599609375,143.08535766601562,0.6980953216552734,-1,-1,-1
87,21,730.8754272460938,221.72535705566406,49.88543701171875,102.95793151855469,0.88386070728302,-1,-1,-1
87,31,1121.936767578125,666.2381591796875,62.711669921875,53.7618408203125,0.6606153249740601,-1,-1,-1
87,33,1197.5128173828125,419.487548828125,56.6495361328125,166.1455078125,0.8720131516456604,-1,-1,-1
87,29,971.9273681640625,668.0335693359375,53.366455078125,51.9664306640625,0.6241190433502197,-1,-1,-1
87,11,229.6377410888672,316.21331787109375,56.80015563964844,130.21475219726562,0.8550323843955994,-1,-1,-1
87,30,1065.3743896484375,672.51318359375,54.1029052734375,47.48681640625,0.6196849346160889,-1,-1,-1
87,34,1042.12939453125,243.75059509277344,62.15771484375,55.00486755371094,0.6324042081832886,-1,-1,-1
87,39,675.458251953125,356.6089172363281,95.87701416015625,58.475677490234375,0.499146968126297,-1,-1,-1
88,3,186.603515625,535.875732421875,71.78872680664062,183.5489501953125,0.8953354358673096,-1,-1,-1
88,5,63.477027893066406,446.0531921386719,70.24466705322266,181.53848266601562,0.8868738412857056,-1,-1,-1
88,12,521.5897216796875,294.4514465332031,88.486572265625,113.79794311523438,0.8562880754470825,-1,-1,-1
88,16,626.3925170898438,360.8730773925781,89.4619140625,137.53875732421875,0.9132375121116638,-1,-1,-1
88,8,481.5721740722656,433.7805480957031,96.56167602539062,156.37820434570312,0.9123275279998779,-1,-1,-1
88,25,308.4774475097656,344.5510559082031,64.67849731445312,155.75546264648438,0.9108583331108093,-1,-1,-1
88,27,953.5181884765625,471.6259765625,55.00885009765625,187.2650146484375,0.8955433368682861,-1,-1,-1
88,1,94.88072204589844,363.35430908203125,58.928253173828125,151.3702392578125,0.5895659327507019,-1,-1,-1
88,21,736.5722045898438,221.73388671875,49.6497802734375,103.1624755859375,0.850821852684021,-1,-1,-1
88,31,1128.0084228515625,667.8665161132812,63.61767578125,52.13348388671875,0.6572519540786743,-1,-1,-1
88,33,1203.6571044921875,420.0549621582031,57.5814208984375,166.98428344726562,0.8574890494346619,-1,-1,-1
88,29,978.1381225585938,668.9871215820312,53.11895751953125,51.01287841796875,0.62972092628479,-1,-1,-1
88,11,240.31533813476562,317.74176025390625,56.749664306640625,128.1669921875,0.8909015655517578,-1,-1,-1
88,30,1073.2557373046875,673.5775146484375,51.795654296875,46.4224853515625,0.5970786213874817,-1,-1,-1
88,34,1050.284423828125,245.32887268066406,60.66357421875,54.65068054199219,0.6185364723205566,-1,-1,-1
88,39,680.4600830078125,362.2333984375,104.02911376953125,50.95916748046875,0.7408899068832397,-1,-1,-1
89,3,191.70150756835938,536.1712646484375,72.16091918945312,183.06378173828125,0.8873491883277893,-1,-1,-1
89,5,70.59180450439453,443.5263366699219,69.87076568603516,184.17764282226562,0.8678191304206848,-1,-1,-1
89,12,532.3639526367188,298.3739013671875,85.61297607421875,109.90817260742188,0.8576810956001282,-1,-1,-1
89,16,631.8016357421875,361.61737060546875,90.2603759765625,137.88262939453125,0.9292585849761963,-1,-1,-1
89,8,485.80615234375,428.84967041015625,97.46954345703125,160.0914306640625,0.9075974225997925,-1,-1,-1
89,25,317.83148193359375,346.4710388183594,63.199859619140625,154.80429077148438,0.8854691386222839,-1,-1,-1
89,27,963.7050170898438,473.0729675292969,53.703369140625,187.74856567382812,0.8897780776023865,-1,-1,-1
89,1,102.78412628173828,364.3901672363281,64.12162017822266,161.85617065429688,0.5514712333679199,-1,-1,-1
89,21,742.8248901367188,221.7891082763672,50.34423828125,104.10633850097656,0.8624690175056458,-1,-1,-1
89,31,1136.5714111328125,668.8848876953125,62.144287109375,51.1151123046875,0.5565110445022583,-1,-1,-1
89,33,1211.7164306640625,421.2862243652344,58.9471435546875,167.58840942382812,0.8089442849159241,-1,-1,-1
89,29,984.1563110351562,670.7881469726562,53.30108642578125,49.21185302734375,0.6157397627830505,-1,-1,-1
89,11,250.83746337890625,318.8248596191406,56.33612060546875,124.75277709960938,0.8686886429786682,-1,-1,-1
89,30,1080.439208984375,675.1837158203125,51.601318359375,44.8162841796875,0.6008756756782532,-1,-1,-1
89,34,1058.371337890625,247.9271697998047,60.23681640625,53.74900817871094,0.6347004175186157,-1,-1,-1
89,39,692.924560546875,365.2397155761719,109.36029052734375,45.778289794921875,0.6759902238845825,-1,-1,-1
90,3,197.98980712890625,536.7752075195312,71.3553466796875,182.3587646484375,0.8718975186347961,-1,-1,-1
90,5,78.29377746582031,444.7052917480469,70.38075256347656,183.18032836914062,0.9021192193031311,-1,-1,-1
90,12,542.1680297851562,302.2256774902344,82.23797607421875,105.40899658203125,0.8622837066650391,-1,-1,-1
90,16,638.8867797851562,362.7912292480469,90.6832275390625,137.48568725585938,0.9176098704338074,-1,-1,-1
90,8,490.7100830078125,423.96563720703125,97.81622314453125,162.71728515625,0.9031875133514404,-1,-1,-1
90,25,325.31854248046875,347.06805419921875,62.141632080078125,154.622314453125,0.8943220973014832,-1,-1,-1
90,27,974.3086547851562,474.0110778808594,52.47576904296875,188.37673950195312,0.8969828486442566,-1,-1,-1
90,1,110.65502166748047,364.286376953125,52.19097137451172,157.867919921875,0.6208769679069519,-1,-1,-1
90,21,749.7398071289062,222.06239318847656,50.6865234375,104.44908142089844,0.8626237511634827,-1,-1,-1
90,31,1144.2745361328125,671.5484008789062,62.3331298828125,48.45159912109375,0.47581517696380615,-1,-1,-1
90,33,1219.8525390625,423.1062316894531,58.94189453125,167.45968627929688,0.7993595600128174,-1,-1,-1
90,29,992.5919189453125,672.2744140625,52.1060791015625,47.58746337890625,0.5974205136299133,-1,-1,-1
90,11,259.57208251953125,320.0357666015625,60.75665283203125,123.44528198242188,0.8735280632972717,-1,-1,-1
90,34,1067.1949462890625,249.07154846191406,59.267578125,53.74440002441406,0.6883101463317871,-1,-1,-1
90,39,706.5685424804688,364.94342041015625,109.34814453125,44.02392578125,0.749267578125,-1,-1,-1
90,41,85.1826400756836,328.3839111328125,44.774635314941406,139.89016723632812,0.7021427750587463,-1,-1,-1
91,3,204.72213745117188,537.6732788085938,70.56024169921875,181.76141357421875,0.8923193216323853,-1,-1,-1
91,5,86.40238189697266,442.3586120605469,69.6280288696289,186.24276733398438,0.8400284647941589,-1,-1,-1
91,12,550.2335815429688,305.2124938964844,81.48223876953125,104.42669677734375,0.8442782163619995,-1,-1,-1
91,16,645.4146118164062,363.1939697265625,90.59051513671875,138.21090698242188,0.9056419134140015,-1,-1,-1
91,8,495.96490478515625,420.9206237792969,92.66717529296875,163.69528198242188,0.9047220349311829,-1,-1,-1
91,25,333.9876708984375,347.1667785644531,60.67987060546875,153.75201416015625,0.8746635913848877,-1,-1,-1
91,27,984.176025390625,475.4607849121094,52.635498046875,189.06741333007812,0.8900338411331177,-1,-1,-1
91,1,118.936279296875,364.0837707519531,46.555694580078125,146.07705688476562,0.4240097105503082,-1,-1,-1
91,21,757.1511840820312,223.35621643066406,51.203125,104.85606384277344,0.8490458726882935,-1,-1,-1
91,31,1153.1368408203125,673.7728881835938,61.819580078125,46.22711181640625,0.47618672251701355,-1,-1,-1
91,33,1228.93115234375,425.7581787109375,51.06884765625,167.29736328125,0.8106912970542908,-1,-1,-1
91,29,999.7081298828125,674.4970703125,52.9061279296875,45.219482421875,0.6147485971450806,-1,-1,-1
91,11,268.7076110839844,321.4515075683594,62.90338134765625,123.28173828125,0.795671284198761,-1,-1,-1
91,34,1076.510009765625,251.03729248046875,58.586669921875,53.84503173828125,0.4959999918937683,-1,-1,-1
91,39,718.4197998046875,362.3184509277344,119.1207275390625,45.228424072265625,0.7685264945030212,-1,-1,-1
91,41,87.01283264160156,329.66766357421875,49.0484619140625,140.700927734375,0.633327305316925,-1,-1,-1
91,30,1098.1741943359375,679.5748901367188,46.5606689453125,40.42510986328125,0.4107200503349304,-1,-1,-1
92,3,212.65150451660156,539.3328247070312,71.03715515136719,180.61517333984375,0.8863313794136047,-1,-1,-1
92,5,95.93108367919922,443.5168151855469,70.95694732666016,186.22543334960938,0.8426122069358826,-1,-1,-1
92,12,558.5930786132812,303.39495849609375,82.192626953125,109.177490234375,0.8115955591201782,-1,-1,-1
92,16,654.1819458007812,364.2154541015625,89.2130126953125,139.2742919921875,0.911604642868042,-1,-1,-1
92,8,501.8822021484375,420.04583740234375,84.35552978515625,164.1556396484375,0.9173892140388489,-1,-1,-1
92,25,341.9757385253906,348.89208984375,64.33761596679688,149.3572998046875,0.8602971434593201,-1,-1,-1
92,27,995.9892578125,478.9858093261719,58.770751953125,188.19290161132812,0.8571586608886719,-1,-1,-1
92,1,129.54660034179688,363.8191223144531,58.9588623046875,153.70901489257812,0.41372230648994446,-1,-1,-1
92,21,766.164306640625,225.11729431152344,50.86334228515625,105.25822448730469,0.833335280418396,-1,-1,-1
92,31,1162.9952392578125,677.3038330078125,61.340087890625,42.6961669921875,0.46787407994270325,-1,-1,-1
92,33,1239.6514892578125,428.32916259765625,40.3485107421875,168.398681640625,0.7469683289527893,-1,-1,-1
92,29,1011.170654296875,677.3185424804688,50.9185791015625,42.68145751953125,0.5800777077674866,-1,-1,-1
92,11,278.211181640625,325.68988037109375,64.47238159179688,121.06787109375,0.7242196202278137,-1,-1,-1
92,34,1085.82373046875,253.99269104003906,60.473876953125,53.22151184082031,0.4606209695339203,-1,-1,-1
92,39,733.620849609375,354.8454895019531,111.885498046875,53.04852294921875,0.7518674731254578,-1,-1,-1
92,41,91.74330139160156,332.3692321777344,51.42765808105469,138.17626953125,0.6909619569778442,-1,-1,-1
93,3,220.5713653564453,543.2622680664062,73.58689880371094,176.73773193359375,0.895076334476471,-1,-1,-1
93,5,107.34683990478516,447.2437744140625,71.27741241455078,184.470458984375,0.8953306674957275,-1,-1,-1
93,12,570.4594116210938,302.8846435546875,80.19708251953125,112.94430541992188,0.8304092288017273,-1,-1,-1
93,16,663.842041015625,366.2655334472656,87.2626953125,140.34701538085938,0.8990596532821655,-1,-1,-1
93,8,509.5280456542969,421.75982666015625,77.16543579101562,162.919677734375,0.9175440669059753,-1,-1,-1
93,25,352.9396667480469,352.4139404296875,72.37435913085938,147.20233154296875,0.8700835108757019,-1,-1,-1
93,27,1007.6535034179688,483.5873107910156,65.91241455078125,188.63485717773438,0.8922721147537231,-1,-1,-1
93,21,776.8018798828125,228.3905487060547,50.916015625,104.53187561035156,0.8400904536247253,-1,-1,-1
93,29,1028.4429931640625,681.8384399414062,42.3724365234375,38.16156005859375,0.43934181332588196,-1,-1,-1
93,11,289.71575927734375,330.7922058105469,65.90780639648438,118.74432373046875,0.6322625875473022,-1,-1,-1
93,34,1098.771240234375,257.853271484375,58.5673828125,53.8094482421875,0.6842828392982483,-1,-1,-1
93,39,749.8676147460938,354.7373046875,109.2667236328125,55.538909912109375,0.5954389572143555,-1,-1,-1
93,41,100.59320068359375,335.4908142089844,54.07237243652344,136.66000366210938,0.6738415360450745,-1,-1,-1
94,3,229.94403076171875,548.5046997070312,74.45675659179688,171.49530029296875,0.9063510298728943,-1,-1,-1
94,5,121.4540786743164,449.4090881347656,68.03626251220703,186.07693481445312,0.8615270853042603,-1,-1,-1
94,12,582.091552734375,304.70703125,80.355224609375,116.22747802734375,0.8509321808815002,-1,-1,-1
94,16,674.546875,370.1742858886719,85.73822021484375,142.13589477539062,0.9090357422828674,-1,-1,-1
94,8,516.5204467773438,427.5699462890625,77.26617431640625,158.64947509765625,0.9177907109260559,-1,-1,-1
94,25,364.76763916015625,358.34991455078125,80.02578735351562,146.816650390625,0.8823044300079346,-1,-1,-1
94,27,1021.5117797851562,489.9066162109375,74.05072021484375,189.46649169921875,0.8751804232597351,-1,-1,-1
94,21,789.0263671875,233.724365234375,51.33648681640625,106.19189453125,0.7180291414260864,-1,-1,-1
94,11,302.91162109375,336.9542541503906,64.01397705078125,119.09817504882812,0.8307706117630005,-1,-1,-1
94,34,1113.7193603515625,262.2489013671875,57.5548095703125,55.395172119140625,0.6225663423538208,-1,-1,-1
94,39,767.586181640625,354.3135070800781,109.53631591796875,60.885955810546875,0.5138348937034607,-1,-1,-1
94,41,113.08887481689453,340.2810974121094,53.11444854736328,136.03076171875,0.7034704685211182,-1,-1,-1
94,1,152.30348205566406,366.511962890625,49.53472900390625,120.22833251953125,0.4737671911716461,-1,-1,-1
95,3,239.57276916503906,555.1337280273438,77.79454040527344,164.86627197265625,0.88878333568573,-1,-1,-1
95,5,135.69239807128906,454.8787841796875,66.45108032226562,184.9576416015625,0.8824408650398254,-1,-1,-1
95,12,596.101318359375,308.0616760253906,79.89691162109375,118.9600830078125,0.7756658792495728,-1,-1,-1
95,16,686.0949096679688,374.68255615234375,82.91748046875,145.07000732421875,0.8831948637962341,-1,-1,-1
95,8,520.1193237304688,435.08941650390625,84.181884765625,157.38140869140625,0.9087676405906677,-1,-1,-1
95,25,375.3227233886719,366.56463623046875,85.0164794921875,145.593994140625,0.8634529113769531,-1,-1,-1
95,27,1036.443359375,497.65911865234375,82.56103515625,190.63946533203125,0.9137159585952759,-1,-1,-1
95,11,315.3681640625,345.34912109375,63.937255859375,116.908935546875,0.8066176176071167,-1,-1,-1
95,34,1131.087646484375,267.2358093261719,55.6180419921875,57.9346923828125,0.5408955216407776,-1,-1,-1
95,41,128.05902099609375,345.9810485839844,51.57275390625,136.35067749023438,0.6707368493080139,-1,-1,-1
95,1,166.39700317382812,369.56597900390625,63.25877380371094,153.572021484375,0.4892132878303528,-1,-1,-1
96,3,251.55197143554688,561.6304931640625,78.31686401367188,158.3695068359375,0.8885453343391418,-1,-1,-1
96,5,153.66307067871094,460.6067810058594,64.19017028808594,184.05233764648438,0.863808274269104,-1,-1,-1
96,12,611.722900390625,312.3357849121094,78.35382080078125,122.1737060546875,0.9027050733566284,-1,-1,-1
96,16,698.077392578125,378.831298828125,79.99102783203125,148.2537841796875,0.8552852869033813,-1,-1,-1
96,8,522.3092651367188,443.4118347167969,95.58282470703125,157.09078979492188,0.9174386858940125,-1,-1,-1
96,25,385.6545104980469,375.6997985839844,89.88211059570312,144.29684448242188,0.8778021931648254,-1,-1,-1
96,27,1051.1307373046875,506.05499267578125,90.3582763671875,190.2945556640625,0.9080416560173035,-1,-1,-1
96,11,325.5634460449219,352.6046447753906,66.21231079101562,118.07504272460938,0.8081676363945007,-1,-1,-1
96,34,1149.5487060546875,273.2890930175781,54.1737060546875,59.60552978515625,0.47635015845298767,-1,-1,-1
96,41,143.1900634765625,351.953125,53.391510009765625,137.85501098632812,0.621105968952179,-1,-1,-1
96,39,805.3367309570312,382.56646728515625,127.71270751953125,48.32122802734375,0.4474056363105774,-1,-1,-1
97,3,263.169677734375,568.44091796875,77.87442016601562,151.55908203125,0.8939297199249268,-1,-1,-1
97,5,170.4107666015625,464.3075256347656,63.191650390625,183.23666381835938,0.8883557915687561,-1,-1,-1
97,12,632.8070068359375,315.6060791015625,71.51300048828125,124.24713134765625,0.857900857925415,-1,-1,-1
97,16,709.1763916015625,383.6810302734375,76.54638671875,150.2674560546875,0.8932779431343079,-1,-1,-1
97,8,524.0101318359375,450.7062683105469,108.5362548828125,156.75021362304688,0.9072346091270447,-1,-1,-1
97,25,396.06695556640625,384.2255859375,93.84222412109375,141.364501953125,0.8929678797721863,-1,-1,-1
97,27,1066.7796630859375,514.3026733398438,95.2254638671875,190.79644775390625,0.9203010201454163,-1,-1,-1
97,11,332.4739990234375,359.62786865234375,73.73370361328125,119.25567626953125,0.8071768283843994,-1,-1,-1
97,34,1168.056884765625,278.2021179199219,52.254638671875,61.90765380859375,0.6865054368972778,-1,-1,-1
97,41,159.74949645996094,357.68060302734375,52.842498779296875,137.96823120117188,0.6889678239822388,-1,-1,-1
97,39,825.6693725585938,390.7999267578125,132.24298095703125,46.507476806640625,0.42802950739860535,-1,-1,-1
97,21,832.1372680664062,252.31201171875,51.55242919921875,102.85110473632812,0.44711992144584656,-1,-1,-1
97,1,197.45458984375,379.1109313964844,64.16183471679688,146.20223999023438,0.5614275336265564,-1,-1,-1
98,3,272.749267578125,574.8114013671875,77.78042602539062,145.1885986328125,0.8711090683937073,-1,-1,-1
98,5,186.25563049316406,467.71044921875,63.633697509765625,175.984375,0.8458170294761658,-1,-1,-1
98,12,652.8594360351562,319.5686950683594,66.2930908203125,128.42312622070312,0.8178561329841614,-1,-1,-1
98,16,720.3190307617188,387.8621520996094,71.2978515625,151.89224243164062,0.881459653377533,-1,-1,-1
98,8,528.2125244140625,457.29937744140625,117.9068603515625,155.58587646484375,0.8813110589981079,-1,-1,-1
98,25,405.0837707519531,390.1164855957031,98.87872314453125,142.16458129882812,0.8581933975219727,-1,-1,-1
98,27,1081.865234375,522.2669067382812,99.3812255859375,190.70562744140625,0.9110204577445984,-1,-1,-1
98,11,336.2267761230469,365.2718811035156,86.5589599609375,123.21005249023438,0.7639294266700745,-1,-1,-1
98,34,1185.1485595703125,281.6170959472656,51.7156982421875,65.32803344726562,0.6444887518882751,-1,-1,-1
98,41,174.33970642089844,362.4463195800781,82.53526306152344,141.35311889648438,0.4700898230075836,-1,-1,-1
98,21,846.260009765625,258.14337158203125,52.45025634765625,102.57537841796875,0.45233750343322754,-1,-1,-1
98,1,215.6532440185547,383.1663818359375,63.60691833496094,134.09515380859375,0.44499844312667847,-1,-1,-1
99,3,284.68621826171875,580.4569091796875,73.12527465820312,139.5430908203125,0.8340803384780884,-1,-1,-1
99,5,200.2356719970703,469.4598693847656,65.19703674316406,171.07870483398438,0.7930783033370972,-1,-1,-1
99,12,676.3294067382812,322.2452697753906,57.14117431640625,132.20602416992188,0.8227888345718384,-1,-1,-1
99,16,731.4473876953125,392.03924560546875,64.9482421875,153.1689453125,0.8436726927757263,-1,-1,-1
99,8,536.5623168945312,461.3775634765625,123.73223876953125,155.3045654296875,0.8728287816047668,-1,-1,-1
99,25,415.5108337402344,394.2472229003906,101.95687866210938,143.22940063476562,0.8448694944381714,-1,-1,-1
99,27,1099.9442138671875,529.7490234375,98.461669921875,189.15032958984375,0.8941447734832764,-1,-1,-1
99,11,342.3726806640625,370.31549072265625,92.40069580078125,123.75372314453125,0.8260483741760254,-1,-1,-1
99,34,1203.29296875,285.8521423339844,50.7982177734375,65.80215454101562,0.5908605456352234,-1,-1,-1
99,41,188.43458557128906,366.76422119140625,70.36393737792969,139.03768920898438,0.5574133396148682,-1,-1,-1
99,1,230.038330078125,387.14996337890625,65.6395263671875,146.37152099609375,0.40657174587249756,-1,-1,-1
100,3,297.073974609375,585.5264282226562,67.93316650390625,134.29962158203125,0.8136410713195801,-1,-1,-1
100,5,212.36776733398438,470.8394470214844,74.01199340820312,169.59414672851562,0.7880890369415283,-1,-1,-1
100,12,696.8240356445312,324.34564208984375,51.96466064453125,135.89730834960938,0.5801148414611816,-1,-1,-1
100,16,743.28759765625,395.7973327636719,57.71136474609375,154.66494750976562,0.6528058648109436,-1,-1,-1
100,8,546.6231079101562,463.3008728027344,128.4801025390625,157.44503784179688,0.8964051008224487,-1,-1,-1
100,25,429.1493835449219,396.74322509765625,103.65731811523438,142.76708984375,0.8985454440116882,-1,-1,-1
100,27,1122.989013671875,536.7991333007812,92.316162109375,183.20086669921875,0.9015581011772156,-1,-1,-1
100,11,351.694580078125,374.3253173828125,94.65127563476562,125.6549072265625,0.8378507494926453,-1,-1,-1
100,34,1222.3125,290.42724609375,51.177490234375,67.07080078125,0.47724029421806335,-1,-1,-1
101,3,312.92474365234375,588.7222290039062,63.023773193359375,130.07177734375,0.8266457319259644,-1,-1,-1
101,5,232.079833984375,469.8498840332031,69.68026733398438,171.02651977539062,0.7695057988166809,-1,-1,-1
101,12,715.89404296875,327.0624084472656,45.09478759765625,126.64376831054688,0.7168824076652527,-1,-1,-1
101,16,737.7369384765625,399.44293212890625,69.2548828125,154.3125,0.8265417814254761,-1,-1,-1
101,8,561.1431274414062,465.0419921875,123.37420654296875,157.35064697265625,0.8792612552642822,-1,-1,-1
101,25,445.2249450683594,398.5600280761719,102.92312622070312,144.72653198242188,0.8670476675033569,-1,-1,-1
101,27,1143.5477294921875,541.5905151367188,87.5308837890625,178.40948486328125,0.9142618179321289,-1,-1,-1
101,11,365.50262451171875,377.0528259277344,96.37283325195312,126.24288940429688,0.7982781529426575,-1,-1,-1
101,34,1242.824462890625,294.3293151855469,37.175537109375,69.33013916015625,0.5948175191879272,-1,-1,-1
101,39,917.401611328125,412.3834228515625,111.265869140625,48.54766845703125,0.44679421186447144,-1,-1,-1
102,3,327.68157958984375,588.2339477539062,62.37200927734375,129.34820556640625,0.8186946511268616,-1,-1,-1
102,5,254.26904296875,470.7413024902344,67.13824462890625,166.68618774414062,0.7074472308158875,-1,-1,-1
102,12,731.573486328125,330.8085021972656,42.54718017578125,118.4713134765625,0.6972317099571228,-1,-1,-1
102,16,750.8316040039062,402.07879638671875,67.55120849609375,152.8304443359375,0.8347929120063782,-1,-1,-1
102,8,576.9031372070312,465.2662048339844,108.901123046875,155.23641967773438,0.7752526998519897,-1,-1,-1
102,25,460.9132995605469,400.28759765625,94.90811157226562,143.1866455078125,0.8313842415809631,-1,-1,-1
102,27,1161.3031005859375,544.0537719726562,83.197021484375,175.94622802734375,0.8800963759422302,-1,-1,-1
102,11,380.1551208496094,379.06695556640625,94.766845703125,127.07351684570312,0.7683426141738892,-1,-1,-1
102,39,939.4843139648438,415.597900390625,103.06610107421875,48.134063720703125,0.6023864150047302,-1,-1,-1
102,21,907.5175170898438,277.2594299316406,55.69415283203125,104.88290405273438,0.7557973265647888,-1,-1,-1
102,1,284.1169738769531,393.0064697265625,63.66436767578125,133.62554931640625,0.43703731894493103,-1,-1,-1
103,3,341.2970275878906,586.560546875,62.777679443359375,130.45977783203125,0.8533734679222107,-1,-1,-1
103,5,274.3209533691406,470.1513977050781,65.31988525390625,165.73947143554688,0.8101106882095337,-1,-1,-1
103,12,747.1864013671875,331.3936462402344,40.962158203125,115.42254638671875,0.5931965112686157,-1,-1,-1
103,16,762.5103759765625,403.6105651855469,68.9521484375,152.05599975585938,0.8134376406669617,-1,-1,-1
103,8,588.5523071289062,463.9037170410156,95.285400390625,152.58065795898438,0.8840357065200806,-1,-1,-1
103,27,1177.10986328125,545.3048706054688,80.2894287109375,174.69512939453125,0.9001899361610413,-1,-1,-1
103,11,396.80364990234375,381.3976745605469,83.8348388671875,124.02291870117188,0.830935001373291,-1,-1,-1
103,39,950.1729736328125,416.4108581542969,103.6895751953125,49.5706787109375,0.4615084230899811,-1,-1,-1
103,21,921.4031372070312,281.1609802246094,55.97894287109375,102.22195434570312,0.8234038352966309,-1,-1,-1
104,3,355.96075439453125,583.5331420898438,61.87982177734375,133.0567626953125,0.8557475209236145,-1,-1,-1
104,5,293.18182373046875,470.0528259277344,60.877044677734375,162.40200805664062,0.7533570528030396,-1,-1,-1
104,12,760.913330078125,332.5476989746094,41.6182861328125,111.7391357421875,0.5902823209762573,-1,-1,-1
104,16,780.17529296875,404.37384033203125,64.62127685546875,150.69586181640625,0.9070532321929932,-1,-1,-1
104,8,586.530029296875,459.79827880859375,93.58001708984375,161.8297119140625,0.8516543507575989,-1,-1,-1
104,27,1191.5858154296875,544.8013305664062,78.81640625,174.428466796875,0.8984782695770264,-1,-1,-1
104,11,413.1178283691406,383.64349365234375,73.15719604492188,121.78118896484375,0.7927514910697937,-1,-1,-1
104,39,961.8583374023438,415.3606872558594,103.37152099609375,50.7347412109375,0.4654885232448578,-1,-1,-1
104,21,933.9852905273438,282.84344482421875,56.3223876953125,102.41433715820312,0.8395894169807434,-1,-1,-1
104,25,481.114990234375,402.97821044921875,77.47735595703125,140.359130859375,0.8432848453521729,-1,-1,-1
104,1,322.6708068847656,380.8219909667969,56.829071044921875,134.57846069335938,0.47032469511032104,-1,-1,-1
105,3,369.5265808105469,579.0214233398438,61.42083740234375,137.65185546875,0.8551884889602661,-1,-1,-1
105,5,310.8623352050781,468.148681640625,57.6060791015625,163.2591552734375,0.8043152093887329,-1,-1,-1
105,12,772.7299194335938,334.4311828613281,43.34613037109375,102.3819580078125,0.5928211212158203,-1,-1,-1
105,16,787.3001708984375,405.2732849121094,70.92901611328125,149.63937377929688,0.8900644183158875,-1,-1,-1
105,8,596.7012939453125,455.3414306640625,79.38714599609375,158.9443359375,0.8522956967353821,-1,-1,-1
105,27,1207.427490234375,545.0191040039062,72.572509765625,173.9398193359375,0.8597897291183472,-1,-1,-1
105,11,429.2644348144531,385.3381042480469,63.23602294921875,119.58975219726562,0.8207430839538574,-1,-1,-1
105,21,946.4971313476562,285.2225036621094,56.10113525390625,100.41806030273438,0.8308984041213989,-1,-1,-1
105,43,3.732046365737915,406.30517578125,55.79007124900818,112.6968994140625,0.6906754970550537,-1,-1,-1
105,25,487.3477478027344,403.3846130371094,67.19076538085938,138.18380737304688,0.7932697534561157,-1,-1,-1
105,1,340.3504638671875,389.3079528808594,60.40704345703125,133.94723510742188,0.5166729092597961,-1,-1,-1
106,3,383.76763916015625,576.1749267578125,59.500335693359375,140.41351318359375,0.8561803102493286,-1,-1,-1
106,5,327.2611999511719,466.9873352050781,57.211090087890625,162.34591674804688,0.7818042635917664,-1,-1,-1
106,12,782.7290649414062,336.10076904296875,47.26422119140625,108.6373291015625,0.48611998558044434,-1,-1,-1
106,16,791.2781372070312,406.45574951171875,78.75433349609375,148.0694580078125,0.8863521814346313,-1,-1,-1
106,8,606.9403076171875,449.86383056640625,67.09246826171875,160.2916259765625,0.8977470993995667,-1,-1,-1
106,27,1225.8497314453125,545.3200073242188,54.1502685546875,173.29150390625,0.8414195775985718,-1,-1,-1
106,11,444.2894287109375,387.0186462402344,55.811004638671875,116.75418090820312,0.8395835161209106,-1,-1,-1
106,21,957.68115234375,287.4079284667969,55.6112060546875,98.91943359375,0.8170812726020813,-1,-1,-1
106,43,18.6735782623291,404.0528564453125,62.60077476501465,112.35198974609375,0.6213003396987915,-1,-1,-1
106,25,499.59002685546875,401.78717041015625,60.8135986328125,138.16986083984375,0.8508227467536926,-1,-1,-1
106,39,986.018798828125,409.3220520019531,101.356689453125,58.523773193359375,0.6363348960876465,-1,-1,-1
107,3,395.89825439453125,574.6282348632812,58.270965576171875,142.0186767578125,0.8016127347946167,-1,-1,-1
107,5,341.63983154296875,465.517578125,56.1800537109375,156.21282958984375,0.7693006992340088,-1,-1,-1
107,12,791.1650390625,337.7462158203125,49.498779296875,96.78057861328125,0.604134202003479,-1,-1,-1
107,16,795.4678955078125,407.13995361328125,84.6214599609375,146.63946533203125,0.9112226366996765,-1,-1,-1
107,8,612.2304077148438,443.7621154785156,66.2459716796875,163.91488647460938,0.8997582197189331,-1,-1,-1
107,27,1243.021728515625,543.8821411132812,36.978271484375,174.46942138671875,0.8280511498451233,-1,-1,-1
107,11,459.1370544433594,389.0393981933594,49.4039306640625,114.31454467773438,0.7985050082206726,-1,-1,-1
107,21,968.1998901367188,288.83013916015625,54.9210205078125,98.0430908203125,0.8717855215072632,-1,-1,-1
107,43,43.34419631958008,402.48345947265625,71.24541091918945,110.8458251953125,0.5202151536941528,-1,-1,-1
107,25,511.804443359375,399.8294982910156,58.5045166015625,137.65969848632812,0.6108359098434448,-1,-1,-1
107,39,998.5594482421875,412.46636962890625,97.2645263671875,54.450225830078125,0.47767743468284607,-1,-1,-1
107,1,372.5096435546875,385.21490478515625,59.956634521484375,135.9642333984375,0.5386222004890442,-1,-1,-1
108,3,407.25079345703125,572.6918334960938,57.31396484375,144.10321044921875,0.7847964763641357,-1,-1,-1
108,5,354.5946960449219,464.25567626953125,78.64724731445312,155.944580078125,0.7578371167182922,-1,-1,-1
108,12,800.84814453125,340.4400329589844,51.1729736328125,91.36529541015625,0.5881688594818115,-1,-1,-1
108,16,801.6748657226562,410.36212158203125,88.27105712890625,142.35626220703125,0.8855009078979492,-1,-1,-1
108,8,619.113525390625,438.7297668457031,63.56219482421875,163.18594360351562,0.9018541574478149,-1,-1,-1
108,27,1256.6005859375,564.85205078125,23.3994140625,153.41748046875,0.5684666037559509,-1,-1,-1
108,11,471.8131103515625,390.4227600097656,47.29052734375,112.15676879882812,0.7354654669761658,-1,-1,-1
108,21,978.6780395507812,289.7868347167969,54.23687744140625,98.06460571289062,0.8203800320625305,-1,-1,-1
108,43,62.71653366088867,400.6209716796875,68.16899490356445,110.5030517578125,0.6953562498092651,-1,-1,-1
108,25,511.51116943359375,396.9593200683594,65.92724609375,140.32400512695312,0.8425552248954773,-1,-1,-1
108,46,3.4098904132843018,486.37451171875,66.00079226493835,155.29876708984375,0.7795113325119019,-1,-1,-1
108,1,387.9911804199219,385.3082580566406,60.3408203125,137.78005981445312,0.5188003778457642,-1,-1,-1
109,3,417.6182861328125,571.2919311523438,56.06134033203125,145.7840576171875,0.7922537922859192,-1,-1,-1
109,5,367.1589660644531,464.0093078613281,76.65255737304688,149.91592407226562,0.6408447623252869,-1,-1,-1
109,16,808.6671752929688,407.87408447265625,87.333740234375,143.57257080078125,0.8782317638397217,-1,-1,-1
109,8,625.271240234375,435.1985168457031,62.09466552734375,160.05838012695312,0.8981794714927673,-1,-1,-1
109,11,482.5604248046875,391.3816833496094,43.9390869140625,112.20376586914062,0.7156299352645874,-1,-1,-1
109,21,987.8968505859375,290.79132080078125,53.1807861328125,96.57162475585938,0.857684850692749,-1,-1,-1
109,43,85.6728515625,398.6181640625,69.26512145996094,110.4915771484375,0.6982101202011108,-1,-1,-1
109,25,512.185546875,394.6808166503906,69.15478515625,140.94467163085938,0.7454249858856201,-1,-1,-1
109,46,4.661706924438477,483.6221618652344,61.83193016052246,157.50381469726562,0.8201529383659363,-1,-1,-1
109,1,403.29522705078125,385.6263732910156,58.843994140625,136.09555053710938,0.7664248943328857,-1,-1,-1
110,3,426.8330993652344,569.3140869140625,54.972381591796875,147.8206787109375,0.8027544021606445,-1,-1,-1
110,5,378.98419189453125,462.554443359375,64.4696044921875,149.8505859375,0.7939959168434143,-1,-1,-1
110,16,816.44482421875,411.049560546875,82.23876953125,139.05133056640625,0.8522711396217346,-1,-1,-1
110,8,628.955810546875,434.18878173828125,61.8294677734375,154.49114990234375,0.9169021844863892,-1,-1,-1
110,11,492.94140625,391.12646484375,41.0909423828125,111.77911376953125,0.552035927772522,-1,-1,-1
110,21,996.21630859375,292.204833984375,52.9593505859375,96.62640380859375,0.7543541193008423,-1,-1,-1
110,43,105.79329681396484,397.25262451171875,66.55619049072266,110.458740234375,0.8196011781692505,-1,-1,-1
110,25,513.038818359375,392.9877014160156,68.74810791015625,136.47763061523438,0.6408970355987549,-1,-1,-1
110,46,2.839939594268799,482.59228515625,59.023295879364014,156.0391845703125,0.5402595400810242,-1,-1,-1
110,1,417.25201416015625,386.04510498046875,57.419189453125,135.23724365234375,0.775786817073822,-1,-1,-1
110,39,1050.1033935546875,408.1629638671875,62.10546875,60.888916015625,0.6228907108306885,-1,-1,-1
111,3,434.9419860839844,566.995361328125,54.736572265625,150.34228515625,0.8664972186088562,-1,-1,-1
111,5,389.1957702636719,461.6984558105469,58.74530029296875,147.52627563476562,0.8385838866233826,-1,-1,-1
111,16,824.1162109375,413.85955810546875,75.1436767578125,135.36553955078125,0.8159913420677185,-1,-1,-1
111,8,629.7369384765625,435.1593017578125,63.3809814453125,149.27716064453125,0.9209728837013245,-1,-1,-1
111,11,498.9079284667969,390.4645690917969,43.040924072265625,113.00534057617188,0.6870396137237549,-1,-1,-1
111,21,1004.0037841796875,294.3294372558594,52.2659912109375,95.0029296875,0.8667967319488525,-1,-1,-1
111,43,124.66493225097656,396.469970703125,65.0562744140625,109.83346557617188,0.8026080131530762,-1,-1,-1
111,25,516.1505126953125,392.8946838378906,64.35467529296875,130.76895141601562,0.6596384048461914,-1,-1,-1
111,46,1.4381954669952393,450.16790771484375,69.9088351726532,185.7501220703125,0.8094244003295898,-1,-1,-1
111,1,429.9622497558594,386.6160583496094,55.73846435546875,131.61160278320312,0.7303882241249084,-1,-1,-1
111,12,829.14794921875,344.9783020019531,49.3721923828125,95.53756713867188,0.5685087442398071,-1,-1,-1
112,3,442.9362487792969,565.0706787109375,54.607757568359375,152.58502197265625,0.8639509081840515,-1,-1,-1
112,5,398.7734069824219,461.5623779296875,54.73828125,144.62750244140625,0.8247637152671814,-1,-1,-1
112,16,832.5448608398438,415.7643127441406,66.6163330078125,134.14242553710938,0.857521653175354,-1,-1,-1
112,8,631.932373046875,436.91571044921875,60.47955322265625,146.21783447265625,0.9062643051147461,-1,-1,-1
112,21,1011.587158203125,296.2487487792969,52.3975830078125,94.0928955078125,0.8438716530799866,-1,-1,-1
112,43,144.45132446289062,396.6084899902344,62.3118896484375,108.21298217773438,0.8699373006820679,-1,-1,-1
112,25,517.5425415039062,392.4162902832031,61.6739501953125,125.99429321289062,0.5190592408180237,-1,-1,-1
112,46,5.369248390197754,465.6630554199219,78.24882411956787,167.92770385742188,0.8550528287887573,-1,-1,-1
112,1,441.77392578125,385.4602966308594,52.39556884765625,130.90554809570312,0.7806193232536316,-1,-1,-1
112,12,836.6515502929688,346.9006652832031,56.1544189453125,109.92608642578125,0.45514118671417236,-1,-1,-1
112,39,1054.6607666015625,405.0182189941406,73.1077880859375,66.15438842773438,0.6989496946334839,-1,-1,-1
113,3,449.47979736328125,564.1260986328125,56.61907958984375,154.7698974609375,0.8838596940040588,-1,-1,-1
113,5,407.2921447753906,459.3900451660156,53.688262939453125,145.09579467773438,0.8333194851875305,-1,-1,-1
113,16,842.1737060546875,419.5181884765625,61.47064208984375,132.36297607421875,0.40643200278282166,-1,-1,-1
113,8,629.21923828125,439.2266540527344,60.81494140625,141.89968872070312,0.9176516532897949,-1,-1,-1
113,21,1020.946044921875,298.00189208984375,52.52099609375,93.60980224609375,0.8547115325927734,-1,-1,-1
113,43,163.9036865234375,397.3777160644531,56.56385803222656,105.1953125,0.7849664092063904,-1,-1,-1
113,46,3.8730480670928955,473.8138427734375,88.92357516288757,158.152587890625,0.9099658131599426,-1,-1,-1
113,1,453.0309753417969,379.78424072265625,49.637969970703125,138.1630859375,0.7366529703140259,-1,-1,-1
113,12,844.2847900390625,350.21844482421875,59.958251953125,114.4014892578125,0.47569817304611206,-1,-1,-1
113,39,1062.5078125,403.86077880859375,73.221435546875,67.07757568359375,0.6419682502746582,-1,-1,-1
113,11,518.7802734375,388.2807922363281,41.50445556640625,120.79251098632812,0.48411738872528076,-1,-1,-1
114,3,456.7626953125,562.78515625,58.05206298828125,156.697265625,0.8740958571434021,-1,-1,-1
114,5,416.600830078125,458.7266845703125,54.03717041015625,145.0159912109375,0.8430504202842712,-1,-1,-1
114,16,849.2386474609375,418.80133056640625,61.9112548828125,136.9437255859375,0.6841148138046265,-1,-1,-1
114,8,622.153076171875,440.9183349609375,68.5650634765625,140.12994384765625,0.9308616518974304,-1,-1,-1
114,21,1031.3316650390625,299.4391174316406,52.3394775390625,91.7906494140625,0.7934518456459045,-1,-1,-1
114,43,184.7913818359375,399.06024169921875,50.81770324707031,100.9818115234375,0.8318498134613037,-1,-1,-1
114,46,5.121833324432373,477.5381774902344,91.79010820388794,157.18984985351562,0.8944612145423889,-1,-1,-1
114,1,463.05078125,357.8323974609375,45.295501708984375,156.44512939453125,0.6962760090827942,-1,-1,-1
114,12,850.9252319335938,354.74542236328125,65.37335205078125,113.69882202148438,0.7251988053321838,-1,-1,-1
114,25,532.3028564453125,389.9478759765625,57.5030517578125,127.1595458984375,0.7239959239959717,-1,-1,-1
115,3,464.4674072265625,561.9955444335938,57.0240478515625,157.218505859375,0.8671594858169556,-1,-1,-1
115,5,425.1106872558594,458.2911376953125,54.959625244140625,145.61224365234375,0.8800642490386963,-1,-1,-1
115,16,853.1490478515625,419.3966369628906,59.44970703125,139.07839965820312,0.8281038403511047,-1,-1,-1
115,8,616.0985717773438,441.6448059082031,77.14007568359375,137.40701293945312,0.9106496572494507,-1,-1,-1
115,21,1042.4310302734375,301.4658203125,51.9642333984375,90.3253173828125,0.8215175867080688,-1,-1,-1
115,43,202.56988525390625,400.27227783203125,49.26689147949219,98.51510620117188,0.7422325015068054,-1,-1,-1
115,46,9.499916076660156,479.1202087402344,82.80852508544922,156.32369995117188,0.8268696069717407,-1,-1,-1
115,1,471.56982421875,334.1296691894531,49.98284912109375,175.87078857421875,0.6486930847167969,-1,-1,-1
115,12,857.328369140625,359.8184509277344,69.85552978515625,111.85903930664062,0.8051225543022156,-1,-1,-1
115,25,542.3753051757812,387.78192138671875,54.682373046875,128.8594970703125,0.40384361147880554,-1,-1,-1
115,39,1090.0411376953125,404.1952819824219,81.6473388671875,68.04119873046875,0.6783618927001953,-1,-1,-1
115,11,541.0748901367188,380.7533874511719,44.4197998046875,135.43746948242188,0.5228990912437439,-1,-1,-1
116,3,473.9164123535156,561.2554321289062,55.278228759765625,158.35595703125,0.8645680546760559,-1,-1,-1
116,5,430.0680847167969,457.64569091796875,57.502471923828125,144.9434814453125,0.8595581650733948,-1,-1,-1
116,16,853.6781616210938,420.9071960449219,66.31011962890625,139.95443725585938,0.516768753528595,-1,-1,-1
116,8,615.9284057617188,442.1712951660156,80.59124755859375,136.30502319335938,0.9129088521003723,-1,-1,-1
116,21,1053.790771484375,302.75225830078125,51.8194580078125,90.37387084960938,0.8272130489349365,-1,-1,-1
116,43,219.30322265625,401.3420715332031,47.7230224609375,101.096435546875,0.7486048340797424,-1,-1,-1
116,46,17.306669235229492,481.72418212890625,74.33212471008301,154.14886474609375,0.8248053789138794,-1,-1,-1
116,1,481.91357421875,342.4462890625,52.0933837890625,162.77239990234375,0.5265160202980042,-1,-1,-1
116,12,859.1383056640625,363.90325927734375,79.15924072265625,107.1851806640625,0.725184440612793,-1,-1,-1
116,25,552.6582641601562,385.24127197265625,50.76824951171875,131.83306884765625,0.6094318628311157,-1,-1,-1
116,39,1101.7498779296875,405.2939453125,86.133544921875,66.71719360351562,0.7090273499488831,-1,-1,-1
117,3,482.7880859375,559.9268798828125,55.32086181640625,159.3201904296875,0.8463340997695923,-1,-1,-1
117,5,431.3687438964844,456.9421691894531,64.35366821289062,143.86105346679688,0.8733416199684143,-1,-1,-1
117,16,864.8863525390625,428.5798034667969,75.11529541015625,135.57333374023438,0.6030346751213074,-1,-1,-1
117,8,621.100830078125,442.33843994140625,81.30914306640625,135.41748046875,0.9091470241546631,-1,-1,-1
117,21,1066.308837890625,304.902099609375,51.6903076171875,87.89181518554688,0.8059199452400208,-1,-1,-1
117,43,235.3921661376953,401.83013916015625,49.67460632324219,98.27743530273438,0.7157224416732788,-1,-1,-1
117,46,22.64275360107422,482.92913818359375,72.85868072509766,152.68280029296875,0.7269384264945984,-1,-1,-1
117,1,490.322265625,316.2316589355469,56.91864013671875,186.24771118164062,0.4912637770175934,-1,-1,-1
117,12,857.739990234375,366.3705749511719,91.92633056640625,104.96591186523438,0.7883836030960083,-1,-1,-1
117,25,563.393798828125,369.1519775390625,46.29827880859375,148.15411376953125,0.7334116101264954,-1,-1,-1
117,39,1120.055908203125,406.46697998046875,83.58740234375,67.38943481445312,0.7495795488357544,-1,-1,-1
117,47,2.207127332687378,579.5770263671875,36.39409947395325,138.81878662109375,0.7887210845947266,-1,-1,-1
117,48,54.83821487426758,428.50927734375,66.00478744506836,127.53741455078125,0.5689713954925537,-1,-1,-1
118,3,492.10107421875,559.1318359375,56.33428955078125,159.51824951171875,0.8754401206970215,-1,-1,-1
118,5,436.812744140625,456.7886047363281,67.20028686523438,143.22341918945312,0.8877065181732178,-1,-1,-1
118,16,873.7367553710938,430.06005859375,65.1810302734375,136.172607421875,0.7402623891830444,-1,-1,-1
118,8,630.1715698242188,442.91815185546875,78.061279296875,134.71209716796875,0.9014060497283936,-1,-1,-1
118,21,1077.6024169921875,305.6814270019531,53.316650390625,89.21029663085938,0.7825906276702881,-1,-1,-1
118,43,250.719482421875,402.28680419921875,55.217987060546875,100.78204345703125,0.7215455770492554,-1,-1,-1
118,46,26.711315155029297,483.3447265625,76.96798324584961,147.956298828125,0.7725433111190796,-1,-1,-1
118,12,861.2412719726562,367.1469421386719,98.2816162109375,105.31561279296875,0.8046848773956299,-1,-1,-1
118,25,574.3529663085938,357.1293640136719,42.7373046875,160.97671508789062,0.7120195031166077,-1,-1,-1
118,39,1127.523681640625,407.06256103515625,91.762939453125,69.19921875,0.5271300077438354,-1,-1,-1
118,47,4.363584995269775,577.531005859375,46.4906439781189,140.7623291015625,0.8598487377166748,-1,-1,-1
118,48,61.972042083740234,430.17230224609375,51.64165115356445,128.43304443359375,0.6074865460395813,-1,-1,-1
119,3,500.1097106933594,558.9007568359375,57.863128662109375,159.5328369140625,0.8763139247894287,-1,-1,-1
119,5,445.05865478515625,457.0510559082031,67.1822509765625,142.48141479492188,0.9014647603034973,-1,-1,-1
119,16,883.4021606445312,430.5722351074219,62.75262451171875,136.45175170898438,0.4257526993751526,-1,-1,-1
119,8,640.7472534179688,442.6670837402344,73.51129150390625,134.00668334960938,0.9071524143218994,-1,-1,-1
119,21,1089.627197265625,306.1357727050781,54.9927978515625,89.57623291015625,0.7896274328231812,-1,-1,-1
119,43,264.63836669921875,402.4042663574219,57.88055419921875,102.54327392578125,0.7395135164260864,-1,-1,-1
119,46,30.672616958618164,483.2752990722656,83.46447563171387,146.87063598632812,0.7631458640098572,-1,-1,-1
119,12,866.106201171875,364.90777587890625,99.124267578125,107.12210083007812,0.8173980712890625,-1,-1,-1
119,25,581.7759399414062,328.4425048828125,44.718505859375,188.54522705078125,0.5084475874900818,-1,-1,-1
119,39,1140.942626953125,407.1650695800781,93.1783447265625,75.1297607421875,0.7085645794868469,-1,-1,-1
119,47,4.740688800811768,576.0499877929688,59.15489912033081,142.53277587890625,0.8760711550712585,-1,-1,-1
119,48,66.16382598876953,429.5567321777344,52.5443115234375,133.63162231445312,0.5084877610206604,-1,-1,-1
119,1,510.6067810058594,307.1037292480469,47.479034423828125,176.37387084960938,0.600041925907135,-1,-1,-1
120,3,509.3410339355469,558.5460205078125,57.664276123046875,160.05963134765625,0.8178607821464539,-1,-1,-1
120,5,454.1820983886719,456.9913330078125,66.73373413085938,142.87567138671875,0.882017195224762,-1,-1,-1
120,16,894.04443359375,432.4885559082031,63.785400390625,136.07632446289062,0.7270830869674683,-1,-1,-1
120,8,651.8636474609375,441.6221618652344,69.47454833984375,135.18923950195312,0.9164800643920898,-1,-1,-1
120,21,1101.114990234375,306.9608459472656,53.7421875,88.82330322265625,0.7801691293716431,-1,-1,-1
120,43,276.6798400878906,402.7103271484375,60.758941650390625,104.79165649414062,0.7788625359535217,-1,-1,-1
120,46,33.65624237060547,483.9871520996094,74.31169128417969,144.93545532226562,0.823017954826355,-1,-1,-1
120,12,868.4673461914062,363.6730041503906,97.6710205078125,107.96054077148438,0.7936936020851135,-1,-1,-1
120,25,589.61962890625,315.0,45.8453369140625,196.40985107421875,0.5236310362815857,-1,-1,-1
120,39,1154.4215087890625,407.86041259765625,93.1126708984375,78.26138305664062,0.6659641265869141,-1,-1,-1
120,47,11.920269966125488,575.88134765625,64.18751049041748,142.46502685546875,0.8530299067497253,-1,-1,-1
120,48,71.11737823486328,429.1453857421875,57.18981170654297,138.17059326171875,0.7568628191947937,-1,-1,-1
120,1,520.1083984375,293.6459655761719,47.6173095703125,190.6895751953125,0.467347115278244,-1,-1,-1
121,3,518.6124877929688,559.1439208984375,58.02911376953125,159.6614990234375,0.8210473656654358,-1,-1,-1
121,5,464.16741943359375,457.0347900390625,66.22088623046875,142.59173583984375,0.8956109285354614,-1,-1,-1
121,16,893.3605346679688,433.0884094238281,66.10406494140625,136.78829956054688,0.6636268496513367,-1,-1,-1
121,8,662.157958984375,439.55438232421875,66.9471435546875,137.78497314453125,0.9004149436950684,-1,-1,-1
121,21,1113.7293701171875,308.2510986328125,53.993408203125,88.03741455078125,0.7407280802726746,-1,-1,-1
121,43,288.6504821777344,402.7143859863281,60.505126953125,106.11700439453125,0.8086388111114502,-1,-1,-1
121,46,36.413578033447266,486.29168701171875,76.03745651245117,142.9669189453125,0.4860755503177643,-1,-1,-1
121,12,871.9090576171875,361.90081787109375,71.71435546875,107.65087890625,0.7664401531219482,-1,-1,-1
121,25,601.248291015625,307.4076843261719,43.0853271484375,199.00259399414062,0.6605251431465149,-1,-1,-1
121,39,1166.2542724609375,407.4528503417969,94.1258544921875,81.46664428710938,0.5891357064247131,-1,-1,-1
121,47,6.504924774169922,576.5888671875,81.28717422485352,141.89385986328125,0.5891342163085938,-1,-1,-1
121,48,76.2802734375,428.29937744140625,63.074066162109375,139.4088134765625,0.7579163908958435,-1,-1,-1
122,3,526.9634399414062,559.8462524414062,58.70654296875,158.771240234375,0.8319379091262817,-1,-1,-1
122,5,474.52178955078125,456.00384521484375,65.2501220703125,143.455810546875,0.8753916621208191,-1,-1,-1
122,16,899.293212890625,433.785400390625,65.88592529296875,136.66912841796875,0.830452561378479,-1,-1,-1
122,8,673.4813842773438,437.6059875488281,64.42205810546875,140.70980834960938,0.8705275654792786,-1,-1,-1
122,21,1125.2762451171875,309.594970703125,54.3828125,88.64642333984375,0.714759111404419,-1,-1,-1
122,43,302.3975830078125,402.5877990722656,58.74554443359375,106.45639038085938,0.8171620965003967,-1,-1,-1
122,46,13.545882225036621,488.75897216796875,95.86647891998291,157.9991455078125,0.8105570673942566,-1,-1,-1
122,12,874.5542602539062,360.0306396484375,57.79345703125,103.12826538085938,0.8256723880767822,-1,-1,-1
122,25,609.4489135742188,303.1424560546875,44.64141845703125,197.80496215820312,0.6401145458221436,-1,-1,-1
122,39,1176.4486083984375,407.5191345214844,95.1109619140625,83.81805419921875,0.7553577423095703,-1,-1,-1
122,47,26.903100967407227,573.735107421875,76.77876091003418,144.85784912109375,0.6399875283241272,-1,-1,-1
122,48,84.53133392333984,426.8470153808594,63.72321319580078,137.95999145507812,0.7870242595672607,-1,-1,-1
122,1,542.2066650390625,284.69427490234375,41.3228759765625,194.97412109375,0.40668946504592896,-1,-1,-1
123,3,535.5222778320312,559.8857421875,59.271728515625,158.8814697265625,0.8924453854560852,-1,-1,-1
123,5,484.9793395996094,454.7341003417969,65.11300659179688,145.82302856445312,0.9001731276512146,-1,-1,-1
123,16,909.0193481445312,434.3145751953125,64.1629638671875,137.3768310546875,0.8830961585044861,-1,-1,-1
123,8,683.87646484375,436.06646728515625,63.6002197265625,142.15179443359375,0.9135321974754333,-1,-1,-1
123,21,1137.3966064453125,310.9219970703125,53.6461181640625,88.56015014648438,0.7266316413879395,-1,-1,-1
123,43,315.9134826660156,401.8828125,57.110687255859375,107.21697998046875,0.8570713996887207,-1,-1,-1
123,46,9.848566055297852,490.52740478515625,92.19071006774902,162.7783203125,0.7992023229598999,-1,-1,-1
123,12,878.0299682617188,358.64715576171875,54.30621337890625,107.64788818359375,0.8459287285804749,-1,-1,-1
123,25,619.2222900390625,302.21331787109375,44.38629150390625,192.86004638671875,0.6456884741783142,-1,-1,-1
123,39,1185.0233154296875,406.7137451171875,94.9766845703125,85.75216674804688,0.7590104937553406,-1,-1,-1
123,47,44.78976821899414,573.8792114257812,69.14822006225586,145.1612548828125,0.7881062030792236,-1,-1,-1
123,48,92.6301040649414,425.9089660644531,62.781639099121094,139.20199584960938,0.8531911969184875,-1,-1,-1
123,1,551.1981811523438,312.5141906738281,40.72540283203125,177.13992309570312,0.41017472743988037,-1,-1,-1
124,3,544.3692626953125,560.43408203125,59.65325927734375,158.2291259765625,0.8787548542022705,-1,-1,-1
124,5,495.0201416015625,453.0897216796875,64.7423095703125,147.16009521484375,0.9156142473220825,-1,-1,-1
124,16,928.2332763671875,436.1337585449219,52.82623291015625,137.15103149414062,0.7021746635437012,-1,-1,-1
124,8,689.0575561523438,435.32049560546875,67.331787109375,140.13995361328125,0.8875269293785095,-1,-1,-1
124,21,1148.3829345703125,310.9987487792969,53.849365234375,89.18951416015625,0.7480620741844177,-1,-1,-1
124,43,331.04583740234375,401.04638671875,53.7557373046875,108.0941162109375,0.8200432658195496,-1,-1,-1
124,46,15.644227981567383,490.60809326171875,85.35133171081543,164.4381103515625,0.8688720464706421,-1,-1,-1
124,12,882.692626953125,358.13653564453125,51.89910888671875,116.29800415039062,0.8430787324905396,-1,-1,-1
124,25,627.7088623046875,300.3828125,44.98065185546875,191.66986083984375,0.5970365405082703,-1,-1,-1
124,39,1194.6796875,408.0996398925781,85.3203125,83.80029296875,0.8070744872093201,-1,-1,-1
124,47,60.025787353515625,572.4689331054688,64.6523208618164,146.5496826171875,0.8854682445526123,-1,-1,-1
124,48,103.12261199951172,424.6973876953125,58.318260192871094,140.19342041015625,0.811689555644989,-1,-1,-1
125,3,552.5726318359375,560.7628784179688,59.61602783203125,158.0721435546875,0.846550464630127,-1,-1,-1
125,5,503.6676940917969,451.0879821777344,66.72903442382812,149.23391723632812,0.8774100542068481,-1,-1,-1
125,16,942.3275756835938,438.95751953125,47.2425537109375,135.752685546875,0.7350395321846008,-1,-1,-1
125,8,691.3132934570312,435.0016174316406,73.80255126953125,139.21450805664062,0.8972375988960266,-1,-1,-1
125,21,1158.467041015625,312.0472106933594,54.2867431640625,89.19607543945312,0.7192873954772949,-1,-1,-1
125,43,345.3895263671875,398.7036437988281,50.951751708984375,110.65655517578125,0.8188857436180115,-1,-1,-1
125,46,25.86574935913086,489.19158935546875,77.30115127563477,164.5703125,0.865619957447052,-1,-1,-1
125,12,886.1593017578125,357.4181823730469,50.0435791015625,121.77972412109375,0.8799688220024109,-1,-1,-1
125,25,633.5944213867188,303.4534912109375,49.84552001953125,185.58172607421875,0.5662904381752014,-1,-1,-1
125,39,1202.83203125,407.6667785644531,77.16796875,82.20849609375,0.7425510287284851,-1,-1,-1
125,47,71.50535583496094,571.5477294921875,64.12644958496094,147.1624755859375,0.8471648693084717,-1,-1,-1
125,48,114.73102569580078,422.665771484375,50.57964324951172,141.06890869140625,0.8573057055473328,-1,-1,-1
125,1,565.9208984375,320.6712341308594,43.92578125,156.68374633789062,0.5186017155647278,-1,-1,-1
126,3,560.2343139648438,560.3917846679688,59.7706298828125,158.18487548828125,0.8915181159973145,-1,-1,-1
126,5,511.8934020996094,450.0921630859375,68.12075805664062,149.7208251953125,0.8725658655166626,-1,-1,-1
126,16,951.472900390625,441.7154235839844,46.26080322265625,135.38497924804688,0.8716660141944885,-1,-1,-1
126,8,694.6232299804688,436.13433837890625,78.75433349609375,139.966064453125,0.9110279679298401,-1,-1,-1
126,21,1169.2080078125,312.5101013183594,55.486083984375,89.365966796875,0.6582289338111877,-1,-1,-1
126,43,358.5593566894531,395.9849853515625,48.322265625,112.55722045898438,0.8803183436393738,-1,-1,-1
126,46,36.79349899291992,485.6389465332031,71.06319808959961,166.53219604492188,0.865662693977356,-1,-1,-1
126,12,888.6721801757812,357.72869873046875,48.9183349609375,124.46255493164062,0.8924641609191895,-1,-1,-1
126,47,81.8648910522461,570.657958984375,63.83600616455078,148.3458251953125,0.8854929804801941,-1,-1,-1
126,48,125.3695068359375,420.1156311035156,46.73420715332031,141.97494506835938,0.8504843711853027,-1,-1,-1
127,3,567.51318359375,560.2681884765625,60.614013671875,159.20672607421875,0.9114838242530823,-1,-1,-1
127,5,519.1139526367188,450.05206298828125,72.4554443359375,149.822021484375,0.8998425006866455,-1,-1,-1
127,16,960.5584106445312,444.0423889160156,45.504150390625,135.12106323242188,0.8953282833099365,-1,-1,-1
127,8,699.8988647460938,438.157958984375,84.0289306640625,139.04962158203125,0.9233065247535706,-1,-1,-1
127,21,1180.6246337890625,312.01727294921875,55.116943359375,89.98287963867188,0.7120084166526794,-1,-1,-1
127,43,370.7429504394531,393.8609313964844,45.946380615234375,113.88018798828125,0.8494196534156799,-1,-1,-1
127,46,40.85015869140625,483.2491760253906,72.1596450805664,168.02883911132812,0.889789879322052,-1,-1,-1
127,12,889.5859985351562,358.605224609375,49.557861328125,125.66864013671875,0.9022586345672607,-1,-1,-1
127,47,93.0403823852539,570.4417114257812,61.975425720214844,149.34075927734375,0.8989040851593018,-1,-1,-1
127,48,134.7435302734375,418.59979248046875,44.928741455078125,144.002685546875,0.7098690867424011,-1,-1,-1
127,41,575.18798828125,369.09954833984375,46.885009765625,126.87161254882812,0.41861486434936523,-1,-1,-1
127,39,1220.5467529296875,408.9053039550781,59.4532470703125,94.61358642578125,0.5408743023872375,-1,-1,-1
127,1,581.5191040039062,318.0605163574219,61.01129150390625,164.17068481445312,0.4817337989807129,-1,-1,-1
128,3,575.824462890625,560.4089965820312,60.6539306640625,159.21319580078125,0.8877706527709961,-1,-1,-1
128,5,525.6954956054688,450.6063232421875,79.93768310546875,149.05279541015625,0.8925800323486328,-1,-1,-1
128,16,969.8516235351562,446.2611083984375,44.20697021484375,134.055419921875,0.8655005693435669,-1,-1,-1
128,8,707.6568603515625,440.8343811035156,86.6956787109375,136.98013305664062,0.8969141244888306,-1,-1,-1
128,21,1191.2711181640625,312.0708923339844,55.194580078125,90.14596557617188,0.7333763241767883,-1,-1,-1
128,43,384.1688537597656,391.7316589355469,43.388458251953125,115.63922119140625,0.8402858972549438,-1,-1,-1
128,46,38.97879409790039,481.5466613769531,78.80500411987305,168.84371948242188,0.8888304829597473,-1,-1,-1
128,12,887.0309448242188,360.4919738769531,52.5723876953125,125.28826904296875,0.8900942802429199,-1,-1,-1
128,47,103.38762664794922,569.4488525390625,61.76274871826172,150.41632080078125,0.8751657605171204,-1,-1,-1
128,48,142.64869689941406,417.2604675292969,45.654632568359375,144.58950805664062,0.8404828310012817,-1,-1,-1
128,41,581.3447875976562,372.0210876464844,48.86517333984375,124.06109619140625,0.6291172504425049,-1,-1,-1
128,39,1228.693603515625,410.51458740234375,51.306396484375,85.35125732421875,0.6836399435997009,-1,-1,-1
128,1,588.8284912109375,331.2904357910156,58.71136474609375,156.689453125,0.4329313337802887,-1,-1,-1
128,25,654.7059936523438,319.10418701171875,54.381591796875,146.84414672851562,0.49208706617355347,-1,-1,-1
129,3,584.0516967773438,559.2141723632812,60.19775390625,159.939208984375,0.8648068308830261,-1,-1,-1
129,5,532.7684936523438,451.7604064941406,84.4461669921875,148.60702514648438,0.8603358864784241,-1,-1,-1
129,16,976.9915771484375,448.60113525390625,44.6270751953125,131.5850830078125,0.884581446647644,-1,-1,-1
129,8,715.5259399414062,442.9688720703125,87.59930419921875,134.426513671875,0.9017990827560425,-1,-1,-1
129,21,1199.9593505859375,311.6177062988281,57.3885498046875,93.12210083007812,0.756754994392395,-1,-1,-1
129,43,396.06573486328125,389.2923583984375,41.867156982421875,117.4232177734375,0.8365616202354431,-1,-1,-1
129,46,38.19324493408203,479.9656066894531,84.5258560180664,168.93710327148438,0.8853470087051392,-1,-1,-1
129,12,881.2825317382812,363.1206970214844,57.475830078125,125.11380004882812,0.8762180209159851,-1,-1,-1
129,47,113.90347290039062,567.8355712890625,61.35267639160156,151.3782958984375,0.9010063409805298,-1,-1,-1
129,48,147.521484375,415.0728759765625,49.16325378417969,143.00299072265625,0.8528279066085815,-1,-1,-1
129,41,594.6339721679688,356.1521911621094,46.30426025390625,138.69540405273438,0.7130764126777649,-1,-1,-1
129,25,664.5263061523438,322.1787414550781,53.432861328125,145.15594482421875,0.5713958740234375,-1,-1,-1
130,3,589.9973754882812,559.6307983398438,60.0831298828125,159.06488037109375,0.9210493564605713,-1,-1,-1
130,5,538.9124755859375,454.1605529785156,88.112060546875,145.48837280273438,0.879936933517456,-1,-1,-1
130,16,982.9661254882812,450.25732421875,45.58441162109375,130.323974609375,0.881430447101593,-1,-1,-1
130,8,722.1275024414062,444.3751220703125,87.65972900390625,132.6959228515625,0.9170740842819214,-1,-1,-1
130,21,1207.2557373046875,310.370849609375,57.8985595703125,95.94711303710938,0.7724642753601074,-1,-1,-1
130,43,405.86907958984375,388.70123291015625,40.77490234375,117.1148681640625,0.841743528842926,-1,-1,-1
130,46,36.30192565917969,480.4308776855469,89.23806762695312,170.09249877929688,0.8837642669677734,-1,-1,-1
130,12,881.916259765625,368.4072570800781,53.54248046875,122.02362060546875,0.8410771489143372,-1,-1,-1
130,47,121.73316955566406,567.2332763671875,61.277252197265625,151.7130126953125,0.9058384895324707,-1,-1,-1
130,48,149.57736206054688,413.7823486328125,53.116302490234375,145.001220703125,0.8670793175697327,-1,-1,-1
130,41,603.325927734375,354.7010498046875,44.83306884765625,141.98065185546875,0.6784366965293884,-1,-1,-1
130,25,676.5968017578125,322.0373840332031,46.48199462890625,148.57962036132812,0.4315505921840668,-1,-1,-1
130,39,1242.4937744140625,410.8117370605469,37.5062255859375,68.17105102539062,0.5166565775871277,-1,-1,-1
131,5,543.3195190429688,455.6252136230469,91.0181884765625,143.67745971679688,0.8807426691055298,-1,-1,-1
131,16,983.3081665039062,450.1729431152344,50.26068115234375,130.29452514648438,0.8911001086235046,-1,-1,-1
131,8,726.6760864257812,443.9056701660156,88.16265869140625,133.32876586914062,0.9270480275154114,-1,-1,-1
131,21,1212.7864990234375,310.2132873535156,56.825927734375,96.5955810546875,0.8129889965057373,-1,-1,-1
131,43,412.33209228515625,389.1462707519531,39.072967529296875,117.06689453125,0.8473513722419739,-1,-1,-1
131,46,32.874088287353516,482.0782470703125,92.71382522583008,170.8524169921875,0.8990141749382019,-1,-1,-1
131,12,882.0986938476562,372.1922302246094,51.26788330078125,118.494873046875,0.8865876793861389,-1,-1,-1
131,47,127.71841430664062,566.2114868164062,60.029937744140625,152.77716064453125,0.6257091760635376,-1,-1,-1
131,48,148.43710327148438,413.2969970703125,58.013153076171875,145.83856201171875,0.9068948030471802,-1,-1,-1
131,41,609.98046875,360.00262451171875,42.8511962890625,142.8741455078125,0.6939778327941895,-1,-1,-1
131,25,679.5365600585938,326.50067138671875,46.5693359375,164.131591796875,0.5484318137168884,-1,-1,-1
131,39,1244.0665283203125,408.5332946777344,35.9334716796875,67.0101318359375,0.6130887269973755,-1,-1,-1
132,5,543.9293823242188,454.9065246582031,91.20147705078125,143.41793823242188,0.8884552717208862,-1,-1,-1
132,16,975.1571044921875,449.93994140625,58.115478515625,129.25238037109375,0.8117722868919373,-1,-1,-1
132,8,726.9066772460938,441.7670593261719,88.35394287109375,134.36795043945312,0.9146485924720764,-1,-1,-1
132,21,1212.65478515625,309.27581787109375,56.7301025390625,97.35916137695312,0.7921688556671143,-1,-1,-1
132,43,413.9530334472656,390.6418762207031,39.249603271484375,118.26113891601562,0.8477303385734558,-1,-1,-1
132,46,25.6514892578125,484.5869140625,95.52227783203125,169.2144775390625,0.8755694031715393,-1,-1,-1
132,12,876.228759765625,372.44927978515625,52.2913818359375,117.91665649414062,0.7814716100692749,-1,-1,-1
132,47,128.795166015625,565.2491455078125,59.674285888671875,153.5357666015625,0.900705873966217,-1,-1,-1
132,48,144.3430938720703,412.86517333984375,61.8070068359375,144.30194091796875,0.8888121247291565,-1,-1,-1
132,41,609.4037475585938,368.091796875,44.1834716796875,140.1077880859375,0.7313929200172424,-1,-1,-1
132,25,679.1965942382812,332.5329284667969,44.7991943359375,172.22982788085938,0.6419419050216675,-1,-1,-1
132,39,1240.4200439453125,405.26934814453125,37.9766845703125,66.55038452148438,0.4931025803089142,-1,-1,-1
132,3,592.7510986328125,558.5292358398438,61.1676025390625,160.22845458984375,0.9140955209732056,-1,-1,-1
133,5,539.682861328125,452.4753723144531,97.73699951171875,144.71786499023438,0.809967577457428,-1,-1,-1
133,16,974.5582885742188,448.660888671875,52.34039306640625,129.002197265625,0.6427972316741943,-1,-1,-1
133,8,721.9057006835938,437.865966796875,88.57708740234375,137.87969970703125,0.895180344581604,-1,-1,-1
133,21,1207.947021484375,308.3526916503906,56.15869140625,96.5225830078125,0.809744119644165,-1,-1,-1
133,43,410.2921447753906,392.97802734375,39.407318115234375,116.2012939453125,0.84493488073349,-1,-1,-1
133,46,10.405269622802734,488.4473571777344,101.2007942199707,165.89041137695312,0.8954825401306152,-1,-1,-1
133,12,864.04248046875,371.3370361328125,54.10797119140625,117.84613037109375,0.7038217186927795,-1,-1,-1
133,47,123.40853881835938,564.1181640625,60.506439208984375,154.2088623046875,0.8988678455352783,-1,-1,-1
133,48,136.3704071044922,413.02825927734375,63.28147888183594,142.07598876953125,0.8578308820724487,-1,-1,-1
133,41,604.9066772460938,375.2734069824219,43.0643310546875,131.99603271484375,0.7016528844833374,-1,-1,-1
133,25,674.4462280273438,337.3507385253906,45.00860595703125,172.67681884765625,0.7159865498542786,-1,-1,-1
133,39,1228.8116455078125,402.7919921875,47.3271484375,91.38815307617188,0.6204257011413574,-1,-1,-1
133,3,587.8256225585938,559.2806396484375,60.60101318359375,158.8773193359375,0.8793344497680664,-1,-1,-1
134,5,531.7992553710938,449.1708679199219,104.99114990234375,146.78762817382812,0.8510032296180725,-1,-1,-1
134,16,960.8441162109375,444.70404052734375,55.85467529296875,131.35540771484375,0.8181209564208984,-1,-1,-1
134,8,715.4080810546875,432.3217468261719,87.724365234375,141.64767456054688,0.9003061652183533,-1,-1,-1
134,21,1199.4111328125,307.5718994140625,55.50390625,94.393798828125,0.7379557490348816,-1,-1,-1
134,43,403.24468994140625,395.7468566894531,40.2646484375,113.07891845703125,0.8453444242477417,-1,-1,-1
134,46,0.0,493.0464782714844,98.1398696899414,161.08163452148438,0.898323118686676,-1,-1,-1
134,12,849.5845947265625,368.6309814453125,56.20989990234375,119.49252319335938,0.8607841730117798,-1,-1,-1
134,47,114.38396453857422,564.2467651367188,61.44715118408203,154.21453857421875,0.8911969661712646,-1,-1,-1
134,48,126.3166275024414,412.960205078125,64.13420867919922,142.125244140625,0.8741626143455505,-1,-1,-1
134,41,595.9839477539062,377.640625,44.15557861328125,127.27920532226562,0.6828895211219788,-1,-1,-1
134,25,664.2697143554688,353.496337890625,47.18609619140625,158.18508911132812,0.776155412197113,-1,-1,-1
134,39,1215.4329833984375,398.7029724121094,58.9176025390625,101.75100708007812,0.8010817170143127,-1,-1,-1
134,3,580.3706665039062,558.3391723632812,59.50885009765625,159.985107421875,0.8726898431777954,-1,-1,-1
135,5,524.715576171875,445.12591552734375,104.34637451171875,147.82830810546875,0.8091390132904053,-1,-1,-1
135,16,955.8938598632812,440.06451416015625,51.01641845703125,133.8482666015625,0.8561939597129822,-1,-1,-1
135,8,711.7653198242188,427.27606201171875,83.38153076171875,143.09619140625,0.9203461408615112,-1,-1,-1
135,43,394.9854431152344,397.57275390625,41.979583740234375,110.08575439453125,0.790923535823822,-1,-1,-1
135,46,0.0,496.9302062988281,85.75012969970703,157.47750854492188,0.9151748418807983,-1,-1,-1
135,12,835.0089111328125,365.48883056640625,63.22998046875,121.0372314453125,0.8496384024620056,-1,-1,-1
135,47,104.92496490478516,563.4611206054688,62.419639587402344,154.73260498046875,0.8912087082862854,-1,-1,-1
135,48,116.79427337646484,411.6977844238281,64.01651763916016,143.11441040039062,0.8936320543289185,-1,-1,-1
135,41,587.9368286132812,377.3849792480469,45.19866943359375,127.65682983398438,0.7070761919021606,-1,-1,-1
135,25,654.731201171875,366.5268859863281,48.1658935546875,144.67999267578125,0.6320809125900269,-1,-1,-1
135,39,1194.8660888671875,340.0058288574219,69.8609619140625,161.81121826171875,0.588897168636322,-1,-1,-1
135,3,572.2442016601562,556.628173828125,59.81170654296875,160.9176025390625,0.9022265076637268,-1,-1,-1
135,52,554.5660400390625,357.81793212890625,42.09490966796875,113.1285400390625,0.6451940536499023,-1,-1,-1
136,5,519.6325073242188,445.7304992675781,104.75225830078125,145.58810424804688,0.8597729802131653,-1,-1,-1
136,16,947.4230346679688,435.3304138183594,50.1080322265625,135.48751831054688,0.8661118149757385,-1,-1,-1
136,8,711.1997680664062,422.4804992675781,77.47979736328125,143.65713500976562,0.925652265548706,-1,-1,-1
136,43,388.3830871582031,398.0262145996094,42.479888916015625,108.34988403320312,0.8880510330200195,-1,-1,-1
136,46,0.0,500.54974365234375,74.86045837402344,154.53253173828125,0.9101539850234985,-1,-1,-1
136,12,821.4996948242188,362.9378967285156,76.383056640625,121.60952758789062,0.8093744516372681,-1,-1,-1
136,47,97.4799575805664,562.1082153320312,61.39704132080078,156.04241943359375,0.9054105877876282,-1,-1,-1
136,48,109.48692321777344,408.9568176269531,64.284423828125,143.48239135742188,0.9003852009773254,-1,-1,-1
136,41,580.4656982421875,375.93878173828125,44.0882568359375,126.89251708984375,0.7843901515007019,-1,-1,-1
136,25,647.212158203125,373.66021728515625,48.72552490234375,136.77471923828125,0.7224680185317993,-1,-1,-1
136,39,1182.201171875,362.010498046875,84.8201904296875,138.91549682617188,0.44987091422080994,-1,-1,-1
136,3,565.2437744140625,554.95068359375,59.9300537109375,161.83282470703125,0.9112109541893005,-1,-1,-1
136,52,544.3994750976562,353.39874267578125,40.53839111328125,116.7086181640625,0.7145676016807556,-1,-1,-1
136,21,1182.9217529296875,302.7785339355469,54.3599853515625,95.7034912109375,0.7177666425704956,-1,-1,-1
137,5,519.3255615234375,444.22039794921875,95.88909912109375,142.8856201171875,0.8731270432472229,-1,-1,-1
137,16,940.2848510742188,431.9051208496094,50.6009521484375,135.48739624023438,0.8533850908279419,-1,-1,-1
137,8,713.5051879882812,419.1959228515625,72.86822509765625,143.9228515625,0.9241470098495483,-1,-1,-1
137,43,383.6393737792969,398.2157897949219,42.438568115234375,107.01025390625,0.8516771793365479,-1,-1,-1
137,46,0.0,505.4177551269531,66.36708068847656,152.59536743164062,0.8692705631256104,-1,-1,-1
137,12,809.984130859375,361.11376953125,88.8287353515625,120.85971069335938,0.8529579639434814,-1,-1,-1
137,47,91.1453628540039,560.4707641601562,61.991065979003906,157.59600830078125,0.8997889161109924,-1,-1,-1
137,48,104.94584655761719,405.4416198730469,64.024169921875,141.89334106445312,0.8841938376426697,-1,-1,-1
137,41,573.9169921875,373.48779296875,42.21600341796875,119.59176635742188,0.6496944427490234,-1,-1,-1
137,25,642.721923828125,377.97381591796875,48.29840087890625,134.9217529296875,0.7259422540664673,-1,-1,-1
137,39,1174.0498046875,369.58209228515625,77.0677490234375,128.97616577148438,0.7146531939506531,-1,-1,-1
137,3,559.9905395507812,552.7449951171875,60.11029052734375,164.10693359375,0.8940798044204712,-1,-1,-1
137,52,536.1224365234375,349.7875061035156,39.24468994140625,108.1375732421875,0.5190175771713257,-1,-1,-1
137,21,1179.048828125,300.606201171875,52.0970458984375,95.2978515625,0.7529755234718323,-1,-1,-1
138,5,522.716552734375,443.2393493652344,81.51312255859375,139.33676147460938,0.8566159009933472,-1,-1,-1
138,16,934.86767578125,427.87384033203125,51.281494140625,134.93450927734375,0.7635757327079773,-1,-1,-1
138,8,714.8828735351562,417.6253356933594,72.1739501953125,142.42117309570312,0.9199461340904236,-1,-1,-1
138,43,379.71307373046875,397.8018493652344,43.1925048828125,105.800537109375,0.84653240442276,-1,-1,-1
138,46,0.0,509.28643798828125,61.25552749633789,142.86248779296875,0.8228418827056885,-1,-1,-1
138,12,800.2965698242188,359.14801025390625,93.1900634765625,122.148193359375,0.8031867146492004,-1,-1,-1
138,47,87.04129028320312,559.391845703125,62.11958312988281,158.57501220703125,0.9058050513267517,-1,-1,-1
138,48,102.2999496459961,401.5921936035156,64.4054183959961,141.64743041992188,0.8867733478546143,-1,-1,-1
138,41,568.5687866210938,370.55145263671875,40.46771240234375,118.03244018554688,0.6451364755630493,-1,-1,-1
138,25,639.7861938476562,378.02105712890625,48.10479736328125,133.34732055664062,0.810083270072937,-1,-1,-1
138,39,1166.352783203125,370.5030517578125,70.188232421875,125.33822631835938,0.7595454454421997,-1,-1,-1
138,3,557.2843627929688,549.6056518554688,59.06475830078125,166.8651123046875,0.9022249579429626,-1,-1,-1
138,52,529.04736328125,345.33782958984375,37.18829345703125,109.93829345703125,0.4814019501209259,-1,-1,-1
138,21,1173.9322509765625,298.6339416503906,52.626708984375,95.72833251953125,0.6771103739738464,-1,-1,-1
139,5,527.71875,439.6892395019531,71.73126220703125,139.33901977539062,0.8865190148353577,-1,-1,-1
139,16,928.8584594726562,424.8359680175781,53.083740234375,133.33316040039062,0.889102578163147,-1,-1,-1
139,8,714.45068359375,417.14923095703125,76.5576171875,142.05914306640625,0.9115080833435059,-1,-1,-1
139,43,376.66497802734375,395.9136047363281,43.880889892578125,105.31640625,0.844194769859314,-1,-1,-1
139,46,0.0,510.42718505859375,58.48137664794922,139.91534423828125,0.6930693984031677,-1,-1,-1
139,12,790.4141845703125,356.52911376953125,87.4613037109375,125.83554077148438,0.5961551070213318,-1,-1,-1
139,47,83.66873931884766,557.5811767578125,61.62928009033203,160.40740966796875,0.9145751595497131,-1,-1,-1
139,48,100.11109161376953,398.0135803222656,64.97274017333984,141.50564575195312,0.8951207399368286,-1,-1,-1
139,41,564.4520263671875,368.0368957519531,36.3048095703125,97.35342407226562,0.5456178188323975,-1,-1,-1
139,25,637.4757690429688,375.1285095214844,48.37664794921875,134.81671142578125,0.7762631177902222,-1,-1,-1
139,39,1156.7781982421875,368.68304443359375,69.4051513671875,124.58792114257812,0.7365716695785522,-1,-1,-1
139,3,554.2762451171875,547.3043823242188,58.88232421875,168.04864501953125,0.8707118630409241,-1,-1,-1
139,52,521.6970825195312,341.5337219238281,37.4334716796875,120.63995361328125,0.7411566376686096,-1,-1,-1
139,21,1171.91259765625,296.2215881347656,51.75048828125,94.76589965820312,0.7189568877220154,-1,-1,-1
140,5,532.9347534179688,436.92596435546875,62.93243408203125,139.84210205078125,0.8736853003501892,-1,-1,-1
140,16,921.7522583007812,422.6979064941406,57.09783935546875,132.31216430664062,0.9006268978118896,-1,-1,-1
140,8,712.3734130859375,417.66571044921875,82.17364501953125,141.117431640625,0.9017947316169739,-1,-1,-1
140,43,373.8118591308594,393.3329772949219,43.440216064453125,105.30291748046875,0.858561098575592,-1,-1,-1
140,46,0.0,509.1182556152344,57.13508605957031,143.60256958007812,0.8655210137367249,-1,-1,-1
140,12,780.6630249023438,357.7381286621094,82.1708984375,126.04827880859375,0.8502265214920044,-1,-1,-1
140,47,80.4058609008789,555.4448852539062,61.23023223876953,162.545654296875,0.9151129722595215,-1,-1,-1
140,48,98.49449157714844,395.5449523925781,65.90750122070312,138.85934448242188,0.8945344090461731,-1,-1,-1
140,41,559.5693969726562,365.6999206542969,36.47930908203125,91.614013671875,0.6084047555923462,-1,-1,-1
140,25,633.977783203125,372.1158447265625,49.26031494140625,135.51025390625,0.7115390300750732,-1,-1,-1
140,39,1148.5238037109375,368.31658935546875,66.6397705078125,119.4053955078125,0.7778366804122925,-1,-1,-1
140,3,551.4800415039062,545.0081176757812,59.21661376953125,169.3743896484375,0.8685219287872314,-1,-1,-1
140,52,514.5216674804688,338.16375732421875,40.62591552734375,117.12548828125,0.7190159559249878,-1,-1,-1
140,21,1168.32958984375,292.7403869628906,51.1981201171875,94.40557861328125,0.7280793786048889,-1,-1,-1
141,5,537.1092529296875,431.96453857421875,55.97662353515625,140.24090576171875,0.8803369998931885,-1,-1,-1
141,16,916.8278198242188,421.0271301269531,58.555908203125,131.85342407226562,0.917606770992279,-1,-1,-1
141,8,709.4752807617188,419.022216796875,88.28424072265625,139.64910888671875,0.8822317719459534,-1,-1,-1
141,43,371.2945861816406,389.9761657714844,42.745635986328125,106.15457153320312,0.8566967844963074,-1,-1,-1
141,46,0.0,505.8386535644531,57.79978942871094,146.78707885742188,0.8938289284706116,-1,-1,-1
141,12,774.7555541992188,358.6553039550781,72.00921630859375,124.72418212890625,0.7333759665489197,-1,-1,-1
141,47,76.88961029052734,553.6220703125,61.94275665283203,164.38409423828125,0.8980998992919922,-1,-1,-1
141,48,97.04611206054688,394.4712219238281,71.0762939453125,139.20120239257812,0.9072655439376831,-1,-1,-1
141,41,554.3377075195312,362.58709716796875,39.1470947265625,90.46612548828125,0.41540998220443726,-1,-1,-1
141,25,630.8801879882812,369.0906982421875,50.23541259765625,136.00531005859375,0.7295003533363342,-1,-1,-1
141,39,1136.331787109375,367.8672790527344,67.508544921875,119.74407958984375,0.8496577143669128,-1,-1,-1
141,3,548.958740234375,542.1896362304688,58.95233154296875,170.17474365234375,0.8757222294807434,-1,-1,-1
141,52,501.39178466796875,335.4544982910156,49.10711669921875,122.27191162109375,0.8289268612861633,-1,-1,-1
141,21,1164.2325439453125,289.56494140625,52.642333984375,95.05691528320312,0.8100674152374268,-1,-1,-1
142,5,529.3348999023438,429.6590576171875,62.390869140625,137.99993896484375,0.90570467710495,-1,-1,-1
142,16,912.2564697265625,419.8266296386719,60.6610107421875,130.47708129882812,0.8882089853286743,-1,-1,-1
142,8,707.0359497070312,420.9988708496094,93.26678466796875,139.76937866210938,0.9004203677177429,-1,-1,-1
142,43,368.5744323730469,386.7038269042969,42.683563232421875,107.43106079101562,0.865849494934082,-1,-1,-1
142,46,0.0,501.52691650390625,59.49945831298828,148.4276123046875,0.8797394633293152,-1,-1,-1
142,12,776.4165649414062,360.25762939453125,63.423583984375,122.61587524414062,0.6372475624084473,-1,-1,-1
142,47,74.168701171875,551.4962768554688,62.32099914550781,166.24365234375,0.8856223821640015,-1,-1,-1
142,48,94.77426147460938,394.3948669433594,79.28190612792969,135.96902465820312,0.9276758432388306,-1,-1,-1
142,41,550.9900512695312,361.6135559082031,41.09814453125,89.06756591796875,0.6326495409011841,-1,-1,-1
142,25,629.6658325195312,366.6565246582031,50.47637939453125,137.33175659179688,0.7152120471000671,-1,-1,-1
142,39,1119.3900146484375,367.8290710449219,72.614013671875,121.3857421875,0.8606926798820496,-1,-1,-1
142,3,546.5451049804688,540.4891357421875,59.449951171875,168.9161376953125,0.8586404323577881,-1,-1,-1
142,52,490.2555847167969,333.2613830566406,55.167083740234375,125.49285888671875,0.8265377283096313,-1,-1,-1
142,21,1159.2957763671875,287.6215515136719,54.9566650390625,94.49942016601562,0.8223275542259216,-1,-1,-1
143,5,520.6386108398438,427.8514709472656,70.04632568359375,134.80111694335938,0.8585079312324524,-1,-1,-1
143,16,907.8687133789062,419.8106689453125,63.8818359375,128.13616943359375,0.7517322897911072,-1,-1,-1
143,8,705.6099243164062,421.4449768066406,95.40087890625,140.16720581054688,0.8834027647972107,-1,-1,-1
143,43,365.6610107421875,383.2578430175781,42.05572509765625,109.25262451171875,0.8224578499794006,-1,-1,-1
143,46,0.0,497.5797119140625,62.11185073852539,149.45703125,0.8846613764762878,-1,-1,-1
143,12,773.6603393554688,360.7970886230469,61.458984375,120.1778564453125,0.8497925400733948,-1,-1,-1
143,47,71.8910903930664,549.5160522460938,66.07442474365234,168.51226806640625,0.8694681525230408,-1,-1,-1
143,48,92.43373107910156,394.8939514160156,86.81793212890625,133.83767700195312,0.9208104610443115,-1,-1,-1
143,41,548.2018432617188,362.25323486328125,39.36187744140625,84.6962890625,0.4218885004520416,-1,-1,-1
143,25,626.0707397460938,364.5181884765625,55.3848876953125,138.65750122070312,0.6808558702468872,-1,-1,-1
143,39,1106.9278564453125,367.4991455078125,78.8370361328125,121.23468017578125,0.8884559869766235,-1,-1,-1
143,3,545.008544921875,538.9210205078125,59.170654296875,168.29595947265625,0.8540704250335693,-1,-1,-1
143,52,482.9582824707031,332.0309753417969,60.916229248046875,126.03549194335938,0.8132135272026062,-1,-1,-1
143,21,1156.781982421875,285.72528076171875,55.2684326171875,95.27346801757812,0.8327191472053528,-1,-1,-1
144,5,514.5576782226562,424.6398620605469,75.71905517578125,133.05410766601562,0.8723157644271851,-1,-1,-1
144,16,904.0734252929688,420.6121826171875,67.87371826171875,125.24127197265625,0.8820120096206665,-1,-1,-1
144,8,704.6834716796875,421.43365478515625,96.00177001953125,139.2464599609375,0.8845767974853516,-1,-1,-1
144,43,363.01971435546875,379.4877014160156,42.163299560546875,111.53662109375,0.5523554086685181,-1,-1,-1
144,46,0.0,493.919677734375,65.14189910888672,151.4176025390625,0.8811786770820618,-1,-1,-1
144,12,768.6248779296875,360.63037109375,64.80255126953125,118.04507446289062,0.8712794780731201,-1,-1,-1
144,47,70.2479476928711,547.9026489257812,67.5012435913086,170.3001708984375,0.8785730004310608,-1,-1,-1
144,48,90.77252197265625,395.61236572265625,91.4512939453125,132.260498046875,0.9228677749633789,-1,-1,-1
144,25,624.6544799804688,364.33172607421875,59.0279541015625,136.85525512695312,0.560181200504303,-1,-1,-1
144,39,1098.471923828125,367.3839416503906,82.2908935546875,119.75234985351562,0.8873026371002197,-1,-1,-1
144,3,543.3644409179688,537.3999633789062,59.54742431640625,169.1143798828125,0.6461085081100464,-1,-1,-1
144,52,476.9413146972656,330.78558349609375,63.910430908203125,124.39151000976562,0.8213905692100525,-1,-1,-1
144,21,1154.5870361328125,283.24224853515625,56.0645751953125,96.43768310546875,0.8394506573677063,-1,-1,-1
145,5,511.61614990234375,422.5205993652344,77.80181884765625,131.85952758789062,0.8299736976623535,-1,-1,-1
145,16,904.9661865234375,421.27496337890625,66.8028564453125,122.25537109375,0.9056076407432556,-1,-1,-1
145,8,703.2429809570312,420.999267578125,96.01116943359375,137.96319580078125,0.861575186252594,-1,-1,-1
145,43,360.6244201660156,376.08343505859375,41.5230712890625,113.51174926757812,0.8901978731155396,-1,-1,-1
145,46,0.0,490.146728515625,68.31053161621094,154.58038330078125,0.859901487827301,-1,-1,-1
145,12,762.3582763671875,359.79522705078125,69.80181884765625,117.04769897460938,0.6208623647689819,-1,-1,-1
145,47,68.28590393066406,546.8863525390625,68.34803771972656,171.9013671875,0.88346928358078,-1,-1,-1
145,48,89.6224594116211,394.99920654296875,92.60941314697266,132.2418212890625,0.9195124506950378,-1,-1,-1
145,25,636.9472045898438,364.74560546875,52.72552490234375,132.8199462890625,0.5764985680580139,-1,-1,-1
145,39,1093.13134765625,366.2534484863281,80.726806640625,119.05581665039062,0.8712323904037476,-1,-1,-1
145,3,541.4409790039062,535.7767944335938,59.4691162109375,169.9674072265625,0.8860735297203064,-1,-1,-1
145,52,472.083984375,329.4493408203125,63.9586181640625,123.85726928710938,0.8385422229766846,-1,-1,-1
145,21,1152.428466796875,281.09979248046875,55.393310546875,96.48175048828125,0.838046133518219,-1,-1,-1
146,5,509.77642822265625,418.9115905761719,79.34698486328125,133.92050170898438,0.8555946946144104,-1,-1,-1
146,16,908.6477661132812,423.0815734863281,61.1688232421875,115.72494506835938,0.8905532956123352,-1,-1,-1
146,8,704.5576782226562,419.6760559082031,92.29229736328125,138.03182983398438,0.859645664691925,-1,-1,-1
146,43,357.26641845703125,372.7987365722656,41.398651123046875,115.76171875,0.8845428228378296,-1,-1,-1
146,46,0.0,486.06231689453125,70.93023681640625,157.93853759765625,0.8497937321662903,-1,-1,-1
146,12,755.042236328125,357.671142578125,75.0599365234375,116.52676391601562,0.7812994718551636,-1,-1,-1
146,47,66.17520141601562,546.0872192382812,68.72300720214844,172.682861328125,0.8936154842376709,-1,-1,-1
146,48,91.47075653076172,393.5196838378906,89.54363250732422,133.24209594726562,0.8923493027687073,-1,-1,-1
146,25,643.5250854492188,365.0671081542969,48.0904541015625,130.52267456054688,0.6143179535865784,-1,-1,-1
146,39,1090.5142822265625,365.79058837890625,74.274658203125,114.633056640625,0.8625027537345886,-1,-1,-1
146,3,539.4938354492188,534.7510986328125,59.35772705078125,169.83660888671875,0.8918911218643188,-1,-1,-1
146,52,468.5206298828125,329.2049865722656,65.05181884765625,123.25140380859375,0.8177246451377869,-1,-1,-1
146,21,1149.378173828125,279.23809814453125,54.8905029296875,97.34799194335938,0.8360021710395813,-1,-1,-1
147,5,509.5673828125,418.032470703125,78.55279541015625,134.060791015625,0.8286882638931274,-1,-1,-1
147,16,910.1453247070312,425.2000427246094,58.40728759765625,110.34402465820312,0.858282208442688,-1,-1,-1
147,8,708.3556518554688,419.0929260253906,86.98260498046875,137.84933471679688,0.8490539193153381,-1,-1,-1
147,43,354.21368408203125,369.6216125488281,41.330108642578125,117.95016479492188,0.8611745238304138,-1,-1,-1
147,46,0.0,482.10797119140625,75.42999267578125,159.54437255859375,0.8471828699111938,-1,-1,-1
147,12,747.9135131835938,354.3826599121094,79.46697998046875,118.96377563476562,0.7344341278076172,-1,-1,-1
147,47,64.92373657226562,545.4978637695312,68.80647277832031,173.31903076171875,0.8670424818992615,-1,-1,-1
147,48,95.49015808105469,391.73126220703125,84.20750427246094,134.63470458984375,0.7804409861564636,-1,-1,-1
147,25,646.9961547851562,365.08221435546875,46.4429931640625,128.71182250976562,0.6808717250823975,-1,-1,-1
147,39,1088.477294921875,365.5543212890625,64.4151611328125,112.02093505859375,0.7875389456748962,-1,-1,-1
147,3,537.9219360351562,533.295654296875,59.0179443359375,169.83740234375,0.8898951411247253,-1,-1,-1
147,52,466.35052490234375,328.47381591796875,62.322265625,121.8984375,0.821510910987854,-1,-1,-1
147,21,1147.6702880859375,277.22900390625,54.5645751953125,98.041748046875,0.8419882655143738,-1,-1,-1
147,11,628.4891357421875,365.0013732910156,39.50360107421875,131.13275146484375,0.5782691240310669,-1,-1,-1
147,41,537.4521484375,354.69989013671875,38.93231201171875,90.91452026367188,0.6646661162376404,-1,-1,-1
148,5,511.1557312011719,416.91259765625,76.19210815429688,134.84381103515625,0.8612182140350342,-1,-1,-1
148,16,909.7604370117188,427.2469177246094,57.75701904296875,106.78317260742188,0.8738510012626648,-1,-1,-1
148,8,714.14892578125,417.2157897949219,80.19500732421875,139.76412963867188,0.8611941337585449,-1,-1,-1
148,43,352.1744384765625,366.7913818359375,40.086822509765625,117.34536743164062,0.8223627209663391,-1,-1,-1
148,46,0.0,478.31329345703125,80.50175476074219,150.24847412109375,0.8544871211051941,-1,-1,-1
148,12,741.579833984375,351.8351135253906,81.3922119140625,119.51486206054688,0.7383899092674255,-1,-1,-1
148,47,61.980403900146484,544.4732666015625,70.47810745239258,174.412353515625,0.8609750270843506,-1,-1,-1
148,48,102.31689453125,389.15069580078125,88.07572937011719,135.97412109375,0.8658008575439453,-1,-1,-1
148,25,645.4474487304688,364.4652099609375,50.0030517578125,129.28140258789062,0.6240921020507812,-1,-1,-1
148,39,1079.6737060546875,365.3611145019531,61.0770263671875,111.30996704101562,0.7856385707855225,-1,-1,-1
148,3,537.073486328125,532.8185424804688,59.0089111328125,168.5906982421875,0.8913727402687073,-1,-1,-1
148,52,464.88983154296875,327.4367980957031,62.9652099609375,123.52099609375,0.8515439629554749,-1,-1,-1
148,21,1146.46630859375,275.7030334472656,54.21142578125,98.43206787109375,0.8251374363899231,-1,-1,-1
148,41,535.3189086914062,351.83624267578125,37.0113525390625,90.7012939453125,0.667778730392456,-1,-1,-1
149,5,513.591796875,415.49163818359375,72.73663330078125,136.13330078125,0.8700070381164551,-1,-1,-1
149,16,904.3259887695312,429.5169982910156,62.15228271484375,102.81503295898438,0.8590099215507507,-1,-1,-1
149,8,720.9863891601562,415.5552978515625,72.32818603515625,140.5721435546875,0.8393292427062988,-1,-1,-1
149,43,350.150146484375,363.77215576171875,43.0784912109375,112.785400390625,0.8226824402809143,-1,-1,-1
149,46,0.03611179441213608,473.5172424316406,85.22990993410349,146.46981811523438,0.8598081469535828,-1,-1,-1
149,12,736.431884765625,347.9204406738281,80.02862548828125,115.52511596679688,0.5412532687187195,-1,-1,-1
149,47,60.777000427246094,542.4842529296875,70.35199737548828,176.14007568359375,0.8723468780517578,-1,-1,-1
149,48,111.088623046875,386.0959167480469,83.22903442382812,138.99838256835938,0.8768757581710815,-1,-1,-1
149,25,644.73388671875,363.24945068359375,54.215087890625,129.17938232421875,0.6217870712280273,-1,-1,-1
149,39,1060.0787353515625,364.7398986816406,72.4259033203125,112.08993530273438,0.8368661999702454,-1,-1,-1
149,3,536.3386840820312,533.007568359375,59.131103515625,166.88427734375,0.8884832262992859,-1,-1,-1
149,52,464.24493408203125,325.6574401855469,60.4422607421875,124.82659912109375,0.8550552129745483,-1,-1,-1
149,21,1145.028076171875,274.9740905761719,54.3653564453125,97.79864501953125,0.6909704804420471,-1,-1,-1
149,41,533.5752563476562,349.2857360839844,36.9166259765625,90.47055053710938,0.7293802499771118,-1,-1,-1
150,5,515.9801025390625,413.43731689453125,69.76104736328125,137.77880859375,0.893263041973114,-1,-1,-1
150,16,894.1273803710938,431.8330078125,71.75689697265625,99.03765869140625,0.8477849364280701,-1,-1,-1
150,8,724.1005249023438,412.2201843261719,69.403564453125,142.42605590820312,0.8560554385185242,-1,-1,-1
150,43,347.83282470703125,360.87249755859375,46.37091064453125,115.4169921875,0.8264502286911011,-1,-1,-1
150,46,0.11943696439266205,469.2661437988281,91.4480831772089,162.49697875976562,0.8504297733306885,-1,-1,-1
150,12,730.520751953125,346.21673583984375,80.7799072265625,112.55340576171875,0.509190559387207,-1,-1,-1
150,47,60.229774475097656,540.7836303710938,70.00347137451172,177.7454833984375,0.8625921010971069,-1,-1,-1
150,48,122.13768768310547,383.3469543457031,72.3826675415039,139.53390502929688,0.8593957424163818,-1,-1,-1
150,25,644.111083984375,362.13665771484375,56.23193359375,129.5660400390625,0.7072553634643555,-1,-1,-1
150,39,1052.463623046875,364.6410217285156,73.9742431640625,110.22311401367188,0.8283153772354126,-1,-1,-1
150,3,535.3165283203125,532.0348510742188,59.55828857421875,166.46600341796875,0.8821331262588501,-1,-1,-1
150,52,464.3221435546875,322.4393310546875,53.530029296875,125.390380859375,0.8535848259925842,-1,-1,-1
150,21,1143.5955810546875,272.6794738769531,54.744384765625,98.94586181640625,0.8048325777053833,-1,-1,-1
150,41,532.2657470703125,347.3916320800781,35.24725341796875,91.1214599609375,0.6447023749351501,-1,-1,-1
151,5,518.5125732421875,411.0335693359375,65.926513671875,139.50982666015625,0.6653342843055725,-1,-1,-1
151,16,881.3796997070312,434.2530822753906,84.80316162109375,95.02261352539062,0.8737898468971252,-1,-1,-1
151,8,724.2699584960938,410.28973388671875,68.41278076171875,143.90472412109375,0.8930156826972961,-1,-1,-1
151,43,343.1676025390625,357.98529052734375,49.815032958984375,120.21343994140625,0.8627629280090332,-1,-1,-1
151,46,0.0,465.9237060546875,96.91724395751953,167.60595703125,0.839169979095459,-1,-1,-1
151,12,724.0739135742188,344.9134826660156,80.70562744140625,111.8697509765625,0.5998572111129761,-1,-1,-1
151,47,59.04036331176758,539.1494140625,70.19649887084961,179.55780029296875,0.858993649482727,-1,-1,-1
151,48,134.92950439453125,380.5533142089844,56.73725891113281,139.01913452148438,0.8561087250709534,-1,-1,-1
151,25,640.8023681640625,360.9552307128906,58.03826904296875,129.3294677734375,0.5894630551338196,-1,-1,-1
151,39,1047.596923828125,364.4099426269531,73.1153564453125,108.62307739257812,0.8425511717796326,-1,-1,-1
151,3,533.911376953125,530.44970703125,59.34039306640625,167.08001708984375,0.9027508497238159,-1,-1,-1
151,52,463.3705139160156,319.17767333984375,49.294219970703125,126.20858764648438,0.8503089547157288,-1,-1,-1
151,21,1142.352294921875,271.14556884765625,54.137939453125,99.45730590820312,0.8123122453689575,-1,-1,-1
151,41,531.4411010742188,346.8103332519531,33.31304931640625,91.2513427734375,0.6357280015945435,-1,-1,-1
152,5,530.1822509765625,408.55877685546875,52.2877197265625,141.17022705078125,0.7264130711555481,-1,-1,-1
152,16,867.5003662109375,435.93890380859375,98.54669189453125,91.1982421875,0.826169490814209,-1,-1,-1
152,8,722.6168212890625,409.3208923339844,69.9471435546875,143.63333129882812,0.9146113991737366,-1,-1,-1
152,43,335.7489318847656,355.9177551269531,54.67230224609375,122.38119506835938,0.8449989557266235,-1,-1,-1
152,46,0.0,463.12158203125,100.91302490234375,171.51812744140625,0.7338530421257019,-1,-1,-1
152,12,716.2066040039062,342.20477294921875,82.98626708984375,113.37777709960938,0.7818729877471924,-1,-1,-1
152,47,56.08290100097656,537.2604370117188,71.00408172607422,181.6002197265625,0.8002488017082214,-1,-1,-1
152,48,142.9674530029297,378.41717529296875,47.820556640625,139.7646484375,0.8766650557518005,-1,-1,-1
152,25,628.5812377929688,358.7362365722656,62.58367919921875,133.02426147460938,0.5169321894645691,-1,-1,-1
152,39,1040.719482421875,363.1800537109375,73.6375732421875,111.51052856445312,0.7818444967269897,-1,-1,-1
152,3,532.4661865234375,527.964599609375,59.7259521484375,168.46990966796875,0.8956892490386963,-1,-1,-1
152,52,460.5670166015625,314.2026672363281,48.62255859375,129.04647827148438,0.8583438396453857,-1,-1,-1
152,21,1140.9600830078125,268.9139099121094,53.72412109375,99.55694580078125,0.8253025412559509,-1,-1,-1
152,41,529.427734375,347.034423828125,33.80743408203125,93.253173828125,0.45791053771972656,-1,-1,-1
153,5,525.4638061523438,404.7008361816406,54.44830322265625,143.31204223632812,0.7713474035263062,-1,-1,-1
153,16,855.007080078125,437.96856689453125,110.483642578125,87.6533203125,0.6880284547805786,-1,-1,-1
153,8,719.5491333007812,408.2901306152344,73.2449951171875,143.64071655273438,0.8812951445579529,-1,-1,-1
153,43,327.4324035644531,355.50933837890625,59.477874755859375,122.23110961914062,0.8791514039039612,-1,-1,-1
153,12,710.2783813476562,340.3649597167969,86.53179931640625,114.25656127929688,0.7897011041641235,-1,-1,-1
153,48,145.11863708496094,377.1999816894531,46.72038269042969,139.55575561523438,0.8839029669761658,-1,-1,-1
153,25,623.440673828125,356.67303466796875,62.61285400390625,135.61892700195312,0.7245945334434509,-1,-1,-1
153,39,1036.3516845703125,360.8781433105469,72.324951171875,114.05142211914062,0.8736830949783325,-1,-1,-1
153,3,530.5419921875,526.2562866210938,60.213134765625,169.39129638671875,0.873762845993042,-1,-1,-1
153,52,457.6351013183594,311.165771484375,49.36163330078125,129.53384399414062,0.840196430683136,-1,-1,-1
153,21,1140.3175048828125,267.3204040527344,54.0166015625,99.04000854492188,0.8149434924125671,-1,-1,-1
153,41,524.5078735351562,348.6802062988281,35.9803466796875,121.51345825195312,0.5757231712341309,-1,-1,-1
154,5,525.8912353515625,404.998046875,51.88677978515625,141.5089111328125,0.7917327284812927,-1,-1,-1
154,16,862.6713256835938,439.27630615234375,102.27935791015625,85.5576171875,0.7269448637962341,-1,-1,-1
154,8,716.7398071289062,405.8269958496094,76.63128662109375,145.06387329101562,0.8878772854804993,-1,-1,-1
154,43,319.7933044433594,355.6694641113281,63.195343017578125,121.4678955078125,0.8716443181037903,-1,-1,-1
154,12,705.2077026367188,338.5170593261719,89.30816650390625,114.93994140625,0.6001182794570923,-1,-1,-1
154,48,144.0620880126953,376.5631408691406,57.81068420410156,139.08169555664062,0.9011436104774475,-1,-1,-1
154,25,617.9754028320312,356.1008605957031,65.12542724609375,137.03677368164062,0.7173389196395874,-1,-1,-1
154,39,1029.87890625,357.4298400878906,74.5401611328125,117.061767578125,0.7599031925201416,-1,-1,-1
154,3,529.1511840820312,525.0042724609375,59.7413330078125,169.61962890625,0.8631550073623657,-1,-1,-1
154,52,453.70404052734375,309.941650390625,50.702606201171875,129.54434204101562,0.8798440098762512,-1,-1,-1
154,21,1139.990478515625,265.9435729980469,53.758544921875,98.65777587890625,0.8200792074203491,-1,-1,-1
154,41,523.7325439453125,350.7844543457031,33.32049560546875,131.85418701171875,0.605137050151825,-1,-1,-1
154,47,49.8372688293457,533.39990234375,71.46808242797852,184.1397705078125,0.666109025478363,-1,-1,-1
155,5,531.3662109375,404.9942321777344,45.03033447265625,139.78720092773438,0.7830569744110107,-1,-1,-1
155,16,858.8082275390625,438.89935302734375,109.6541748046875,85.65203857421875,0.7464796304702759,-1,-1,-1
155,8,714.9723510742188,403.328369140625,77.30682373046875,146.3411865234375,0.82906574010849,-1,-1,-1
155,43,313.6938171386719,355.4218444824219,63.308258056640625,120.47146606445312,0.8688287138938904,-1,-1,-1
155,12,701.1068725585938,337.22991943359375,72.62042236328125,113.80917358398438,0.7592739462852478,-1,-1,-1
155,48,142.7104034423828,376.093994140625,64.56581115722656,138.44561767578125,0.9061670899391174,-1,-1,-1
155,25,615.3914184570312,354.94207763671875,66.61419677734375,142.97744750976562,0.4468833804130554,-1,-1,-1
155,39,1029.43994140625,353.6801452636719,70.84716796875,119.72158813476562,0.8345527648925781,-1,-1,-1
155,3,527.7964477539062,523.8009033203125,59.58746337890625,169.5899658203125,0.8802078366279602,-1,-1,-1
155,52,449.61627197265625,308.56439208984375,52.0157470703125,129.97323608398438,0.8571456074714661,-1,-1,-1
155,21,1139.9058837890625,263.7384338378906,53.7625732421875,99.58819580078125,0.8152845501899719,-1,-1,-1
155,41,523.0885620117188,351.66143798828125,31.70599365234375,139.2431640625,0.7577247023582458,-1,-1,-1
155,47,47.45357131958008,533.396240234375,71.50217056274414,184.7470703125,0.49992191791534424,-1,-1,-1
156,5,532.40869140625,403.8893737792969,43.24609375,138.59841918945312,0.7760152816772461,-1,-1,-1
156,16,851.2586669921875,437.4286193847656,124.28948974609375,86.55575561523438,0.6853944063186646,-1,-1,-1
156,8,713.489501953125,401.04510498046875,74.49285888671875,146.8839111328125,0.9187765121459961,-1,-1,-1
156,43,310.6283874511719,354.7503662109375,60.109100341796875,119.63897705078125,0.8922913670539856,-1,-1,-1
156,12,698.2075805664062,335.372802734375,64.75933837890625,110.8636474609375,0.7430634498596191,-1,-1,-1
156,48,142.37152099609375,375.2451477050781,66.54998779296875,137.48361206054688,0.9076274633407593,-1,-1,-1
156,25,615.4827270507812,357.16583251953125,55.25494384765625,143.484130859375,0.7201887965202332,-1,-1,-1
156,39,1028.6417236328125,349.2232666015625,67.5196533203125,122.06912231445312,0.8373794555664062,-1,-1,-1
156,3,526.6683349609375,522.5243530273438,59.5438232421875,169.83441162109375,0.8870766758918762,-1,-1,-1
156,52,443.2530822753906,307.13458251953125,55.549224853515625,129.86376953125,0.870078444480896,-1,-1,-1
156,21,1140.172119140625,261.6212463378906,53.3255615234375,99.65725708007812,0.8166525959968567,-1,-1,-1
156,41,520.953857421875,350.8736877441406,33.78009033203125,143.62216186523438,0.7115228772163391,-1,-1,-1
156,47,45.24248504638672,534.9624633789062,71.37262725830078,182.9921875,0.8487573266029358,-1,-1,-1
156,58,63.43816375732422,447.2072448730469,73.42879486083984,138.08468627929688,0.5578336715698242,-1,-1,-1
157,5,531.6883544921875,402.0671691894531,43.71978759765625,139.47476196289062,0.8026154637336731,-1,-1,-1
157,16,834.376953125,436.63140869140625,145.7342529296875,86.03875732421875,0.6492791175842285,-1,-1,-1
157,8,712.353271484375,399.58642578125,73.10125732421875,146.54583740234375,0.9048284888267517,-1,-1,-1
157,43,308.40789794921875,354.033935546875,58.677001953125,118.73239135742188,0.8909114003181458,-1,-1,-1
157,12,695.896728515625,332.6004638671875,61.5576171875,95.004638671875,0.8326614499092102,-1,-1,-1
157,48,143.69070434570312,373.538818359375,64.06544494628906,139.18194580078125,0.8933477997779846,-1,-1,-1
157,25,617.2346801757812,354.5509948730469,59.56109619140625,148.98373413085938,0.6736682653427124,-1,-1,-1
157,39,1026.190185546875,345.13299560546875,66.6304931640625,124.74343872070312,0.8506900072097778,-1,-1,-1
157,3,525.584228515625,521.42919921875,59.460205078125,169.7337646484375,0.8760395050048828,-1,-1,-1
157,52,436.9513244628906,306.3281555175781,59.161376953125,130.02288818359375,0.8789833188056946,-1,-1,-1
157,21,1140.3155517578125,259.5829162597656,53.3046875,100.00253295898438,0.8335960507392883,-1,-1,-1
157,41,518.0726928710938,348.5045471191406,36.591552734375,147.18194580078125,0.6379380226135254,-1,-1,-1
157,47,43.688106536865234,532.8389282226562,70.6090202331543,184.78814697265625,0.8641640543937683,-1,-1,-1
157,58,65.04891967773438,441.18902587890625,74.80398559570312,144.3306884765625,0.700893223285675,-1,-1,-1
158,5,531.1836547851562,400.41741943359375,43.17498779296875,139.76702880859375,0.8263861536979675,-1,-1,-1
158,16,816.7614135742188,435.831787109375,163.3077392578125,83.6263427734375,0.6522946357727051,-1,-1,-1
158,8,710.0498046875,395.3197326660156,74.358154296875,148.96102905273438,0.895235002040863,-1,-1,-1
158,43,305.5301208496094,352.47418212890625,57.99322509765625,118.4552001953125,0.8797919154167175,-1,-1,-1
158,12,693.8455200195312,328.7029724121094,60.21051025390625,89.82904052734375,0.8042844533920288,-1,-1,-1
158,48,148.0124969482422,370.5042419433594,58.15069580078125,139.32684326171875,0.8853062391281128,-1,-1,-1
158,25,616.8624877929688,354.49395751953125,61.36590576171875,148.64840698242188,0.869949221611023,-1,-1,-1
158,39,1022.9119262695312,341.09490966796875,66.05828857421875,125.57440185546875,0.8149497509002686,-1,-1,-1
158,3,524.7030029296875,519.1483764648438,59.59228515625,170.923828125,0.8724184632301331,-1,-1,-1
158,52,431.53515625,305.0634460449219,61.13165283203125,130.00161743164062,0.8986431956291199,-1,-1,-1
158,21,1140.00341796875,256.895751953125,54.0172119140625,101.52047729492188,0.8428003787994385,-1,-1,-1
158,41,514.9404296875,346.39105224609375,39.0596923828125,148.25634765625,0.7219969034194946,-1,-1,-1
158,47,41.402523040771484,530.50048828125,70.29007339477539,184.46044921875,0.8554065227508545,-1,-1,-1
158,58,67.19576263427734,434.1387023925781,77.22208404541016,151.54043579101562,0.7204886078834534,-1,-1,-1
159,5,531.7142333984375,398.90582275390625,41.4774169921875,139.830322265625,0.7622122764587402,-1,-1,-1
159,16,824.2959594726562,434.9728088378906,151.49847412109375,78.38943481445312,0.7755993604660034,-1,-1,-1
159,8,709.0114135742188,392.1945495605469,75.12652587890625,150.39328002929688,0.8973805904388428,-1,-1,-1
159,43,300.1786804199219,351.2623291015625,54.736572265625,118.590576171875,0.8462027907371521,-1,-1,-1
159,12,692.2520141601562,323.2925720214844,58.783935546875,110.19720458984375,0.8059046864509583,-1,-1,-1
159,48,154.3442840576172,367.3689880371094,49.52519226074219,140.48001098632812,0.8719906210899353,-1,-1,-1
159,25,616.8591918945312,351.7938232421875,62.65179443359375,150.52120971679688,0.8525995016098022,-1,-1,-1
159,39,1017.6802368164062,338.38604736328125,68.18768310546875,127.315673828125,0.7766666412353516,-1,-1,-1
159,3,522.7044067382812,517.0904541015625,60.75726318359375,172.2244873046875,0.8579689860343933,-1,-1,-1
159,52,426.84124755859375,303.6470031738281,62.23199462890625,130.19064331054688,0.880263090133667,-1,-1,-1
159,21,1139.7813720703125,253.92465209960938,54.9697265625,102.55291748046875,0.8483729958534241,-1,-1,-1
159,41,512.0361328125,343.6714782714844,46.02532958984375,149.4984130859375,0.6603788733482361,-1,-1,-1
159,47,38.73381805419922,529.2305908203125,71.4692611694336,182.790283203125,0.8467050194740295,-1,-1,-1
159,58,68.57593536376953,428.35986328125,79.92472076416016,166.3653564453125,0.8717355132102966,-1,-1,-1
160,5,529.9412231445312,396.4741516113281,42.5274658203125,141.19796752929688,0.7940959334373474,-1,-1,-1
160,16,825.458984375,434.3108215332031,144.31512451171875,79.02163696289062,0.8086023926734924,-1,-1,-1
160,8,705.5946655273438,389.6985778808594,78.71588134765625,151.08108520507812,0.8896182179450989,-1,-1,-1
160,43,293.3297119140625,350.9717712402344,54.111358642578125,117.39492797851562,0.8668297529220581,-1,-1,-1
160,12,690.5831298828125,318.296875,57.69976806640625,119.73406982421875,0.8248752355575562,-1,-1,-1
160,48,159.47149658203125,364.58502197265625,42.09403991699219,137.58905029296875,0.8382408618927002,-1,-1,-1
160,25,617.2783203125,350.527587890625,64.31304931640625,150.05999755859375,0.6837620735168457,-1,-1,-1
160,39,1016.1769409179688,337.4615783691406,64.31500244140625,130.04986572265625,0.7764644026756287,-1,-1,-1
160,3,521.4581298828125,515.4260864257812,60.244384765625,171.814208984375,0.8541519045829773,-1,-1,-1
160,52,421.492431640625,301.1148681640625,63.36492919921875,130.85345458984375,0.8830573558807373,-1,-1,-1
160,21,1139.573486328125,250.7781219482422,54.8353271484375,103.74742126464844,0.853190541267395,-1,-1,-1
160,41,508.88372802734375,339.4820251464844,37.7327880859375,150.03732299804688,0.7785606384277344,-1,-1,-1
160,47,35.927642822265625,527.507080078125,72.34662628173828,183.1427001953125,0.8423009514808655,-1,-1,-1
160,58,70.88826751708984,424.3717346191406,82.51750946044922,165.90786743164062,0.8943761587142944,-1,-1,-1
161,5,529.27685546875,394.46575927734375,42.99688720703125,141.5076904296875,0.7754834890365601,-1,-1,-1
161,16,822.015869140625,435.4953918457031,143.3094482421875,76.04183959960938,0.815702497959137,-1,-1,-1
161,8,698.387451171875,389.2264099121094,86.4029541015625,150.87527465820312,0.8985409140586853,-1,-1,-1
161,43,284.71392822265625,350.7782897949219,56.945404052734375,116.08807373046875,0.8542447090148926,-1,-1,-1
161,12,689.371826171875,314.10015869140625,56.08367919921875,123.91098022460938,0.7681334614753723,-1,-1,-1
161,48,161.35789489746094,362.3551940917969,42.442169189453125,135.89501953125,0.8562542200088501,-1,-1,-1
161,25,616.8350830078125,349.8478698730469,68.14208984375,148.80496215820312,0.7064802050590515,-1,-1,-1
161,39,1015.8176879882812,337.3547668457031,61.32293701171875,132.88345336914062,0.8811131715774536,-1,-1,-1
161,3,520.3157958984375,512.1904907226562,60.17523193359375,173.35284423828125,0.8320497274398804,-1,-1,-1
161,52,418.5051574707031,299.1310729980469,61.805084228515625,130.53646850585938,0.887811541557312,-1,-1,-1
161,21,1139.3251953125,248.45278930664062,55.601318359375,103.73281860351562,0.8435600996017456,-1,-1,-1
161,41,501.2008972167969,335.9234313964844,40.670135498046875,149.80783081054688,0.7227432727813721,-1,-1,-1
161,47,33.66056823730469,526.2227172851562,73.53471374511719,183.85748291015625,0.8316419720649719,-1,-1,-1
161,58,72.93321228027344,421.8556823730469,84.56820678710938,168.16836547851562,0.8865942358970642,-1,-1,-1
162,5,528.8853759765625,393.2422790527344,43.28643798828125,140.92678833007812,0.7879509925842285,-1,-1,-1
162,16,817.4110107421875,438.0541076660156,144.475341796875,71.5274658203125,0.8222371935844421,-1,-1,-1
162,8,692.744140625,390.57568359375,92.194580078125,149.6468505859375,0.8922755122184753,-1,-1,-1
162,43,276.0503234863281,351.52587890625,60.8446044921875,115.19009399414062,0.8805561661720276,-1,-1,-1
162,12,688.1998901367188,310.90155029296875,54.60546875,122.58203125,0.7899417877197266,-1,-1,-1
162,48,162.6516876220703,360.9744873046875,44.95039367675781,142.978515625,0.8611598610877991,-1,-1,-1
162,25,616.738525390625,349.1658020019531,70.54083251953125,150.19595336914062,0.7320864200592041,-1,-1,-1
162,39,1006.9881591796875,339.17218017578125,69.591552734375,132.94375610351562,0.891076385974884,-1,-1,-1
162,3,518.7681274414062,510.68389892578125,60.71722412109375,174.19805908203125,0.8445942997932434,-1,-1,-1
162,52,415.6942138671875,296.95465087890625,60.579620361328125,130.97348022460938,0.86148601770401,-1,-1,-1
162,21,1139.3277587890625,246.1675262451172,55.880859375,103.96913146972656,0.8265268802642822,-1,-1,-1
162,41,493.5938415527344,333.0108947753906,48.733306884765625,153.896484375,0.7659318447113037,-1,-1,-1
162,47,31.504941940307617,525.35888671875,73.53549385070801,184.500732421875,0.8173097372055054,-1,-1,-1
162,58,75.47713470458984,421.1455383300781,84.86539459228516,174.58853149414062,0.8731151223182678,-1,-1,-1
163,5,528.8878173828125,392.349365234375,43.10498046875,141.42987060546875,0.7913699150085449,-1,-1,-1
163,16,812.437255859375,440.65167236328125,146.09832763671875,68.340087890625,0.7932955622673035,-1,-1,-1
163,8,689.3181762695312,393.6715393066406,95.85882568359375,147.35794067382812,0.8867671489715576,-1,-1,-1
163,43,270.1522521972656,353.1234436035156,63.69287109375,114.10693359375,0.8935641050338745,-1,-1,-1
163,12,684.125732421875,308.6571044921875,57.625,122.64657592773438,0.7072082757949829,-1,-1,-1
163,48,164.0784454345703,361.40240478515625,48.92976379394531,143.11251831054688,0.8401145935058594,-1,-1,-1
163,25,616.9760131835938,349.3542175292969,70.5916748046875,152.59042358398438,0.8056644201278687,-1,-1,-1
163,39,996.6265869140625,342.51214599609375,81.1109619140625,130.08010864257812,0.881352961063385,-1,-1,-1
163,3,517.8734741210938,510.61138916015625,60.93170166015625,174.138427734375,0.8544096946716309,-1,-1,-1
163,52,413.599365234375,296.2791442871094,59.938079833984375,130.92684936523438,0.8623467087745667,-1,-1,-1
163,21,1140.0455322265625,244.67425537109375,55.7899169921875,104.20928955078125,0.8022326827049255,-1,-1,-1
163,41,484.6531066894531,332.3959655761719,57.579864501953125,157.16000366210938,0.7663632035255432,-1,-1,-1
163,47,28.634119033813477,525.2140502929688,79.00658988952637,184.69793701171875,0.8340584635734558,-1,-1,-1
163,58,78.08024597167969,422.49700927734375,86.2451171875,175.50494384765625,0.8633952140808105,-1,-1,-1
164,5,528.5750122070312,392.0968322753906,43.77484130859375,141.40835571289062,0.7981460094451904,-1,-1,-1
164,16,809.6500854492188,443.8405456542969,146.3544921875,64.96319580078125,0.8070195913314819,-1,-1,-1
164,8,686.097900390625,395.572265625,99.3623046875,149.4744873046875,0.8870185613632202,-1,-1,-1
164,43,266.7926940917969,354.2671813964844,65.42233276367188,113.87640380859375,0.8789592981338501,-1,-1,-1
164,12,682.57373046875,306.9896545410156,58.03863525390625,119.17529296875,0.7521543502807617,-1,-1,-1
164,48,165.38214111328125,363.2577819824219,54.44328308105469,144.93325805664062,0.8430423140525818,-1,-1,-1
164,25,617.0828857421875,349.81024169921875,73.75421142578125,153.7152099609375,0.8394472599029541,-1,-1,-1
164,39,987.7509155273438,346.8719787597656,91.15509033203125,126.29486083984375,0.8802981972694397,-1,-1,-1
164,3,517.068115234375,511.6107482910156,60.8021240234375,173.84194946289062,0.8593751788139343,-1,-1,-1
164,52,412.2418212890625,295.0531311035156,59.5081787109375,132.03369140625,0.8380467295646667,-1,-1,-1
164,21,1141.05322265625,243.83143615722656,55.91455078125,104.83009338378906,0.8244385123252869,-1,-1,-1
164,41,475.66748046875,333.74725341796875,67.86907958984375,158.52377319335938,0.687135636806488,-1,-1,-1
164,47,26.223522186279297,525.0824584960938,80.83272933959961,184.64306640625,0.8234151601791382,-1,-1,-1
164,58,80.45260620117188,425.47662353515625,88.73814392089844,174.45941162109375,0.8464122414588928,-1,-1,-1
165,5,529.12255859375,392.39727783203125,44.0157470703125,141.82452392578125,0.8002042174339294,-1,-1,-1
165,16,807.9125366210938,447.0160827636719,144.888427734375,61.0181884765625,0.7978674173355103,-1,-1,-1
165,8,683.2554321289062,396.3041687011719,102.299072265625,151.96884155273438,0.8850749731063843,-1,-1,-1
165,43,265.6134948730469,355.15673828125,65.29144287109375,113.63116455078125,0.8675594329833984,-1,-1,-1
165,12,680.3839111328125,306.0862121582031,58.2076416015625,117.08029174804688,0.7350817918777466,-1,-1,-1
165,48,166.83091735839844,366.2959899902344,59.03956604003906,144.65606689453125,0.8642498850822449,-1,-1,-1
165,25,617.8344116210938,350.46209716796875,72.32373046875,153.61795043945312,0.5043784379959106,-1,-1,-1
165,39,980.7000122070312,350.526611328125,99.16558837890625,123.50692749023438,0.8773549199104309,-1,-1,-1
165,3,516.8475341796875,511.8752136230469,60.63507080078125,175.03378295898438,0.8667907118797302,-1,-1,-1
165,52,411.34375,292.494140625,59.4119873046875,134.81854248046875,0.7934053540229797,-1,-1,-1
165,21,1141.989013671875,243.81227111816406,56.5589599609375,104.73301696777344,0.8330058455467224,-1,-1,-1
165,41,469.19482421875,335.2947082519531,66.41644287109375,158.47879028320312,0.6100846529006958,-1,-1,-1
165,47,24.853967666625977,525.4884643554688,82.0838451385498,187.37921142578125,0.832643449306488,-1,-1,-1
165,58,83.45174407958984,430.22991943359375,90.34915924072266,169.8519287109375,0.8681107759475708,-1,-1,-1
166,5,530.9932250976562,392.92205810546875,43.4512939453125,142.45843505859375,0.7935357689857483,-1,-1,-1
166,16,807.3547973632812,448.8611145019531,143.57861328125,58.561004638671875,0.8023475408554077,-1,-1,-1
166,43,264.7891845703125,355.5443115234375,64.53887939453125,114.32022094726562,0.8369787931442261,-1,-1,-1
166,12,678.7383422851562,305.9412841796875,58.2557373046875,117.0072021484375,0.7576317191123962,-1,-1,-1
166,48,167.60775756835938,370.27099609375,61.38044738769531,142.64605712890625,0.8760184645652771,-1,-1,-1
166,25,618.4869384765625,354.2231140136719,55.13482666015625,150.9771728515625,0.7109581232070923,-1,-1,-1
166,39,974.784912109375,352.99688720703125,105.53857421875,122.1090087890625,0.8790854811668396,-1,-1,-1
166,3,516.9841918945312,510.9872741699219,60.79925537109375,177.27261352539062,0.8597272634506226,-1,-1,-1
166,52,410.1732482910156,293.68798828125,58.429351806640625,134.48361206054688,0.8123044371604919,-1,-1,-1
166,21,1143.9339599609375,244.05299377441406,56.69677734375,104.46873474121094,0.8244491815567017,-1,-1,-1
166,41,465.04229736328125,339.0606384277344,64.0323486328125,158.06900024414062,0.8286541700363159,-1,-1,-1
166,47,24.135175704956055,526.0865478515625,76.35508918762207,187.47528076171875,0.8388966917991638,-1,-1,-1
166,58,86.62600708007812,434.7815246582031,89.82363891601562,166.75064086914062,0.8832578659057617,-1,-1,-1
166,60,582.5805053710938,179.4476318359375,42.6090087890625,143.32327270507812,0.40318983793258667,-1,-1,-1
167,5,531.4751586914062,393.4373779296875,44.4090576171875,141.92779541015625,0.7962580323219299,-1,-1,-1
167,16,807.1390380859375,448.78350830078125,142.701171875,57.515350341796875,0.7713269591331482,-1,-1,-1
167,43,263.54022216796875,355.5199279785156,62.897125244140625,115.35165405273438,0.8061004877090454,-1,-1,-1
167,12,675.047607421875,305.8967590332031,58.879638671875,116.56982421875,0.6903918385505676,-1,-1,-1
167,48,167.84619140625,374.2256164550781,63.07489013671875,139.39627075195312,0.8803614974021912,-1,-1,-1
167,25,618.8026123046875,355.4798889160156,50.9891357421875,150.86138916015625,0.7440243363380432,-1,-1,-1
167,39,973.561767578125,354.0781555175781,105.857666015625,121.30502319335938,0.8667089343070984,-1,-1,-1
167,3,516.947021484375,512.277099609375,61.11895751953125,177.3587646484375,0.8693265318870544,-1,-1,-1
167,52,408.84210205078125,295.86883544921875,53.868743896484375,133.37753295898438,0.8198472261428833,-1,-1,-1
167,21,1145.51025390625,244.29525756835938,56.38818359375,104.57440185546875,0.7941197156906128,-1,-1,-1
167,41,462.7760925292969,342.99530029296875,63.153594970703125,157.7906494140625,0.8379087448120117,-1,-1,-1
167,47,23.336042404174805,526.891357421875,73.73597145080566,188.9188232421875,0.8575534224510193,-1,-1,-1
167,58,89.48535919189453,438.729248046875,87.24425506591797,166.69476318359375,0.8957030177116394,-1,-1,-1
167,8,685.8826904296875,397.5623474121094,95.988525390625,153.31173706054688,0.8657075762748718,-1,-1,-1
168,5,532.0117797851562,394.144287109375,44.64398193359375,142.44012451171875,0.7824787497520447,-1,-1,-1
168,16,807.739013671875,446.99871826171875,141.6109619140625,60.144683837890625,0.7690116167068481,-1,-1,-1
168,43,261.4103088378906,355.2792053222656,59.811492919921875,116.52413940429688,0.8271151781082153,-1,-1,-1
168,12,674.7012329101562,306.30242919921875,55.7535400390625,114.9530029296875,0.6179865002632141,-1,-1,-1
168,48,168.38233947753906,376.69073486328125,62.29046630859375,138.67303466796875,0.8871418833732605,-1,-1,-1
168,25,619.2354125976562,355.86407470703125,50.337890625,151.6651611328125,0.7888107299804688,-1,-1,-1
168,39,972.8783569335938,354.75909423828125,103.94354248046875,120.98440551757812,0.8913693428039551,-1,-1,-1
168,3,516.7337646484375,513.538818359375,61.35968017578125,177.840576171875,0.8783562779426575,-1,-1,-1
168,52,407.0773010253906,296.6307373046875,48.78778076171875,133.93649291992188,0.8149346709251404,-1,-1,-1
168,21,1147.4886474609375,244.49551391601562,56.0347900390625,104.647705078125,0.8197342753410339,-1,-1,-1
168,41,462.5575866699219,343.71917724609375,62.338836669921875,159.88711547851562,0.8222991824150085,-1,-1,-1
168,47,22.348125457763672,528.135009765625,72.4446907043457,189.50091552734375,0.8621142506599426,-1,-1,-1
168,58,92.3104019165039,441.2019348144531,83.63159942626953,165.87399291992188,0.904293954372406,-1,-1,-1
168,8,685.8541259765625,398.7878723144531,89.25726318359375,153.49826049804688,0.871256947517395,-1,-1,-1
169,5,532.5453491210938,395.615234375,45.08258056640625,142.25665283203125,0.8133701086044312,-1,-1,-1
169,16,809.3999633789062,444.95477294921875,140.72503662109375,62.294097900390625,0.8039373755455017,-1,-1,-1
169,43,258.08758544921875,354.82177734375,55.1708984375,117.97695922851562,0.8557780981063843,-1,-1,-1
169,12,675.212646484375,307.0985107421875,52.25445556640625,112.31393432617188,0.6273024082183838,-1,-1,-1
169,48,170.71469116210938,377.5957336425781,57.9326171875,139.73422241210938,0.8802207708358765,-1,-1,-1
169,25,620.366943359375,355.2182922363281,46.01318359375,153.54379272460938,0.8084875345230103,-1,-1,-1
169,39,974.3880615234375,354.854736328125,97.7886962890625,120.60910034179688,0.909084677696228,-1,-1,-1
169,3,517.0540771484375,514.306640625,61.60601806640625,178.46832275390625,0.8810721039772034,-1,-1,-1
169,52,404.8480224609375,296.7755126953125,45.50885009765625,135.03170776367188,0.8151289820671082,-1,-1,-1
169,21,1149.502197265625,245.08062744140625,56.2418212890625,105.56246948242188,0.8157781958580017,-1,-1,-1
169,41,464.69757080078125,346.42376708984375,60.142578125,159.32785034179688,0.8403702974319458,-1,-1,-1
169,47,21.59874725341797,529.53076171875,71.98126983642578,189.49951171875,0.8689237236976624,-1,-1,-1
169,58,92.86402130126953,442.8236999511719,82.47986602783203,165.70358276367188,0.9099498987197876,-1,-1,-1
169,8,686.347900390625,398.7777099609375,80.435546875,154.55242919921875,0.8689935803413391,-1,-1,-1
170,5,533.0017700195312,397.1181945800781,45.400146484375,141.26626586914062,0.8194879293441772,-1,-1,-1
170,16,812.2237548828125,442.5408020019531,139.1475830078125,64.94244384765625,0.8007182478904724,-1,-1,-1
170,43,254.8533172607422,354.5518493652344,50.32206726074219,119.36090087890625,0.8913832306861877,-1,-1,-1
170,12,676.1119995117188,307.3650817871094,49.6412353515625,109.81637573242188,0.5931501984596252,-1,-1,-1
170,48,172.2008514404297,377.7330322265625,54.5299072265625,140.77960205078125,0.875810980796814,-1,-1,-1
170,25,622.1025390625,354.4658203125,44.64910888671875,155.8826904296875,0.8292484879493713,-1,-1,-1
170,39,976.459228515625,355.0068054199219,89.178955078125,122.02047729492188,0.9038109183311462,-1,-1,-1
170,3,517.35693359375,516.9880981445312,62.09375,177.485595703125,0.8845087289810181,-1,-1,-1
170,52,401.71990966796875,297.19287109375,45.8665771484375,135.64492797851562,0.8467673063278198,-1,-1,-1
170,21,1151.3240966796875,246.26437377929688,57.947021484375,105.9189453125,0.8367745280265808,-1,-1,-1
170,41,469.5260314941406,353.4082336425781,57.027557373046875,154.06625366210938,0.8689137697219849,-1,-1,-1
170,47,20.856487274169922,530.9393310546875,71.07132339477539,188.57147216796875,0.8778009414672852,-1,-1,-1
170,58,90.07624816894531,443.76025390625,83.70793151855469,169.049072265625,0.9076454639434814,-1,-1,-1
170,8,688.237060546875,398.0605163574219,70.81304931640625,157.42178344726562,0.8829938769340515,-1,-1,-1
171,5,533.1145629882812,397.8248596191406,46.209716796875,141.28994750976562,0.8297442197799683,-1,-1,-1
171,16,816.5401611328125,440.2057189941406,136.48992919921875,67.17474365234375,0.8072600364685059,-1,-1,-1
171,43,251.1479949951172,354.4898376464844,50.12425231933594,119.90625,0.8867468237876892,-1,-1,-1
171,12,676.1861572265625,306.20928955078125,50.152587890625,105.770263671875,0.5869298577308655,-1,-1,-1
171,48,171.79071044921875,376.9068298339844,53.36566162109375,142.25747680664062,0.8716954588890076,-1,-1,-1
171,25,624.0989379882812,353.6050109863281,40.5721435546875,157.901611328125,0.8399639129638672,-1,-1,-1
171,39,978.516845703125,354.4772644042969,79.8475341796875,122.84237670898438,0.895707905292511,-1,-1,-1
171,3,517.8130493164062,519.0216674804688,62.19403076171875,176.718505859375,0.8859382271766663,-1,-1,-1
171,52,398.584716796875,296.5106201171875,46.73663330078125,137.14169311523438,0.8774423003196716,-1,-1,-1
171,21,1153.8505859375,246.90255737304688,57.003173828125,105.88421630859375,0.8423680663108826,-1,-1,-1
171,41,474.8145751953125,359.3172302246094,53.34625244140625,149.47280883789062,0.8686356544494629,-1,-1,-1
171,47,20.18163299560547,531.8702392578125,71.0811996459961,187.5018310546875,0.8764379024505615,-1,-1,-1
171,58,84.95848846435547,444.3623046875,87.5068130493164,169.9228515625,0.9047019481658936,-1,-1,-1
171,8,689.3477783203125,394.75262451171875,66.9620361328125,162.71087646484375,0.8952961564064026,-1,-1,-1
172,5,533.296630859375,398.4151916503906,47.19781494140625,143.47744750976562,0.8382731676101685,-1,-1,-1
172,16,820.9879150390625,437.3255615234375,134.50128173828125,71.32577514648438,0.7869584560394287,-1,-1,-1
172,43,247.41134643554688,354.66168212890625,52.44647216796875,120.164306640625,0.8802074193954468,-1,-1,-1
172,12,674.5331420898438,330.4945983886719,46.51806640625,114.00094604492188,0.5472803115844727,-1,-1,-1
172,48,171.14093017578125,376.2052001953125,53.0841064453125,143.56463623046875,0.8693906664848328,-1,-1,-1
172,25,626.5614624023438,352.6431884765625,39.1512451171875,159.28900146484375,0.8108568787574768,-1,-1,-1
172,39,980.4381713867188,353.4872741699219,70.02972412109375,125.2073974609375,0.8898838758468628,-1,-1,-1
172,3,518.1220092773438,520.0069580078125,62.2020263671875,176.54736328125,0.8904263973236084,-1,-1,-1
172,52,393.2982482910156,297.0908203125,49.712677001953125,137.22714233398438,0.879485547542572,-1,-1,-1
172,21,1155.9263916015625,246.48562622070312,57.185302734375,107.1226806640625,0.8442763090133667,-1,-1,-1
172,41,478.802490234375,362.02520751953125,51.67718505859375,147.25173950195312,0.8428905010223389,-1,-1,-1
172,47,19.89573860168457,532.4407958984375,72.24462699890137,186.632080078125,0.8601449131965637,-1,-1,-1
172,58,86.04010009765625,444.4189147949219,89.17124938964844,168.81918334960938,0.8402412533760071,-1,-1,-1
172,8,690.4857177734375,393.662353515625,65.43035888671875,165.50537109375,0.9008529782295227,-1,-1,-1
173,5,533.1796875,398.8951416015625,48.43048095703125,144.8463134765625,0.8369524478912354,-1,-1,-1
173,16,824.1878051757812,434.5066833496094,133.81695556640625,75.43984985351562,0.8396398425102234,-1,-1,-1
173,43,241.59120178222656,355.802734375,56.39683532714844,119.29730224609375,0.843899667263031,-1,-1,-1
173,48,170.70069885253906,375.9862365722656,52.95726013183594,144.45071411132812,0.8570998907089233,-1,-1,-1
173,25,628.7808837890625,352.285888671875,40.42779541015625,160.20166015625,0.813265860080719,-1,-1,-1
173,39,981.6845703125,352.52825927734375,62.019775390625,127.74322509765625,0.9008526802062988,-1,-1,-1
173,3,518.2264404296875,520.362060546875,62.16473388671875,176.61614990234375,0.8851510286331177,-1,-1,-1
173,52,386.88287353515625,298.9015197753906,53.538665771484375,135.7593994140625,0.8942004442214966,-1,-1,-1
173,21,1157.2176513671875,246.63601684570312,57.98046875,107.37738037109375,0.8557725548744202,-1,-1,-1
173,41,479.9163513183594,362.96612548828125,52.552764892578125,146.26373291015625,0.8170639276504517,-1,-1,-1
173,47,19.364038467407227,532.7861938476562,75.4074535369873,186.155029296875,0.8680708408355713,-1,-1,-1
173,58,85.08882904052734,444.6690673828125,98.9243392944336,169.2822265625,0.8981450200080872,-1,-1,-1
173,8,690.9658203125,390.70819091796875,64.64739990234375,168.41192626953125,0.9055188298225403,-1,-1,-1
173,62,589.2999267578125,400.1114196777344,24.0010986328125,142.21731567382812,0.503288984298706,-1,-1,-1
174,5,531.9722900390625,399.0329895019531,50.87152099609375,145.61209106445312,0.8319430351257324,-1,-1,-1
174,16,826.364013671875,431.4950256347656,133.3543701171875,78.7503662109375,0.8452222943305969,-1,-1,-1
174,43,231.98648071289062,357.5643615722656,60.38372802734375,118.0133056640625,0.8313061594963074,-1,-1,-1
174,48,170.46395874023438,376.45062255859375,51.83036804199219,145.38726806640625,0.8446105122566223,-1,-1,-1
174,25,631.114013671875,352.230712890625,39.76080322265625,157.10086059570312,0.8379538059234619,-1,-1,-1
174,39,981.2704467773438,351.1527404785156,58.40899658203125,131.4647216796875,0.9079976677894592,-1,-1,-1
174,3,518.2042846679688,520.3494262695312,62.24481201171875,176.95135498046875,0.8884490728378296,-1,-1,-1
174,52,378.7404479980469,300.1236877441406,59.122528076171875,134.29306030273438,0.9000842571258545,-1,-1,-1
174,21,1158.419189453125,245.94126892089844,58.177490234375,107.82017517089844,0.8449756503105164,-1,-1,-1
174,41,480.6551208496094,362.9260559082031,53.346710205078125,146.0,0.7906031012535095,-1,-1,-1
174,47,18.790441513061523,533.223876953125,80.6056079864502,185.73602294921875,0.8821144104003906,-1,-1,-1
174,58,86.53069305419922,443.73187255859375,107.96100616455078,165.33306884765625,0.8204176425933838,-1,-1,-1
174,8,691.140869140625,387.973388671875,64.0404052734375,168.55322265625,0.9041480422019958,-1,-1,-1
174,12,674.6959228515625,308.6980285644531,54.87042236328125,137.2457275390625,0.5818208456039429,-1,-1,-1
175,5,529.542236328125,399.09112548828125,53.548095703125,146.0633544921875,0.8229881525039673,-1,-1,-1
175,16,828.747802734375,428.43231201171875,132.85675048828125,83.681884765625,0.8206697702407837,-1,-1,-1
175,43,219.87196350097656,359.63287353515625,70.56358337402344,116.06103515625,0.8074568510055542,-1,-1,-1
175,48,170.13406372070312,377.743896484375,49.96846008300781,143.62103271484375,0.842576801776886,-1,-1,-1
175,25,631.9739379882812,352.1739807128906,42.6878662109375,153.17263793945312,0.8482279777526855,-1,-1,-1
175,39,980.981689453125,350.1824645996094,57.08349609375,134.09310913085938,0.8964970707893372,-1,-1,-1
175,3,517.9415283203125,520.4094848632812,62.3406982421875,177.29620361328125,0.8871634602546692,-1,-1,-1
175,52,372.5279235839844,301.0926818847656,62.7042236328125,133.34017944335938,0.9109585285186768,-1,-1,-1
175,21,1160.5419921875,245.17222595214844,57.30224609375,107.74595642089844,0.8345900177955627,-1,-1,-1
175,41,480.7105407714844,359.87847900390625,55.625762939453125,148.92361450195312,0.7974693775177002,-1,-1,-1
175,47,17.253623962402344,533.4473266601562,85.44941711425781,185.71527099609375,0.8870614171028137,-1,-1,-1
175,58,90.22758483886719,441.6318664550781,103.974609375,154.92483520507812,0.8404651880264282,-1,-1,-1
175,8,691.4410400390625,389.8124084472656,62.517333984375,164.06887817382812,0.9066857099533081,-1,-1,-1
175,12,676.5166015625,302.3407287597656,56.5648193359375,107.80905151367188,0.5585901737213135,-1,-1,-1
176,5,529.81494140625,398.9970397949219,53.52520751953125,146.40853881835938,0.828249454498291,-1,-1,-1
176,16,830.422119140625,426.4261779785156,132.18402099609375,86.56973266601562,0.8369969129562378,-1,-1,-1
176,43,208.3665313720703,361.6929016113281,75.66560363769531,114.39938354492188,0.8013307452201843,-1,-1,-1
176,48,170.09698486328125,379.62554931640625,49.037933349609375,141.15093994140625,0.8245575428009033,-1,-1,-1
176,25,632.8886108398438,352.3725891113281,45.23187255859375,151.2122802734375,0.8413869142532349,-1,-1,-1
176,39,980.5601196289062,350.1235046386719,56.12396240234375,135.896240234375,0.8917148113250732,-1,-1,-1
176,3,517.6463623046875,520.5480346679688,62.5924072265625,177.93212890625,0.8860129117965698,-1,-1,-1
176,52,368.0777282714844,302.135009765625,63.977813720703125,132.1324462890625,0.9251939058303833,-1,-1,-1
176,21,1161.91650390625,244.84414672851562,57.2921142578125,108.33660888671875,0.8328375816345215,-1,-1,-1
176,41,480.7737121582031,354.9602355957031,56.127166748046875,153.6943359375,0.8128460645675659,-1,-1,-1
176,47,16.32468605041504,533.559814453125,83.59193229675293,185.576171875,0.8652225732803345,-1,-1,-1
176,58,84.11132049560547,439.5791320800781,108.1348648071289,171.42037963867188,0.8414594531059265,-1,-1,-1
176,8,689.7337646484375,390.4271240234375,62.4189453125,162.03802490234375,0.9126104712486267,-1,-1,-1
176,12,679.5022583007812,299.06365966796875,57.17181396484375,98.10910034179688,0.6133213043212891,-1,-1,-1
177,5,530.2566528320312,398.0658874511719,53.48236083984375,147.10134887695312,0.8203962445259094,-1,-1,-1
177,16,833.9489135742188,425.760498046875,131.07000732421875,86.83721923828125,0.8335484266281128,-1,-1,-1
177,43,202.70526123046875,362.61944580078125,77.04327392578125,113.58343505859375,0.6067495346069336,-1,-1,-1
177,48,169.8996124267578,381.3370361328125,48.55717468261719,147.4462890625,0.7904341220855713,-1,-1,-1
177,25,634.313232421875,352.3888244628906,47.29852294921875,151.3682861328125,0.8415766358375549,-1,-1,-1
177,39,981.5362548828125,350.990966796875,54.90380859375,136.01364135742188,0.8975874185562134,-1,-1,-1
177,3,517.6764526367188,520.537841796875,62.700439453125,178.70391845703125,0.8897449374198914,-1,-1,-1
177,52,365.3529357910156,303.136962890625,63.733367919921875,131.27142333984375,0.9164211750030518,-1,-1,-1
177,21,1163.8616943359375,244.04928588867188,57.52783203125,109.30035400390625,0.8454118371009827,-1,-1,-1
177,41,481.4831848144531,349.9646301269531,57.787750244140625,158.56243896484375,0.7759003639221191,-1,-1,-1
177,47,15.19782829284668,533.775390625,93.79631233215332,185.40814208984375,0.8421230912208557,-1,-1,-1
177,58,86.9468002319336,439.0649108886719,102.3522720336914,174.68655395507812,0.8354953527450562,-1,-1,-1
177,8,686.378662109375,387.508544921875,63.94451904296875,163.7388916015625,0.9165673851966858,-1,-1,-1
177,12,683.3740844726562,296.1187438964844,58.0430908203125,109.96090698242188,0.43054333329200745,-1,-1,-1
178,5,528.8360595703125,395.207275390625,54.5518798828125,149.9271240234375,0.8184366226196289,-1,-1,-1
178,16,835.7714233398438,425.5956115722656,132.41668701171875,87.69235229492188,0.8042744994163513,-1,-1,-1
178,43,202.1316680908203,362.8398132324219,75.10627746582031,113.52432250976562,0.7911293506622314,-1,-1,-1
178,48,169.60272216796875,383.1814270019531,48.00526428222656,152.32815551757812,0.7985356450080872,-1,-1,-1
178,25,635.5534057617188,352.62237548828125,48.95379638671875,151.2237548828125,0.8344137072563171,-1,-1,-1
178,39,983.046142578125,352.3607482910156,53.212890625,134.67938232421875,0.894522488117218,-1,-1,-1
178,3,517.7356567382812,520.814208984375,62.78857421875,178.919189453125,0.8933639526367188,-1,-1,-1
178,52,363.42132568359375,303.7011413574219,63.560455322265625,130.85626220703125,0.9066965579986572,-1,-1,-1
178,21,1165.62158203125,242.61619567871094,58.437744140625,110.56513977050781,0.8543947339057922,-1,-1,-1
178,41,482.6274108886719,345.14703369140625,58.466156005859375,163.68899536132812,0.7757074236869812,-1,-1,-1
178,47,14.097953796386719,533.9599609375,100.46832275390625,185.3184814453125,0.8757856488227844,-1,-1,-1
178,58,88.35750579833984,438.9673156738281,92.32828521728516,159.85806274414062,0.832567572593689,-1,-1,-1
178,8,683.69677734375,387.7428283691406,65.89617919921875,161.58645629882812,0.9223999977111816,-1,-1,-1
178,12,682.9434204101562,294.1278076171875,61.4716796875,125.5830078125,0.6712273955345154,-1,-1,-1
178,60,585.5254516601562,178.7430877685547,43.226318359375,146.18748474121094,0.4001747965812683,-1,-1,-1
179,5,526.8997192382812,396.81402587890625,55.7838134765625,148.01336669921875,0.798289954662323,-1,-1,-1
179,16,837.1324462890625,426.35498046875,132.59906005859375,88.46484375,0.787425696849823,-1,-1,-1
179,43,201.61524963378906,363.9704895019531,74.16563415527344,112.63687133789062,0.7696665525436401,-1,-1,-1
179,48,168.93128967285156,384.75836181640625,47.91865539550781,151.77435302734375,0.7615894079208374,-1,-1,-1
179,25,636.79443359375,352.60491943359375,51.35662841796875,151.72293090820312,0.8058041930198669,-1,-1,-1
179,39,984.1826782226562,353.6638488769531,52.71624755859375,135.60006713867188,0.900786280632019,-1,-1,-1
179,3,517.7857055664062,521.4100952148438,62.864990234375,179.56414794921875,0.8915414214134216,-1,-1,-1
179,52,362.3210144042969,304.1733703613281,61.457427978515625,130.798583984375,0.8804029822349548,-1,-1,-1
179,21,1167.9615478515625,242.2655029296875,58.49609375,111.25839233398438,0.8453313112258911,-1,-1,-1
179,41,484.32086181640625,345.9513244628906,57.9462890625,161.89166259765625,0.7099068760871887,-1,-1,-1
179,47,12.423113822937012,534.8563842773438,104.25815296173096,184.360107421875,0.8871443271636963,-1,-1,-1
179,58,87.68289947509766,440.32763671875,90.05233001708984,157.81494140625,0.8565232753753662,-1,-1,-1
179,8,678.218017578125,391.6372985839844,71.8548583984375,156.85958862304688,0.8974353075027466,-1,-1,-1
179,12,689.6781616210938,292.52984619140625,58.07867431640625,124.40274047851562,0.7075710892677307,-1,-1,-1
180,5,525.2893676757812,400.5105895996094,57.0447998046875,145.48007202148438,0.7628453373908997,-1,-1,-1
180,16,840.3154907226562,427.9239501953125,133.532958984375,89.10089111328125,0.8028398752212524,-1,-1,-1
180,43,200.3169708251953,365.117919921875,74.37394714355469,112.2039794921875,0.7272806763648987,-1,-1,-1
180,48,169.6872100830078,386.8129577636719,48.52125549316406,139.09274291992188,0.6667782664299011,-1,-1,-1
180,25,637.5257568359375,352.5627746582031,55.354248046875,152.72479248046875,0.7830978035926819,-1,-1,-1
180,39,987.0064697265625,355.26031494140625,50.082275390625,136.91781616210938,0.8810761570930481,-1,-1,-1
180,3,518.019775390625,522.0762939453125,63.0406494140625,180.21978759765625,0.8945703506469727,-1,-1,-1
180,52,362.19073486328125,304.2136535644531,57.144866943359375,131.6065673828125,0.8638388514518738,-1,-1,-1
180,21,1170.6690673828125,242.198974609375,58.6058349609375,111.24691772460938,0.8451868295669556,-1,-1,-1
180,41,486.09161376953125,349.87677001953125,69.55517578125,156.71383666992188,0.7680038213729858,-1,-1,-1
180,47,11.234511375427246,535.749267578125,106.82912540435791,183.31805419921875,0.8932989835739136,-1,-1,-1
180,58,87.19757843017578,440.8778991699219,102.85094451904297,151.30087280273438,0.8225640654563904,-1,-1,-1
180,8,674.426025390625,390.61309814453125,76.7467041015625,157.70562744140625,0.8708334565162659,-1,-1,-1
180,12,693.0089721679688,289.7547912597656,57.27862548828125,137.04998779296875,0.42438334226608276,-1,-1,-1
181,5,525.4407958984375,404.5736999511719,56.4620361328125,141.27072143554688,0.7692333459854126,-1,-1,-1
181,16,842.8268432617188,428.3495178222656,134.3201904296875,91.00515747070312,0.8374477624893188,-1,-1,-1
181,43,204.08114624023438,365.32525634765625,69.02386474609375,111.33352661132812,0.6775047779083252,-1,-1,-1
181,48,171.00665283203125,387.7287902832031,49.93977355957031,132.12820434570312,0.6840112805366516,-1,-1,-1
181,25,638.0966186523438,351.8740234375,58.06536865234375,153.0758056640625,0.8056495189666748,-1,-1,-1
181,39,990.04296875,356.9795837402344,48.050537109375,136.96746826171875,0.8773947358131409,-1,-1,-1
181,3,518.546630859375,522.7723999023438,63.10174560546875,181.25518798828125,0.8926719427108765,-1,-1,-1
181,52,362.1823425292969,303.8483581542969,53.760284423828125,132.09295654296875,0.8528072834014893,-1,-1,-1
181,21,1172.8017578125,242.29127502441406,59.5494384765625,110.68077087402344,0.8439463376998901,-1,-1,-1
181,41,489.76446533203125,351.76611328125,70.31854248046875,153.88970947265625,0.7683880925178528,-1,-1,-1
181,47,10.746866226196289,536.2012329101562,109.02662467956543,182.371826171875,0.8978285789489746,-1,-1,-1
181,58,86.76287078857422,441.0865478515625,105.4458999633789,150.9454345703125,0.8509020209312439,-1,-1,-1
181,8,672.737060546875,389.6358642578125,79.48193359375,158.44061279296875,0.8732548356056213,-1,-1,-1
181,12,698.4723510742188,285.5235595703125,54.39276123046875,160.172607421875,0.4659607708454132,-1,-1,-1
182,5,525.3831176757812,406.29974365234375,56.9171142578125,139.837890625,0.7282345294952393,-1,-1,-1
182,16,847.0386962890625,428.4661865234375,133.3006591796875,93.51495361328125,0.8437008857727051,-1,-1,-1
182,43,204.79827880859375,365.0174560546875,64.25607299804688,112.876220703125,0.6705061793327332,-1,-1,-1
182,48,173.93203735351562,387.55633544921875,48.91351318359375,126.75262451171875,0.627106785774231,-1,-1,-1
182,25,638.0641479492188,351.0921936035156,59.81341552734375,153.6671142578125,0.7762632966041565,-1,-1,-1
182,39,992.7411499023438,358.0678405761719,46.57391357421875,137.03695678710938,0.8588466048240662,-1,-1,-1
182,3,519.2734375,523.520263671875,63.59515380859375,181.97137451171875,0.891223669052124,-1,-1,-1
182,52,362.2807312011719,302.9150085449219,51.567779541015625,133.30426025390625,0.8111171722412109,-1,-1,-1
182,21,1175.47314453125,241.46456909179688,59.526611328125,110.8721923828125,0.8212242126464844,-1,-1,-1
182,41,493.8734436035156,348.6838073730469,67.71487426757812,155.87384033203125,0.8149413466453552,-1,-1,-1
182,47,10.27585506439209,536.5707397460938,110.8728494644165,181.69146728515625,0.8985987305641174,-1,-1,-1
182,58,87.21612548828125,440.1006164550781,115.15812683105469,151.47811889648438,0.7472449541091919,-1,-1,-1
182,8,672.3197631835938,389.33343505859375,81.09814453125,158.9193115234375,0.8762458562850952,-1,-1,-1
182,12,702.9481201171875,278.5281677246094,51.33453369140625,156.6329345703125,0.4343165457248688,-1,-1,-1
183,5,509.4053039550781,407.1953125,73.81216430664062,140.2608642578125,0.8013071417808533,-1,-1,-1
183,16,851.9906005859375,428.6161193847656,131.54864501953125,95.42819213867188,0.856721818447113,-1,-1,-1
183,43,202.7949981689453,364.2296142578125,60.33287048339844,114.55038452148438,0.6100455522537231,-1,-1,-1
183,25,638.1465454101562,350.8192443847656,60.012451171875,153.62503051757812,0.7405163645744324,-1,-1,-1
183,39,995.5413208007812,359.3694763183594,45.15484619140625,136.3267822265625,0.8500475883483887,-1,-1,-1
183,3,520.0765991210938,524.1720581054688,63.8453369140625,182.229736328125,0.8912822008132935,-1,-1,-1
183,52,362.5612487792969,302.25018310546875,49.491790771484375,133.961669921875,0.7891424298286438,-1,-1,-1
183,21,1178.5458984375,240.962646484375,59.7171630859375,111.49917602539062,0.8395475745201111,-1,-1,-1
183,41,498.42779541015625,349.55316162109375,64.2806396484375,152.73477172851562,0.7698662877082825,-1,-1,-1
183,47,10.2777099609375,537.1599731445312,111.62979888916016,181.01177978515625,0.9053555727005005,-1,-1,-1
183,58,88.79216766357422,438.5519104003906,131.96585845947266,151.30972290039062,0.8476290106773376,-1,-1,-1
183,8,672.5265502929688,388.8661804199219,81.9447021484375,159.79727172851562,0.8848474025726318,-1,-1,-1
183,12,708.009033203125,274.2617492675781,49.55389404296875,158.12893676757812,0.5795368552207947,-1,-1,-1
184,5,507.4420471191406,407.89947509765625,76.81161499023438,142.20556640625,0.8352253437042236,-1,-1,-1
184,16,856.2273559570312,428.7035827636719,129.65875244140625,96.59445190429688,0.838948667049408,-1,-1,-1
184,43,200.96206665039062,362.58807373046875,51.36665344238281,112.43499755859375,0.5177221298217773,-1,-1,-1
184,25,638.1912841796875,350.5652160644531,58.03375244140625,153.8907470703125,0.7838249206542969,-1,-1,-1
184,39,997.5452880859375,359.7987060546875,44.6912841796875,136.45321655273438,0.8517827987670898,-1,-1,-1
184,3,521.0181274414062,524.153564453125,63.52227783203125,182.69525146484375,0.8884772658348083,-1,-1,-1
184,52,362.90350341796875,301.54522705078125,48.084197998046875,134.61508178710938,0.7968475222587585,-1,-1,-1
184,21,1180.87353515625,240.5438690185547,61.067138671875,112.32923889160156,0.8508382439613342,-1,-1,-1
184,41,501.7886962890625,349.2230224609375,60.0653076171875,149.54672241210938,0.7630879282951355,-1,-1,-1
184,47,9.967545509338379,537.5498657226562,111.812331199646,180.51739501953125,0.9112930297851562,-1,-1,-1
184,58,94.6312255859375,435.46136474609375,136.636962890625,153.878662109375,0.8746410608291626,-1,-1,-1
184,8,672.9492797851562,389.85516357421875,81.739013671875,159.7257080078125,0.8886654376983643,-1,-1,-1
184,12,710.2088623046875,268.2096252441406,52.16259765625,165.09622192382812,0.7414902448654175,-1,-1,-1
185,5,514.718505859375,408.737060546875,70.4339599609375,142.11090087890625,0.7973729968070984,-1,-1,-1
185,16,857.7435302734375,428.67724609375,131.28802490234375,97.4918212890625,0.8563394546508789,-1,-1,-1
185,43,202.22006225585938,360.75347900390625,42.981597900390625,116.05364990234375,0.6116077899932861,-1,-1,-1
185,25,638.1320190429688,349.7565612792969,57.3824462890625,155.10983276367188,0.7646949291229248,-1,-1,-1
185,39,999.016845703125,359.85626220703125,44.75341796875,136.94964599609375,0.8525678515434265,-1,-1,-1
185,3,521.347412109375,524.3973388671875,63.38116455078125,183.179443359375,0.8894367814064026,-1,-1,-1
185,52,363.1932678222656,300.50885009765625,47.00921630859375,135.697265625,0.7912110686302185,-1,-1,-1
185,21,1182.4395751953125,240.34014892578125,61.406982421875,112.92868041992188,0.8693947196006775,-1,-1,-1
185,41,501.0704650878906,348.5912170410156,57.386688232421875,146.20724487304688,0.8300521969795227,-1,-1,-1
185,47,9.584900856018066,537.8493041992188,112.86939144134521,180.1776123046875,0.9076634049415588,-1,-1,-1
185,58,102.78968048095703,431.8942565917969,135.04537200927734,157.51504516601562,0.8811796307563782,-1,-1,-1
185,8,673.2037963867188,390.02459716796875,80.76373291015625,160.2620849609375,0.8913226127624512,-1,-1,-1
185,12,713.6312866210938,266.012451171875,52.692626953125,157.36627197265625,0.6057819724082947,-1,-1,-1
186,5,520.330810546875,409.2370300292969,64.81854248046875,142.68386840820312,0.8454904556274414,-1,-1,-1
186,16,861.24462890625,429.0944519042969,130.242919921875,96.21395874023438,0.8362493515014648,-1,-1,-1
186,25,638.701416015625,349.07855224609375,57.91607666015625,156.27789306640625,0.8095092177391052,-1,-1,-1
186,39,1000.5294799804688,358.62994384765625,45.22845458984375,138.39785766601562,0.8567118644714355,-1,-1,-1
186,3,521.3837890625,524.6337280273438,63.3143310546875,183.4466552734375,0.8959344029426575,-1,-1,-1
186,52,362.9239501953125,299.29522705078125,46.074981689453125,137.15036010742188,0.8223816156387329,-1,-1,-1
186,21,1184.8028564453125,240.23329162597656,60.6490478515625,112.73310852050781,0.8760980367660522,-1,-1,-1
186,41,498.9236145019531,348.6700439453125,58.408538818359375,145.1998291015625,0.8325717449188232,-1,-1,-1
186,47,8.905734062194824,538.2997436523438,111.69469928741455,179.75164794921875,0.9120374917984009,-1,-1,-1
186,58,115.5205078125,429.96807861328125,127.16899108886719,160.42041015625,0.8764559626579285,-1,-1,-1
186,8,673.5095825195312,389.9250183105469,79.79949951171875,161.14523315429688,0.8682839870452881,-1,-1,-1
186,12,717.2734985351562,270.3935241699219,51.9720458984375,152.90155029296875,0.481998085975647,-1,-1,-1
186,60,590.8221435546875,175.3323211669922,43.8382568359375,149.36277770996094,0.41351574659347534,-1,-1,-1
187,5,522.8914184570312,409.80963134765625,61.8824462890625,143.5867919921875,0.8524394631385803,-1,-1,-1
187,16,863.2440795898438,429.46221923828125,130.039794921875,95.03424072265625,0.8212196826934814,-1,-1,-1
187,25,639.2520141601562,348.94146728515625,58.31610107421875,157.04855346679688,0.7981750965118408,-1,-1,-1
187,39,1002.5484619140625,356.8648681640625,47.1173095703125,140.229736328125,0.8150613903999329,-1,-1,-1
187,3,521.5519409179688,525.8473510742188,63.1302490234375,182.86865234375,0.8977470993995667,-1,-1,-1
187,52,362.6976318359375,298.0272521972656,46.082122802734375,138.79196166992188,0.8361336588859558,-1,-1,-1
187,21,1186.618896484375,239.48239135742188,60.633544921875,113.3447265625,0.8759680390357971,-1,-1,-1
187,41,496.9201965332031,349.90484619140625,58.829803466796875,134.83990478515625,0.8254632949829102,-1,-1,-1
187,47,8.075003623962402,538.8966064453125,111.19012546539307,179.1807861328125,0.9109044075012207,-1,-1,-1
187,58,133.43722534179688,429.0761413574219,112.09223937988281,161.99215698242188,0.8892778754234314,-1,-1,-1
187,8,673.9930419921875,389.3160400390625,76.94232177734375,162.67974853515625,0.8271448612213135,-1,-1,-1
187,12,722.7364501953125,275.4304504394531,49.6683349609375,150.0657958984375,0.6941219568252563,-1,-1,-1
188,5,523.5280151367188,410.33319091796875,60.5592041015625,144.5712890625,0.8665566444396973,-1,-1,-1
188,16,864.708984375,429.2315368652344,130.071044921875,93.43728637695312,0.8573509454727173,-1,-1,-1
188,25,640.4930419921875,348.53680419921875,58.84283447265625,157.68850708007812,0.7911162972450256,-1,-1,-1
188,39,1004.1697387695312,354.73675537109375,48.87823486328125,142.656494140625,0.8349219560623169,-1,-1,-1
188,3,521.9269409179688,525.8624267578125,62.913330078125,183.70477294921875,0.897403359413147,-1,-1,-1
188,52,362.779296875,297.34002685546875,45.98291015625,139.76126098632812,0.830145001411438,-1,-1,-1
188,21,1188.048095703125,239.3497772216797,60.7652587890625,113.44105529785156,0.8765566945075989,-1,-1,-1
188,41,495.4188232421875,352.0837097167969,59.2869873046875,129.1219482421875,0.8234838843345642,-1,-1,-1
188,47,7.699059009552002,539.2399291992188,110.56452894210815,178.87542724609375,0.9094330072402954,-1,-1,-1
188,58,154.5843048095703,429.30548095703125,93.86640930175781,162.14166259765625,0.8745630979537964,-1,-1,-1
188,8,674.7394409179688,388.68841552734375,69.81353759765625,163.473388671875,0.844749391078949,-1,-1,-1
188,12,719.7981567382812,259.2401428222656,56.5924072265625,172.68890380859375,0.7985509037971497,-1,-1,-1
188,43,169.9991912841797,357.9015808105469,64.06370544433594,128.63262939453125,0.6060541272163391,-1,-1,-1
188,60,591.1478881835938,174.24139404296875,43.734375,149.75973510742188,0.40239211916923523,-1,-1,-1
189,5,520.7534790039062,410.5632629394531,62.67681884765625,151.05746459960938,0.8567872643470764,-1,-1,-1
189,16,862.4673461914062,428.91339111328125,133.8079833984375,93.28265380859375,0.8080452084541321,-1,-1,-1
189,25,642.7250366210938,348.0505676269531,59.69720458984375,158.61859130859375,0.7453135251998901,-1,-1,-1
189,39,1005.9478759765625,352.7911071777344,50.0162353515625,145.14932250976562,0.845231294631958,-1,-1,-1
189,3,521.86865234375,526.5231323242188,63.28436279296875,183.36407470703125,0.8827604055404663,-1,-1,-1
189,52,361.32623291015625,297.81793212890625,47.258758544921875,140.31719970703125,0.8415606021881104,-1,-1,-1
189,21,1189.673095703125,239.59336853027344,60.80322265625,113.38374328613281,0.8704618811607361,-1,-1,-1
189,41,486.9986877441406,354.24627685546875,64.91165161132812,122.18359375,0.7977432012557983,-1,-1,-1
189,47,7.579785346984863,539.6627197265625,109.2834882736206,178.6026611328125,0.9060892462730408,-1,-1,-1
189,58,176.31385803222656,429.661376953125,75.44912719726562,161.59295654296875,0.8286101222038269,-1,-1,-1
189,8,674.2477416992188,388.6014099121094,64.2781982421875,163.91226196289062,0.7984028458595276,-1,-1,-1
189,12,709.9450073242188,253.25839233398438,70.61138916015625,182.29806518554688,0.8397449851036072,-1,-1,-1
189,43,159.2852020263672,359.2147521972656,71.86642456054688,166.06478881835938,0.5920659899711609,-1,-1,-1
190,5,515.9674072265625,412.10919189453125,66.56573486328125,155.57354736328125,0.8517885804176331,-1,-1,-1
190,16,859.662353515625,428.6885986328125,137.8145751953125,93.4954833984375,0.8436670303344727,-1,-1,-1
190,25,644.5634765625,347.82733154296875,59.79351806640625,160.14202880859375,0.7230048775672913,-1,-1,-1
190,39,1007.43212890625,350.9208068847656,51.0421142578125,147.4385986328125,0.8447605967521667,-1,-1,-1
190,3,521.5809326171875,526.6380615234375,63.892333984375,184.246337890625,0.8771921396255493,-1,-1,-1
190,52,360.1369934082031,299.56097412109375,48.787200927734375,142.0096435546875,0.8514894247055054,-1,-1,-1
190,21,1191.824951171875,239.9678497314453,60.5948486328125,113.17823791503906,0.8658847212791443,-1,-1,-1
190,41,476.57122802734375,355.9808349609375,68.50640869140625,118.51556396484375,0.8087241053581238,-1,-1,-1
190,47,8.174074172973633,540.0147094726562,108.18634605407715,178.36474609375,0.9079975485801697,-1,-1,-1
190,58,185.58969116210938,432.2262268066406,70.75885009765625,158.17349243164062,0.8191789388656616,-1,-1,-1
190,8,673.29150390625,389.704345703125,58.00250244140625,163.382568359375,0.7166802883148193,-1,-1,-1
190,12,711.0224609375,264.7728576660156,73.95989990234375,173.87557983398438,0.8953438401222229,-1,-1,-1
190,43,152.44015502929688,383.4881286621094,72.6458740234375,156.56765747070312,0.7371551394462585,-1,-1,-1
191,5,511.899169921875,413.80889892578125,69.6993408203125,157.90655517578125,0.8536497950553894,-1,-1,-1
191,16,861.2979125976562,428.0951232910156,137.6654052734375,93.35360717773438,0.8453660607337952,-1,-1,-1
191,25,647.3312377929688,347.4153137207031,58.2269287109375,163.204833984375,0.6507274508476257,-1,-1,-1
191,39,1011.4133911132812,350.7326965332031,50.07061767578125,148.96197509765625,0.836419403553009,-1,-1,-1
191,3,522.2865600585938,527.1998901367188,63.6473388671875,184.009033203125,0.8951818943023682,-1,-1,-1
191,52,358.2929382324219,302.0519104003906,52.223175048828125,141.72747802734375,0.8345322608947754,-1,-1,-1
191,21,1193.5482177734375,239.77931213378906,60.4564208984375,113.67924499511719,0.8688093423843384,-1,-1,-1
191,41,465.9903564453125,357.7889099121094,82.65423583984375,117.77676391601562,0.8534600734710693,-1,-1,-1
191,47,9.199973106384277,540.1403198242188,107.06760501861572,178.23040771484375,0.9104118943214417,-1,-1,-1
191,58,196.70472717285156,435.6752624511719,66.44288635253906,155.59274291992188,0.8526548147201538,-1,-1,-1
191,8,660.3101806640625,387.2540588378906,64.33026123046875,166.06686401367188,0.6442168354988098,-1,-1,-1
191,12,713.4599609375,270.0172424316406,75.831787109375,171.8270263671875,0.8858525156974792,-1,-1,-1
191,43,149.90211486816406,398.0173645019531,74.44087219238281,147.85964965820312,0.7577450275421143,-1,-1,-1
192,5,507.0803527832031,415.4285888671875,74.00393676757812,160.870361328125,0.8708803057670593,-1,-1,-1
192,16,864.5765380859375,426.7826232910156,134.42388916015625,94.58731079101562,0.8566975593566895,-1,-1,-1
192,25,649.3684692382812,347.7809753417969,54.8375244140625,164.68624877929688,0.5710570216178894,-1,-1,-1
192,39,1017.6444091796875,352.5262756347656,47.4637451171875,149.89932250976562,0.8349604606628418,-1,-1,-1
192,3,522.985107421875,528.1693115234375,63.7501220703125,183.5115966796875,0.8962092399597168,-1,-1,-1
192,52,357.2215270996094,305.24822998046875,56.21453857421875,139.22244262695312,0.8584116697311401,-1,-1,-1
192,21,1194.8822021484375,239.5058135986328,60.743408203125,114.45747375488281,0.8792448043823242,-1,-1,-1
192,41,456.407470703125,360.3999938964844,93.0159912109375,116.67282104492188,0.8470038771629333,-1,-1,-1
192,47,11.039241790771484,540.2449340820312,104.8513069152832,177.848388671875,0.9139189720153809,-1,-1,-1
192,58,206.6613311767578,439.1506652832031,66.14442443847656,153.25918579101562,0.8256088495254517,-1,-1,-1
192,8,656.063232421875,384.8704528808594,65.06317138671875,168.20144653320312,0.7111769318580627,-1,-1,-1
192,12,715.822998046875,274.3492736816406,77.790771484375,171.6773681640625,0.8789995908737183,-1,-1,-1
193,5,503.6750793457031,418.0955505371094,76.84140014648438,161.99777221679688,0.884162425994873,-1,-1,-1
193,16,870.4943237304688,425.4636535644531,128.34027099609375,95.96524047851562,0.8607010245323181,-1,-1,-1
193,25,651.0436401367188,347.93914794921875,50.67828369140625,166.436767578125,0.4476699233055115,-1,-1,-1
193,39,1022.5224609375,354.816650390625,46.166748046875,150.1270751953125,0.8246675133705139,-1,-1,-1
193,3,524.5133056640625,528.2452392578125,63.27984619140625,183.8470458984375,0.9017472267150879,-1,-1,-1
193,52,358.2152404785156,308.0682678222656,57.62994384765625,136.34881591796875,0.8659787774085999,-1,-1,-1
193,21,1196.0980224609375,239.15115356445312,60.82275390625,115.06094360351562,0.8897350430488586,-1,-1,-1
193,41,451.0705261230469,363.27545166015625,90.78463745117188,114.40548706054688,0.838285505771637,-1,-1,-1
193,47,12.822979927062988,540.0987548828125,103.61924266815186,177.79241943359375,0.9186097979545593,-1,-1,-1
193,58,214.94007873535156,441.8930969238281,77.92356872558594,153.48751831054688,0.833504855632782,-1,-1,-1
193,8,657.1033935546875,382.7469482421875,61.8724365234375,169.81536865234375,0.7371800541877747,-1,-1,-1
193,12,718.4449462890625,279.6449890136719,79.19219970703125,170.41690063476562,0.8645269870758057,-1,-1,-1
193,48,172.47576904296875,370.8226623535156,55.69354248046875,98.1046142578125,0.6324291825294495,-1,-1,-1
193,43,151.31500244140625,410.6222839355469,79.66070556640625,139.20291137695312,0.7241243124008179,-1,-1,-1
194,5,501.26727294921875,420.887451171875,79.12896728515625,165.031005859375,0.8942405581474304,-1,-1,-1
194,16,878.530517578125,424.3985290527344,118.8565673828125,96.86758422851562,0.8737308979034424,-1,-1,-1
194,39,1026.299072265625,358.1859130859375,45.7869873046875,149.97415161132812,0.8430045247077942,-1,-1,-1
194,3,525.9810791015625,527.929443359375,63.08203125,184.06353759765625,0.906882107257843,-1,-1,-1
194,52,361.8793640136719,309.5765075683594,55.764129638671875,135.05230712890625,0.8555426597595215,-1,-1,-1
194,21,1197.26708984375,239.18983459472656,60.859619140625,115.21983337402344,0.8958867788314819,-1,-1,-1
194,41,449.310791015625,364.8609313964844,89.8795166015625,112.93850708007812,0.8513639569282532,-1,-1,-1
194,47,14.97731876373291,539.7730102539062,102.4923620223999,178.18316650390625,0.9182409644126892,-1,-1,-1
194,58,222.5608367919922,444.6418151855469,86.55229187011719,154.86032104492188,0.8593832850456238,-1,-1,-1
194,8,660.5822143554688,382.090576171875,56.99700927734375,170.2218017578125,0.8234449028968811,-1,-1,-1
194,12,723.0798950195312,282.1499328613281,79.656005859375,175.35025024414062,0.8930613398551941,-1,-1,-1
194,48,173.3683624267578,371.22998046875,55.1649169921875,96.91644287109375,0.6676383018493652,-1,-1,-1
194,43,153.96041870117188,415.80889892578125,82.56803894042969,135.32806396484375,0.7684296369552612,-1,-1,-1
194,60,596.177490234375,173.1627197265625,45.81561279296875,151.18142700195312,0.4666418731212616,-1,-1,-1
195,5,500.9747314453125,423.9668273925781,80.98724365234375,168.55508422851562,0.8929001092910767,-1,-1,-1
195,16,888.9869384765625,423.2481384277344,107.42498779296875,98.74588012695312,0.878913164138794,-1,-1,-1
195,39,1031.4964599609375,361.4925537109375,46.2181396484375,147.6622314453125,0.8398187756538391,-1,-1,-1
195,3,529.1113891601562,527.1565551757812,63.27398681640625,185.00518798828125,0.895707905292511,-1,-1,-1
195,52,367.2385559082031,310.02142333984375,52.705047607421875,134.67562866210938,0.877490758895874,-1,-1,-1
195,21,1200.5960693359375,239.58177185058594,60.5888671875,114.93919372558594,0.8951562643051147,-1,-1,-1
195,41,452.8348388671875,365.39544677734375,88.37030029296875,113.26214599609375,0.8523433208465576,-1,-1,-1
195,47,18.2923583984375,539.7041625976562,101.80125427246094,178.41973876953125,0.9252816438674927,-1,-1,-1
195,58,230.11398315429688,447.09478759765625,91.57421875,159.34747314453125,0.8561844229698181,-1,-1,-1
195,8,663.3228759765625,383.6087951660156,53.81719970703125,168.27236938476562,0.8409898281097412,-1,-1,-1
195,12,731.382568359375,280.4064636230469,77.43731689453125,181.6727294921875,0.864311158657074,-1,-1,-1
195,48,175.8205108642578,371.343017578125,55.450103759765625,101.6419677734375,0.7147254943847656,-1,-1,-1
195,43,161.23912048339844,415.97515869140625,81.27981567382812,139.689208984375,0.7722550630569458,-1,-1,-1
196,5,504.95709228515625,426.802001953125,80.0238037109375,169.2032470703125,0.887553334236145,-1,-1,-1
196,16,902.7686157226562,421.60528564453125,91.96966552734375,101.10400390625,0.85765141248703,-1,-1,-1
196,39,1037.8426513671875,364.50506591796875,48.4482421875,145.78826904296875,0.8244956731796265,-1,-1,-1
196,3,532.7935180664062,526.313720703125,64.74578857421875,186.5048828125,0.8980451226234436,-1,-1,-1
196,52,371.2077331542969,308.6739807128906,50.68951416015625,136.26315307617188,0.8567558526992798,-1,-1,-1
196,21,1205.568603515625,239.5320587158203,61.90625,115.04969787597656,0.8721116185188293,-1,-1,-1
196,41,461.6937561035156,364.9888000488281,80.96884155273438,114.33889770507812,0.8095278143882751,-1,-1,-1
196,47,23.86386489868164,539.4998168945312,100.27270889282227,178.832763671875,0.920244038105011,-1,-1,-1
196,58,235.83160400390625,447.96905517578125,95.57864379882812,161.22802734375,0.8410278558731079,-1,-1,-1
196,8,662.9382934570312,385.5455322265625,56.40142822265625,166.8157958984375,0.8633865118026733,-1,-1,-1
196,12,743.2945556640625,306.2639465332031,74.12646484375,157.19110107421875,0.7910314798355103,-1,-1,-1
196,48,181.71206665039062,371.75775146484375,54.77362060546875,104.935546875,0.6927509307861328,-1,-1,-1
196,43,172.33367919921875,416.2256164550781,84.04269409179688,142.72006225585938,0.640414297580719,-1,-1,-1
197,5,511.28375244140625,428.5641784667969,78.22064208984375,168.30465698242188,0.8359772562980652,-1,-1,-1
197,16,916.5482788085938,419.6104431152344,77.8466796875,103.30380249023438,0.8517969846725464,-1,-1,-1
197,39,1045.8641357421875,367.1961669921875,50.8509521484375,144.71145629882812,0.8297953605651855,-1,-1,-1
197,3,540.7367553710938,524.5803833007812,63.7230224609375,188.4605712890625,0.8794360160827637,-1,-1,-1
197,52,375.5741882324219,305.9183654785156,51.07049560546875,137.4278564453125,0.720485270023346,-1,-1,-1
197,21,1212.3651123046875,239.27264404296875,62.0487060546875,114.81204223632812,0.8633815050125122,-1,-1,-1
197,41,472.6138916015625,363.37884521484375,72.30419921875,116.11001586914062,0.7890443801879883,-1,-1,-1
197,47,32.46772766113281,538.1790771484375,97.14352416992188,179.5716552734375,0.9212448000907898,-1,-1,-1
197,58,245.53221130371094,449.4167175292969,93.56877136230469,158.53683471679688,0.8376795649528503,-1,-1,-1
197,8,662.9281616210938,386.06414794921875,60.5548095703125,166.18072509765625,0.8328492045402527,-1,-1,-1
197,12,751.9216918945312,320.01177978515625,73.1708984375,143.10406494140625,0.6994875073432922,-1,-1,-1
197,48,189.40133666992188,371.1702880859375,53.42286682128906,111.27902221679688,0.6827064752578735,-1,-1,-1
197,43,187.97860717773438,417.6185302734375,82.19882202148438,150.122802734375,0.746008574962616,-1,-1,-1
198,5,518.7534790039062,429.5860595703125,77.7794189453125,167.0899658203125,0.7658332586288452,-1,-1,-1
198,16,928.353759765625,417.8549499511719,71.68768310546875,104.03866577148438,0.8835204839706421,-1,-1,-1
198,39,1054.6802978515625,368.8971252441406,54.74072265625,148.49118041992188,0.8501136898994446,-1,-1,-1
198,3,548.3759155273438,522.8685913085938,64.78594970703125,190.99761962890625,0.8753283619880676,-1,-1,-1
198,52,380.8627624511719,301.93829345703125,52.54449462890625,140.77334594726562,0.7375252842903137,-1,-1,-1
198,21,1220.849853515625,239.3824462890625,59.150146484375,113.58370971679688,0.774819552898407,-1,-1,-1
198,41,485.08734130859375,361.5534362792969,65.30938720703125,117.54635620117188,0.7767458558082581,-1,-1,-1
198,47,40.65771484375,536.136962890625,96.68180847167969,181.1890869140625,0.9199344515800476,-1,-1,-1
198,58,251.98353576660156,449.7813720703125,96.38105773925781,157.06201171875,0.8421931862831116,-1,-1,-1
198,8,664.8593139648438,388.7940673828125,65.74359130859375,162.60516357421875,0.883988618850708,-1,-1,-1
198,12,759.1885375976562,324.1132507324219,73.7113037109375,138.7698974609375,0.8330991864204407,-1,-1,-1
198,48,197.8096160888672,370.2025451660156,52.40240478515625,114.81405639648438,0.6952430009841919,-1,-1,-1
198,43,210.59620666503906,418.5536193847656,73.06999206542969,146.99972534179688,0.646446168422699,-1,-1,-1
199,5,526.8749389648438,430.4571533203125,77.6083984375,165.68994140625,0.8214882016181946,-1,-1,-1
199,16,939.2493896484375,416.3475036621094,68.5435791015625,104.75839233398438,0.8942640423774719,-1,-1,-1
199,39,1064.740478515625,370.8369140625,58.255615234375,149.628662109375,0.8499266505241394,-1,-1,-1
199,3,557.6629028320312,523.3011474609375,65.352783203125,191.4384765625,0.9066656827926636,-1,-1,-1
199,52,386.2099609375,298.6590881347656,49.9991455078125,132.4302978515625,0.7889134287834167,-1,-1,-1
199,21,1230.004150390625,239.23599243164062,49.995849609375,113.7471923828125,0.7973910570144653,-1,-1,-1
199,41,496.9443664550781,359.3084411621094,61.219818115234375,120.5303955078125,0.823519229888916,-1,-1,-1
199,47,49.94858932495117,534.8102416992188,95.79944229125977,182.5582275390625,0.9121360778808594,-1,-1,-1
199,58,278.72412109375,452.4566955566406,81.86990356445312,151.82723999023438,0.799349844455719,-1,-1,-1
199,8,669.219970703125,385.7171630859375,69.2808837890625,165.6162109375,0.8617463707923889,-1,-1,-1
199,12,766.9901733398438,322.6950988769531,74.47869873046875,139.75143432617188,0.8092111945152283,-1,-1,-1
199,48,206.91384887695312,369.39569091796875,50.705596923828125,116.60379028320312,0.7853385806083679,-1,-1,-1
199,43,237.55230712890625,421.3553466796875,63.342559814453125,139.3348388671875,0.8126826882362366,-1,-1,-1
200,5,534.2238159179688,431.3201904296875,78.04583740234375,164.21392822265625,0.8434742093086243,-1,-1,-1
200,16,949.635986328125,415.6314697265625,66.557861328125,105.55303955078125,0.885986328125,-1,-1,-1
200,39,1075.2003173828125,373.2449645996094,61.7242431640625,151.45761108398438,0.8623966574668884,-1,-1,-1
200,3,566.5523071289062,522.8436279296875,66.64923095703125,192.10198974609375,0.8950678110122681,-1,-1,-1
200,52,392.9170837402344,295.73779296875,46.913482666015625,137.67056274414062,0.6314648985862732,-1,-1,-1
200,21,1240.1124267578125,238.081787109375,39.8875732421875,113.87103271484375,0.7697951793670654,-1,-1,-1
200,41,508.181396484375,356.4175720214844,56.9447021484375,123.53628540039062,0.8346459865570068,-1,-1,-1
200,47,60.04644775390625,533.7183227539062,94.12321472167969,184.07684326171875,0.9250550270080566,-1,-1,-1
200,58,297.6909484863281,455.64398193359375,77.21603393554688,144.23199462890625,0.8496900200843811,-1,-1,-1
200,8,674.8890991210938,384.6913146972656,71.34503173828125,166.07101440429688,0.8707664012908936,-1,-1,-1
200,12,775.761962890625,320.512939453125,73.41986083984375,140.73068237304688,0.8486483693122864,-1,-1,-1
200,48,216.85946655273438,368.4241027832031,49.516754150390625,117.63037109375,0.8210165500640869,-1,-1,-1
200,43,257.32342529296875,424.9698181152344,61.08758544921875,127.99899291992188,0.7580188512802124,-1,-1,-1
200,65,815.6719360351562,280.4841003417969,43.42962646484375,124.16000366210938,0.44300761818885803,-1,-1,-1
201,5,543.3032836914062,430.0206604003906,75.66400146484375,163.62112426757812,0.7850408554077148,-1,-1,-1
201,16,960.472900390625,414.9937744140625,64.9791259765625,105.939208984375,0.8347572088241577,-1,-1,-1
201,39,1086.3243408203125,376.2649230957031,64.179443359375,151.27261352539062,0.8198158144950867,-1,-1,-1
201,3,576.2796020507812,521.0140380859375,66.68426513671875,194.46136474609375,0.8775845766067505,-1,-1,-1
201,52,399.2371520996094,292.8970031738281,46.75665283203125,139.86026000976562,0.892980694770813,-1,-1,-1
201,21,1250.1947021484375,246.5836944580078,29.8052978515625,104.97431945800781,0.7327641844749451,-1,-1,-1
201,41,519.2962036132812,353.4523010253906,54.04058837890625,127.12979125976562,0.8521572947502136,-1,-1,-1
201,47,69.38645935058594,531.8187866210938,93.55062866210938,185.70379638671875,0.9129611849784851,-1,-1,-1
201,58,312.1028137207031,460.0606384277344,84.53292846679688,137.25350952148438,0.8468517065048218,-1,-1,-1
201,8,682.2872314453125,385.6026611328125,71.44195556640625,164.69708251953125,0.9004102349281311,-1,-1,-1
201,12,782.4940185546875,319.68951416015625,75.091796875,138.87728881835938,0.8597633838653564,-1,-1,-1
201,48,227.2753448486328,368.06781005859375,48.59873962402344,117.51412963867188,0.8112888932228088,-1,-1,-1
201,43,271.8966369628906,430.1066589355469,63.679931640625,119.74856567382812,0.7447159290313721,-1,-1,-1
201,65,827.0518188476562,280.8548278808594,47.1112060546875,127.64730834960938,0.5763481855392456,-1,-1,-1
202,5,551.4768676757812,428.35638427734375,75.59320068359375,164.06878662109375,0.8141986131668091,-1,-1,-1
202,16,971.2059936523438,413.7194519042969,62.46588134765625,107.61001586914062,0.8865014910697937,-1,-1,-1
202,39,1096.6522216796875,378.99908447265625,65.688720703125,149.4609375,0.8887783885002136,-1,-1,-1
202,3,586.87353515625,520.8477172851562,69.47479248046875,195.04034423828125,0.9049065709114075,-1,-1,-1
202,52,405.1906433105469,290.1054992675781,47.737457275390625,138.73974609375,0.8758681416511536,-1,-1,-1
202,21,1261.12841796875,254.22828674316406,18.87158203125,97.71897888183594,0.6289185881614685,-1,-1,-1
202,41,526.9511108398438,349.2497863769531,51.05657958984375,129.77334594726562,0.8929586410522461,-1,-1,-1
202,47,79.18386840820312,530.067626953125,91.79888916015625,187.424072265625,0.885049045085907,-1,-1,-1
202,58,325.1139221191406,464.7347717285156,89.36001586914062,132.89572143554688,0.8460481762886047,-1,-1,-1
202,8,689.533935546875,386.1217346191406,69.6845703125,163.61416625976562,0.8360043168067932,-1,-1,-1
202,12,790.982177734375,317.1049499511719,78.26837158203125,138.18960571289062,0.8803894519805908,-1,-1,-1
202,48,237.9749298095703,367.70843505859375,48.00657653808594,116.1258544921875,0.8123700022697449,-1,-1,-1
202,43,285.5273132324219,436.9422607421875,66.19061279296875,115.3935546875,0.4494791030883789,-1,-1,-1
202,65,838.7463989257812,280.26336669921875,52.6448974609375,131.12710571289062,0.6710611581802368,-1,-1,-1
203,5,558.5404663085938,426.6824645996094,76.49560546875,164.56015014648438,0.8349859714508057,-1,-1,-1
203,16,977.619873046875,411.5146789550781,64.4066162109375,109.14151000976562,0.8902183175086975,-1,-1,-1
203,39,1106.833251953125,381.8252868652344,65.9068603515625,146.72805786132812,0.892264723777771,-1,-1,-1
203,3,595.7536010742188,523.2003784179688,75.55377197265625,193.03643798828125,0.8916679620742798,-1,-1,-1
203,52,409.5841979980469,287.6019592285156,49.166534423828125,136.92483520507812,0.9056161046028137,-1,-1,-1
203,41,531.7527465820312,345.2009582519531,50.66754150390625,132.516845703125,0.859703779220581,-1,-1,-1
203,47,87.63523864746094,528.6388549804688,91.16275024414062,189.2705078125,0.9029144644737244,-1,-1,-1
203,58,330.98126220703125,470.2351379394531,93.55615234375,126.77993774414062,0.7741799354553223,-1,-1,-1
203,8,696.2981567382812,386.6490783691406,67.215576171875,161.24801635742188,0.8268757462501526,-1,-1,-1
203,12,800.8599243164062,317.08367919921875,78.02764892578125,133.41366577148438,0.8184484243392944,-1,-1,-1
203,48,247.2915802001953,366.3806457519531,50.21022033691406,116.53924560546875,0.8196684122085571,-1,-1,-1
203,43,293.1568298339844,442.5457458496094,73.031494140625,105.15365600585938,0.5841809511184692,-1,-1,-1
203,65,850.2236938476562,280.4818420410156,53.8570556640625,133.20278930664062,0.7539648413658142,-1,-1,-1
204,5,563.9259033203125,425.3690490722656,78.9381103515625,165.30282592773438,0.8683086037635803,-1,-1,-1
204,16,981.4417724609375,408.4486999511719,68.12353515625,111.94021606445312,0.8853544592857361,-1,-1,-1
204,39,1115.0218505859375,384.2838134765625,65.6865234375,144.17669677734375,0.8780534267425537,-1,-1,-1
204,3,604.3754272460938,523.9457397460938,77.05419921875,191.06488037109375,0.8987578749656677,-1,-1,-1
204,52,412.7742614746094,284.0240783691406,49.978546142578125,138.55035400390625,0.9054566621780396,-1,-1,-1
204,41,535.7415161132812,341.9599914550781,51.86358642578125,141.84454345703125,0.8752231597900391,-1,-1,-1
204,47,95.8735122680664,526.8344116210938,88.89801788330078,191.07733154296875,0.9107858538627625,-1,-1,-1
204,58,340.5992431640625,476.5906982421875,91.38568115234375,119.57696533203125,0.808759868144989,-1,-1,-1
204,8,702.9265747070312,384.8153076171875,63.2843017578125,161.30120849609375,0.8379194140434265,-1,-1,-1
204,12,812.686279296875,317.07061767578125,76.7559814453125,129.07485961914062,0.6865691542625427,-1,-1,-1
204,48,255.32638549804688,365.3835754394531,54.4005126953125,115.72589111328125,0.8201394081115723,-1,-1,-1
204,43,296.7713317871094,448.3817443847656,82.08245849609375,100.75747680664062,0.5226621031761169,-1,-1,-1
204,65,859.329833984375,280.441650390625,54.4951171875,132.52593994140625,0.75296950340271,-1,-1,-1
205,5,570.6607055664062,422.7618408203125,77.74102783203125,165.14453125,0.876893162727356,-1,-1,-1
205,16,986.3023071289062,404.06976318359375,70.32952880859375,114.1240234375,0.8633936047554016,-1,-1,-1
205,39,1121.1319580078125,385.6979064941406,66.494384765625,142.13504028320312,0.8765344023704529,-1,-1,-1
205,3,610.3820190429688,522.0921630859375,78.07720947265625,192.3829345703125,0.8857623338699341,-1,-1,-1
205,52,411.7803649902344,279.98712158203125,53.274932861328125,139.90054321289062,0.914799690246582,-1,-1,-1
205,41,537.5593872070312,339.0610046386719,52.9481201171875,149.8447265625,0.8722413778305054,-1,-1,-1
205,47,101.3638687133789,525.722900390625,89.58489227294922,193.09869384765625,0.916603147983551,-1,-1,-1
205,58,346.78851318359375,481.0867919921875,91.42266845703125,113.5899658203125,0.8343667984008789,-1,-1,-1
205,8,709.105712890625,384.0345764160156,58.57977294921875,161.79849243164062,0.8067834377288818,-1,-1,-1
205,12,821.2736206054688,317.7397766113281,75.47418212890625,127.433349609375,0.6968265771865845,-1,-1,-1
205,48,261.37054443359375,364.9359130859375,57.65606689453125,115.19699096679688,0.8534220457077026,-1,-1,-1
205,43,300.8070373535156,452.2588195800781,87.8720703125,73.69454956054688,0.6523228287696838,-1,-1,-1
205,65,867.5765991210938,280.7771911621094,52.78759765625,132.484619140625,0.790919303894043,-1,-1,-1
206,5,574.4840087890625,419.38690185546875,78.3424072265625,166.3707275390625,0.8739360570907593,-1,-1,-1
206,16,990.1906127929688,400.9055480957031,72.01690673828125,117.37490844726562,0.822483479976654,-1,-1,-1
206,39,1125.124755859375,387.9180908203125,66.947509765625,139.69537353515625,0.8576462268829346,-1,-1,-1
206,3,614.9307861328125,522.8338623046875,80.41571044921875,190.34344482421875,0.8737589716911316,-1,-1,-1
206,52,409.1697692871094,276.0527038574219,57.3289794921875,142.1036376953125,0.884186863899231,-1,-1,-1
206,41,535.2881469726562,337.22808837890625,58.16412353515625,150.310791015625,0.8747092485427856,-1,-1,-1
206,47,105.53265380859375,524.1455078125,89.73965454101562,194.811279296875,0.9116685390472412,-1,-1,-1
206,58,357.076904296875,484.52740478515625,88.49624633789062,108.5311279296875,0.8136860132217407,-1,-1,-1
206,8,712.3048095703125,383.2511901855469,54.49395751953125,162.50424194335938,0.8231893181800842,-1,-1,-1
206,12,826.9899291992188,317.8780517578125,74.43902587890625,125.81558227539062,0.7468321323394775,-1,-1,-1
206,48,265.6799011230469,363.86846923828125,61.896942138671875,115.07388305664062,0.8041270971298218,-1,-1,-1
206,43,305.7237243652344,453.8975830078125,90.12142944335938,83.7540283203125,0.7037584781646729,-1,-1,-1
206,65,874.0731811523438,280.4494934082031,50.6904296875,132.36917114257812,0.8276641368865967,-1,-1,-1
207,5,578.9462280273438,416.2114562988281,82.5172119140625,167.84158325195312,0.8288887739181519,-1,-1,-1
207,16,993.1239013671875,397.7487487792969,72.0499267578125,119.39364624023438,0.8254445791244507,-1,-1,-1
207,39,1128.2860107421875,389.68743896484375,67.373779296875,137.01104736328125,0.8821302652359009,-1,-1,-1
207,3,618.3392333984375,522.6766357421875,79.2244873046875,190.2742919921875,0.9058131575584412,-1,-1,-1
207,52,405.4560852050781,272.842041015625,61.88525390625,143.25747680664062,0.8918368816375732,-1,-1,-1
207,41,536.6436767578125,336.1425476074219,59.683837890625,150.133544921875,0.8525592088699341,-1,-1,-1
207,47,108.99598693847656,522.6993408203125,89.24238586425781,196.2205810546875,0.9108145833015442,-1,-1,-1
207,58,365.7385559082031,487.8512268066406,87.46701049804688,103.33547973632812,0.7868067026138306,-1,-1,-1
207,8,714.4712524414062,381.7481994628906,51.20819091796875,165.41317749023438,0.8430976867675781,-1,-1,-1
207,12,830.2454223632812,317.6671142578125,73.97650146484375,125.00387573242188,0.7611126899719238,-1,-1,-1
207,48,268.7994079589844,362.9492492675781,65.80654907226562,115.21112060546875,0.8370506763458252,-1,-1,-1
207,43,309.6131591796875,455.3587951660156,92.36184692382812,85.77529907226562,0.8080575466156006,-1,-1,-1
207,65,878.3740844726562,280.9764404296875,48.86358642578125,131.12661743164062,0.8005197644233704,-1,-1,-1
208,5,588.4871826171875,413.12933349609375,77.54534912109375,169.16949462890625,0.8484443426132202,-1,-1,-1
208,16,994.9437255859375,394.44720458984375,74.12890625,122.81195068359375,0.8806499242782593,-1,-1,-1
208,39,1131.8021240234375,389.7563171386719,67.6746826171875,136.54153442382812,0.9099565148353577,-1,-1,-1
208,3,621.391357421875,522.1781616210938,79.681396484375,190.83563232421875,0.9094554781913757,-1,-1,-1
208,52,403.2672119140625,271.2489013671875,62.480377197265625,141.48684692382812,0.9008661508560181,-1,-1,-1
208,41,535.9853515625,335.7539978027344,62.9342041015625,149.78387451171875,0.8721453547477722,-1,-1,-1
208,47,111.76435852050781,521.7890014648438,89.05967712402344,196.62652587890625,0.9166131615638733,-1,-1,-1
208,58,372.2292785644531,489.5412902832031,88.74798583984375,101.02236938476562,0.7484188675880432,-1,-1,-1
208,8,716.4816284179688,381.3539733886719,49.58013916015625,168.17037963867188,0.8247750401496887,-1,-1,-1
208,12,832.9308471679688,315.3876037597656,73.890625,126.84521484375,0.7446462512016296,-1,-1,-1
208,48,271.59783935546875,361.9412841796875,69.47537231445312,115.03530883789062,0.8738462924957275,-1,-1,-1
208,43,313.77642822265625,455.6631164550781,92.29177856445312,89.02346801757812,0.6988510489463806,-1,-1,-1
208,65,882.7388916015625,280.70806884765625,46.62750244140625,130.09426879882812,0.8488263487815857,-1,-1,-1
209,5,602.8173828125,411.16058349609375,63.6802978515625,169.76361083984375,0.8696987628936768,-1,-1,-1
209,16,996.5982666015625,390.7530517578125,76.435546875,126.3287353515625,0.8900358080863953,-1,-1,-1
209,39,1138.3028564453125,389.49298095703125,64.78564453125,136.8924560546875,0.8910331130027771,-1,-1,-1
209,3,624.3927001953125,523.1084594726562,81.2535400390625,188.9234619140625,0.9074696898460388,-1,-1,-1
209,52,402.8520202636719,270.5682373046875,58.25762939453125,137.09063720703125,0.8875019550323486,-1,-1,-1
209,41,529.1970825195312,336.3841552734375,70.707763671875,147.939697265625,0.9072113037109375,-1,-1,-1
209,47,113.77387237548828,520.93994140625,89.11267852783203,196.373779296875,0.9094557762145996,-1,-1,-1
209,58,377.15570068359375,490.26641845703125,92.05075073242188,99.9844970703125,0.7598347663879395,-1,-1,-1
209,8,718.366943359375,380.4656982421875,49.91845703125,170.8251953125,0.811612069606781,-1,-1,-1
209,12,834.1560668945312,312.8975524902344,72.76580810546875,128.83554077148438,0.8610554337501526,-1,-1,-1
209,48,273.8792419433594,361.5008239746094,75.49880981445312,113.63638305664062,0.896082878112793,-1,-1,-1
209,43,318.9993896484375,454.5944519042969,91.25830078125,94.46170043945312,0.7345133423805237,-1,-1,-1
209,65,886.8803100585938,280.1672668457031,44.74212646484375,130.04598999023438,0.8626089692115784,-1,-1,-1
210,5,613.3707885742188,409.0316162109375,55.23516845703125,170.49298095703125,0.847981870174408,-1,-1,-1
210,16,999.4136352539062,386.9215393066406,77.09027099609375,130.33938598632812,0.9166168570518494,-1,-1,-1
210,39,1145.0858154296875,388.86712646484375,60.92626953125,137.91357421875,0.8901768326759338,-1,-1,-1
210,3,627.7488403320312,523.8658447265625,82.17047119140625,187.91864013671875,0.8928368091583252,-1,-1,-1
210,52,403.0703430175781,271.2495422363281,54.9195556640625,132.43939208984375,0.8900647759437561,-1,-1,-1
210,41,519.3107299804688,337.6028747558594,80.88751220703125,145.09725952148438,0.9076322913169861,-1,-1,-1
210,47,115.0728988647461,520.4814453125,89.66661834716797,196.0693359375,0.9072326421737671,-1,-1,-1
210,58,379.1719055175781,489.5274963378906,98.1385498046875,100.46243286132812,0.7697339057922363,-1,-1,-1
210,8,720.3823852539062,380.2725830078125,50.3455810546875,172.76947021484375,0.8107478618621826,-1,-1,-1
210,12,833.6964721679688,312.2227478027344,72.435302734375,128.67367553710938,0.8706992864608765,-1,-1,-1
210,48,275.71502685546875,361.2361145019531,77.15191650390625,113.347412109375,0.8630477786064148,-1,-1,-1
210,43,323.8174743652344,452.6770935058594,87.81570434570312,102.08071899414062,0.8197548389434814,-1,-1,-1
210,65,892.5734252929688,280.7811279296875,41.17620849609375,129.74221801757812,0.9038060307502747,-1,-1,-1
211,5,618.5184326171875,407.9020080566406,52.36810302734375,166.88992309570312,0.8310344219207764,-1,-1,-1
211,16,1002.0120239257812,383.7729187011719,76.70001220703125,134.00167846679688,0.91853266954422,-1,-1,-1
211,39,1149.62548828125,388.986083984375,56.6322021484375,137.860107421875,0.8777997493743896,-1,-1,-1
211,3,633.8445434570312,523.7843017578125,79.52362060546875,188.3670654296875,0.8734524846076965,-1,-1,-1
211,52,403.3595886230469,272.6999816894531,51.162384033203125,128.30929565429688,0.8773393034934998,-1,-1,-1
211,41,507.9010009765625,340.04443359375,91.830810546875,141.81155395507812,0.9102303385734558,-1,-1,-1
211,47,115.79325866699219,520.322021484375,90.20184326171875,196.0172119140625,0.9031113982200623,-1,-1,-1
211,58,387.09686279296875,488.0567626953125,98.35708618164062,102.6956787109375,0.8299410343170166,-1,-1,-1
211,8,720.0862426757812,380.6255798339844,51.3197021484375,174.18576049804688,0.8117966651916504,-1,-1,-1
211,12,830.370361328125,310.85821533203125,69.7645263671875,127.04061889648438,0.7204583883285522,-1,-1,-1
211,48,277.43975830078125,361.5384521484375,78.08932495117188,113.07888793945312,0.8537000417709351,-1,-1,-1
211,43,328.027587890625,450.9920959472656,83.88824462890625,111.14199829101562,0.8221209645271301,-1,-1,-1
211,65,895.8106689453125,281.32342529296875,39.61431884765625,133.286865234375,0.8813402652740479,-1,-1,-1
212,5,621.6477661132812,407.5746765136719,51.34600830078125,155.15505981445312,0.865831732749939,-1,-1,-1
212,16,1005.3125,381.6520690917969,74.0509033203125,136.03933715820312,0.9030873775482178,-1,-1,-1
212,39,1151.9034423828125,388.5948791503906,55.650634765625,138.19082641601562,0.8733417987823486,-1,-1,-1
212,3,642.3849487304688,522.7776489257812,73.25042724609375,189.88531494140625,0.8701427578926086,-1,-1,-1
212,52,401.2001953125,271.8740234375,49.642578125,128.09405517578125,0.8701378107070923,-1,-1,-1
212,41,496.6028137207031,342.3768005371094,101.83566284179688,138.9215087890625,0.9181496500968933,-1,-1,-1
212,47,115.80096435546875,520.1513061523438,90.33677673339844,195.9732666015625,0.9000565409660339,-1,-1,-1
212,58,391.72900390625,486.2386169433594,99.33493041992188,103.93087768554688,0.8482961654663086,-1,-1,-1
212,8,719.8078002929688,380.86553955078125,50.6956787109375,175.0634765625,0.8089213371276855,-1,-1,-1
212,12,824.959228515625,310.5729675292969,65.2105712890625,121.78997802734375,0.8508923053741455,-1,-1,-1
212,48,278.5808410644531,361.20703125,78.29525756835938,113.71343994140625,0.8619730472564697,-1,-1,-1
212,43,331.2972717285156,447.8419189453125,78.99002075195312,116.78472900390625,0.8374946117401123,-1,-1,-1
212,65,896.6402587890625,281.83282470703125,39.903564453125,138.19818115234375,0.8967483043670654,-1,-1,-1
213,5,624.2565307617188,408.4751281738281,51.133056640625,149.37783813476562,0.9027639627456665,-1,-1,-1
213,16,1011.121337890625,379.3480224609375,67.8458251953125,140.24212646484375,0.9104720950126648,-1,-1,-1
213,39,1152.856689453125,387.74359130859375,56.2667236328125,138.701171875,0.686022162437439,-1,-1,-1
213,3,652.5687866210938,521.6346435546875,64.719482421875,191.3323974609375,0.8752543330192566,-1,-1,-1
213,52,398.44158935546875,270.7688903808594,48.460418701171875,128.93869018554688,0.8885847330093384,-1,-1,-1
213,41,487.8767395019531,343.6206359863281,107.52902221679688,136.69772338867188,0.9043905138969421,-1,-1,-1
213,47,115.57646942138672,520.078125,90.5149917602539,195.72064208984375,0.9010356664657593,-1,-1,-1
213,58,394.8497009277344,484.3967590332031,99.46066284179688,104.93173217773438,0.6301291584968567,-1,-1,-1
213,8,719.9479370117188,380.93798828125,49.8739013671875,175.60260009765625,0.8042151927947998,-1,-1,-1
213,12,817.4279174804688,309.6756591796875,65.9190673828125,120.177490234375,0.8430517911911011,-1,-1,-1
213,48,280.5250244140625,360.186767578125,77.87335205078125,115.1788330078125,0.86665940284729,-1,-1,-1
213,43,333.6505126953125,443.6427307128906,75.41629028320312,122.91775512695312,0.839773952960968,-1,-1,-1
213,65,895.3049926757812,282.84722900390625,43.38104248046875,138.85452270507812,0.9001628756523132,-1,-1,-1
214,5,625.9541625976562,410.10675048828125,51.62811279296875,147.2430419921875,0.9033203125,-1,-1,-1
214,16,1016.4302978515625,378.8753967285156,60.8685302734375,142.71176147460938,0.9024703502655029,-1,-1,-1
214,39,1153.2481689453125,387.0304260253906,57.4835205078125,139.08541870117188,0.8714041709899902,-1,-1,-1
214,3,656.4431762695312,520.4252319335938,63.82989501953125,193.09747314453125,0.8910186290740967,-1,-1,-1
214,52,395.7598876953125,269.1387939453125,46.81561279296875,130.5401611328125,0.8807938098907471,-1,-1,-1
214,41,480.7955322265625,343.97491455078125,110.3565673828125,137.74371337890625,0.9137324094772339,-1,-1,-1
214,47,115.14773559570312,520.010009765625,90.57342529296875,195.5743408203125,0.9087311625480652,-1,-1,-1
214,58,401.27984619140625,481.5841064453125,95.10836791992188,107.542724609375,0.8450173139572144,-1,-1,-1
214,8,719.183837890625,381.3432312011719,48.55352783203125,175.41665649414062,0.7624146938323975,-1,-1,-1
214,12,810.5487060546875,309.1095886230469,65.72113037109375,119.596923828125,0.84320068359375,-1,-1,-1
214,48,283.02545166015625,358.7501525878906,76.90097045898438,117.02996826171875,0.8656225800514221,-1,-1,-1
214,43,336.2088317871094,439.26654052734375,73.80880737304688,127.416015625,0.79753577709198,-1,-1,-1
214,65,893.3195190429688,284.4740905761719,47.7933349609375,138.50436401367188,0.9198869466781616,-1,-1,-1
215,5,627.15234375,412.1388854980469,52.73681640625,153.42129516601562,0.8574883341789246,-1,-1,-1
215,16,1019.5184936523438,379.30096435546875,56.97381591796875,145.33984375,0.8878148198127747,-1,-1,-1
215,39,1153.39111328125,386.2904968261719,59.0252685546875,139.76229858398438,0.8734036684036255,-1,-1,-1
215,3,659.1273803710938,518.2154541015625,64.26739501953125,194.93017578125,0.8755516409873962,-1,-1,-1
215,52,393.15130615234375,267.04791259765625,44.404327392578125,132.37771606445312,0.7972897291183472,-1,-1,-1
215,41,477.4643859863281,343.6798095703125,107.11148071289062,138.43118286132812,0.9152512550354004,-1,-1,-1
215,47,114.62832641601562,520.0061645507812,91.02156066894531,195.51544189453125,0.9060907363891602,-1,-1,-1
215,58,409.9321594238281,478.1410827636719,87.7833251953125,110.53646850585938,0.7931393980979919,-1,-1,-1
215,8,719.35498046875,380.4632568359375,47.5654296875,176.36920166015625,0.6602528691291809,-1,-1,-1
215,12,803.220458984375,308.0741882324219,67.80523681640625,120.1329345703125,0.8570148348808289,-1,-1,-1
215,48,286.001708984375,356.4353332519531,75.102783203125,117.92633056640625,0.8677403926849365,-1,-1,-1
215,43,337.9875183105469,434.39019775390625,74.51602172851562,127.56536865234375,0.8228726983070374,-1,-1,-1
215,65,892.3364868164062,285.7046813964844,51.01239013671875,137.27020263671875,0.9225530624389648,-1,-1,-1
216,5,628.1600952148438,413.89727783203125,55.20635986328125,160.1207275390625,0.8736011981964111,-1,-1,-1
216,16,1020.5233764648438,378.5433044433594,56.76007080078125,150.53067016601562,0.8912985920906067,-1,-1,-1
216,39,1153.1595458984375,384.93389892578125,59.603759765625,140.4178466796875,0.6587663292884827,-1,-1,-1
216,3,665.5764770507812,517.4351196289062,61.82379150390625,194.98712158203125,0.8697525858879089,-1,-1,-1
216,52,391.3941345214844,265.217041015625,43.000030517578125,134.10055541992188,0.8539848923683167,-1,-1,-1
216,41,475.67193603515625,342.41827392578125,103.1224365234375,139.6829833984375,0.9083943963050842,-1,-1,-1
216,47,114.38988494873047,519.9082641601562,91.3180160522461,195.08172607421875,0.9100150465965271,-1,-1,-1
216,58,414.87396240234375,474.1114501953125,84.13369750976562,113.4722900390625,0.846946656703949,-1,-1,-1
216,8,716.9156494140625,382.1635437011719,49.300537109375,174.27432250976562,0.7602439522743225,-1,-1,-1
216,12,799.4402465820312,306.27099609375,69.096435546875,120.95993041992188,0.8575258851051331,-1,-1,-1
216,48,290.95623779296875,353.953857421875,71.35140991210938,119.73260498046875,0.8774803876876831,-1,-1,-1
216,43,338.3470153808594,428.60198974609375,76.68582153320312,131.37640380859375,0.8938628435134888,-1,-1,-1
216,65,892.3578491210938,286.9857482910156,55.4100341796875,134.97714233398438,0.8898113965988159,-1,-1,-1
217,5,628.5133056640625,414.8564147949219,58.60125732421875,163.47213745117188,0.900863528251648,-1,-1,-1
217,16,1020.4017333984375,377.5898132324219,58.3931884765625,153.30026245117188,0.8804504871368408,-1,-1,-1
217,39,1152.74609375,383.1328125,59.6563720703125,141.51605224609375,0.8646888136863708,-1,-1,-1
217,3,671.0521240234375,516.8878784179688,62.4383544921875,195.0894775390625,0.8734350204467773,-1,-1,-1
217,52,389.27081298828125,263.34747314453125,42.128021240234375,135.40774536132812,0.8526275157928467,-1,-1,-1
217,41,473.2140197753906,341.0837097167969,97.92776489257812,140.76333618164062,0.8910400867462158,-1,-1,-1
217,47,113.76632690429688,519.35888671875,92.05961608886719,195.589111328125,0.9047076106071472,-1,-1,-1
217,58,416.0129089355469,470.43133544921875,84.15219116210938,115.78253173828125,0.8603003621101379,-1,-1,-1
217,8,713.7896118164062,382.624267578125,51.55291748046875,173.25439453125,0.7787466049194336,-1,-1,-1
217,12,792.6312866210938,304.2236022949219,74.65533447265625,122.15341186523438,0.8352006077766418,-1,-1,-1
217,48,296.8785705566406,350.7022399902344,66.35226440429688,124.5684814453125,0.8638883233070374,-1,-1,-1
217,43,336.7298583984375,422.9734191894531,79.17236328125,134.49545288085938,0.8746017217636108,-1,-1,-1
217,65,892.0170288085938,287.8212890625,62.024658203125,133.67257690429688,0.8925624489784241,-1,-1,-1
218,5,628.4710693359375,415.3229064941406,59.93902587890625,164.40249633789062,0.9071141481399536,-1,-1,-1
218,16,1022.65380859375,377.26812744140625,57.1854248046875,153.773193359375,0.8817416429519653,-1,-1,-1
218,39,1152.12109375,381.9422302246094,59.227783203125,142.05557250976562,0.8561034798622131,-1,-1,-1
218,3,674.04248046875,516.8677978515625,65.755615234375,195.13885498046875,0.8762702941894531,-1,-1,-1
218,52,386.012939453125,262.40179443359375,42.952423095703125,134.69393920898438,0.8498979806900024,-1,-1,-1
218,41,471.7524108886719,339.6944580078125,90.65133666992188,140.54165649414062,0.8878567218780518,-1,-1,-1
218,47,113.15685272216797,518.6544799804688,89.83576202392578,195.65057373046875,0.8914394378662109,-1,-1,-1
218,58,419.39404296875,466.48858642578125,82.12921142578125,119.1712646484375,0.782619059085846,-1,-1,-1
218,8,712.1310424804688,383.585693359375,51.366455078125,173.74237060546875,0.7588561773300171,-1,-1,-1
218,12,785.990478515625,301.8526611328125,78.43450927734375,123.39764404296875,0.8396829962730408,-1,-1,-1
218,48,301.81072998046875,347.6913146972656,62.118804931640625,126.9217529296875,0.8467133641242981,-1,-1,-1
218,43,333.4996032714844,415.8743896484375,83.27432250976562,139.884033203125,0.8875077366828918,-1,-1,-1
218,65,892.9832153320312,288.1805114746094,67.98687744140625,135.26052856445312,0.9009615778923035,-1,-1,-1
219,5,628.768310546875,415.1748046875,59.94537353515625,164.450439453125,0.9088922142982483,-1,-1,-1
219,16,1029.635498046875,377.3597412109375,52.4739990234375,153.2222900390625,0.8429202437400818,-1,-1,-1
219,39,1151.3974609375,381.6138610839844,59.0057373046875,141.94338989257812,0.8659998774528503,-1,-1,-1
219,3,676.0070190429688,517.12451171875,69.05615234375,193.86383056640625,0.8893120288848877,-1,-1,-1
219,52,383.5919494628906,262.0545959472656,43.940765380859375,132.86712646484375,0.8104683756828308,-1,-1,-1
219,41,466.04052734375,339.62908935546875,84.84564208984375,138.67715454101562,0.7619423270225525,-1,-1,-1
219,47,112.79330444335938,518.0502319335938,86.5919189453125,195.68798828125,0.8724839091300964,-1,-1,-1
219,58,415.9215087890625,463.5870361328125,85.45919799804688,121.00592041015625,0.6572943925857544,-1,-1,-1
219,8,715.6890869140625,386.9104309082031,47.18701171875,171.51632690429688,0.6537391543388367,-1,-1,-1
219,12,781.8712768554688,300.0960998535156,76.43292236328125,125.24920654296875,0.8192817568778992,-1,-1,-1
219,48,307.1304931640625,345.17138671875,56.756744384765625,129.96871948242188,0.8012133240699768,-1,-1,-1
219,43,328.64093017578125,409.302001953125,86.70797729492188,144.939453125,0.8970835208892822,-1,-1,-1
219,65,896.3407592773438,288.6178894042969,71.2044677734375,139.71270751953125,0.9024136662483215,-1,-1,-1
220,5,629.0034790039062,413.4643249511719,59.37548828125,165.37655639648438,0.9112719297409058,-1,-1,-1
220,16,1039.3682861328125,377.3012390136719,44.67138671875,153.12887573242188,0.8897204399108887,-1,-1,-1
220,39,1150.6998291015625,380.9405517578125,60.123046875,141.98052978515625,0.8639166355133057,-1,-1,-1
220,3,676.4522094726562,517.7286376953125,72.33074951171875,191.868896484375,0.8932473063468933,-1,-1,-1
220,52,382.1643981933594,261.83453369140625,44.29705810546875,130.0465087890625,0.6317926645278931,-1,-1,-1
220,41,461.1533508300781,339.64239501953125,80.17239379882812,142.3370361328125,0.8228615522384644,-1,-1,-1
220,47,112.61276245117188,517.9766845703125,81.47434997558594,195.3419189453125,0.908206045627594,-1,-1,-1
220,58,426.7537841796875,462.5086364746094,75.47128295898438,120.84164428710938,0.6705700159072876,-1,-1,-1
220,8,716.637939453125,391.3144836425781,45.5482177734375,167.85598754882812,0.5415737628936768,-1,-1,-1
220,12,771.9358520507812,299.20233154296875,77.45159912109375,123.36666870117188,0.8158167600631714,-1,-1,-1
220,48,314.1322937011719,343.28759765625,47.4996337890625,131.050048828125,0.6420601010322571,-1,-1,-1
220,43,324.31134033203125,403.6684875488281,85.9263916015625,147.89450073242188,0.8980807065963745,-1,-1,-1
220,65,899.7431640625,288.7178649902344,73.11151123046875,142.15859985351562,0.9074222445487976,-1,-1,-1
221,5,629.56787109375,411.1533508300781,58.99200439453125,166.27505493164062,0.9044095277786255,-1,-1,-1
221,16,1043.5440673828125,376.6930847167969,42.9095458984375,153.40634155273438,0.8836618661880493,-1,-1,-1
221,39,1150.2196044921875,380.7223815917969,62.051513671875,141.92556762695312,0.885563850402832,-1,-1,-1
221,3,676.5770263671875,518.4728393554688,74.726318359375,189.97845458984375,0.8806073069572449,-1,-1,-1
221,52,380.8424377441406,261.34515380859375,44.500396728515625,128.22628784179688,0.793661892414093,-1,-1,-1
221,41,455.35919189453125,342.94329833984375,77.86444091796875,141.1881103515625,0.8763741850852966,-1,-1,-1
221,47,112.53462219238281,517.724609375,77.88705444335938,195.4744873046875,0.9048639535903931,-1,-1,-1
221,58,421.9658508300781,461.34515380859375,79.97360229492188,122.54376220703125,0.8203845620155334,-1,-1,-1
221,8,716.384765625,395.22564697265625,46.02606201171875,163.6907958984375,0.725866973400116,-1,-1,-1
221,12,767.6168212890625,298.3509521484375,70.04736328125,122.8023681640625,0.7906793355941772,-1,-1,-1
221,48,319.9881286621094,342.7157897949219,41.443267822265625,103.39874267578125,0.561513364315033,-1,-1,-1
221,43,319.8742980957031,402.966796875,80.07525634765625,147.3563232421875,0.8471131920814514,-1,-1,-1
221,65,903.19677734375,289.7038269042969,73.47833251953125,142.39645385742188,0.9048846960067749,-1,-1,-1
222,5,631.1133422851562,408.54473876953125,56.9156494140625,166.79486083984375,0.8942676782608032,-1,-1,-1
222,16,1044.7042236328125,375.9698486328125,44.392333984375,154.179443359375,0.9011603593826294,-1,-1,-1
222,39,1149.4676513671875,380.87109375,63.0645751953125,141.8359375,0.8953437209129333,-1,-1,-1
222,3,676.7742919921875,518.8366088867188,77.46044921875,188.9820556640625,0.8910101056098938,-1,-1,-1
222,52,378.9660949707031,259.8681640625,45.142059326171875,128.37994384765625,0.8258247971534729,-1,-1,-1
222,41,442.363037109375,347.9341735839844,83.33123779296875,137.75210571289062,0.8696191310882568,-1,-1,-1
222,47,112.2946548461914,517.718994140625,75.02994537353516,195.296142578125,0.8849886059761047,-1,-1,-1
222,58,430.5569763183594,461.04449462890625,76.38638305664062,123.64215087890625,0.6774275302886963,-1,-1,-1
222,8,716.2290649414062,366.2513427734375,48.0645751953125,192.75848388671875,0.6804205179214478,-1,-1,-1
222,12,765.0289306640625,299.42498779296875,57.4881591796875,119.57235717773438,0.7525187730789185,-1,-1,-1
222,48,322.22979736328125,343.302001953125,40.910675048828125,93.71084594726562,0.4127104878425598,-1,-1,-1
222,43,316.2080383300781,401.1877136230469,67.65023803710938,147.86380004882812,0.8429116606712341,-1,-1,-1
222,65,906.5530395507812,293.19866943359375,72.1187744140625,139.62277221679688,0.9049031734466553,-1,-1,-1
223,5,632.1771850585938,405.8977966308594,55.06610107421875,165.82083129882812,0.872516930103302,-1,-1,-1
223,16,1043.7965087890625,375.3884582519531,50.3956298828125,155.29800415039062,0.9064982533454895,-1,-1,-1
223,39,1147.8028564453125,380.4927978515625,63.4395751953125,142.6580810546875,0.8556926250457764,-1,-1,-1
223,3,677.2386474609375,519.4847412109375,77.82562255859375,188.8779296875,0.8936652541160583,-1,-1,-1
223,52,375.54248046875,258.6944580078125,46.6669921875,127.36508178710938,0.840172290802002,-1,-1,-1
223,41,432.026123046875,353.55670166015625,88.71905517578125,134.93572998046875,0.8174797296524048,-1,-1,-1
223,47,110.98824310302734,518.0009155273438,72.3010482788086,195.61285400390625,0.8921384215354919,-1,-1,-1
223,58,427.932861328125,461.4778137207031,81.32574462890625,125.06845092773438,0.8015907406806946,-1,-1,-1
223,8,716.270751953125,356.67572021484375,48.9832763671875,202.302490234375,0.6588069796562195,-1,-1,-1
223,12,760.3134155273438,300.8196105957031,46.2955322265625,111.643310546875,0.6779857873916626,-1,-1,-1
223,48,323.673828125,345.4202575683594,42.550994873046875,110.35604858398438,0.5789145827293396,-1,-1,-1
223,43,310.74609375,399.4292907714844,55.57720947265625,147.77590942382812,0.819110631942749,-1,-1,-1
223,65,909.178466796875,296.38128662109375,68.95892333984375,136.65005493164062,0.912575364112854,-1,-1,-1
224,5,631.0471801757812,403.77978515625,53.05230712890625,163.507568359375,0.9063996076583862,-1,-1,-1
224,16,1041.0406494140625,374.9719543457031,56.542236328125,156.30795288085938,0.916380763053894,-1,-1,-1
224,39,1144.4952392578125,380.8695373535156,63.02099609375,142.48580932617188,0.8916775584220886,-1,-1,-1
224,3,677.9011840820312,519.2976684570312,74.64349365234375,189.97479248046875,0.895960807800293,-1,-1,-1
224,52,369.08404541015625,257.3673400878906,49.65032958984375,124.6884765625,0.8343662619590759,-1,-1,-1
224,41,418.4066162109375,359.9947509765625,96.30218505859375,131.99868774414062,0.8358493447303772,-1,-1,-1
224,47,107.76787567138672,518.1041259765625,70.28105926513672,197.627685546875,0.8970602750778198,-1,-1,-1
224,58,429.9169921875,462.36407470703125,77.957275390625,124.953125,0.6979967951774597,-1,-1,-1
224,8,713.8284912109375,353.71087646484375,48.51300048828125,204.6484375,0.5913865566253662,-1,-1,-1
224,12,752.046875,299.5927429199219,44.08172607421875,119.74447631835938,0.7499921917915344,-1,-1,-1
224,48,324.1459655761719,347.66693115234375,42.633514404296875,113.73748779296875,0.6565055847167969,-1,-1,-1
224,43,303.16400146484375,395.5906066894531,58.48626708984375,152.53585815429688,0.8023205399513245,-1,-1,-1
224,65,908.931396484375,299.51416015625,65.86181640625,133.79388427734375,0.9033305048942566,-1,-1,-1
224,60,678.3750610351562,161.7712860107422,44.23333740234375,151.2169952392578,0.46143797039985657,-1,-1,-1
225,5,628.7650146484375,401.9343566894531,51.02899169921875,158.03720092773438,0.8914568424224854,-1,-1,-1
225,16,1038.1468505859375,374.5363464355469,60.7398681640625,158.44436645507812,0.910323441028595,-1,-1,-1
225,39,1138.784912109375,380.9626770019531,64.2950439453125,142.19192504882812,0.9040815830230713,-1,-1,-1
225,3,680.6851196289062,518.3351440429688,68.55316162109375,194.4122314453125,0.8739120364189148,-1,-1,-1
225,52,363.1200866699219,257.8736572265625,51.700469970703125,119.6241455078125,0.8123034834861755,-1,-1,-1
225,41,409.9984436035156,363.87353515625,98.28848266601562,129.34609985351562,0.8049725294113159,-1,-1,-1
225,47,103.28487396240234,518.9559936523438,67.97180938720703,198.0699462890625,0.8871585130691528,-1,-1,-1
225,58,423.5351257324219,462.27935791015625,80.6171875,124.96710205078125,0.7309948801994324,-1,-1,-1
225,8,700.4492797851562,376.9571838378906,55.13299560546875,182.05123901367188,0.5327084064483643,-1,-1,-1
225,12,743.7175903320312,299.037841796875,43.55523681640625,122.08493041992188,0.702444851398468,-1,-1,-1
225,48,322.825927734375,350.9109191894531,44.4061279296875,116.23324584960938,0.7877214550971985,-1,-1,-1
225,43,291.1933288574219,392.0067443847656,54.495086669921875,156.83297729492188,0.8222916126251221,-1,-1,-1
225,65,906.8323364257812,303.9879455566406,63.16302490234375,129.64993286132812,0.8895992040634155,-1,-1,-1
226,5,625.0925903320312,400.85052490234375,51.31866455078125,149.74066162109375,0.8515679240226746,-1,-1,-1
226,16,1035.19873046875,374.9912109375,63.6087646484375,160.602294921875,0.9051063656806946,-1,-1,-1
226,39,1132.485595703125,380.8792419433594,65.324951171875,141.68600463867188,0.9182716608047485,-1,-1,-1
226,3,681.72705078125,516.7669677734375,64.0838623046875,187.07049560546875,0.8716604113578796,-1,-1,-1
226,52,353.89453125,260.36865234375,55.671112060546875,118.1156005859375,0.834582507610321,-1,-1,-1
226,41,403.6772766113281,364.5808410644531,99.76492309570312,128.791748046875,0.8042537569999695,-1,-1,-1
226,47,98.3465347290039,519.5709838867188,65.83769989013672,197.16790771484375,0.9051429629325867,-1,-1,-1
226,58,418.4313659667969,463.4084167480469,84.34765625,123.38571166992188,0.7391660809516907,-1,-1,-1
226,12,732.5382690429688,298.86920166015625,45.948974609375,122.78396606445312,0.6422827243804932,-1,-1,-1
226,48,317.1813659667969,353.3477783203125,54.358551025390625,116.46072387695312,0.7632434964179993,-1,-1,-1
226,43,272.9684143066406,389.6998596191406,59.810150146484375,160.27713012695312,0.8502846360206604,-1,-1,-1
226,65,902.7090454101562,310.0174865722656,62.26715087890625,124.66741943359375,0.8762133121490479,-1,-1,-1
227,5,617.4851684570312,401.40545654296875,54.7562255859375,144.67987060546875,0.8490174412727356,-1,-1,-1
227,16,1033.3131103515625,375.9833984375,64.6944580078125,162.61175537109375,0.9050168991088867,-1,-1,-1
227,39,1126.0546875,381.8999328613281,65.9854736328125,139.69906616210938,0.9126676917076111,-1,-1,-1
227,3,685.7816162109375,515.6077880859375,56.96026611328125,186.8865966796875,0.8188143372535706,-1,-1,-1
227,52,347.0079650878906,262.8850402832031,57.6063232421875,113.69100952148438,0.7976865172386169,-1,-1,-1
227,41,399.0268859863281,363.9095153808594,101.87582397460938,129.9168701171875,0.8024020791053772,-1,-1,-1
227,47,92.20365905761719,519.6514892578125,65.18844604492188,197.41015625,0.8917592167854309,-1,-1,-1
227,58,412.3629455566406,463.15289306640625,88.74142456054688,124.30859375,0.8062472939491272,-1,-1,-1
227,12,727.2418823242188,300.1007995605469,42.76251220703125,121.22750854492188,0.5861814022064209,-1,-1,-1
227,48,308.9198303222656,354.8224792480469,66.56719970703125,117.3968505859375,0.7536702752113342,-1,-1,-1
227,43,252.82443237304688,389.1232604980469,70.86663818359375,162.00595092773438,0.8888509273529053,-1,-1,-1
227,65,900.2855834960938,313.32568359375,59.81982421875,122.93548583984375,0.8840777277946472,-1,-1,-1
227,8,685.97900390625,357.431396484375,63.04864501953125,164.5294189453125,0.43122342228889465,-1,-1,-1
228,5,606.2066650390625,402.25439453125,62.34271240234375,142.69451904296875,0.891497790813446,-1,-1,-1
228,16,1033.1751708984375,377.18505859375,64.847900390625,164.94580078125,0.9030896425247192,-1,-1,-1
228,39,1121.0341796875,381.3386535644531,67.1416015625,139.50393676757812,0.9080316424369812,-1,-1,-1
228,3,686.4094848632812,514.9436645507812,54.56793212890625,186.0521240234375,0.866906464099884,-1,-1,-1
228,52,342.0108642578125,265.24822998046875,60.11309814453125,110.81124877929688,0.7544518113136292,-1,-1,-1
228,41,401.07159423828125,362.7076110839844,100.27487182617188,130.60931396484375,0.6733815670013428,-1,-1,-1
228,47,87.95050048828125,519.6249389648438,64.19322204589844,197.41973876953125,0.8960798978805542,-1,-1,-1
228,58,408.22021484375,461.4834289550781,92.19219970703125,126.74661254882812,0.8264431357383728,-1,-1,-1
228,48,301.8536071777344,355.84228515625,78.92791748046875,119.01620483398438,0.8466774225234985,-1,-1,-1
228,43,236.92005920410156,389.59136962890625,79.61753845214844,160.1011962890625,0.9112945795059204,-1,-1,-1
228,65,898.1370239257812,315.5689392089844,58.12969970703125,121.67959594726562,0.8984410166740417,-1,-1,-1
228,8,677.8978881835938,373.9169921875,65.45294189453125,146.13287353515625,0.5380004644393921,-1,-1,-1
229,5,593.2787475585938,402.3807373046875,72.359619140625,142.31158447265625,0.8822933435440063,-1,-1,-1
229,16,1034.32177734375,378.5123596191406,63.3333740234375,164.98489379882812,0.8937813639640808,-1,-1,-1
229,39,1116.93310546875,382.4587707519531,68.08837890625,138.12545776367188,0.9059807658195496,-1,-1,-1
229,3,685.881591796875,513.9385986328125,54.16314697265625,186.82550048828125,0.8551449775695801,-1,-1,-1
229,52,338.6237487792969,267.8246765136719,62.221221923828125,107.62240600585938,0.7614830136299133,-1,-1,-1
229,41,427.888427734375,362.51788330078125,75.4415283203125,120.02511596679688,0.8102814555168152,-1,-1,-1
229,47,84.95833587646484,519.8108520507812,64.15015411376953,197.71942138671875,0.900748610496521,-1,-1,-1
229,58,404.98150634765625,458.4475402832031,94.03787231445312,130.23818969726562,0.8267361521720886,-1,-1,-1
229,48,297.4625549316406,357.784423828125,87.54177856445312,119.34994506835938,0.8741987347602844,-1,-1,-1
229,43,223.73483276367188,390.2749328613281,87.72097778320312,159.04660034179688,0.9169137477874756,-1,-1,-1
229,65,893.8695068359375,317.8597412109375,59.36578369140625,122.10726928710938,0.8653811812400818,-1,-1,-1
229,8,677.88134765625,386.58306884765625,61.1727294921875,130.94232177734375,0.6550453901290894,-1,-1,-1
229,60,657.9290161132812,161.51515197753906,45.2030029296875,150.6152801513672,0.5089346766471863,-1,-1,-1
230,5,581.6373291015625,399.8863830566406,81.725341796875,144.65286254882812,0.6811341047286987,-1,-1,-1
230,16,1036.5184326171875,379.4285583496094,59.782958984375,165.02566528320312,0.8988561034202576,-1,-1,-1
230,39,1113.3599853515625,384.3625183105469,69.4202880859375,136.10855102539062,0.9077180027961731,-1,-1,-1
230,3,684.88037109375,512.9673461914062,56.33270263671875,187.6915283203125,0.8520583510398865,-1,-1,-1
230,52,338.10693359375,269.4247131347656,62.719879150390625,105.92922973632812,0.7592002749443054,-1,-1,-1
230,41,440.443359375,363.6907043457031,67.40982055664062,112.63626098632812,0.8475515842437744,-1,-1,-1
230,47,82.63507080078125,519.8917846679688,64.19305419921875,197.422607421875,0.9146109819412231,-1,-1,-1
230,58,403.97216796875,456.9931335449219,93.9163818359375,131.84463500976562,0.8652210831642151,-1,-1,-1
230,48,293.76617431640625,358.4395751953125,92.9317626953125,120.26693725585938,0.8755502104759216,-1,-1,-1
230,43,215.45059204101562,390.2716369628906,91.22457885742188,157.87924194335938,0.9290850758552551,-1,-1,-1
230,65,891.0181274414062,319.9927062988281,59.494873046875,121.77536010742188,0.8872559070587158,-1,-1,-1
230,8,674.9154663085938,386.1974792480469,61.4449462890625,139.53494262695312,0.6853367686271667,-1,-1,-1
231,5,573.914794921875,393.4853210449219,85.72357177734375,150.79946899414062,0.839469313621521,-1,-1,-1
231,16,1038.226318359375,379.38433837890625,56.654541015625,166.54296875,0.8807034492492676,-1,-1,-1
231,39,1107.1156005859375,386.14263916015625,72.9085693359375,134.492431640625,0.8492605686187744,-1,-1,-1
231,3,683.217529296875,511.8934631347656,60.55340576171875,187.35409545898438,0.8792799115180969,-1,-1,-1
231,52,338.07952880859375,269.2796936035156,63.414794921875,106.08224487304688,0.7898263335227966,-1,-1,-1
231,41,441.60009765625,365.58953857421875,74.75341796875,112.93173217773438,0.849664568901062,-1,-1,-1
231,47,80.39769744873047,520.0491333007812,63.814048767089844,197.681640625,0.9165545701980591,-1,-1,-1
231,58,401.3185729980469,456.2723388671875,94.944580078125,131.79412841796875,0.8730238080024719,-1,-1,-1
231,48,290.0372009277344,357.7528076171875,96.67257690429688,121.87884521484375,0.8647713661193848,-1,-1,-1
231,43,210.6108856201172,389.4166259765625,89.10823059082031,155.61932373046875,0.9145753979682922,-1,-1,-1
231,65,887.392822265625,320.7705078125,60.84869384765625,123.3035888671875,0.8959479928016663,-1,-1,-1
231,8,678.803466796875,369.1833801269531,55.83001708984375,159.26296997070312,0.45933470129966736,-1,-1,-1
231,12,702.8857421875,303.240966796875,45.517822265625,88.2901611328125,0.528441309928894,-1,-1,-1
231,60,653.1243286132812,161.75384521484375,45.50543212890625,150.42294311523438,0.5320276021957397,-1,-1,-1
232,5,570.8196411132812,387.4602966308594,85.4132080078125,156.65603637695312,0.8166094422340393,-1,-1,-1
232,16,1037.7347412109375,383.52685546875,54.384033203125,166.01190185546875,0.865917444229126,-1,-1,-1
232,39,1098.7120361328125,388.7597351074219,77.482666015625,132.50149536132812,0.8845707178115845,-1,-1,-1
232,3,680.7249755859375,511.7572937011719,62.87237548828125,186.43423461914062,0.8755784630775452,-1,-1,-1
232,52,341.9553527832031,268.42181396484375,60.004425048828125,106.44107055664062,0.7084628939628601,-1,-1,-1
232,41,440.31085205078125,366.2085266113281,83.250732421875,122.47409057617188,0.8618249297142029,-1,-1,-1
232,47,77.2049331665039,520.4639892578125,64.3105239868164,196.43365478515625,0.9008695483207703,-1,-1,-1
232,58,397.62701416015625,455.6504211425781,93.96109008789062,132.57443237304688,0.7298702001571655,-1,-1,-1
232,48,287.7052001953125,355.712646484375,97.87429809570312,124.43585205078125,0.8488367795944214,-1,-1,-1
232,43,207.64442443847656,386.13568115234375,86.57600402832031,158.53155517578125,0.9161100387573242,-1,-1,-1
232,65,883.728515625,321.4377136230469,61.46258544921875,127.43905639648438,0.859498918056488,-1,-1,-1
232,12,696.1493530273438,303.16571044921875,48.3846435546875,88.07308959960938,0.44643262028694153,-1,-1,-1
233,5,564.8726196289062,379.1306457519531,87.567626953125,160.95156860351562,0.8321647047996521,-1,-1,-1
233,16,1035.2608642578125,386.785400390625,53.3587646484375,168.081787109375,0.8555437922477722,-1,-1,-1
233,39,1095.2103271484375,390.767333984375,76.00048828125,131.2515869140625,0.9017167687416077,-1,-1,-1
233,3,677.1798706054688,511.5668029785156,64.40106201171875,185.37356567382812,0.8826754093170166,-1,-1,-1
233,41,437.9160461425781,365.6039123535156,88.65951538085938,128.92315673828125,0.8938575983047485,-1,-1,-1
233,47,73.50959014892578,520.7969970703125,64.62940216064453,197.0771484375,0.8912886381149292,-1,-1,-1
233,58,394.85467529296875,455.477294921875,93.97747802734375,132.61187744140625,0.742572009563446,-1,-1,-1
233,48,286.49749755859375,354.08795166015625,96.17367553710938,126.38677978515625,0.8771655559539795,-1,-1,-1
233,43,205.6171875,383.7022705078125,80.91824340820312,159.23828125,0.8975114822387695,-1,-1,-1
233,65,880.0209350585938,321.66387939453125,61.37652587890625,131.25540161132812,0.7811654806137085,-1,-1,-1
233,8,676.4651489257812,362.3122253417969,54.57110595703125,170.13168334960938,0.6926444172859192,-1,-1,-1
234,5,558.529541015625,370.3721618652344,92.20098876953125,164.99349975585938,0.7533797025680542,-1,-1,-1
234,16,1032.9327392578125,388.8509216308594,55.10986328125,168.25119018554688,0.858642041683197,-1,-1,-1
234,39,1091.0352783203125,391.3802185058594,74.0701904296875,130.39663696289062,0.8335704803466797,-1,-1,-1
234,3,675.012451171875,511.8160705566406,64.04693603515625,184.70346069335938,0.8788483142852783,-1,-1,-1
234,41,436.64752197265625,364.1616516113281,99.04827880859375,130.61990356445312,0.8843342661857605,-1,-1,-1
234,47,69.07656860351562,521.0840454101562,65.67837524414062,197.23883056640625,0.8984498381614685,-1,-1,-1
234,58,392.5697937011719,454.6827697753906,93.01776123046875,132.68869018554688,0.7659671306610107,-1,-1,-1
234,48,286.8614501953125,353.3055725097656,93.06326293945312,126.59808349609375,0.8734902143478394,-1,-1,-1
234,43,205.1295166015625,379.7637634277344,72.587890625,161.85519409179688,0.9083122611045837,-1,-1,-1
234,65,874.3032836914062,321.66754150390625,62.10015869140625,133.35891723632812,0.8336887359619141,-1,-1,-1
234,68,1258.4404296875,248.26832580566406,20.219482421875,94.52180480957031,0.6150901317596436,-1,-1,-1
234,8,670.7233276367188,355.08978271484375,56.62445068359375,178.3419189453125,0.6024168133735657,-1,-1,-1
234,52,358.39788818359375,268.5859069824219,43.665191650390625,98.58926391601562,0.6214539408683777,-1,-1,-1
235,5,552.74560546875,362.947509765625,95.91192626953125,165.31072998046875,0.7772966027259827,-1,-1,-1
235,16,1029.8193359375,390.7685546875,61.1068115234375,170.48089599609375,0.8771066069602966,-1,-1,-1
235,39,1087.9332275390625,390.5513916015625,70.032958984375,131.1396484375,0.8900495767593384,-1,-1,-1
235,3,672.0250854492188,512.0513916015625,64.3782958984375,184.5579833984375,0.8849689960479736,-1,-1,-1
235,41,437.2659606933594,364.1168518066406,103.74502563476562,132.38238525390625,0.8953362107276917,-1,-1,-1
235,47,65.8130111694336,521.4472045898438,65.71361541748047,197.2412109375,0.8996724486351013,-1,-1,-1
235,58,392.3882751464844,454.0282897949219,88.10775756835938,132.90225219726562,0.8082680702209473,-1,-1,-1
235,48,288.925537109375,352.7189636230469,87.205078125,126.33074951171875,0.8820845484733582,-1,-1,-1
235,43,205.0524444580078,376.3230285644531,65.24836730957031,162.50485229492188,0.8954130411148071,-1,-1,-1
235,65,866.8253784179688,321.5880432128906,65.4638671875,133.73184204101562,0.8501557111740112,-1,-1,-1
235,68,1253.198486328125,245.35646057128906,24.8258056640625,99.23127746582031,0.6929579377174377,-1,-1,-1
235,8,667.0910034179688,349.7346496582031,55.79998779296875,181.89279174804688,0.5896711945533752,-1,-1,-1
235,52,362.6855163574219,269.4629211425781,40.898834228515625,95.58883666992188,0.6790013313293457,-1,-1,-1
236,5,547.9276123046875,355.60076904296875,97.60076904296875,165.71929931640625,0.8070151805877686,-1,-1,-1
236,16,1026.6529541015625,393.1455383300781,66.851318359375,171.48263549804688,0.8997449278831482,-1,-1,-1
236,39,1083.947021484375,388.44891357421875,64.9566650390625,133.5130615234375,0.8933506608009338,-1,-1,-1
236,3,668.7279663085938,511.6229248046875,65.37103271484375,185.1326904296875,0.8993273377418518,-1,-1,-1
236,41,454.35205078125,364.6286926269531,87.97467041015625,133.2840576171875,0.88434237241745,-1,-1,-1
236,47,60.99901580810547,521.6754150390625,67.17449188232422,197.0120849609375,0.8992196321487427,-1,-1,-1
236,58,384.849365234375,453.1896057128906,90.90753173828125,134.86282348632812,0.882056713104248,-1,-1,-1
236,48,292.2373962402344,351.8717041015625,79.84957885742188,126.99441528320312,0.8925653696060181,-1,-1,-1
236,43,203.9940185546875,373.33160400390625,60.812164306640625,157.470703125,0.8720608353614807,-1,-1,-1
236,65,860.6098022460938,321.1123046875,66.48504638671875,134.236083984375,0.8716753721237183,-1,-1,-1
236,68,1248.7152099609375,234.44073486328125,29.2666015625,109.89224243164062,0.7931128144264221,-1,-1,-1
236,8,664.2855834960938,301.0205078125,56.46624755859375,222.4222412109375,0.6165014505386353,-1,-1,-1
236,52,363.3843994140625,269.70452880859375,42.77899169921875,93.94107055664062,0.7178400158882141,-1,-1,-1
237,5,544.22265625,350.7813720703125,99.24176025390625,163.82000732421875,0.8073407411575317,-1,-1,-1
237,16,1022.581298828125,395.2867126464844,70.6259765625,171.03628540039062,0.901119589805603,-1,-1,-1
237,39,1076.489013671875,386.2790222167969,64.852294921875,136.74166870117188,0.8745073080062866,-1,-1,-1
237,3,666.322021484375,511.49761962890625,65.55963134765625,185.65093994140625,0.8956958651542664,-1,-1,-1
237,41,469.7814636230469,366.61395263671875,70.89108276367188,131.87631225585938,0.8336911797523499,-1,-1,-1
237,47,56.36213684082031,521.5870361328125,68.32324981689453,197.19061279296875,0.8982341885566711,-1,-1,-1
237,58,379.5288391113281,452.90399169921875,91.19668579101562,136.23333740234375,0.8842130899429321,-1,-1,-1
237,48,296.8427429199219,350.4966735839844,71.57998657226562,128.13601684570312,0.8878397345542908,-1,-1,-1
237,43,195.52561950683594,373.9954528808594,64.68495178222656,156.75289916992188,0.870317816734314,-1,-1,-1
237,65,855.208251953125,320.323974609375,66.03143310546875,134.69271850585938,0.8669542074203491,-1,-1,-1
237,68,1244.611328125,230.7787322998047,33.56494140625,112.90061950683594,0.8025009036064148,-1,-1,-1
237,8,659.9896850585938,282.2174377441406,58.13726806640625,234.74624633789062,0.5073264241218567,-1,-1,-1
237,52,362.7448425292969,270.72235107421875,49.58917236328125,92.15048217773438,0.7224847078323364,-1,-1,-1
238,5,543.0571899414062,347.1106262207031,94.58294677734375,162.49481201171875,0.7987849712371826,-1,-1,-1
238,16,1018.70654296875,396.8529968261719,72.330078125,170.24166870117188,0.8988373279571533,-1,-1,-1
238,39,1063.364501953125,381.40679931640625,71.2890625,141.8382568359375,0.8572638630867004,-1,-1,-1
238,3,663.5020141601562,511.391357421875,66.15289306640625,186.00390625,0.904765248298645,-1,-1,-1
238,41,482.4732360839844,368.3903503417969,61.603790283203125,130.671142578125,0.8686452507972717,-1,-1,-1
238,47,52.215511322021484,522.27587890625,69.1004524230957,196.4993896484375,0.8885286450386047,-1,-1,-1
238,58,374.98297119140625,452.9306335449219,90.86660766601562,136.76364135742188,0.8912918567657471,-1,-1,-1
238,48,303.26025390625,348.57904052734375,62.179290771484375,130.43759155273438,0.8883360624313354,-1,-1,-1
238,43,184.83053588867188,375.1154479980469,71.95199584960938,152.43655395507812,0.8852589726448059,-1,-1,-1
238,65,847.91357421875,320.6412048339844,65.78692626953125,134.42599487304688,0.8994206786155701,-1,-1,-1
238,68,1240.7288818359375,229.74671936035156,37.6998291015625,114.09895324707031,0.7645372152328491,-1,-1,-1
238,52,360.3078918457031,270.3226318359375,57.99774169921875,97.7296142578125,0.7662656903266907,-1,-1,-1
239,5,541.982177734375,343.9276428222656,93.00177001953125,161.344970703125,0.5907681584358215,-1,-1,-1
239,16,1015.9353637695312,398.31549072265625,72.19671630859375,168.49188232421875,0.9092414379119873,-1,-1,-1
239,39,1062.442626953125,378.8698425292969,64.2606201171875,143.45260620117188,0.8103657960891724,-1,-1,-1
239,3,660.7919311523438,510.3995361328125,68.02069091796875,187.51873779296875,0.9031493067741394,-1,-1,-1
239,41,488.7835998535156,367.8283996582031,71.88961791992188,131.3577880859375,0.884797990322113,-1,-1,-1
239,47,48.999507904052734,522.542724609375,69.08852767944336,196.431396484375,0.8947813510894775,-1,-1,-1
239,58,373.5286865234375,453.35137939453125,88.262939453125,135.1658935546875,0.8677054047584534,-1,-1,-1
239,48,309.95391845703125,346.79638671875,53.249908447265625,132.81732177734375,0.8668933510780334,-1,-1,-1
239,43,174.8235321044922,378.86846923828125,78.50099182128906,157.57867431640625,0.9091631174087524,-1,-1,-1
239,65,839.05078125,321.0409851074219,66.54144287109375,136.05670166015625,0.8858814239501953,-1,-1,-1
239,68,1236.19921875,230.3082733154297,42.5311279296875,113.19764709472656,0.7961366176605225,-1,-1,-1
239,52,360.0653991699219,268.1783447265625,62.87017822265625,107.24090576171875,0.7967106103897095,-1,-1,-1
239,8,646.9884643554688,266.0659484863281,62.70263671875,240.92117309570312,0.7003824710845947,-1,-1,-1
240,5,541.7412109375,342.9623107910156,90.9560546875,160.45321655273438,0.7446981072425842,-1,-1,-1
240,16,1013.2756958007812,399.79803466796875,70.25311279296875,166.53851318359375,0.8897776007652283,-1,-1,-1
240,39,1049.54248046875,377.76287841796875,67.6539306640625,140.98187255859375,0.7887374758720398,-1,-1,-1
240,3,658.4129638671875,511.0668640136719,69.106689453125,186.90744018554688,0.8901962637901306,-1,-1,-1
240,41,495.0861511230469,365.1971435546875,73.13516235351562,133.82638549804688,0.9068151712417603,-1,-1,-1
240,47,45.84858322143555,523.1580810546875,69.89271926879883,195.71319580078125,0.9051494002342224,-1,-1,-1
240,58,373.17767333984375,453.4414978027344,84.83642578125,135.05508422851562,0.8718953728675842,-1,-1,-1
240,48,315.1013488769531,346.0209655761719,45.155548095703125,134.36581420898438,0.8591079115867615,-1,-1,-1
240,43,167.7469940185547,382.44488525390625,84.81730651855469,157.3836669921875,0.9046328663825989,-1,-1,-1
240,65,831.1214599609375,322.8201904296875,65.93719482421875,138.13531494140625,0.8564199805259705,-1,-1,-1
240,68,1233.23828125,231.06396484375,45.8489990234375,112.53750610351562,0.7988306283950806,-1,-1,-1
240,52,361.036865234375,267.282470703125,63.075927734375,114.85736083984375,0.7859443426132202,-1,-1,-1
240,8,642.0640869140625,267.1597595214844,63.97149658203125,236.62591552734375,0.5803362131118774,-1,-1,-1
241,5,553.1929931640625,343.9395751953125,76.38037109375,158.4129638671875,0.7009604573249817,-1,-1,-1
241,16,1011.0264282226562,401.8370056152344,67.66937255859375,165.08718872070312,0.8760638236999512,-1,-1,-1
241,39,1046.64013671875,378.58148193359375,63.6827392578125,139.18206787109375,0.8641209602355957,-1,-1,-1
241,3,656.4893188476562,510.8556823730469,70.27191162109375,186.94430541992188,0.8958892822265625,-1,-1,-1
241,41,501.20184326171875,361.10223388671875,69.7606201171875,138.0689697265625,0.8694571852684021,-1,-1,-1
241,47,43.32966613769531,523.675048828125,70.38513946533203,194.8648681640625,0.9078488945960999,-1,-1,-1
241,58,370.9692687988281,453.6807861328125,84.02801513671875,135.2901611328125,0.5161905288696289,-1,-1,-1
241,48,316.72479248046875,346.2725830078125,42.5487060546875,135.53152465820312,0.8593891263008118,-1,-1,-1
241,43,162.6298065185547,387.30413818359375,90.99478149414062,154.3165283203125,0.9033827185630798,-1,-1,-1
241,65,824.2689819335938,326.2500305175781,64.30389404296875,139.38818359375,0.8852270245552063,-1,-1,-1
241,68,1230.897705078125,231.82199096679688,48.612548828125,111.66845703125,0.7914019823074341,-1,-1,-1
241,52,369.7589416503906,268.255615234375,55.165679931640625,117.36007690429688,0.6790115833282471,-1,-1,-1
241,8,635.8107299804688,267.6803894042969,69.36651611328125,234.34683227539062,0.6844545602798462,-1,-1,-1
242,5,566.6799926757812,345.2378234863281,59.56976318359375,157.51119995117188,0.7162936925888062,-1,-1,-1
242,16,1007.4790649414062,404.6205139160156,65.09735107421875,162.17385864257812,0.8659048080444336,-1,-1,-1
242,39,1038.881103515625,377.8799133300781,67.20849609375,141.22677612304688,0.8104513883590698,-1,-1,-1
242,3,654.5469360351562,510.8466491699219,71.10638427734375,186.78530883789062,0.9025048017501831,-1,-1,-1
242,41,505.1717834472656,355.5150451660156,65.23068237304688,144.0601806640625,0.8609193563461304,-1,-1,-1
242,47,41.314697265625,524.2943725585938,70.1259536743164,194.1436767578125,0.9005983471870422,-1,-1,-1
242,58,366.4767761230469,453.6551208496094,85.620849609375,135.94839477539062,0.8689625263214111,-1,-1,-1
242,48,317.9328918457031,347.30169677734375,42.524261474609375,135.51052856445312,0.8635687828063965,-1,-1,-1
242,43,159.4649200439453,390.33612060546875,94.34181213378906,151.8671875,0.9104869961738586,-1,-1,-1
242,65,812.6305541992188,330.3546142578125,66.6734619140625,140.6102294921875,0.9028734564781189,-1,-1,-1
242,68,1228.9146728515625,232.62623596191406,50.9478759765625,110.63603210449219,0.7935895919799805,-1,-1,-1
242,52,383.2395935058594,270.8868408203125,45.275604248046875,116.0546875,0.772193193435669,-1,-1,-1
242,8,633.9155883789062,268.9635314941406,70.06695556640625,232.70843505859375,0.7428135275840759,-1,-1,-1
243,5,572.0376586914062,346.3602600097656,51.36248779296875,158.18545532226562,0.7541966438293457,-1,-1,-1
243,16,1004.8220825195312,407.5450439453125,58.50848388671875,160.1162109375,0.8239080309867859,-1,-1,-1
243,39,1031.4891357421875,384.1813049316406,69.2767333984375,136.37301635742188,0.7500913739204407,-1,-1,-1
243,3,653.0235595703125,510.82855224609375,71.04541015625,186.80120849609375,0.9169673323631287,-1,-1,-1
243,41,503.9576721191406,332.6098937988281,66.04977416992188,166.84429931640625,0.8751080632209778,-1,-1,-1
243,47,38.802520751953125,524.6478271484375,69.95156860351562,193.88739013671875,0.8979954123497009,-1,-1,-1
243,58,365.51727294921875,453.9552917480469,83.22470092773438,136.19265747070312,0.8108725547790527,-1,-1,-1
243,48,317.69818115234375,348.80328369140625,48.9854736328125,134.2862548828125,0.8860636353492737,-1,-1,-1
243,43,156.94723510742188,391.5259094238281,97.07814025878906,151.88137817382812,0.9150453805923462,-1,-1,-1
243,65,803.6114501953125,335.4627685546875,67.9505615234375,139.74642944335938,0.8682788610458374,-1,-1,-1
243,68,1226.932861328125,233.298828125,52.5496826171875,109.43441772460938,0.8093451857566833,-1,-1,-1
243,52,386.7685546875,272.62823486328125,45.763214111328125,114.41561889648438,0.7790509462356567,-1,-1,-1
243,8,633.9392700195312,271.97393798828125,64.830810546875,230.36981201171875,0.7462682127952576,-1,-1,-1
244,5,571.6435546875,349.4402160644531,49.44866943359375,158.018310546875,0.749481737613678,-1,-1,-1
244,16,1000.2487182617188,411.0751037597656,56.79156494140625,160.48483276367188,0.8316277861595154,-1,-1,-1
244,39,1028.4764404296875,391.35675048828125,66.2252197265625,130.75799560546875,0.7875962853431702,-1,-1,-1
244,3,651.9619140625,510.8062438964844,70.671875,186.73245239257812,0.9246505498886108,-1,-1,-1
244,41,505.0497741699219,328.15740966796875,62.445770263671875,172.19720458984375,0.8610087037086487,-1,-1,-1
244,47,35.87562942504883,525.0828857421875,70.48649978637695,193.2882080078125,0.8984262943267822,-1,-1,-1
244,58,369.95819091796875,453.6720275878906,75.0859375,137.19802856445312,0.8060803413391113,-1,-1,-1
244,48,316.7507629394531,350.58599853515625,54.364837646484375,132.73251342773438,0.8740631937980652,-1,-1,-1
244,43,156.7067413330078,391.7402038574219,97.80543518066406,151.83432006835938,0.9150482416152954,-1,-1,-1
244,65,798.9893188476562,340.6763000488281,67.8636474609375,137.67111206054688,0.8571986556053162,-1,-1,-1
244,68,1224.8968505859375,232.8101348876953,54.1199951171875,109.78141784667969,0.8355000019073486,-1,-1,-1
244,52,386.8504943847656,273.2758483886719,52.74462890625,114.93838500976562,0.7655170559883118,-1,-1,-1
244,8,635.3070068359375,272.6308288574219,61.872802734375,230.09051513671875,0.5795974135398865,-1,-1,-1
245,5,570.2958374023438,354.07269287109375,48.7200927734375,158.15557861328125,0.793990433216095,-1,-1,-1
245,16,996.8001708984375,415.3168029785156,58.5994873046875,159.88522338867188,0.8611927628517151,-1,-1,-1
245,39,1026.170166015625,396.158935546875,62.700439453125,125.5531005859375,0.8260005712509155,-1,-1,-1
245,3,650.489990234375,510.8221435546875,71.04229736328125,186.699462890625,0.9246982336044312,-1,-1,-1
245,41,502.6513366699219,305.69940185546875,71.30258178710938,186.30752563476562,0.8886842727661133,-1,-1,-1
245,47,33.528289794921875,525.4842529296875,70.0853042602539,192.85675048828125,0.899226725101471,-1,-1,-1
245,58,362.5993957519531,454.0182189941406,79.5223388671875,136.04440307617188,0.7524837851524353,-1,-1,-1
245,48,314.66888427734375,352.3742370605469,57.4150390625,131.63619995117188,0.889098584651947,-1,-1,-1
245,43,157.79954528808594,390.92877197265625,97.53569030761719,152.06646728515625,0.914715588092804,-1,-1,-1
245,65,795.7122802734375,345.05548095703125,67.4923095703125,134.505859375,0.8469377756118774,-1,-1,-1
245,68,1222.5499267578125,233.0955047607422,55.648193359375,110.02711486816406,0.8590489029884338,-1,-1,-1
245,52,388.5956115722656,273.264892578125,58.17205810546875,115.7322998046875,0.83953458070755,-1,-1,-1
245,8,636.1836547851562,273.5458068847656,57.151611328125,230.37350463867188,0.6224021315574646,-1,-1,-1
246,5,564.0529174804688,360.78839111328125,51.8922119140625,157.07171630859375,0.8422699570655823,-1,-1,-1
246,16,992.5421752929688,419.6309509277344,60.40460205078125,157.33700561523438,0.8107344508171082,-1,-1,-1
246,39,1021.2237548828125,399.5624694824219,62.1685791015625,121.29318237304688,0.7906866073608398,-1,-1,-1
246,3,648.9590454101562,510.6988525390625,69.7032470703125,186.93109130859375,0.9105820655822754,-1,-1,-1
246,41,497.65924072265625,292.93939208984375,82.56658935546875,186.869140625,0.8764261603355408,-1,-1,-1
246,47,30.432174682617188,525.4475708007812,70.47466278076172,193.04376220703125,0.8997877836227417,-1,-1,-1
246,58,366.3435363769531,454.1330871582031,71.94473266601562,133.70394897460938,0.7919614911079407,-1,-1,-1
246,48,311.5460205078125,353.6236877441406,59.621185302734375,129.94570922851562,0.8785422444343567,-1,-1,-1
246,43,159.82826232910156,388.8484191894531,95.53135681152344,154.35159301757812,0.9095250964164734,-1,-1,-1
246,65,793.0526733398438,348.403076171875,66.6812744140625,131.2379150390625,0.8256555199623108,-1,-1,-1
246,68,1219.1817626953125,233.70318603515625,55.5281982421875,109.20932006835938,0.8482847213745117,-1,-1,-1
246,52,390.5445251464844,273.3196105957031,69.51602172851562,120.970947265625,0.8332821130752563,-1,-1,-1
246,8,633.75048828125,273.0639343261719,60.0821533203125,232.885009765625,0.6649986505508423,-1,-1,-1
247,5,561.6483764648438,368.3760986328125,53.70941162109375,158.61663818359375,0.8028743863105774,-1,-1,-1
247,16,987.3159790039062,423.797119140625,63.71002197265625,153.89837646484375,0.8050603270530701,-1,-1,-1
247,39,1016.6771850585938,401.88726806640625,60.02777099609375,117.67315673828125,0.7807304859161377,-1,-1,-1
247,3,646.062255859375,511.3774719238281,68.8548583984375,186.01168823242188,0.902024507522583,-1,-1,-1
247,41,492.6287536621094,292.45245361328125,93.83926391601562,170.9415283203125,0.747318685054779,-1,-1,-1
247,47,25.74627685546875,525.624267578125,70.63031005859375,193.10205078125,0.89983069896698,-1,-1,-1
247,58,354.81201171875,454.1408386230469,79.07162475585938,135.36514282226562,0.8737164735794067,-1,-1,-1
247,48,307.4488525390625,354.4776611328125,60.368255615234375,129.896240234375,0.8928427696228027,-1,-1,-1
247,43,161.77734375,387.0653076171875,92.34617614746094,155.76373291015625,0.9005712866783142,-1,-1,-1
247,65,789.0112915039062,350.864013671875,66.40899658203125,129.14608764648438,0.8645599484443665,-1,-1,-1
247,68,1214.52880859375,233.36843872070312,55.5758056640625,109.95123291015625,0.8329612612724304,-1,-1,-1
247,52,393.1361083984375,274.0555725097656,78.92135620117188,126.18426513671875,0.8485074043273926,-1,-1,-1
247,8,629.9197998046875,273.6368408203125,61.34033203125,234.968017578125,0.6782234311103821,-1,-1,-1
248,5,559.1527099609375,375.41900634765625,60.121826171875,156.53680419921875,0.7266302108764648,-1,-1,-1
248,16,981.0297241210938,427.1988830566406,63.64044189453125,150.96096801757812,0.8425509333610535,-1,-1,-1
248,39,1012.3079223632812,402.47137451171875,58.41864013671875,119.75225830078125,0.7900344133377075,-1,-1,-1
248,3,641.7777099609375,511.56756591796875,69.083984375,186.4150390625,0.9000335335731506,-1,-1,-1
248,41,487.16778564453125,294.3484802246094,83.30023193359375,154.01116943359375,0.7846183180809021,-1,-1,-1
248,47,20.37895393371582,526.3573608398438,70.57509422302246,192.44317626953125,0.8840792179107666,-1,-1,-1
248,58,347.7014465332031,454.5689392089844,80.83914184570312,136.96890258789062,0.8756858706474304,-1,-1,-1
248,48,302.88043212890625,355.6220703125,60.96258544921875,129.23193359375,0.8885372281074524,-1,-1,-1
248,43,163.9576873779297,385.3613586425781,89.39460754394531,155.09353637695312,0.9040178656578064,-1,-1,-1
248,65,784.9169311523438,353.1215515136719,65.973876953125,126.78424072265625,0.8896962404251099,-1,-1,-1
248,68,1209.8310546875,233.15431213378906,54.28759765625,109.55390930175781,0.829297661781311,-1,-1,-1
248,52,395.5486145019531,273.9620361328125,81.97174072265625,130.58551025390625,0.8250406980514526,-1,-1,-1
248,8,625.4843139648438,276.3338928222656,63.51605224609375,235.84054565429688,0.6104526519775391,-1,-1,-1
249,5,555.850341796875,381.90814208984375,62.62994384765625,152.11004638671875,0.676738440990448,-1,-1,-1
249,16,976.3147583007812,429.4985656738281,63.05230712890625,148.36483764648438,0.8562880754470825,-1,-1,-1
249,39,1008.6697387695312,402.2301330566406,57.49444580078125,118.89419555664062,0.8188121914863586,-1,-1,-1
249,3,639.1102905273438,511.5644226074219,67.7236328125,186.79641723632812,0.891471266746521,-1,-1,-1
249,41,480.13592529296875,291.0251159667969,89.838134765625,149.59927368164062,0.7748782634735107,-1,-1,-1
249,47,15.436402320861816,526.9030151367188,70.45577144622803,191.87744140625,0.8995395302772522,-1,-1,-1
249,58,342.8427429199219,455.1333312988281,81.995361328125,136.36764526367188,0.8533613681793213,-1,-1,-1
249,48,298.7632751464844,356.01739501953125,60.823760986328125,129.20480346679688,0.8773182034492493,-1,-1,-1
249,43,168.0186309814453,384.0821533203125,85.65713500976562,155.20684814453125,0.9060550332069397,-1,-1,-1
249,65,780.8822631835938,354.1754150390625,66.1317138671875,125.21047973632812,0.8819583058357239,-1,-1,-1
249,68,1204.833251953125,234.9473419189453,54.4166259765625,107.84187316894531,0.8388274908065796,-1,-1,-1
249,52,400.3682556152344,278.4745788574219,80.43527221679688,128.84671020507812,0.8725456595420837,-1,-1,-1
249,8,621.689453125,284.7488098144531,65.6026611328125,233.36099243164062,0.5937639474868774,-1,-1,-1
250,5,552.93310546875,385.3502197265625,55.2757568359375,148.989013671875,0.6774288415908813,-1,-1,-1
250,16,972.3883056640625,430.2226867675781,63.832275390625,147.18991088867188,0.8429152965545654,-1,-1,-1
250,39,1006.9401245117188,399.88165283203125,55.98822021484375,120.23626708984375,0.7980203032493591,-1,-1,-1
250,3,637.3336791992188,511.722900390625,66.527587890625,186.7550048828125,0.8977528214454651,-1,-1,-1
250,41,477.19232177734375,287.7793273925781,102.78082275390625,150.79544067382812,0.8259537816047668,-1,-1,-1
250,47,11.498552322387695,527.6981811523438,70.91718101501465,190.69964599609375,0.9141479134559631,-1,-1,-1
250,58,342.1476745605469,455.23577880859375,79.46139526367188,136.1409912109375,0.8271149396896362,-1,-1,-1
250,48,295.1604309082031,356.01202392578125,61.869049072265625,129.38818359375,0.47902634739875793,-1,-1,-1
250,43,173.8998565673828,382.5696105957031,81.10287475585938,154.45419311523438,0.9112396836280823,-1,-1,-1
250,65,778.1078491210938,354.6835021972656,66.39459228515625,124.99850463867188,0.8900672793388367,-1,-1,-1
250,68,1201.165771484375,236.82183837890625,54.1416015625,106.30838012695312,0.8312473893165588,-1,-1,-1
250,52,405.4721984863281,280.1277160644531,74.541015625,129.60171508789062,0.8117221593856812,-1,-1,-1
250,8,617.8973999023438,278.54541015625,68.63018798828125,243.260009765625,0.6381170749664307,-1,-1,-1
251,5,551.3970336914062,388.1347961425781,52.52276611328125,145.67495727539062,0.6965851783752441,-1,-1,-1
251,16,969.73974609375,430.12762451171875,64.0894775390625,147.32037353515625,0.8490645289421082,-1,-1,-1
251,39,1006.7593383789062,397.176025390625,55.13140869140625,121.969970703125,0.7556695938110352,-1,-1,-1
251,3,635.3870849609375,511.05401611328125,65.11444091796875,187.673583984375,0.8917399048805237,-1,-1,-1
251,41,481.264404296875,284.53656005859375,100.3717041015625,154.68624877929688,0.7992932200431824,-1,-1,-1
251,47,8.283658027648926,528.5211791992188,70.71450328826904,190.01824951171875,0.9054405689239502,-1,-1,-1
251,58,338.4929504394531,455.466796875,80.62661743164062,136.1571044921875,0.8454104661941528,-1,-1,-1
251,48,292.2734680175781,355.81878662109375,63.432830810546875,130.14266967773438,0.8808300495147705,-1,-1,-1
251,43,182.68731689453125,381.38824462890625,74.92672729492188,151.10491943359375,0.887089192867279,-1,-1,-1
251,65,775.4710083007812,354.20819091796875,66.91094970703125,125.76654052734375,0.8894029259681702,-1,-1,-1
251,68,1197.8275146484375,237.65908813476562,54.1392822265625,105.20559692382812,0.8341341018676758,-1,-1,-1
251,52,413.36358642578125,282.3291931152344,65.63302612304688,129.21920776367188,0.814810037612915,-1,-1,-1
251,8,612.3080444335938,275.04229736328125,73.11199951171875,247.41522216796875,0.40872687101364136,-1,-1,-1
252,5,548.5647583007812,389.4691467285156,49.77606201171875,143.84689331054688,0.8307414650917053,-1,-1,-1
252,16,966.0865478515625,429.8476257324219,62.7933349609375,147.50686645507812,0.8692141175270081,-1,-1,-1
252,39,1006.6902465820312,394.9331359863281,54.14068603515625,125.21694946289062,0.8031249046325684,-1,-1,-1
252,3,632.8601684570312,511.00946044921875,64.286376953125,187.77935791015625,0.9002051949501038,-1,-1,-1
252,41,488.20721435546875,281.8216857910156,92.574462890625,158.91375732421875,0.7718210220336914,-1,-1,-1
252,47,3.903616428375244,529.210205078125,70.88498067855835,189.694580078125,0.9000287055969238,-1,-1,-1
252,58,334.2928466796875,455.4060363769531,82.07009887695312,135.64456176757812,0.8502455949783325,-1,-1,-1
252,48,288.722412109375,355.19769287109375,65.10842895507812,130.622314453125,0.8919907808303833,-1,-1,-1
252,43,188.94906616210938,380.5484313964844,69.60861206054688,148.34286499023438,0.8966482281684875,-1,-1,-1
252,65,771.9171142578125,352.79815673828125,66.81732177734375,127.55160522460938,0.8982985019683838,-1,-1,-1
252,68,1194.459228515625,238.1642303466797,53.5101318359375,104.09947204589844,0.8365293145179749,-1,-1,-1
252,52,423.02435302734375,284.322998046875,57.1016845703125,127.88897705078125,0.8140036463737488,-1,-1,-1
252,8,611.6159057617188,288.7460632324219,70.557373046875,232.06497192382812,0.6503654718399048,-1,-1,-1
253,5,543.2806396484375,390.7734375,53.99908447265625,143.3880615234375,0.7507718801498413,-1,-1,-1
253,16,962.9945068359375,429.7950134277344,59.422607421875,147.86697387695312,0.8890529870986938,-1,-1,-1
253,39,1005.5198364257812,393.3526916503906,54.20660400390625,129.16268920898438,0.8250795602798462,-1,-1,-1
253,3,629.6104736328125,511.0419616699219,63.284912109375,187.51004028320312,0.9057429432868958,-1,-1,-1
253,41,493.3878479003906,284.3354187011719,84.61318969726562,159.49212646484375,0.803253173828125,-1,-1,-1
253,47,0.38690879940986633,529.9465942382812,70.38712379336357,189.18304443359375,0.9030390381813049,-1,-1,-1
253,58,329.998779296875,455.7358703613281,82.565673828125,136.67636108398438,0.7877563834190369,-1,-1,-1
253,48,285.5444030761719,354.9334716796875,65.47454833984375,131.21975708007812,0.8996202349662781,-1,-1,-1
253,43,190.23680114746094,380.06982421875,67.92036437988281,147.47906494140625,0.8970868587493896,-1,-1,-1
253,65,768.6868286132812,351.4393310546875,66.72003173828125,129.5926513671875,0.883934736251831,-1,-1,-1
253,68,1190.2342529296875,238.56842041015625,53.972900390625,104.167236328125,0.8532915115356445,-1,-1,-1
253,52,427.92852783203125,285.42059326171875,53.086456298828125,127.03564453125,0.8704633116722107,-1,-1,-1
253,8,610.0640258789062,281.12957763671875,66.86309814453125,240.6666259765625,0.7329301238059998,-1,-1,-1
253,70,636.136962890625,313.8348693847656,58.8255615234375,125.92941284179688,0.4214230477809906,-1,-1,-1
253,60,584.6617431640625,164.48663330078125,45.11138916015625,125.3848876953125,0.4048272967338562,-1,-1,-1
254,5,537.8606567382812,391.4041748046875,52.390380859375,143.91668701171875,0.8334488272666931,-1,-1,-1
254,16,960.3462524414062,429.7383117675781,56.78466796875,146.66665649414062,0.8205541372299194,-1,-1,-1
254,39,1004.8387451171875,392.52410888671875,53.2255859375,133.1597900390625,0.794633686542511,-1,-1,-1
254,3,625.8233032226562,511.20025634765625,63.642333984375,187.256591796875,0.9142934679985046,-1,-1,-1
254,41,498.2697448730469,287.9117126464844,72.98037719726562,155.39129638671875,0.7330194711685181,-1,-1,-1
254,47,0.0,530.1061401367188,67.1201400756836,189.13983154296875,0.9094136357307434,-1,-1,-1
254,58,325.6966552734375,455.7862854003906,84.33981323242188,139.15750122070312,0.8076954483985901,-1,-1,-1
254,48,283.5518798828125,354.3807373046875,65.36184692382812,132.12713623046875,0.8880934119224548,-1,-1,-1
254,43,190.02394104003906,378.85308837890625,66.85383605957031,152.70184326171875,0.8919603824615479,-1,-1,-1
254,65,765.6087036132812,350.6268615722656,66.09271240234375,130.52651977539062,0.8610333800315857,-1,-1,-1
254,68,1186.1336669921875,239.45919799804688,54.0128173828125,103.626708984375,0.8391047120094299,-1,-1,-1
254,52,430.0169372558594,286.15692138671875,57.69573974609375,126.24612426757812,0.8750854730606079,-1,-1,-1
254,8,605.3858032226562,276.28436279296875,65.69122314453125,244.5797119140625,0.682102620601654,-1,-1,-1
254,70,629.9663696289062,311.03076171875,66.13470458984375,128.82785034179688,0.6371486783027649,-1,-1,-1
255,5,532.3999633789062,390.82550048828125,54.0653076171875,145.3463134765625,0.8502475023269653,-1,-1,-1
255,16,957.1019287109375,429.5981750488281,53.023193359375,150.44686889648438,0.8660068511962891,-1,-1,-1
255,39,1003.9431762695312,393.03692626953125,51.95831298828125,135.641845703125,0.7928729057312012,-1,-1,-1
255,3,622.618896484375,511.8704833984375,62.90301513671875,186.5081787109375,0.9161595702171326,-1,-1,-1
255,41,501.08026123046875,291.583740234375,65.4083251953125,149.85617065429688,0.726617693901062,-1,-1,-1
255,47,0.0,530.2811889648438,63.219486236572266,188.92962646484375,0.905845046043396,-1,-1,-1
255,58,322.5535583496094,455.7934875488281,84.70059204101562,138.55392456054688,0.6948126554489136,-1,-1,-1
255,48,281.79315185546875,353.9119873046875,65.044677734375,133.14132690429688,0.8701384663581848,-1,-1,-1
255,43,188.89817810058594,377.6995849609375,66.38240051269531,155.55462646484375,0.8898031711578369,-1,-1,-1
255,65,761.1697998046875,350.1149597167969,67.9412841796875,130.9498291015625,0.8485584855079651,-1,-1,-1
255,68,1181.92138671875,241.42153930664062,53.689208984375,101.35183715820312,0.7740250825881958,-1,-1,-1
255,52,431.05987548828125,285.7987365722656,64.723876953125,127.10546875,0.8908788561820984,-1,-1,-1
255,8,601.6324462890625,274.3545837402344,64.60479736328125,247.12014770507812,0.699972927570343,-1,-1,-1
255,70,629.3753662109375,310.1899719238281,67.4757080078125,129.877197265625,0.5767551064491272,-1,-1,-1
255,71,576.8491821289062,398.3461608886719,31.3115234375,141.76303100585938,0.43986085057258606,-1,-1,-1
256,5,525.4611206054688,391.3500671386719,56.48583984375,144.78219604492188,0.7836955189704895,-1,-1,-1
256,16,951.4103393554688,429.73193359375,52.40045166015625,151.9178466796875,0.8686059713363647,-1,-1,-1
256,39,1002.6162109375,394.4433898925781,50.9423828125,139.03585815429688,0.8356302380561829,-1,-1,-1
256,3,618.4470825195312,511.74615478515625,62.7662353515625,186.47100830078125,0.8939735293388367,-1,-1,-1
256,41,501.7281188964844,293.45648193359375,58.932586669921875,144.69729614257812,0.7912662625312805,-1,-1,-1
256,47,0.0,530.6053466796875,58.10772705078125,188.80572509765625,0.8741939663887024,-1,-1,-1
256,58,319.6574401855469,456.3060302734375,84.35467529296875,137.5640869140625,0.6759752035140991,-1,-1,-1
256,48,280.3820495605469,353.3948059082031,62.431121826171875,133.36660766601562,0.900800347328186,-1,-1,-1
256,43,186.23895263671875,376.954833984375,66.10545349121094,157.6551513671875,0.8860823512077332,-1,-1,-1
256,65,754.1922607421875,349.36505126953125,72.8382568359375,132.13119506835938,0.8678167462348938,-1,-1,-1
256,68,1177.8607177734375,241.54901123046875,52.60107421875,100.73712158203125,0.7826904058456421,-1,-1,-1
256,52,430.8883972167969,285.2989196777344,68.2830810546875,128.86993408203125,0.8948493003845215,-1,-1,-1
256,8,597.2451171875,275.2651062011719,58.01318359375,244.86892700195312,0.6309270262718201,-1,-1,-1
256,70,627.4796752929688,310.0469970703125,67.25665283203125,129.87042236328125,0.7396481037139893,-1,-1,-1
257,5,518.9012451171875,391.51336669921875,60.078369140625,144.5963134765625,0.8308093547821045,-1,-1,-1
257,16,943.2755126953125,429.953857421875,53.5201416015625,151.2977294921875,0.8427093029022217,-1,-1,-1
257,39,997.2044677734375,396.2322998046875,51.34912109375,139.889892578125,0.8568530082702637,-1,-1,-1
257,3,611.7802124023438,511.44818115234375,64.02471923828125,187.07867431640625,0.9008609056472778,-1,-1,-1
257,41,499.23626708984375,296.2688293457031,53.52911376953125,133.9609375,0.7460677027702332,-1,-1,-1
257,47,0.0,530.5974731445312,52.23629379272461,188.594482421875,0.8904838562011719,-1,-1,-1
257,58,312.4438171386719,456.2918701171875,86.1180419921875,138.093505859375,0.8701469302177429,-1,-1,-1
257,48,278.2739562988281,352.93524169921875,57.79833984375,133.23199462890625,0.8689767718315125,-1,-1,-1
257,43,182.61915588378906,376.1490478515625,64.50025939941406,158.538330078125,0.89461749792099,-1,-1,-1
257,65,746.95849609375,348.6546936035156,76.22015380859375,134.081298828125,0.8790005445480347,-1,-1,-1
257,68,1171.2415771484375,241.82762145996094,52.8646240234375,100.02793884277344,0.7982118129730225,-1,-1,-1
257,52,428.3266296386719,285.7947998046875,68.70242309570312,129.3712158203125,0.8577296733856201,-1,-1,-1
257,8,581.2814331054688,275.76422119140625,66.07318115234375,244.68621826171875,0.592308759689331,-1,-1,-1
257,70,624.5787353515625,312.5238952636719,66.1229248046875,128.02716064453125,0.7127904295921326,-1,-1,-1
258,5,510.4912414550781,390.74395751953125,58.805999755859375,144.67572021484375,0.8478931784629822,-1,-1,-1
258,16,931.706298828125,429.968017578125,56.82861328125,150.026123046875,0.7781452536582947,-1,-1,-1
258,39,988.9567260742188,398.5908203125,53.55255126953125,138.459228515625,0.8408792614936829,-1,-1,-1
258,3,603.0577392578125,511.4888916015625,63.9893798828125,187.4647216796875,0.8879576921463013,-1,-1,-1
258,41,494.06890869140625,299.5950012207031,51.11749267578125,123.80215454101562,0.659591794013977,-1,-1,-1
258,47,0.0,531.6449584960938,43.23086166381836,187.3497314453125,0.8795392513275146,-1,-1,-1
258,58,304.8913879394531,456.39794921875,86.20782470703125,137.3907470703125,0.8398822546005249,-1,-1,-1
258,48,273.97479248046875,353.52166748046875,53.863372802734375,133.82595825195312,0.865536630153656,-1,-1,-1
258,43,176.46835327148438,375.9117736816406,62.48133850097656,157.28952026367188,0.8961755037307739,-1,-1,-1
258,65,737.7017211914062,348.4532775878906,79.91778564453125,134.12054443359375,0.8990289568901062,-1,-1,-1
258,68,1162.79541015625,240.93759155273438,52.0887451171875,99.82745361328125,0.8213531374931335,-1,-1,-1
258,52,422.5635070800781,285.19281005859375,67.94985961914062,131.38998413085938,0.8490137457847595,-1,-1,-1
258,8,577.4268798828125,276.09661865234375,65.155517578125,245.4896240234375,0.7213298678398132,-1,-1,-1
258,70,615.9478149414062,312.92718505859375,67.75238037109375,127.64666748046875,0.6832479238510132,-1,-1,-1
259,5,500.0602722167969,390.1195983886719,58.019439697265625,144.93319702148438,0.806215226650238,-1,-1,-1
259,16,919.1434326171875,428.3948974609375,57.77801513671875,151.2890625,0.8687344789505005,-1,-1,-1
259,39,977.1829833984375,400.4332275390625,58.409423828125,135.91644287109375,0.8803586959838867,-1,-1,-1
259,3,592.3082885742188,511.3080749511719,64.68963623046875,187.18643188476562,0.8909785151481628,-1,-1,-1
259,41,488.2450866699219,304.8825378417969,44.709381103515625,118.58377075195312,0.7977584600448608,-1,-1,-1
259,47,0.0,532.0548706054688,31.41810417175293,186.47552490234375,0.8528043031692505,-1,-1,-1
259,58,294.0225524902344,455.8439636230469,87.41845703125,139.57247924804688,0.8384652733802795,-1,-1,-1
259,48,266.6853942871094,355.01611328125,52.290863037109375,134.9522705078125,0.8257147669792175,-1,-1,-1
259,43,169.60736083984375,375.1053771972656,59.15830993652344,159.81320190429688,0.8877615332603455,-1,-1,-1
259,65,727.8754272460938,348.50604248046875,79.841064453125,133.970458984375,0.8841203451156616,-1,-1,-1
259,68,1150.8997802734375,240.63800048828125,52.3387451171875,98.54901123046875,0.809887170791626,-1,-1,-1
259,52,414.450439453125,284.26641845703125,66.1895751953125,131.81094360351562,0.8725150227546692,-1,-1,-1
259,8,570.7255249023438,274.8212890625,61.97998046875,247.3927001953125,0.6262770891189575,-1,-1,-1
259,70,606.8258056640625,314.5971374511719,66.46826171875,124.6376953125,0.6656031608581543,-1,-1,-1
260,5,487.5194396972656,392.5769958496094,59.741607666015625,142.56723022460938,0.8383188843727112,-1,-1,-1
260,16,908.7369995117188,426.614990234375,54.72564697265625,152.09918212890625,0.8160632848739624,-1,-1,-1
260,39,964.4815673828125,400.5254211425781,62.448974609375,134.89071655273438,0.85545814037323,-1,-1,-1
260,3,579.09814453125,511.52752685546875,65.8182373046875,186.96710205078125,0.8818030953407288,-1,-1,-1
260,41,479.68572998046875,311.8486633300781,41.14453125,109.97830200195312,0.6708956360816956,-1,-1,-1
260,58,281.54766845703125,455.893310546875,87.93588256835938,138.8289794921875,0.8631142377853394,-1,-1,-1
260,48,253.65023803710938,358.2889709472656,60.870697021484375,133.72329711914062,0.8160640597343445,-1,-1,-1
260,43,160.74380493164062,375.58880615234375,56.62391662597656,160.12353515625,0.86129230260849,-1,-1,-1
260,65,715.6980590820312,347.6727294921875,80.52630615234375,134.08029174804688,0.8763369917869568,-1,-1,-1
260,68,1137.24951171875,240.73269653320312,52.8424072265625,97.17233276367188,0.8075061440467834,-1,-1,-1
260,52,403.5451354980469,283.1168212890625,65.09164428710938,132.16415405273438,0.8574739694595337,-1,-1,-1
260,8,564.8623046875,318.4486083984375,58.1221923828125,205.4874267578125,0.4875558912754059,-1,-1,-1
260,70,592.121337890625,314.3506164550781,67.744384765625,124.4892578125,0.7406616806983948,-1,-1,-1
261,5,471.2822570800781,393.1154479980469,57.152984619140625,142.71682739257812,0.7228142619132996,-1,-1,-1
261,16,894.6124877929688,424.2769775390625,51.16961669921875,152.66705322265625,0.8572359681129456,-1,-1,-1
261,39,950.3062744140625,399.3090515136719,64.81719970703125,135.55752563476562,0.7178745269775391,-1,-1,-1
261,3,563.4799194335938,511.2746276855469,66.03594970703125,186.33193969726562,0.8658668398857117,-1,-1,-1
261,41,463.9710693359375,317.4985656738281,46.2030029296875,97.72537231445312,0.5875541567802429,-1,-1,-1
261,58,266.5644226074219,455.75347900390625,88.31488037109375,138.32635498046875,0.8025665879249573,-1,-1,-1
261,48,237.53184509277344,361.57110595703125,66.14122009277344,131.78958129882812,0.7644641995429993,-1,-1,-1
261,43,146.930419921875,375.404296875,56.130157470703125,154.04345703125,0.8491254448890686,-1,-1,-1
261,65,700.1561889648438,346.17095947265625,81.661865234375,134.2958984375,0.9002147316932678,-1,-1,-1
261,68,1119.56884765625,240.20777893066406,52.8897705078125,94.84086608886719,0.8160338997840881,-1,-1,-1
261,52,389.1275939941406,280.9210510253906,63.50885009765625,131.55743408203125,0.7732738256454468,-1,-1,-1
261,70,571.933349609375,314.1671142578125,71.63861083984375,125.09161376953125,0.5128307342529297,-1,-1,-1
262,5,453.49127197265625,392.0318908691406,56.14312744140625,147.93148803710938,0.5554897785186768,-1,-1,-1
262,16,878.3754272460938,420.78692626953125,51.86383056640625,155.2484130859375,0.7753881216049194,-1,-1,-1
262,39,932.5965576171875,397.6823425292969,69.7584228515625,135.98898315429688,0.8870852589607239,-1,-1,-1
262,3,546.7711791992188,510.6137390136719,66.3330078125,187.06344604492188,0.8701979517936707,-1,-1,-1
262,58,248.57969665527344,455.9176940917969,89.69032287597656,139.98532104492188,0.83775395154953,-1,-1,-1
262,48,219.1488037109375,365.7618103027344,69.11679077148438,128.71841430664062,0.8400588631629944,-1,-1,-1
262,43,130.91246032714844,375.6169128417969,56.016265869140625,158.36032104492188,0.8412757515907288,-1,-1,-1
262,65,684.0355834960938,343.7793273925781,81.59320068359375,135.985595703125,0.875337541103363,-1,-1,-1
262,68,1101.07470703125,239.88470458984375,52.3695068359375,93.5648193359375,0.7561413645744324,-1,-1,-1
262,52,373.3374328613281,279.1099548339844,62.509765625,132.44696044921875,0.7125749588012695,-1,-1,-1
262,70,547.4693603515625,313.66424560546875,76.9149169921875,125.3277587890625,0.4265873432159424,-1,-1,-1
262,8,535.8005981445312,330.728759765625,61.09063720703125,199.68267822265625,0.5129120945930481,-1,-1,-1
263,5,434.8912048339844,393.46429443359375,56.191070556640625,155.6602783203125,0.7021531462669373,-1,-1,-1
263,16,861.7970581054688,417.8069152832031,52.22869873046875,156.02633666992188,0.8237470984458923,-1,-1,-1
263,39,921.9293823242188,395.6618957519531,66.90887451171875,137.08328247070312,0.857952892780304,-1,-1,-1
263,3,530.0809326171875,510.51141357421875,65.97503662109375,187.5621337890625,0.8650369644165039,-1,-1,-1
263,58,230.50743103027344,456.2342834472656,90.11756896972656,141.22592163085938,0.7899249196052551,-1,-1,-1
263,48,201.01089477539062,370.611083984375,69.63369750976562,123.84857177734375,0.7629643082618713,-1,-1,-1
263,43,114.32610321044922,377.0790100097656,55.739784240722656,161.72116088867188,0.8756486177444458,-1,-1,-1
263,65,666.15576171875,342.0776062011719,79.4642333984375,135.7269287109375,0.882986843585968,-1,-1,-1
263,68,1082.420166015625,239.6677703857422,52.033447265625,91.89677429199219,0.7590966820716858,-1,-1,-1
263,52,356.281982421875,278.21612548828125,61.12115478515625,133.5364990234375,0.751166045665741,-1,-1,-1
263,8,519.8370361328125,341.9572448730469,59.8502197265625,191.85574340820312,0.5390052199363708,-1,-1,-1
263,41,427.5157470703125,338.59246826171875,53.9703369140625,77.718505859375,0.4046207666397095,-1,-1,-1
264,5,418.2508239746094,394.7012023925781,54.076324462890625,160.04269409179688,0.6788254976272583,-1,-1,-1
264,16,847.5284423828125,412.212158203125,53.918212890625,162.1275634765625,0.8278976678848267,-1,-1,-1
264,39,914.3551025390625,393.9466552734375,63.0535888671875,138.418212890625,0.9086097478866577,-1,-1,-1
264,3,514.86962890625,510.7099304199219,65.8311767578125,187.54824829101562,0.863681435585022,-1,-1,-1
264,58,213.24342346191406,456.9646911621094,91.03727722167969,141.23733520507812,0.8384103178977966,-1,-1,-1
264,48,184.12374877929688,374.9866943359375,70.22842407226562,120.787353515625,0.8250563144683838,-1,-1,-1
264,43,97.13693237304688,379.0374755859375,63.16105651855469,162.185302734375,0.5242241024971008,-1,-1,-1
264,65,650.541748046875,340.0091247558594,77.28094482421875,133.99325561523438,0.8289516568183899,-1,-1,-1
264,68,1065.4847412109375,239.35610961914062,51.595703125,90.91378784179688,0.7807872295379639,-1,-1,-1
264,52,341.1944580078125,277.4356384277344,60.1558837890625,133.09347534179688,0.7288190126419067,-1,-1,-1
264,8,503.01605224609375,349.6996154785156,60.7015380859375,189.46017456054688,0.6111259460449219,-1,-1,-1
264,70,524.978271484375,311.55517578125,67.623291015625,126.253173828125,0.4046362638473511,-1,-1,-1
265,5,402.4535217285156,394.625,56.705047607421875,164.28985595703125,0.5991881489753723,-1,-1,-1
265,16,835.487548828125,406.61138916015625,55.8419189453125,167.1361083984375,0.8009326457977295,-1,-1,-1
265,39,904.8961791992188,392.35723876953125,62.11102294921875,139.524169921875,0.8676780462265015,-1,-1,-1
265,3,501.2361755371094,510.8209533691406,64.11196899414062,188.08804321289062,0.8411933183670044,-1,-1,-1
265,58,196.53753662109375,456.8460998535156,91.79800415039062,143.23489379882812,0.8056851029396057,-1,-1,-1
265,48,168.06918334960938,378.0242004394531,69.66098022460938,117.00640869140625,0.7104516625404358,-1,-1,-1
265,43,80.1492691040039,381.1891174316406,75.16153717041016,161.76846313476562,0.8770688772201538,-1,-1,-1
265,65,635.7545776367188,338.5495300292969,78.860595703125,135.01828002929688,0.8807331323623657,-1,-1,-1
265,68,1050.5244140625,238.27215576171875,51.2762451171875,91.37078857421875,0.8202949166297913,-1,-1,-1
265,52,326.25244140625,277.0722961425781,60.113006591796875,135.87332153320312,0.6495541930198669,-1,-1,-1
265,8,488.0251770019531,346.29815673828125,61.451751708984375,192.94378662109375,0.49645981192588806,-1,-1,-1
266,5,386.71514892578125,395.76080322265625,55.9696044921875,164.7506103515625,0.7006819844245911,-1,-1,-1
266,16,821.0165405273438,400.4339294433594,59.99395751953125,171.86734008789062,0.8518688082695007,-1,-1,-1
266,39,895.8441162109375,390.0641784667969,63.1861572265625,141.92196655273438,0.8656444549560547,-1,-1,-1
266,3,486.1277770996094,511.24896240234375,64.71023559570312,188.59381103515625,0.86493319272995,-1,-1,-1
266,58,180.3140411376953,457.2793273925781,91.69309997558594,145.25204467773438,0.8264830708503723,-1,-1,-1
266,48,150.23861694335938,379.76593017578125,70.03279113769531,117.760986328125,0.7814150452613831,-1,-1,-1
266,43,61.76726531982422,382.8394470214844,84.13172149658203,161.41946411132812,0.8709521889686584,-1,-1,-1
266,65,621.4891357421875,336.86480712890625,82.6680908203125,134.2930908203125,0.8776929378509521,-1,-1,-1
266,68,1036.6138916015625,236.49575805664062,51.1685791015625,92.32522583007812,0.7956017255783081,-1,-1,-1
266,52,310.4749450683594,277.3137512207031,59.5577392578125,134.12435913085938,0.6738608479499817,-1,-1,-1
266,8,474.9111633300781,365.76763916015625,82.31124877929688,165.0645751953125,0.5400129556655884,-1,-1,-1
266,70,501.725341796875,306.15728759765625,60.01409912109375,99.98965454101562,0.6233938336372375,-1,-1,-1
267,5,367.9574890136719,397.38140869140625,66.82086181640625,165.23779296875,0.7249030470848083,-1,-1,-1
267,16,805.15087890625,394.56732177734375,63.8328857421875,171.42767333984375,0.8402382731437683,-1,-1,-1
267,39,886.1842041015625,388.236083984375,65.16497802734375,145.03497314453125,0.8923551440238953,-1,-1,-1
267,3,470.31097412109375,511.63140869140625,64.51141357421875,190.25048828125,0.8523954153060913,-1,-1,-1
267,58,162.0143280029297,457.05364990234375,91.9969482421875,148.4996337890625,0.8109403848648071,-1,-1,-1
267,48,131.4528045654297,380.3356018066406,65.19935607910156,118.79067993164062,0.7317656874656677,-1,-1,-1
267,43,41.602718353271484,385.8064270019531,88.60950088500977,161.12039184570312,0.8397032022476196,-1,-1,-1
267,65,606.626953125,335.0770568847656,86.15655517578125,132.73117065429688,0.8870547413825989,-1,-1,-1
267,68,1022.4005737304688,234.20103454589844,51.06927490234375,94.35212707519531,0.7943422198295593,-1,-1,-1
267,52,291.6204833984375,277.9911804199219,60.47186279296875,134.19009399414062,0.7086478471755981,-1,-1,-1
267,8,471.0184631347656,374.2264099121094,77.75735473632812,151.67648315429688,0.4876576066017151,-1,-1,-1
267,70,489.2654113769531,304.5204772949219,58.269927978515625,94.75146484375,0.6867603659629822,-1,-1,-1
267,41,358.3221130371094,351.671142578125,67.32366943359375,76.99591064453125,0.45185089111328125,-1,-1,-1
268,5,348.68157958984375,396.8258361816406,68.80419921875,167.09841918945312,0.6896562576293945,-1,-1,-1
268,16,789.5242309570312,388.623291015625,65.3719482421875,170.46270751953125,0.8434355854988098,-1,-1,-1
268,39,867.8873291015625,377.9814758300781,76.3624267578125,156.81204223632812,0.8783968091011047,-1,-1,-1
268,3,450.6282958984375,512.6973876953125,67.21807861328125,191.77239990234375,0.8535970449447632,-1,-1,-1
268,58,139.67344665527344,457.2884216308594,93.33415222167969,151.91220092773438,0.7586246132850647,-1,-1,-1
268,48,107.57730865478516,379.4646911621094,67.94269561767578,122.52420043945312,0.6062931418418884,-1,-1,-1
268,43,19.168581008911133,388.360107421875,88.74910545349121,161.399169921875,0.7910282015800476,-1,-1,-1
268,65,589.5274047851562,331.92523193359375,88.9305419921875,133.97772216796875,0.8799160718917847,-1,-1,-1
268,68,1007.4061889648438,234.01620483398438,51.11968994140625,94.03961181640625,0.7273960709571838,-1,-1,-1
268,52,270.6954040527344,280.1627197265625,63.60565185546875,140.66815185546875,0.6267516016960144,-1,-1,-1
268,8,462.52606201171875,376.9161376953125,68.57537841796875,142.6513671875,0.5919218063354492,-1,-1,-1
268,70,474.4687194824219,303.6772766113281,58.216278076171875,94.40383911132812,0.6717681884765625,-1,-1,-1
269,5,326.5909729003906,397.40850830078125,72.87445068359375,168.01336669921875,0.7398557066917419,-1,-1,-1
269,16,770.7708129882812,384.9279479980469,66.3670654296875,169.74508666992188,0.8646513819694519,-1,-1,-1
269,39,846.555419921875,361.24786376953125,88.019287109375,172.8226318359375,0.9020019173622131,-1,-1,-1
269,3,431.5433044433594,513.1836547851562,67.34652709960938,193.71270751953125,0.8780354261398315,-1,-1,-1
269,58,115.72911834716797,458.26287841796875,95.42900848388672,151.63671875,0.7754495143890381,-1,-1,-1
269,48,81.86872100830078,377.5505065917969,69.07103729248047,126.1199951171875,0.6205222010612488,-1,-1,-1
269,43,0.0,390.46270751953125,83.7802734375,156.3240966796875,0.7664815187454224,-1,-1,-1
269,65,570.7319946289062,328.3244934082031,94.51043701171875,136.97946166992188,0.8575120568275452,-1,-1,-1
269,68,989.3273315429688,233.1640625,52.16192626953125,95.21719360351562,0.8194118142127991,-1,-1,-1
269,52,248.90081787109375,281.4641418457031,65.65750122070312,143.27627563476562,0.510007381439209,-1,-1,-1
269,8,449.053955078125,378.0212707519531,58.3260498046875,143.97055053710938,0.5178132057189941,-1,-1,-1
269,70,456.9714660644531,304.1158142089844,62.866180419921875,93.70632934570312,0.5655691623687744,-1,-1,-1
270,5,302.3455810546875,399.3934631347656,69.5001220703125,167.81716918945312,0.6340087652206421,-1,-1,-1
270,16,753.614013671875,383.213134765625,65.79571533203125,168.81793212890625,0.8472700119018555,-1,-1,-1
270,39,840.432373046875,359.8990478515625,82.60516357421875,174.77447509765625,0.8807894587516785,-1,-1,-1
270,3,410.10272216796875,513.6563110351562,68.18875122070312,195.997802734375,0.8241926431655884,-1,-1,-1
270,58,90.36793518066406,459.38629150390625,95.84065246582031,152.6141357421875,0.6753571629524231,-1,-1,-1
270,48,54.26643371582031,375.8956604003906,65.47634887695312,130.3880615234375,0.5203723907470703,-1,-1,-1
270,43,0.0,391.9600830078125,57.22044372558594,149.6094970703125,0.5437514185905457,-1,-1,-1
270,65,553.1575317382812,325.0016784667969,97.40447998046875,140.82864379882812,0.872435986995697,-1,-1,-1
270,68,970.7093505859375,233.00503540039062,51.75677490234375,95.27264404296875,0.7058404088020325,-1,-1,-1
270,52,224.7078399658203,284.0010986328125,66.07490539550781,141.84158325195312,0.4168946444988251,-1,-1,-1
270,8,430.2818298339844,381.021240234375,56.03778076171875,149.02606201171875,0.4798174500465393,-1,-1,-1
271,5,275.8839416503906,399.0319519042969,68.84002685546875,171.20034790039062,0.6516527533531189,-1,-1,-1
271,16,736.1355590820312,382.3323059082031,63.45098876953125,169.26400756835938,0.8451897501945496,-1,-1,-1
271,39,837.2308959960938,360.3983154296875,71.35589599609375,174.66363525390625,0.89644855260849,-1,-1,-1
271,3,386.9493103027344,515.6168212890625,68.31082153320312,196.8072509765625,0.7960366010665894,-1,-1,-1
271,58,61.772708892822266,460.6889953613281,98.25960922241211,152.69662475585938,0.5900185108184814,-1,-1,-1
271,65,540.9923095703125,322.06243896484375,93.68798828125,144.13372802734375,0.8751620054244995,-1,-1,-1
271,68,949.8868408203125,230.80003356933594,51.7130126953125,97.31031799316406,0.7948023676872253,-1,-1,-1
271,52,197.75347900390625,286.2095642089844,68.4310302734375,143.79022216796875,0.426098495721817,-1,-1,-1
271,8,390.51751708984375,386.4612121582031,75.28021240234375,153.84170532226562,0.5230615735054016,-1,-1,-1
272,5,247.3979034423828,400.15252685546875,67.16596984863281,173.23992919921875,0.666714072227478,-1,-1,-1
272,16,712.9488525390625,381.4269104003906,68.46453857421875,170.31857299804688,0.8509218692779541,-1,-1,-1
272,39,825.334716796875,363.7839660644531,67.50042724609375,171.22006225585938,0.8651171326637268,-1,-1,-1
272,3,363.960205078125,517.8361206054688,67.85781860351562,196.78411865234375,0.8350393176078796,-1,-1,-1
272,58,33.27378845214844,462.6029357910156,102.1092529296875,152.89431762695312,0.6011930704116821,-1,-1,-1
272,65,533.436279296875,319.2613830566406,85.236083984375,147.37661743164062,0.8343244791030884,-1,-1,-1
272,68,928.1503295898438,227.65525817871094,52.1265869140625,97.92771911621094,0.7425104975700378,-1,-1,-1
272,8,369.0008850097656,398.8491516113281,74.43545532226562,150.46304321289062,0.532939612865448,-1,-1,-1
272,75,1229.3892822265625,506.07171630859375,46.45556640625,199.414306640625,0.8534090518951416,-1,-1,-1
272,70,397.2834167480469,313.719970703125,48.549591064453125,92.10302734375,0.4009382426738739,-1,-1,-1
272,48,0.0,375.00115966796875,58.70848846435547,138.5123291015625,0.607351541519165,-1,-1,-1
273,5,219.88075256347656,400.505859375,72.68385314941406,176.72735595703125,0.7420055270195007,-1,-1,-1
273,16,692.3909301757812,380.5652770996094,70.37738037109375,172.02310180664062,0.8723031878471375,-1,-1,-1
273,39,808.6625366210938,370.6331481933594,69.25909423828125,164.47134399414062,0.889535129070282,-1,-1,-1
273,3,340.204345703125,520.906982421875,68.0235595703125,196.32208251953125,0.7797791957855225,-1,-1,-1
273,58,5.515491962432861,464.2160949707031,107.68809080123901,161.29574584960938,0.6550087928771973,-1,-1,-1
273,65,528.9401245117188,316.6749267578125,74.60479736328125,151.57351684570312,0.7372584939002991,-1,-1,-1
273,68,908.1011352539062,227.0266876220703,51.98480224609375,97.60218811035156,0.7161285281181335,-1,-1,-1
273,8,352.16375732421875,399.4118957519531,71.16336059570312,156.56527709960938,0.5355952382087708,-1,-1,-1
273,75,1209.502197265625,499.53265380859375,62.3341064453125,207.408935546875,0.8712180852890015,-1,-1,-1
274,5,195.3953094482422,400.8114013671875,78.70182800292969,180.3101806640625,0.7690621614456177,-1,-1,-1
274,16,672.9227905273438,379.455322265625,73.16357421875,174.026123046875,0.9016562700271606,-1,-1,-1
274,39,791.0451049804688,370.4749450683594,76.9239501953125,165.50857543945312,0.9135229587554932,-1,-1,-1
274,3,318.03045654296875,524.4947509765625,68.54541015625,194.390380859375,0.8568759560585022,-1,-1,-1
274,58,0.0,465.23712158203125,92.78495025634766,160.03936767578125,0.7906357645988464,-1,-1,-1
274,65,522.1754760742188,315.2723693847656,66.359619140625,149.86309814453125,0.8751178979873657,-1,-1,-1
274,68,889.891845703125,226.2152099609375,51.1177978515625,96.7381591796875,0.8162567019462585,-1,-1,-1
274,8,343.8983459472656,404.332275390625,63.75738525390625,157.04156494140625,0.6758233308792114,-1,-1,-1
274,75,1191.350341796875,496.61956787109375,67.154541015625,210.15032958984375,0.8851513862609863,-1,-1,-1
274,76,309.63409423828125,355.13775634765625,48.811492919921875,154.81936645507812,0.58664870262146,-1,-1,-1
274,52,119.0892105102539,287.4559631347656,68.93578338623047,148.40707397460938,0.5369768738746643,-1,-1,-1
274,70,350.5515441894531,318.56842041015625,54.531494140625,123.47821044921875,0.5852627158164978,-1,-1,-1
275,5,176.00843811035156,401.3005676269531,76.88330078125,182.92227172851562,0.6036486029624939,-1,-1,-1
275,16,657.583251953125,377.8404235839844,74.89556884765625,178.02078247070312,0.9002548456192017,-1,-1,-1
275,39,775.89990234375,375.2323913574219,89.74029541015625,161.27633666992188,0.91592937707901,-1,-1,-1
275,3,297.3395080566406,526.5623779296875,69.97531127929688,192.53179931640625,0.8755709528923035,-1,-1,-1
275,58,0.0,467.69921875,73.06327819824219,157.0845947265625,0.6180219650268555,-1,-1,-1
275,65,512.9517211914062,314.58984375,63.9373779296875,147.993896484375,0.8395909070968628,-1,-1,-1
275,68,874.5454711914062,225.31759643554688,50.35455322265625,96.31158447265625,0.6133835315704346,-1,-1,-1
275,8,333.00115966796875,407.4875793457031,62.262969970703125,156.59286499023438,0.6749705672264099,-1,-1,-1
275,75,1177.598876953125,495.39898681640625,66.794189453125,210.7884521484375,0.8901172876358032,-1,-1,-1
275,76,288.2845764160156,359.2500915527344,57.34954833984375,155.49942016601562,0.7325847148895264,-1,-1,-1
275,52,96.12364959716797,287.0148620605469,71.54914093017578,150.91571044921875,0.5928423404693604,-1,-1,-1
275,70,331.1837463378906,319.4794921875,67.46585083007812,123.58383178710938,0.5710057020187378,-1,-1,-1
276,16,647.5490112304688,377.62457275390625,75.2904052734375,181.1646728515625,0.9184727072715759,-1,-1,-1
276,39,767.69775390625,384.0639343261719,99.412841796875,154.70584106445312,0.9204732775688171,-1,-1,-1
276,3,282.9686279296875,528.3212890625,69.88095092773438,191.60650634765625,0.8754449486732483,-1,-1,-1
276,58,0.0,470.15142822265625,57.41318893432617,150.2943115234375,0.6564969420433044,-1,-1,-1
276,65,508.0039367675781,315.2401123046875,63.303009033203125,148.238037109375,0.8458052277565002,-1,-1,-1
276,68,863.8075561523438,222.7960205078125,49.99578857421875,99.84469604492188,0.8335951566696167,-1,-1,-1
276,8,316.5697937011719,410.32220458984375,73.84786987304688,158.31536865234375,0.7100844383239746,-1,-1,-1
276,75,1168.3297119140625,496.5453186035156,66.0347900390625,211.22018432617188,0.9046937227249146,-1,-1,-1
276,76,273.37738037109375,360.3062744140625,63.5584716796875,157.42681884765625,0.7267398238182068,-1,-1,-1
276,52,81.05157470703125,288.46624755859375,71.08062744140625,151.70068359375,0.7729443311691284,-1,-1,-1
276,70,312.49127197265625,320.5524597167969,78.5823974609375,123.76312255859375,0.6361613273620605,-1,-1,-1
276,41,182.9016571044922,355.7167663574219,67.55720520019531,155.40164184570312,0.558548629283905,-1,-1,-1
277,16,645.1915283203125,379.50244140625,74.35076904296875,183.8084716796875,0.9147951006889343,-1,-1,-1
277,39,770.65673828125,388.5253601074219,102.4716796875,156.17001342773438,0.9086571335792542,-1,-1,-1
277,3,276.4477233886719,529.8703002929688,70.3199462890625,189.8482666015625,0.8762648701667786,-1,-1,-1
277,58,0.0,416.0312805175781,47.99974822998047,199.84890747070312,0.5855163335800171,-1,-1,-1
277,65,509.24835205078125,315.78045654296875,68.0751953125,148.79803466796875,0.892784059047699,-1,-1,-1
277,68,859.779541015625,220.808837890625,49.83087158203125,104.304443359375,0.889840304851532,-1,-1,-1
277,8,316.7778625488281,411.6292724609375,77.94406127929688,168.34063720703125,0.7230629920959473,-1,-1,-1
277,75,1166.5780029296875,497.2227478027344,66.3331298828125,212.08126831054688,0.9151324033737183,-1,-1,-1
277,76,267.5709228515625,360.7809143066406,65.07901000976562,159.25796508789062,0.8286395072937012,-1,-1,-1
277,52,75.54908752441406,290.4370422363281,71.63430786132812,151.77468872070312,0.9058869481086731,-1,-1,-1
277,70,308.333251953125,321.9173278808594,82.22705078125,125.22036743164062,0.7252324223518372,-1,-1,-1
277,41,178.65415954589844,357.1341552734375,66.59356689453125,159.84869384765625,0.45912083983421326,-1,-1,-1
277,5,153.8467254638672,405.9195251464844,76.0772705078125,184.96206665039062,0.7452191114425659,-1,-1,-1
278,16,651.0933227539062,382.2198791503906,71.21221923828125,184.61441040039062,0.9093872308731079,-1,-1,-1
278,39,785.50830078125,390.88922119140625,101.25604248046875,157.43768310546875,0.8788027167320251,-1,-1,-1
278,3,277.8735656738281,530.6652221679688,70.19638061523438,188.832275390625,0.8693691492080688,-1,-1,-1
278,58,0.981354296207428,455.6295471191406,46.65737861394882,158.25582885742188,0.5072433352470398,-1,-1,-1
278,65,513.7757568359375,317.3083801269531,81.34063720703125,148.96072387695312,0.8821595907211304,-1,-1,-1
278,68,862.0083618164062,219.6569366455078,50.05499267578125,107.34742736816406,0.8729748129844666,-1,-1,-1
278,8,331.5626525878906,412.708984375,76.38134765625,171.37176513671875,0.7559772729873657,-1,-1,-1
278,75,1170.528076171875,499.29180908203125,66.5147705078125,211.190185546875,0.9004371166229248,-1,-1,-1
278,76,269.613037109375,360.16619873046875,64.40103149414062,161.63336181640625,0.8571709990501404,-1,-1,-1
278,52,77.887939453125,293.03155517578125,74.00895690917969,150.9931640625,0.8991930484771729,-1,-1,-1
278,70,312.9757385253906,324.6322021484375,89.95962524414062,129.78720092773438,0.8044900298118591,-1,-1,-1
278,41,181.48031616210938,357.75677490234375,63.24542236328125,159.87237548828125,0.6330275535583496,-1,-1,-1
278,5,155.79263305664062,407.55352783203125,78.13279724121094,185.5452880859375,0.753715455532074,-1,-1,-1
279,16,659.8165893554688,385.40106201171875,75.90032958984375,183.37738037109375,0.905624508857727,-1,-1,-1
279,39,808.042724609375,393.4408874511719,97.82122802734375,156.40542602539062,0.9026787281036377,-1,-1,-1
279,3,281.3807067871094,531.6653442382812,71.41497802734375,187.6544189453125,0.8983262181282043,-1,-1,-1
279,58,2.4560186862945557,466.3814392089844,49.587419271469116,146.90982055664062,0.7307010889053345,-1,-1,-1
279,65,518.7359008789062,317.5665588378906,91.81207275390625,149.73977661132812,0.9034051299095154,-1,-1,-1
279,68,866.442138671875,218.8970489501953,49.7340087890625,108.99620056152344,0.8795223236083984,-1,-1,-1
279,8,339.8027648925781,413.53338623046875,78.25119018554688,171.29852294921875,0.716404378414154,-1,-1,-1
279,75,1175.903076171875,501.7731628417969,68.1002197265625,209.48983764648438,0.9018628597259521,-1,-1,-1
279,76,274.8556823730469,359.8177185058594,66.4180908203125,162.90689086914062,0.8873156905174255,-1,-1,-1
279,52,81.92254638671875,295.37469482421875,77.54512023925781,149.02972412109375,0.898746907711029,-1,-1,-1
279,70,321.77801513671875,328.2349853515625,91.02755737304688,128.49017333984375,0.8124849200248718,-1,-1,-1
279,41,189.5511474609375,357.6566162109375,59.4124755859375,160.567626953125,0.7310804724693298,-1,-1,-1
279,5,160.47479248046875,408.651611328125,65.93548583984375,187.27691650390625,0.8266409039497375,-1,-1,-1
279,79,1240.0079345703125,228.28082275390625,39.9920654296875,75.92352294921875,0.5006647706031799,-1,-1,-1
280,16,668.5830688476562,390.0691223144531,84.08526611328125,180.39376831054688,0.9035680294036865,-1,-1,-1
280,39,831.3634033203125,396.2255554199219,88.3228759765625,155.71725463867188,0.8863903880119324,-1,-1,-1
280,3,285.40362548828125,533.1749877929688,70.95510864257812,186.23187255859375,0.8733713626861572,-1,-1,-1
280,58,2.94671630859375,470.7716369628906,54.704185485839844,151.98300170898438,0.6969634890556335,-1,-1,-1
280,65,523.3831176757812,316.47186279296875,97.43597412109375,151.51971435546875,0.9051839709281921,-1,-1,-1
280,68,870.702880859375,218.98318481445312,50.38385009765625,110.27886962890625,0.8641893267631531,-1,-1,-1
280,8,346.8494567871094,415.0460510253906,80.4942626953125,170.11807250976562,0.6856870651245117,-1,-1,-1
280,75,1182.165283203125,503.8369445800781,69.05126953125,208.38626098632812,0.8937817215919495,-1,-1,-1
280,76,283.59722900390625,361.33746337890625,65.39968872070312,162.03192138671875,0.8430510759353638,-1,-1,-1
280,52,86.5111312866211,298.07568359375,79.71622467041016,150.3271484375,0.8947312235832214,-1,-1,-1
280,70,329.517333984375,331.88128662109375,86.88543701171875,127.8829345703125,0.7617208957672119,-1,-1,-1
280,41,195.93130493164062,358.15899658203125,56.30284118652344,160.97906494140625,0.6797240972518921,-1,-1,-1
280,5,165.35939025878906,409.30615234375,58.026397705078125,189.50164794921875,0.769604504108429,-1,-1,-1
281,16,676.5626220703125,394.0827331542969,89.6256103515625,176.64968872070312,0.910082995891571,-1,-1,-1
281,39,852.6705932617188,397.85687255859375,78.9786376953125,156.0147705078125,0.8775964379310608,-1,-1,-1
281,3,288.8187561035156,534.0338134765625,71.75811767578125,185.08660888671875,0.8983073830604553,-1,-1,-1
281,58,3.231374502182007,471.9598693847656,62.419267892837524,148.15072631835938,0.7964093089103699,-1,-1,-1
281,65,533.6539306640625,315.1684265136719,94.22607421875,152.83978271484375,0.9164697527885437,-1,-1,-1
281,68,876.4498901367188,218.18096923828125,50.1773681640625,111.47064208984375,0.8829986453056335,-1,-1,-1
281,8,357.2447509765625,415.1659240722656,86.24472045898438,171.29061889648438,0.7030820250511169,-1,-1,-1
281,75,1190.0489501953125,504.8707580566406,69.004638671875,208.62503051757812,0.8889814019203186,-1,-1,-1
281,76,294.6763000488281,362.0256652832031,65.25457763671875,162.92044067382812,0.7994897961616516,-1,-1,-1
281,52,92.59998321533203,299.30096435546875,79.87805938720703,150.8414306640625,0.8927922248840332,-1,-1,-1
281,70,339.30169677734375,336.2325134277344,83.919189453125,125.33120727539062,0.7634207606315613,-1,-1,-1
281,41,204.5675048828125,359.0277404785156,58.703338623046875,160.30569458007812,0.6579087972640991,-1,-1,-1
281,5,171.1455078125,409.59637451171875,55.05058288574219,191.54150390625,0.7818757891654968,-1,-1,-1
282,16,684.3970336914062,397.6327819824219,91.236083984375,173.26364135742188,0.9175889492034912,-1,-1,-1
282,39,872.894775390625,398.4726867675781,72.64959716796875,155.45193481445312,0.8550569415092468,-1,-1,-1
282,3,291.5719299316406,534.2796020507812,73.00778198242188,184.758544921875,0.9038347005844116,-1,-1,-1
282,58,3.2529497146606445,471.3781433105469,71.60316753387451,143.49832153320312,0.7962998747825623,-1,-1,-1
282,65,550.1720581054688,313.7422180175781,84.24285888671875,150.92416381835938,0.9045734405517578,-1,-1,-1
282,68,882.0552368164062,217.60467529296875,50.46112060546875,112.18423461914062,0.8831521272659302,-1,-1,-1
282,8,367.4804992675781,414.70709228515625,91.11776733398438,170.632080078125,0.6582304239273071,-1,-1,-1
282,75,1197.779052734375,505.87506103515625,68.7457275390625,208.351318359375,0.9190812706947327,-1,-1,-1
282,76,307.7474060058594,364.3579406738281,60.477294921875,159.60360717773438,0.8285085558891296,-1,-1,-1
282,52,98.58946228027344,299.5930480957031,79.96282958984375,151.638916015625,0.8794602751731873,-1,-1,-1
282,70,346.8826599121094,339.2168273925781,81.13934326171875,121.93106079101562,0.6858965158462524,-1,-1,-1
282,41,212.78732299804688,360.317626953125,58.375701904296875,159.24578857421875,0.5395805835723877,-1,-1,-1
282,5,177.8206787109375,410.1162109375,77.59368896484375,191.621337890625,0.44452592730522156,-1,-1,-1
283,16,689.7854614257812,399.0646057128906,94.07672119140625,172.38973999023438,0.922526478767395,-1,-1,-1
283,39,885.7548217773438,398.4142761230469,77.13104248046875,157.45748901367188,0.7893138527870178,-1,-1,-1
283,3,296.3523254394531,534.66943359375,73.01327514648438,184.29595947265625,0.9114330410957336,-1,-1,-1
283,58,3.3940060138702393,469.8478698730469,75.33709597587585,146.56814575195312,0.8586976528167725,-1,-1,-1
283,65,571.5152587890625,312.169677734375,74.82440185546875,148.32864379882812,0.8783871531486511,-1,-1,-1
283,68,888.6024780273438,217.03140258789062,50.30352783203125,112.55953979492188,0.8819217681884766,-1,-1,-1
283,8,384.5050964355469,415.2294006347656,97.76571655273438,166.90548706054688,0.8219118118286133,-1,-1,-1
283,75,1206.9163818359375,505.1036376953125,70.4068603515625,210.1846923828125,0.9022452235221863,-1,-1,-1
283,76,318.8207092285156,368.5038757324219,62.72723388671875,159.55130004882812,0.8350213170051575,-1,-1,-1
283,52,107.42678833007812,298.5399169921875,78.21900939941406,152.15264892578125,0.8848141431808472,-1,-1,-1
283,70,356.43768310546875,341.29058837890625,76.02508544921875,123.47540283203125,0.6527279019355774,-1,-1,-1
283,41,220.40283203125,361.0456237792969,57.851226806640625,157.19589233398438,0.7471123933792114,-1,-1,-1
283,5,184.69085693359375,409.8194885253906,80.28475952148438,192.38082885742188,0.633145809173584,-1,-1,-1
284,16,698.1983642578125,399.5182800292969,93.43548583984375,172.15036010742188,0.9232186079025269,-1,-1,-1
284,39,900.6918334960938,398.43182373046875,81.073974609375,161.1259765625,0.8625010848045349,-1,-1,-1
284,3,301.6895446777344,534.594482421875,73.88937377929688,184.1832275390625,0.9193025231361389,-1,-1,-1
284,58,6.066625118255615,467.8349609375,83.02932977676392,148.1766357421875,0.808311939239502,-1,-1,-1
284,65,593.5693359375,311.072021484375,67.96044921875,145.75286865234375,0.8715911507606506,-1,-1,-1
284,68,896.7049560546875,216.55291748046875,49.82269287109375,113.3021240234375,0.8559931516647339,-1,-1,-1
284,8,406.9392395019531,415.9186706542969,92.22048950195312,169.69302368164062,0.8613839149475098,-1,-1,-1
284,75,1217.4105224609375,505.28240966796875,62.5894775390625,210.73004150390625,0.8944842219352722,-1,-1,-1
284,76,330.46929931640625,372.1051025390625,62.971710205078125,165.66839599609375,0.8257383108139038,-1,-1,-1
284,52,119.31768035888672,297.9001159667969,75.10681915283203,152.65374755859375,0.8524075150489807,-1,-1,-1
284,70,369.6814270019531,343.08990478515625,69.7745361328125,134.23934936523438,0.7624513506889343,-1,-1,-1
284,41,230.0159912109375,361.76318359375,55.042999267578125,155.33489990234375,0.773553729057312,-1,-1,-1
284,5,193.99989318847656,410.4456481933594,63.32688903808594,192.07443237304688,0.7845834493637085,-1,-1,-1
285,16,705.7473754882812,399.1448059082031,93.255859375,172.35421752929688,0.9214629530906677,-1,-1,-1
285,39,919.2141723632812,398.22003173828125,82.37969970703125,171.10919189453125,0.8407080173492432,-1,-1,-1
285,3,305.9688720703125,534.6151123046875,76.41055297851562,184.17132568359375,0.903444230556488,-1,-1,-1
285,58,13.953733444213867,465.01995849609375,86.89801979064941,146.31341552734375,0.7295597195625305,-1,-1,-1
285,65,610.3046264648438,310.0219421386719,67.13079833984375,139.354248046875,0.7555558681488037,-1,-1,-1
285,68,904.8265380859375,216.1182098388672,50.6939697265625,113.82130432128906,0.8841356039047241,-1,-1,-1
285,8,437.4922180175781,419.171630859375,75.37979125976562,168.1279296875,0.843184232711792,-1,-1,-1
285,75,1227.2733154296875,506.2091979980469,52.7266845703125,212.21475219726562,0.8904769420623779,-1,-1,-1
285,76,341.81488037109375,374.7613830566406,63.204559326171875,165.62741088867188,0.6545368432998657,-1,-1,-1
285,52,137.5726318359375,297.3387451171875,66.81378173828125,152.47579956054688,0.7646762728691101,-1,-1,-1
285,70,380.9917297363281,344.9841613769531,62.028076171875,122.5328369140625,0.6256559491157532,-1,-1,-1
285,41,238.4714813232422,361.9313659667969,54.75682067871094,154.78201293945312,0.6156876683235168,-1,-1,-1
285,5,204.95306396484375,409.3574523925781,55.732879638671875,192.64871215820312,0.8111898303031921,-1,-1,-1
286,16,715.5653686523438,398.391845703125,91.54510498046875,172.61737060546875,0.918955385684967,-1,-1,-1
286,39,942.602783203125,403.64837646484375,79.14495849609375,167.8548583984375,0.849646806716919,-1,-1,-1
286,3,311.7850036621094,534.9909057617188,78.2349853515625,183.9947509765625,0.905834972858429,-1,-1,-1
286,58,8.42634105682373,460.3044128417969,107.97372913360596,164.97750854492188,0.7192314863204956,-1,-1,-1
286,65,628.7190551757812,308.88067626953125,65.57586669921875,140.770751953125,0.8188430070877075,-1,-1,-1
286,68,914.08544921875,214.75772094726562,50.97772216796875,114.94561767578125,0.8529396057128906,-1,-1,-1
286,8,463.469482421875,421.9101867675781,67.47845458984375,168.98513793945312,0.8194996118545532,-1,-1,-1
286,75,1236.0299072265625,506.2751159667969,43.9700927734375,212.48776245117188,0.8593644499778748,-1,-1,-1
286,76,352.4010009765625,378.2085876464844,61.585540771484375,151.35983276367188,0.7914660573005676,-1,-1,-1
286,52,158.28268432617188,296.5396423339844,56.13671875,152.32620239257812,0.8205522894859314,-1,-1,-1
286,70,390.6375732421875,346.93463134765625,60.460968017578125,129.28341674804688,0.6511474847793579,-1,-1,-1
286,5,215.42626953125,408.51177978515625,62.746826171875,192.89300537109375,0.5877552032470703,-1,-1,-1
287,16,725.6902465820312,397.7057189941406,88.79083251953125,173.68637084960938,0.9307137727737427,-1,-1,-1
287,39,969.1034545898438,408.0018615722656,70.88702392578125,164.57870483398438,0.8348351120948792,-1,-1,-1
287,3,316.8686828613281,535.9251708984375,81.10372924804688,183.31585693359375,0.9066673517227173,-1,-1,-1
287,58,6.3538641929626465,456.2937927246094,122.35885858535767,189.13296508789062,0.835774302482605,-1,-1,-1
287,65,644.584716796875,308.31524658203125,76.06317138671875,141.15646362304688,0.8692371845245361,-1,-1,-1
287,68,922.9149169921875,213.73483276367188,51.1251220703125,115.002197265625,0.861363410949707,-1,-1,-1
287,8,484.2127380371094,424.1140441894531,74.41555786132812,172.31674194335938,0.8939761519432068,-1,-1,-1
287,75,1246.58349609375,535.281982421875,33.41650390625,183.61663818359375,0.7860339879989624,-1,-1,-1
287,76,363.254150390625,380.4164123535156,62.45135498046875,156.88613891601562,0.7556247115135193,-1,-1,-1
287,52,173.59786987304688,296.90460205078125,52.15827941894531,152.33120727539062,0.8538200855255127,-1,-1,-1
287,70,396.302734375,349.29156494140625,63.893096923828125,131.489013671875,0.738699734210968,-1,-1,-1
287,5,226.89207458496094,409.4298400878906,60.78938293457031,190.60128784179688,0.7069065570831299,-1,-1,-1
287,41,258.1978454589844,362.9490051269531,54.14593505859375,164.29568481445312,0.6248824596405029,-1,-1,-1
288,16,736.3125610351562,397.1824035644531,85.96685791015625,174.85653686523438,0.9213767051696777,-1,-1,-1
288,39,989.7064819335938,411.2510070800781,69.22491455078125,162.57925415039062,0.8845019936561584,-1,-1,-1
288,3,323.1675109863281,537.0358276367188,83.23907470703125,182.38006591796875,0.9112974405288696,-1,-1,-1
288,58,6.437385082244873,452.4047546386719,131.94789934158325,174.66116333007812,0.8490631580352783,-1,-1,-1
288,65,661.5259399414062,308.64080810546875,79.056396484375,140.42373657226562,0.8469433784484863,-1,-1,-1
288,68,931.7075805664062,213.89443969726562,51.70843505859375,115.23666381835938,0.8442343473434448,-1,-1,-1
288,8,501.7184753417969,426.8161926269531,87.31539916992188,174.26913452148438,0.859951913356781,-1,-1,-1
288,75,1257.12158203125,555.9456176757812,22.87841796875,162.96575927734375,0.5744411945343018,-1,-1,-1
288,76,373.9386901855469,380.96844482421875,60.73284912109375,159.0723876953125,0.7585853338241577,-1,-1,-1
288,52,187.2189178466797,297.9031677246094,51.61430358886719,152.8624267578125,0.837736964225769,-1,-1,-1
288,70,406.139404296875,352.0249328613281,64.99099731445312,129.7305908203125,0.7878958582878113,-1,-1,-1
288,5,236.6632843017578,407.9400634765625,56.49589538574219,190.961669921875,0.7952561974525452,-1,-1,-1
289,16,739.935791015625,396.66998291015625,89.4605712890625,175.60302734375,0.9043187499046326,-1,-1,-1
289,39,1001.7213134765625,412.8716125488281,78.3946533203125,161.58419799804688,0.864720344543457,-1,-1,-1
289,3,327.9166259765625,537.85107421875,87.18682861328125,181.45458984375,0.8964341878890991,-1,-1,-1
289,58,10.36819839477539,449.7159423828125,136.38793563842773,172.9100341796875,0.8825272917747498,-1,-1,-1
289,65,674.8351440429688,309.9736328125,79.73297119140625,138.96243286132812,0.7837066650390625,-1,-1,-1
289,68,940.84521484375,213.60203552246094,51.99676513671875,116.35780334472656,0.8706862926483154,-1,-1,-1
289,8,517.5105590820312,431.2763671875,92.60498046875,175.360595703125,0.892767608165741,-1,-1,-1
289,76,384.3660583496094,366.71051025390625,82.60379028320312,174.07855224609375,0.49207136034965515,-1,-1,-1
289,52,199.57894897460938,300.226318359375,52.08270263671875,156.17974853515625,0.8460066914558411,-1,-1,-1
289,5,245.65843200683594,410.0184020996094,59.58460998535156,189.18179321289062,0.771793782711029,-1,-1,-1
289,41,276.7767333984375,366.18487548828125,54.660430908203125,167.59228515625,0.4969256520271301,-1,-1,-1
290,16,748.578857421875,396.6004638671875,88.52197265625,176.0098876953125,0.8956490755081177,-1,-1,-1
290,39,1014.4933471679688,413.95697021484375,90.22344970703125,157.995361328125,0.843666672706604,-1,-1,-1
290,3,334.6068115234375,539.2374877929688,88.75369262695312,180.11474609375,0.8876131176948547,-1,-1,-1
290,58,19.794748306274414,446.16015625,134.93500328063965,164.76397705078125,0.8515938520431519,-1,-1,-1
290,65,689.7202758789062,311.4783020019531,72.93438720703125,137.58816528320312,0.7187116146087646,-1,-1,-1
290,68,950.1602783203125,213.85708618164062,52.38739013671875,116.24942016601562,0.8653132319450378,-1,-1,-1
290,8,532.5203857421875,435.528564453125,93.14617919921875,176.0428466796875,0.8931814432144165,-1,-1,-1
290,76,396.561279296875,369.03485107421875,67.1151123046875,172.356689453125,0.5398160815238953,-1,-1,-1
290,52,210.7239990234375,302.1903381347656,53.743896484375,156.112060546875,0.8735212683677673,-1,-1,-1
290,5,256.06439208984375,410.10931396484375,58.7698974609375,188.62152099609375,0.7358369827270508,-1,-1,-1
290,41,286.9564514160156,368.0882873535156,55.12799072265625,164.89657592773438,0.607679545879364,-1,-1,-1
290,70,425.2704162597656,353.5440368652344,61.23974609375,129.36648559570312,0.6032975316047668,-1,-1,-1
291,16,755.8654174804688,397.1188049316406,87.2884521484375,176.32168579101562,0.9021745920181274,-1,-1,-1
291,39,1029.60205078125,416.74658203125,106.4063720703125,163.42022705078125,0.7168866991996765,-1,-1,-1
291,3,340.7088623046875,539.9539794921875,89.37799072265625,179.60723876953125,0.893757700920105,-1,-1,-1
291,58,29.027814865112305,443.0571594238281,133.11458015441895,160.95193481445312,0.7989853620529175,-1,-1,-1
291,65,701.13671875,313.1851806640625,95.599609375,135.39459228515625,0.757843017578125,-1,-1,-1
291,68,960.6753540039062,214.6444854736328,52.30316162109375,115.99253845214844,0.8471825122833252,-1,-1,-1
291,8,548.3159790039062,439.7235412597656,92.239013671875,180.36062622070312,0.8971803784370422,-1,-1,-1
291,76,409.4341125488281,357.2418518066406,79.45269775390625,183.97970581054688,0.857908308506012,-1,-1,-1
291,52,222.30870056152344,304.3476257324219,54.46766662597656,152.57839965820312,0.80683434009552,-1,-1,-1
291,5,267.1210632324219,408.52825927734375,58.276397705078125,189.69354248046875,0.7752662301063538,-1,-1,-1
291,41,298.1708984375,366.97576904296875,54.71484375,157.8919677734375,0.4903562068939209,-1,-1,-1
292,16,764.2243041992188,402.2042541503906,85.072998046875,171.32211303710938,0.8633216619491577,-1,-1,-1
292,39,1053.8480224609375,420.3262634277344,106.826416015625,166.96633911132812,0.8629899024963379,-1,-1,-1
292,3,349.79327392578125,539.8905029296875,85.40484619140625,179.635498046875,0.8992506861686707,-1,-1,-1
292,58,39.95844268798828,440.81561279296875,129.8814926147461,158.467529296875,0.9108378291130066,-1,-1,-1
292,65,712.76220703125,315.85833740234375,105.49505615234375,131.98101806640625,0.8553149104118347,-1,-1,-1
292,68,971.7554931640625,213.90838623046875,52.677001953125,116.70907592773438,0.8698241114616394,-1,-1,-1
292,8,563.341552734375,443.15765380859375,91.0888671875,178.4754638671875,0.8616723418235779,-1,-1,-1
292,76,422.1761779785156,338.9938049316406,82.44033813476562,202.15036010742188,0.8272799849510193,-1,-1,-1
292,52,235.35569763183594,306.77874755859375,53.71827697753906,146.6685791015625,0.773144543170929,-1,-1,-1
292,5,271.27691650390625,411.2643127441406,65.2843017578125,185.27212524414062,0.6792493462562561,-1,-1,-1
292,41,308.715087890625,367.4800109863281,54.573272705078125,166.03103637695312,0.5945706963539124,-1,-1,-1
293,16,772.99853515625,401.2117004394531,81.96478271484375,172.58663940429688,0.8512852191925049,-1,-1,-1
293,39,1085.47705078125,424.2723693847656,94.033935546875,167.10867309570312,0.8764160871505737,-1,-1,-1
293,3,358.7593078613281,538.8738403320312,79.46005249023438,180.354248046875,0.9049318432807922,-1,-1,-1
293,58,51.658294677734375,438.6962585449219,128.68817138671875,158.78616333007812,0.9109029173851013,-1,-1,-1
293,65,730.4793090820312,317.3057861328125,104.1573486328125,128.67190551757812,0.7673183679580688,-1,-1,-1
293,68,983.676025390625,213.62278747558594,53.267578125,116.81785583496094,0.8635134100914001,-1,-1,-1
293,8,578.382080078125,446.22265625,88.56695556640625,179.75506591796875,0.899976372718811,-1,-1,-1
293,76,435.4967041015625,325.1485290527344,82.47796630859375,212.64932250976562,0.8710450530052185,-1,-1,-1
293,52,250.4520263671875,312.1444396972656,51.533599853515625,136.59011840820312,0.8064161539077759,-1,-1,-1
293,5,283.4757080078125,421.37908935546875,67.34506225585938,175.4033203125,0.7073330879211426,-1,-1,-1
293,41,320.81256103515625,367.3075866699219,54.3240966796875,161.88290405273438,0.603651762008667,-1,-1,-1
294,16,783.850830078125,399.36883544921875,75.51507568359375,174.95709228515625,0.8506367802619934,-1,-1,-1
294,39,1125.24853515625,427.7907409667969,78.158935546875,169.29067993164062,0.8649744391441345,-1,-1,-1
294,3,368.12481689453125,537.9945068359375,72.03097534179688,181.301025390625,0.9117648601531982,-1,-1,-1
294,58,65.385009765625,436.8533630371094,127.927734375,159.26388549804688,0.902336597442627,-1,-1,-1
294,65,751.8670043945312,316.078857421875,96.5731201171875,127.86163330078125,0.804424524307251,-1,-1,-1
294,68,996.6651000976562,213.95101928710938,54.38092041015625,117.14614868164062,0.8804077506065369,-1,-1,-1
294,8,594.039794921875,449.7494812011719,90.60235595703125,185.57131958007812,0.8591545224189758,-1,-1,-1
294,76,444.9164733886719,318.48211669921875,81.94894409179688,210.5989990234375,0.8412365913391113,-1,-1,-1
294,52,266.79266357421875,314.4532165527344,49.251434326171875,134.192626953125,0.6555483937263489,-1,-1,-1
294,5,299.8274230957031,414.3459777832031,60.983154296875,183.44021606445312,0.7318333387374878,-1,-1,-1
294,41,334.2478332519531,365.32958984375,53.717559814453125,165.353271484375,0.6142274141311646,-1,-1,-1
294,48,0.09157757461071014,373.97161865234375,36.00350375473499,92.99465942382812,0.7720730900764465,-1,-1,-1
295,16,794.509765625,395.7557678222656,68.89178466796875,179.05551147460938,0.6203467845916748,-1,-1,-1
295,39,1161.263427734375,429.9521789550781,69.994873046875,167.66098022460938,0.8107749819755554,-1,-1,-1
295,3,376.823486328125,536.6757202148438,66.54800415039062,182.46551513671875,0.8925251364707947,-1,-1,-1
295,58,78.76148986816406,433.88458251953125,128.5847930908203,161.1065673828125,0.9063974618911743,-1,-1,-1
295,65,771.6644287109375,313.529296875,90.68865966796875,130.22604370117188,0.5060549378395081,-1,-1,-1
295,68,1010.4631958007812,214.19529724121094,55.05450439453125,116.83161926269531,0.8143832683563232,-1,-1,-1
295,8,610.5610961914062,453.03729248046875,98.8609619140625,187.419677734375,0.8684701323509216,-1,-1,-1
295,76,456.28387451171875,305.2635498046875,79.3707275390625,209.6512451171875,0.8814781308174133,-1,-1,-1
295,52,283.4720153808594,314.82476806640625,48.551727294921875,135.27590942382812,0.6978588104248047,-1,-1,-1
295,5,315.389892578125,413.6669006347656,58.954315185546875,185.64523315429688,0.6402711868286133,-1,-1,-1
295,41,347.3376159667969,363.7236328125,55.025238037109375,164.1226806640625,0.6716300249099731,-1,-1,-1
295,48,2.1366214752197266,371.9039306640625,47.810014724731445,116.96298217773438,0.754235029220581,-1,-1,-1
296,16,810.681640625,395.4217224121094,61.447998046875,179.51785278320312,0.7257204651832581,-1,-1,-1
296,39,1188.3583984375,430.3712463378906,76.2593994140625,171.33114624023438,0.7492569088935852,-1,-1,-1
296,3,386.42828369140625,536.0223388671875,65.354736328125,182.5670166015625,0.8554993271827698,-1,-1,-1
296,58,91.22560119628906,430.8571472167969,130.068115234375,163.19613647460938,0.9078927636146545,-1,-1,-1
296,65,788.9137573242188,310.3399658203125,86.33197021484375,131.84576416015625,0.6622561812400818,-1,-1,-1
296,68,1024.6016845703125,214.7376708984375,54.5938720703125,115.7830810546875,0.8005279302597046,-1,-1,-1
296,8,628.7265014648438,456.43292236328125,106.3355712890625,191.517822265625,0.8283116817474365,-1,-1,-1
296,76,467.46728515625,296.6235046386719,75.90325927734375,210.54666137695312,0.8294283151626587,-1,-1,-1
296,52,298.5920104980469,314.8350524902344,51.014495849609375,139.708251953125,0.5940098166465759,-1,-1,-1
296,5,330.04010009765625,413.2687683105469,53.9522705078125,186.00540161132812,0.5001465678215027,-1,-1,-1
296,41,361.54217529296875,361.1402282714844,54.774169921875,163.93209838867188,0.4784680902957916,-1,-1,-1
296,48,4.606683731079102,370.34246826171875,58.57964515686035,122.64630126953125,0.8454626202583313,-1,-1,-1
297,16,820.486083984375,393.4564208984375,58.15435791015625,180.57171630859375,0.7571816444396973,-1,-1,-1
297,39,1212.2777099609375,432.0901794433594,67.7222900390625,168.92019653320312,0.6625054478645325,-1,-1,-1
297,3,395.8525390625,535.3697509765625,64.2796630859375,182.96575927734375,0.8937643766403198,-1,-1,-1
297,58,104.79462432861328,427.8680419921875,129.6214828491211,165.77044677734375,0.8969607949256897,-1,-1,-1
297,65,802.4198608398438,305.7551574707031,84.50341796875,137.11065673828125,0.8397954702377319,-1,-1,-1
297,68,1038.0135498046875,214.62457275390625,54.7225341796875,117.03457641601562,0.837230384349823,-1,-1,-1
297,8,647.5154418945312,458.6785888671875,109.56573486328125,189.177978515625,0.8542306423187256,-1,-1,-1
297,76,481.28839111328125,284.19171142578125,72.0482177734375,221.020263671875,0.8613149523735046,-1,-1,-1
297,52,314.7704772949219,313.7613525390625,50.83837890625,138.333251953125,0.6680377125740051,-1,-1,-1
297,5,337.1372375488281,412.8531188964844,55.44195556640625,186.56381225585938,0.674790620803833,-1,-1,-1
297,41,375.08770751953125,360.0386962890625,54.862945556640625,169.766845703125,0.6200157403945923,-1,-1,-1
297,48,14.428006172180176,368.07696533203125,63.05756664276123,125.29830932617188,0.869066596031189,-1,-1,-1
298,16,822.9280395507812,390.680908203125,61.76763916015625,182.54998779296875,0.7155399918556213,-1,-1,-1
298,3,404.9991455078125,536.2146606445312,64.08132934570312,182.82269287109375,0.8910827040672302,-1,-1,-1
298,58,117.8710708618164,425.31219482421875,127.54334259033203,169.7528076171875,0.9205015301704407,-1,-1,-1
298,65,815.4291381835938,303.9001770019531,82.66705322265625,139.06362915039062,0.8587603569030762,-1,-1,-1
298,68,1052.1593017578125,214.7273406982422,54.3170166015625,117.31340026855469,0.829418957233429,-1,-1,-1
298,8,666.0469360351562,461.0752868652344,112.13067626953125,189.74526977539062,0.883830726146698,-1,-1,-1
298,76,494.6402587890625,273.63348388671875,67.9697265625,231.032958984375,0.7392237186431885,-1,-1,-1
298,52,330.4644470214844,313.2685241699219,53.173919677734375,135.28262329101562,0.6056163907051086,-1,-1,-1
298,5,352.40496826171875,410.4941711425781,52.3739013671875,188.79238891601562,0.6634100675582886,-1,-1,-1
298,48,27.189085006713867,365.6533203125,64.68271827697754,127.68197631835938,0.8453213572502136,-1,-1,-1
299,16,831.0730590820312,391.2896728515625,61.4632568359375,183.16558837890625,0.850623369216919,-1,-1,-1
299,3,410.0925598144531,535.9888916015625,69.36776733398438,183.09527587890625,0.8919883370399475,-1,-1,-1
299,58,131.96685791015625,424.43817138671875,120.38948059082031,169.54931640625,0.9245910048484802,-1,-1,-1
299,65,827.7244873046875,300.4343566894531,80.18084716796875,142.56442260742188,0.7771756649017334,-1,-1,-1
299,68,1065.8641357421875,214.55215454101562,54.8662109375,117.82669067382812,0.8471251726150513,-1,-1,-1
299,8,683.5192260742188,464.0240783691406,114.47613525390625,187.90341186523438,0.8913726210594177,-1,-1,-1
299,76,507.5930480957031,273.2694396972656,62.550201416015625,230.65008544921875,0.8138554096221924,-1,-1,-1
299,52,345.3800354003906,310.7267150878906,54.0562744140625,143.65048217773438,0.7370865345001221,-1,-1,-1
299,5,369.2344665527344,410.53472900390625,48.843719482421875,188.0115966796875,0.7029420137405396,-1,-1,-1
299,48,42.39474868774414,362.9880676269531,63.807369232177734,129.48385620117188,0.8514085412025452,-1,-1,-1
299,41,403.2710266113281,361.45172119140625,52.820404052734375,176.8275146484375,0.4668077528476715,-1,-1,-1
300,16,839.0382690429688,393.2792663574219,64.8902587890625,182.37734985351562,0.8439779281616211,-1,-1,-1
300,3,413.84716796875,536.89306640625,75.76547241210938,182.63555908203125,0.8851585984230042,-1,-1,-1
300,58,145.15237426757812,423.02081298828125,109.77377319335938,170.58197021484375,0.9166286587715149,-1,-1,-1
300,65,838.8453369140625,297.5931396484375,79.4228515625,144.77542114257812,0.882917582988739,-1,-1,-1
300,68,1079.2557373046875,215.040283203125,55.2119140625,117.650634765625,0.8263252973556519,-1,-1,-1
300,8,697.1845092773438,468.75579833984375,117.64422607421875,182.1046142578125,0.894278347492218,-1,-1,-1
300,76,518.6266479492188,280.0859069824219,66.1888427734375,222.65380859375,0.763859212398529,-1,-1,-1
300,5,378.6572570800781,410.3967590332031,59.444366455078125,187.49111938476562,0.6395664215087891,-1,-1,-1
300,48,57.337310791015625,360.8938903808594,62.84214782714844,130.84677124023438,0.8600068092346191,-1,-1,-1
301,16,844.986083984375,393.13800048828125,69.946533203125,183.53851318359375,0.889340877532959,-1,-1,-1
301,3,419.02685546875,538.335205078125,81.91439819335938,181.37213134765625,0.8555550575256348,-1,-1,-1
301,58,155.377685546875,422.5237121582031,96.71484375,171.70834350585938,0.8950915336608887,-1,-1,-1
301,65,848.482666015625,296.52252197265625,79.743408203125,145.83609008789062,0.8511068820953369,-1,-1,-1
301,68,1091.6549072265625,215.55648803710938,55.8232421875,118.22537231445312,0.8457781672477722,-1,-1,-1
301,8,705.544189453125,473.93304443359375,124.58935546875,176.64923095703125,0.8971323370933533,-1,-1,-1
301,76,527.79248046875,307.6748352050781,65.4503173828125,195.42739868164062,0.774095892906189,-1,-1,-1
301,5,394.5565185546875,410.94683837890625,65.95681762695312,185.74847412109375,0.6183054447174072,-1,-1,-1
301,48,72.58853912353516,359.97845458984375,60.99742889404297,130.81976318359375,0.7584001421928406,-1,-1,-1
301,52,372.33380126953125,312.09332275390625,53.411712646484375,136.05624389648438,0.6365404725074768,-1,-1,-1
301,41,428.3934326171875,367.8022155761719,49.344879150390625,173.03195190429688,0.4360570013523102,-1,-1,-1
302,16,851.1572875976562,392.19012451171875,73.76837158203125,182.5447998046875,0.841256856918335,-1,-1,-1
302,3,430.37420654296875,538.4517211914062,81.45761108398438,181.352294921875,0.8065012097358704,-1,-1,-1
302,58,163.2157745361328,422.9334716796875,84.98002624511719,173.5775146484375,0.9055328965187073,-1,-1,-1
302,65,858.489990234375,297.0719299316406,80.5625,146.26712036132812,0.8389948606491089,-1,-1,-1
302,68,1104.62744140625,215.70138549804688,56.075439453125,118.541015625,0.8182706832885742,-1,-1,-1
302,8,711.6460571289062,478.2662048339844,130.13348388671875,171.85842895507812,0.8903070092201233,-1,-1,-1
302,76,535.22802734375,314.3983154296875,71.91619873046875,190.445556640625,0.77611243724823,-1,-1,-1
302,5,404.3842468261719,412.7755432128906,58.024505615234375,176.67837524414062,0.5257428884506226,-1,-1,-1
302,48,86.75559997558594,360.1446838378906,59.80198669433594,129.09732055664062,0.8098734617233276,-1,-1,-1
302,52,384.5356750488281,313.2518615722656,54.66693115234375,139.8641357421875,0.44308391213417053,-1,-1,-1
303,16,857.11669921875,392.0553283691406,77.14453125,183.15463256835938,0.8760508298873901,-1,-1,-1
303,3,442.55657958984375,536.7039184570312,79.64251708984375,183.1346435546875,0.7937731146812439,-1,-1,-1
303,58,171.71177673339844,423.73675537109375,78.22740173339844,174.4923095703125,0.8961582183837891,-1,-1,-1
303,65,868.9306030273438,298.1422119140625,81.8345947265625,144.8106689453125,0.8700768947601318,-1,-1,-1
303,68,1116.4619140625,215.80792236328125,55.86474609375,118.338134765625,0.8006851673126221,-1,-1,-1
303,8,716.7449951171875,478.0594482421875,135.466064453125,172.61676025390625,0.9152122735977173,-1,-1,-1
303,76,543.0545654296875,319.5568542480469,80.35687255859375,189.41934204101562,0.8275423645973206,-1,-1,-1
303,5,418.4029846191406,414.1688537597656,52.798828125,168.12680053710938,0.4926973581314087,-1,-1,-1
303,48,101.36988067626953,361.8483581542969,57.90442657470703,126.92446899414062,0.7912704944610596,-1,-1,-1
303,52,396.2405090332031,314.56402587890625,55.538482666015625,134.79678344726562,0.5560199618339539,-1,-1,-1
303,82,2.4053008556365967,404.46392822265625,51.339675188064575,146.48443603515625,0.8496206402778625,-1,-1,-1
304,16,865.0468139648438,391.9849853515625,76.39447021484375,181.72845458984375,0.8700054287910461,-1,-1,-1
304,3,451.653076171875,537.0672607421875,79.36065673828125,182.5440673828125,0.8029623031616211,-1,-1,-1
304,58,176.6149444580078,425.07000732421875,81.22151184082031,174.45330810546875,0.8964229226112366,-1,-1,-1
304,65,880.2783203125,300.6968994140625,81.313720703125,142.72573852539062,0.8808541893959045,-1,-1,-1
304,68,1128.1280517578125,215.5470733642578,56.200927734375,118.76435852050781,0.8308210968971252,-1,-1,-1
304,8,724.6840209960938,475.84844970703125,136.66680908203125,175.2364501953125,0.9126721620559692,-1,-1,-1
304,76,551.911376953125,333.7469787597656,86.370849609375,180.26657104492188,0.7310123443603516,-1,-1,-1
304,5,430.3351745605469,414.1508483886719,49.56121826171875,164.26242065429688,0.6826605796813965,-1,-1,-1
304,48,114.30306243896484,364.25732421875,60.777244567871094,124.08734130859375,0.860929012298584,-1,-1,-1
304,52,407.9988708496094,316.40032958984375,55.142364501953125,148.03573608398438,0.7329999208450317,-1,-1,-1
304,82,3.3556835651397705,409.93505859375,55.162291288375854,137.62506103515625,0.855239987373352,-1,-1,-1
305,16,873.4583129882812,391.6807556152344,72.259033203125,182.04318237304688,0.8880849480628967,-1,-1,-1
305,3,460.57373046875,534.5025024414062,77.14031982421875,184.77801513671875,0.8131701350212097,-1,-1,-1
305,58,178.17640686035156,427.2479248046875,90.06507873535156,171.5892333984375,0.8952569961547852,-1,-1,-1
305,65,890.0277099609375,302.3455810546875,81.74627685546875,142.248779296875,0.8856924176216125,-1,-1,-1
305,68,1139.250244140625,215.97320556640625,56.2186279296875,119.7225341796875,0.838551938533783,-1,-1,-1
305,8,733.6997680664062,471.6158752441406,133.388916015625,179.06637573242188,0.9115635752677917,-1,-1,-1
305,76,561.3180541992188,331.8572692871094,89.65460205078125,182.55349731445312,0.8233649730682373,-1,-1,-1
305,5,442.9561462402344,413.88958740234375,50.010040283203125,162.741943359375,0.7471239566802979,-1,-1,-1
305,48,125.75800323486328,367.2660217285156,63.612403869628906,120.37417602539062,0.8226062059402466,-1,-1,-1
305,52,419.7168884277344,318.7538146972656,54.295257568359375,151.00372314453125,0.6839711666107178,-1,-1,-1
305,82,2.579815626144409,417.75189208984375,59.63959050178528,127.91815185546875,0.8752450942993164,-1,-1,-1
306,16,882.0509033203125,389.238037109375,64.34539794921875,184.15008544921875,0.8840207457542419,-1,-1,-1
306,3,470.2817077636719,532.0223999023438,73.78274536132812,186.8966064453125,0.8071651458740234,-1,-1,-1
306,58,182.8363800048828,429.1521911621094,96.72138977050781,168.14138793945312,0.9089394807815552,-1,-1,-1
306,65,898.0062866210938,302.5733337402344,80.33892822265625,142.17477416992188,0.8885331749916077,-1,-1,-1
306,68,1148.426513671875,216.6780242919922,55.9090576171875,119.55610656738281,0.7621305584907532,-1,-1,-1
306,8,744.7001342773438,466.8285217285156,123.87213134765625,182.76876831054688,0.9098178744316101,-1,-1,-1
306,76,570.6548461914062,346.0558166503906,73.390625,168.99960327148438,0.6831721663475037,-1,-1,-1
306,5,449.397705078125,414.14642333984375,56.733856201171875,161.05322265625,0.7323068976402283,-1,-1,-1
306,48,139.76376342773438,369.77850341796875,63.76008605957031,116.48013305664062,0.8219165205955505,-1,-1,-1
306,52,433.54498291015625,320.1300354003906,50.54644775390625,144.91015625,0.6347529292106628,-1,-1,-1
306,82,2.5378525257110596,425.0014953613281,66.621830701828,122.00942993164062,0.8860567808151245,-1,-1,-1
306,41,478.0469055175781,366.845458984375,54.333038330078125,155.042236328125,0.5095276832580566,-1,-1,-1
307,16,891.6346435546875,388.6222229003906,58.51104736328125,187.75344848632812,0.8519569039344788,-1,-1,-1
307,3,478.3067321777344,523.736083984375,70.11740112304688,195.2255859375,0.8283586502075195,-1,-1,-1
307,58,193.85093688964844,430.4795227050781,99.04432678222656,165.03903198242188,0.8942201137542725,-1,-1,-1
307,65,905.697265625,300.5595703125,78.69805908203125,143.52731323242188,0.8436139822006226,-1,-1,-1
307,68,1157.3173828125,216.98728942871094,56.2264404296875,121.28465270996094,0.8456787467002869,-1,-1,-1
307,8,753.425048828125,460.3470764160156,114.95770263671875,187.76345825195312,0.9063511490821838,-1,-1,-1
307,76,581.4817504882812,348.3913879394531,67.703857421875,166.42190551757812,0.6049801707267761,-1,-1,-1
307,5,460.0050048828125,414.05419921875,59.31634521484375,158.3128662109375,0.6731756329536438,-1,-1,-1
307,48,155.07009887695312,371.0856018066406,66.63282775878906,113.2779541015625,0.7677469849586487,-1,-1,-1
307,52,447.3128662109375,320.73052978515625,48.30120849609375,146.3997802734375,0.7128585577011108,-1,-1,-1
307,82,2.8676986694335938,428.15753173828125,80.1337890625,126.77691650390625,0.8975970149040222,-1,-1,-1
307,41,486.3525390625,362.5350646972656,56.89019775390625,165.43405151367188,0.49505722522735596,-1,-1,-1
307,70,619.5904541015625,360.06768798828125,58.2025146484375,154.885498046875,0.43809041380882263,-1,-1,-1
308,16,901.842529296875,391.404052734375,55.93719482421875,185.06744384765625,0.758856475353241,-1,-1,-1
308,3,489.48187255859375,525.68115234375,61.5084228515625,192.680419921875,0.8489964604377747,-1,-1,-1
308,58,204.61434936523438,430.43060302734375,102.08682250976562,162.02923583984375,0.8642773628234863,-1,-1,-1
308,65,913.7178955078125,299.0302429199219,74.781494140625,144.62210083007812,0.8007239103317261,-1,-1,-1
308,68,1168.3558349609375,218.324951171875,55.620361328125,121.68170166015625,0.8421103358268738,-1,-1,-1
308,8,760.6292114257812,453.9580383300781,105.90167236328125,194.04061889648438,0.889840841293335,-1,-1,-1
308,5,473.4142761230469,414.47540283203125,59.532989501953125,156.18487548828125,0.7120189070701599,-1,-1,-1
308,48,171.11508178710938,370.8125,68.5736083984375,112.062255859375,0.7733798623085022,-1,-1,-1
308,52,461.7361145019531,320.4967041015625,47.754058837890625,140.54583740234375,0.696250855922699,-1,-1,-1
308,82,4.213518142700195,428.13494873046875,94.29935264587402,141.2100830078125,0.8883389830589294,-1,-1,-1
309,16,910.7606811523438,393.85919189453125,56.44329833984375,181.7908935546875,0.8183606863021851,-1,-1,-1
309,3,500.24371337890625,512.8563842773438,59.56884765625,204.91351318359375,0.7601837515830994,-1,-1,-1
309,58,215.8452911376953,430.6893005371094,103.86772155761719,156.99240112304688,0.8705621361732483,-1,-1,-1
309,65,923.9251708984375,297.3573913574219,68.2850341796875,144.09765625,0.7779455780982971,-1,-1,-1
309,68,1178.182373046875,219.70895385742188,55.6015625,120.08474731445312,0.819849967956543,-1,-1,-1
309,8,768.1995849609375,447.5476989746094,94.78692626953125,197.49472045898438,0.892004668712616,-1,-1,-1
309,5,487.8988037109375,416.833740234375,58.82867431640625,151.57293701171875,0.7010207772254944,-1,-1,-1
309,48,188.59149169921875,370.0835876464844,68.40313720703125,110.23330688476562,0.7322107553482056,-1,-1,-1
309,52,476.41650390625,320.4820861816406,47.341064453125,133.607666015625,0.6721835136413574,-1,-1,-1
309,82,17.712167739868164,425.9225158691406,99.32209587097168,145.80252075195312,0.88846355676651,-1,-1,-1
309,76,606.4360961914062,356.8194885253906,92.6126708984375,170.42837524414062,0.7809337973594666,-1,-1,-1
310,16,914.78759765625,393.9071960449219,64.6136474609375,179.25576782226562,0.8098911643028259,-1,-1,-1
310,3,511.847412109375,520.0280151367188,57.5799560546875,197.56683349609375,0.8773756623268127,-1,-1,-1
310,58,226.93994140625,430.66192626953125,99.35458374023438,154.5113525390625,0.8247261643409729,-1,-1,-1
310,65,933.7085571289062,296.51904296875,62.982666015625,144.98614501953125,0.7884067893028259,-1,-1,-1
310,68,1188.776611328125,221.3444061279297,56.22119140625,119.83638000488281,0.8554701209068298,-1,-1,-1
310,8,776.522705078125,442.1341552734375,82.83343505859375,198.17669677734375,0.8837441205978394,-1,-1,-1
310,5,501.7127990722656,415.3568420410156,61.148834228515625,150.53402709960938,0.6495277285575867,-1,-1,-1
310,48,206.32937622070312,369.22216796875,73.58438110351562,108.74114990234375,0.6782966256141663,-1,-1,-1
310,52,490.2629699707031,321.349853515625,48.419708251953125,137.06497192382812,0.6815716028213501,-1,-1,-1
310,82,37.12010192871094,422.3837585449219,99.03985595703125,148.40499877929688,0.8569720387458801,-1,-1,-1
310,76,619.2177734375,357.6083068847656,97.807373046875,170.92013549804688,0.8058611154556274,-1,-1,-1
310,41,520.2643432617188,353.07769775390625,62.80224609375,150.21487426757812,0.5687544941902161,-1,-1,-1
311,16,920.2498168945312,395.41656494140625,72.96844482421875,175.75726318359375,0.8740037083625793,-1,-1,-1
311,3,524.4266357421875,521.7819213867188,56.291015625,195.63427734375,0.8516916036605835,-1,-1,-1
311,58,239.92686462402344,430.2996520996094,89.01884460449219,152.00967407226562,0.7899671792984009,-1,-1,-1
311,65,945.099853515625,296.6598815917969,55.06256103515625,144.916015625,0.6238207817077637,-1,-1,-1
311,68,1200.497802734375,222.79776000976562,56.0040283203125,119.6448974609375,0.8200632333755493,-1,-1,-1
311,8,784.9252319335938,437.5586853027344,70.14556884765625,199.24893188476562,0.8875401616096497,-1,-1,-1
311,5,516.0515747070312,413.628173828125,67.51409912109375,152.50604248046875,0.6202259659767151,-1,-1,-1
311,48,224.73233032226562,368.1466369628906,77.08071899414062,106.83688354492188,0.6548799872398376,-1,-1,-1
311,52,502.888671875,323.1855773925781,49.06182861328125,127.03543090820312,0.5604804158210754,-1,-1,-1
311,82,57.80318832397461,418.05426025390625,98.35847854614258,148.49749755859375,0.8470657467842102,-1,-1,-1
311,76,632.6907958984375,356.86749267578125,99.9454345703125,170.41162109375,0.7346656918525696,-1,-1,-1
311,41,535.026611328125,350.11224365234375,62.1075439453125,150.01962280273438,0.5747110843658447,-1,-1,-1
312,16,928.469482421875,396.16326904296875,73.19830322265625,174.27716064453125,0.8666598796844482,-1,-1,-1
312,3,530.6223754882812,518.9437255859375,62.15386962890625,197.5750732421875,0.8895424604415894,-1,-1,-1
312,58,247.52320861816406,428.2342834472656,89.41389465332031,150.64273071289062,0.8332834839820862,-1,-1,-1
312,65,955.6509399414062,296.26483154296875,47.05096435546875,147.52410888671875,0.6753562688827515,-1,-1,-1
312,68,1210.83349609375,224.39097595214844,56.470947265625,117.75688171386719,0.7243169546127319,-1,-1,-1
312,8,792.2424926757812,434.3590087890625,63.0439453125,198.91326904296875,0.8819124102592468,-1,-1,-1
312,5,528.6790161132812,412.5765686035156,64.54339599609375,151.32302856445312,0.6821713447570801,-1,-1,-1
312,48,245.00721740722656,366.6117858886719,78.72041320800781,103.97274780273438,0.4360639750957489,-1,-1,-1
312,52,513.9140014648438,324.4268798828125,50.753173828125,119.88760375976562,0.6350938081741333,-1,-1,-1
312,82,77.49248504638672,413.9714050292969,98.51917266845703,143.88095092773438,0.8423399925231934,-1,-1,-1
312,76,649.5350341796875,356.3955993652344,97.00103759765625,170.01327514648438,0.7790066003799438,-1,-1,-1
312,41,548.107177734375,351.1305847167969,64.00445556640625,147.33843994140625,0.5705469250679016,-1,-1,-1
312,84,3.7253873348236084,535.0162353515625,66.42687249183655,183.1719970703125,0.851717472076416,-1,-1,-1
313,16,939.3786010742188,396.3546447753906,71.3201904296875,172.93972778320312,0.8906738758087158,-1,-1,-1
313,3,538.6596069335938,516.2503051757812,66.67633056640625,197.26678466796875,0.870618999004364,-1,-1,-1
313,58,246.2802276611328,423.5513610839844,99.50025939941406,151.45980834960938,0.8207475543022156,-1,-1,-1
313,65,968.0426635742188,296.99163818359375,37.99456787109375,146.30197143554688,0.5821569561958313,-1,-1,-1
313,68,1220.592041015625,225.66909790039062,57.6015625,118.22024536132812,0.7964605689048767,-1,-1,-1
313,8,799.8825073242188,433.4928283691406,62.35784912109375,191.68588256835938,0.8995311260223389,-1,-1,-1
313,5,541.4883422851562,409.26806640625,66.51953125,144.5399169921875,0.6561676263809204,-1,-1,-1
313,48,272.2427978515625,364.5593566894531,73.14071655273438,90.65704345703125,0.5652350187301636,-1,-1,-1
313,52,524.4365234375,324.0060729980469,52.3353271484375,113.21990966796875,0.5564316511154175,-1,-1,-1
313,82,99.02027893066406,409.9529724121094,96.71922302246094,128.17984008789062,0.744113564491272,-1,-1,-1
313,76,661.767578125,355.6436767578125,97.2506103515625,167.34564208984375,0.8066733479499817,-1,-1,-1
313,84,20.574527740478516,531.1614990234375,70.37453079223633,185.90679931640625,0.8531777858734131,-1,-1,-1
314,16,949.1077270507812,397.43182373046875,69.7913818359375,171.29510498046875,0.8741608262062073,-1,-1,-1
314,3,549.456787109375,517.2334594726562,67.53564453125,191.67596435546875,0.8692233562469482,-1,-1,-1
314,58,251.0512237548828,420.44488525390625,101.18055725097656,150.2451171875,0.7706906199455261,-1,-1,-1
314,65,980.4747924804688,297.9747619628906,31.52056884765625,119.96609497070312,0.4902800917625427,-1,-1,-1
314,68,1229.307373046875,227.23130798339844,50.692626953125,117.67793273925781,0.6699890494346619,-1,-1,-1
314,8,805.5335083007812,434.8409729003906,66.6361083984375,187.84988403320312,0.8968527317047119,-1,-1,-1
314,5,552.1132202148438,408.19659423828125,64.9573974609375,141.43017578125,0.7562171816825867,-1,-1,-1
314,48,293.92218017578125,362.6617736816406,72.22372436523438,84.80819702148438,0.5230737328529358,-1,-1,-1
314,52,535.5333251953125,322.24310302734375,51.1671142578125,113.68106079101562,0.6199125051498413,-1,-1,-1
314,82,117.7076644897461,406.4224548339844,97.23307037353516,129.04354858398438,0.8551360964775085,-1,-1,-1
314,76,674.6085205078125,357.048828125,95.728515625,163.244873046875,0.757742166519165,-1,-1,-1
314,84,40.713680267333984,527.9493408203125,72.11954879760742,189.00836181640625,0.8541864156723022,-1,-1,-1
315,16,959.8182983398438,397.4054260253906,66.45050048828125,169.90798950195312,0.8860244750976562,-1,-1,-1
315,3,562.0833129882812,517.2948608398438,66.49713134765625,186.93017578125,0.8917884230613708,-1,-1,-1
315,58,260.2141418457031,416.4444580078125,103.34048461914062,148.794921875,0.8626258969306946,-1,-1,-1
315,68,1238.113037109375,228.9988555908203,41.886962890625,117.05567932128906,0.653174638748169,-1,-1,-1
315,8,810.3547973632812,438.0906677246094,73.03277587890625,183.36685180664062,0.9181421995162964,-1,-1,-1
315,5,563.964599609375,406.9198303222656,63.9322509765625,139.80807495117188,0.7959886789321899,-1,-1,-1
315,48,311.8631896972656,359.9719543457031,73.9635009765625,84.32797241210938,0.4678826332092285,-1,-1,-1
315,52,547.0205078125,320.3659973144531,48.427734375,103.41006469726562,0.631851077079773,-1,-1,-1
315,82,136.90789794921875,402.85748291015625,95.4443359375,124.94036865234375,0.8636269569396973,-1,-1,-1
315,76,689.4082641601562,357.5351257324219,90.97149658203125,161.91903686523438,0.8190300464630127,-1,-1,-1
315,84,61.84718704223633,525.16357421875,71.90525436401367,191.61724853515625,0.85211580991745,-1,-1,-1
315,41,584.5336303710938,355.03814697265625,69.3363037109375,138.9271240234375,0.520226776599884,-1,-1,-1
316,16,971.1882934570312,397.1060485839844,61.83270263671875,169.61666870117188,0.8756738901138306,-1,-1,-1
316,3,575.3678588867188,516.47998046875,63.834716796875,183.24468994140625,0.8751295804977417,-1,-1,-1
316,58,273.0205078125,412.8713684082031,99.76730346679688,150.03982543945312,0.8720794320106506,-1,-1,-1
316,8,815.5057373046875,441.71875,79.11273193359375,178.3966064453125,0.9140321612358093,-1,-1,-1
316,5,575.987060546875,403.92236328125,63.7720947265625,140.91217041015625,0.7258011102676392,-1,-1,-1
316,48,328.8940734863281,355.00341796875,76.32586669921875,87.71694946289062,0.6487760543823242,-1,-1,-1
316,82,151.52630615234375,397.4127502441406,99.45463562011719,124.14346313476562,0.8619698882102966,-1,-1,-1
316,76,703.1941528320312,358.57427978515625,85.1192626953125,159.84332275390625,0.8388537764549255,-1,-1,-1
316,84,81.4851303100586,522.420654296875,69.67281341552734,192.9710693359375,0.8633593916893005,-1,-1,-1
316,41,594.3056030273438,355.028076171875,70.19903564453125,137.14910888671875,0.5168465375900269,-1,-1,-1
316,65,999.759033203125,300.3072204589844,33.30517578125,139.37387084960938,0.7084807753562927,-1,-1,-1
317,16,982.2609252929688,397.9100341796875,59.55975341796875,169.54541015625,0.885592520236969,-1,-1,-1
317,3,585.9329833984375,515.3696899414062,62.78857421875,184.1513671875,0.8919334411621094,-1,-1,-1
317,58,279.02008056640625,412.36883544921875,95.23385620117188,150.642578125,0.8885725140571594,-1,-1,-1
317,8,820.3902587890625,444.8218688964844,84.91070556640625,177.80856323242188,0.9110832810401917,-1,-1,-1
317,5,585.5645751953125,406.1711730957031,63.5533447265625,141.95327758789062,0.752199649810791,-1,-1,-1
317,48,337.3339538574219,353.6017761230469,82.25112915039062,92.29302978515625,0.7623235583305359,-1,-1,-1
317,82,161.87840270996094,393.97637939453125,101.27757263183594,126.18499755859375,0.8816009759902954,-1,-1,-1
317,76,712.6357421875,365.69970703125,79.84149169921875,154.19915771484375,0.7803595662117004,-1,-1,-1
317,84,94.57982635498047,522.0364990234375,68.77129364013672,192.4527587890625,0.8842560052871704,-1,-1,-1
317,41,600.4995727539062,353.90948486328125,62.20941162109375,117.49887084960938,0.4487864077091217,-1,-1,-1
317,65,1009.7583618164062,300.4133605957031,34.97601318359375,140.19760131835938,0.6182264089584351,-1,-1,-1
317,52,565.298095703125,315.0552673339844,42.42645263671875,99.81930541992188,0.4845673441886902,-1,-1,-1
318,16,992.6929321289062,397.702880859375,57.13226318359375,169.407470703125,0.8477698564529419,-1,-1,-1
318,3,596.18212890625,514.2745971679688,62.2545166015625,184.050537109375,0.9073873162269592,-1,-1,-1
318,58,284.2034912109375,411.98223876953125,82.53915405273438,150.0858154296875,0.8765214085578918,-1,-1,-1
318,8,824.1170043945312,444.965087890625,91.06219482421875,178.09918212890625,0.9176914095878601,-1,-1,-1
318,5,591.3667602539062,408.3826599121094,70.1787109375,142.58602905273438,0.7714877128601074,-1,-1,-1
318,48,345.7807312011719,351.27496337890625,87.1864013671875,107.08740234375,0.7364665865898132,-1,-1,-1
318,82,171.41786193847656,388.4496154785156,102.78666687011719,129.37960815429688,0.9033738970756531,-1,-1,-1
318,76,721.4238891601562,368.86822509765625,72.34124755859375,149.98919677734375,0.7402499318122864,-1,-1,-1
318,84,108.27767181396484,520.1513061523438,66.7916488647461,192.11749267578125,0.8927728533744812,-1,-1,-1
318,65,1014.6328125,301.07403564453125,41.2816162109375,139.43475341796875,0.5990319848060608,-1,-1,-1
318,52,566.0687255859375,313.0915832519531,51.807373046875,133.31231689453125,0.4613003730773926,-1,-1,-1
319,16,1001.65234375,395.2879943847656,52.1959228515625,171.76016235351562,0.828102171421051,-1,-1,-1
319,3,603.4068603515625,513.9146118164062,60.1953125,183.8614501953125,0.9009298086166382,-1,-1,-1
319,58,287.45184326171875,411.94976806640625,67.26828002929688,149.70526123046875,0.8765915632247925,-1,-1,-1
319,8,824.822021484375,443.1819152832031,95.101806640625,179.68826293945312,0.9152629971504211,-1,-1,-1
319,5,595.9248657226562,408.34844970703125,79.6531982421875,145.13568115234375,0.8423623442649841,-1,-1,-1
319,48,353.5080871582031,348.8929138183594,87.44912719726562,113.26739501953125,0.8492581248283386,-1,-1,-1
319,82,176.06126403808594,383.5023193359375,105.51853942871094,134.03814697265625,0.9179713129997253,-1,-1,-1
319,76,725.7815551757812,368.9973449707031,69.84246826171875,150.76559448242188,0.7487052083015442,-1,-1,-1
319,84,117.13832092285156,518.5827026367188,66.07281494140625,192.0,0.8734703063964844,-1,-1,-1
319,65,1020.4420166015625,300.80035400390625,42.1566162109375,145.25064086914062,0.7100737690925598,-1,-1,-1
319,70,749.6054077148438,361.8527526855469,47.86419677734375,135.20977783203125,0.5997254252433777,-1,-1,-1
320,16,1008.224365234375,394.2547607421875,52.9388427734375,172.714111328125,0.8344534039497375,-1,-1,-1
320,58,288.20440673828125,411.95867919921875,65.18426513671875,149.90057373046875,0.8800361156463623,-1,-1,-1
320,8,826.023193359375,441.11566162109375,94.4954833984375,179.88720703125,0.9129048585891724,-1,-1,-1
320,5,601.1061401367188,408.0361328125,82.9932861328125,144.83416748046875,0.8047317862510681,-1,-1,-1
320,48,362.7677001953125,347.09906005859375,85.081298828125,114.30984497070312,0.8381859064102173,-1,-1,-1
320,82,178.1621856689453,378.4588623046875,105.79316711425781,137.2789306640625,0.9204829931259155,-1,-1,-1
320,76,730.4027709960938,367.4472351074219,67.190673828125,151.80740356445312,0.7536322474479675,-1,-1,-1
320,84,124.31401824951172,518.1831665039062,65.52713775634766,191.472412109375,0.8975254893302917,-1,-1,-1
320,65,1024.217041015625,301.06048583984375,44.4967041015625,147.93560791015625,0.7665404677391052,-1,-1,-1
320,70,757.7974853515625,361.8384094238281,46.12451171875,133.569091796875,0.6575023531913757,-1,-1,-1
320,52,567.246826171875,311.4791259765625,50.9085693359375,106.1580810546875,0.5079035758972168,-1,-1,-1
321,16,1013.8402099609375,392.8799133300781,49.427490234375,174.57522583007812,0.8611084818840027,-1,-1,-1
321,58,278.68109130859375,411.5101013183594,78.0106201171875,150.81063842773438,0.9014256000518799,-1,-1,-1
321,8,829.1034545898438,439.0468444824219,88.7623291015625,176.43972778320312,0.9126012921333313,-1,-1,-1
321,5,605.0695190429688,407.1564025878906,84.341552734375,145.21371459960938,0.7591574192047119,-1,-1,-1
321,48,369.30023193359375,346.1815490722656,81.9984130859375,113.33203125,0.8464681506156921,-1,-1,-1
321,82,180.37303161621094,373.1788024902344,102.47727966308594,141.49227905273438,0.914350688457489,-1,-1,-1
321,76,733.7845458984375,365.52606201171875,72.23077392578125,154.10247802734375,0.7738960981369019,-1,-1,-1
321,84,130.07553100585938,518.3765258789062,65.6470947265625,191.35736083984375,0.8960552215576172,-1,-1,-1
321,65,1026.171142578125,301.47943115234375,47.756103515625,148.49713134765625,0.8290552496910095,-1,-1,-1
321,70,765.5784301757812,360.23590087890625,43.8699951171875,135.74276733398438,0.7398221492767334,-1,-1,-1
321,3,611.94384765625,512.9542846679688,61.582763671875,185.852294921875,0.8853998780250549,-1,-1,-1
322,16,1018.3917846679688,393.705810546875,47.06671142578125,174.0054931640625,0.8591729998588562,-1,-1,-1
322,58,265.5487060546875,411.5137939453125,93.34637451171875,150.4830322265625,0.9101262092590332,-1,-1,-1
322,8,829.3463134765625,437.3505859375,80.45465087890625,170.77142333984375,0.9030351638793945,-1,-1,-1
322,5,618.5897827148438,407.0487976074219,70.21112060546875,143.46481323242188,0.8394725918769836,-1,-1,-1
322,48,373.3947448730469,346.1261901855469,75.12655639648438,115.64813232421875,0.895473837852478,-1,-1,-1
322,82,181.44500732421875,370.681396484375,92.61447143554688,143.67041015625,0.8868241310119629,-1,-1,-1
322,76,734.7205200195312,363.19677734375,75.77130126953125,156.02203369140625,0.7809699773788452,-1,-1,-1
322,84,132.89016723632812,518.253173828125,66.3427734375,191.70745849609375,0.8988370299339294,-1,-1,-1
322,65,1025.6387939453125,301.8971252441406,51.4737548828125,149.439208984375,0.8404319286346436,-1,-1,-1
322,70,771.5748901367188,358.1595458984375,41.76739501953125,138.77688598632812,0.7627934217453003,-1,-1,-1
322,87,601.47509765625,340.7589416503906,41.1495361328125,131.90084838867188,0.6982116103172302,-1,-1,-1
322,3,613.7974853515625,512.8303833007812,62.65216064453125,186.61883544921875,0.9031286835670471,-1,-1,-1
322,52,566.1204833984375,303.5466613769531,49.7191162109375,104.90960693359375,0.6753451228141785,-1,-1,-1
323,16,1019.8212280273438,394.22906494140625,47.91278076171875,174.20562744140625,0.8216620683670044,-1,-1,-1
323,58,252.02044677734375,412.55987548828125,102.98223876953125,153.1417236328125,0.9015470743179321,-1,-1,-1
323,8,826.8005981445312,435.8664245605469,69.36187744140625,165.98092651367188,0.8876538872718811,-1,-1,-1
323,5,616.518798828125,407.6656494140625,71.353759765625,142.35968017578125,0.8117414116859436,-1,-1,-1
323,48,374.469482421875,347.2919006347656,67.55880737304688,115.7320556640625,0.8989608287811279,-1,-1,-1
323,82,180.88551330566406,368.7056579589844,76.60054016113281,145.24887084960938,0.8765705227851868,-1,-1,-1
323,76,732.5548706054688,361.3988952636719,80.16424560546875,152.85867309570312,0.72819983959198,-1,-1,-1
323,84,133.59922790527344,518.9302368164062,66.32818603515625,192.52178955078125,0.8991026282310486,-1,-1,-1
323,65,1023.9749145507812,302.8294372558594,54.12542724609375,149.31640625,0.8363396525382996,-1,-1,-1
323,70,772.5484619140625,355.7599182128906,41.8013916015625,142.88345336914062,0.6492154002189636,-1,-1,-1
323,87,599.1259765625,339.3837585449219,41.49090576171875,132.88458251953125,0.769919753074646,-1,-1,-1
323,3,613.1456909179688,513.7249145507812,63.6419677734375,186.4969482421875,0.9033167958259583,-1,-1,-1
323,52,561.0260009765625,300.7839050292969,49.1331787109375,116.76611328125,0.7778409123420715,-1,-1,-1
324,16,1016.9033203125,394.79388427734375,53.8143310546875,174.18524169921875,0.840969443321228,-1,-1,-1
324,58,238.40704345703125,415.3727111816406,104.76797485351562,154.07553100585938,0.900909960269928,-1,-1,-1
324,8,821.4411010742188,435.29193115234375,56.33819580078125,165.0411376953125,0.8855143785476685,-1,-1,-1
324,5,622.02587890625,408.38140869140625,63.22113037109375,142.152587890625,0.8633923530578613,-1,-1,-1
324,48,373.6726379394531,348.9313659667969,60.09271240234375,114.86810302734375,0.8871685266494751,-1,-1,-1
324,82,178.29080200195312,367.9620056152344,61.618072509765625,147.05917358398438,0.8712700605392456,-1,-1,-1
324,76,726.5992431640625,360.6683044433594,59.539794921875,146.29965209960938,0.7124494910240173,-1,-1,-1
324,84,131.76634216308594,520.4122924804688,66.31986999511719,190.82373046875,0.9025696516036987,-1,-1,-1
324,65,1019.0862426757812,304.1519775390625,56.79461669921875,147.733154296875,0.8325587511062622,-1,-1,-1
324,70,768.904296875,352.96282958984375,43.45965576171875,147.60128784179688,0.7455192804336548,-1,-1,-1
324,87,590.9417114257812,337.5357666015625,45.9642333984375,135.68536376953125,0.7531435489654541,-1,-1,-1
324,3,610.0249633789062,514.8951416015625,64.909423828125,186.73760986328125,0.9061636328697205,-1,-1,-1
324,52,551.50390625,299.0296630859375,53.09564208984375,123.57470703125,0.7230410575866699,-1,-1,-1
325,16,1013.6398315429688,396.28631591796875,55.58062744140625,173.2799072265625,0.802559494972229,-1,-1,-1
325,58,228.08682250976562,418.8868408203125,90.06240844726562,151.79071044921875,0.880681574344635,-1,-1,-1
325,8,813.73681640625,434.2528076171875,49.41473388671875,164.9097900390625,0.8305489420890808,-1,-1,-1
325,5,622.6113891601562,409.3226013183594,60.6947021484375,142.23672485351562,0.8847653269767761,-1,-1,-1
325,48,372.394775390625,350.7243957519531,53.19366455078125,113.84713745117188,0.8664888143539429,-1,-1,-1
325,82,175.91058349609375,367.74603271484375,52.19865417480469,146.98455810546875,0.8740617036819458,-1,-1,-1
325,76,721.2431640625,360.7307434082031,52.17388916015625,153.82144165039062,0.7647750973701477,-1,-1,-1
325,84,129.63650512695312,521.5734252929688,65.3582763671875,190.87646484375,0.8783119320869446,-1,-1,-1
325,65,1009.24609375,306.0723876953125,63.9739990234375,147.2532958984375,0.8789240717887878,-1,-1,-1
325,70,767.6297607421875,350.3620910644531,42.98797607421875,150.39804077148438,0.7733564972877502,-1,-1,-1
325,87,583.1448364257812,337.7781982421875,46.91943359375,135.6295166015625,0.7377901673316956,-1,-1,-1
325,3,607.4160766601562,515.373779296875,64.9322509765625,189.05389404296875,0.8998735547065735,-1,-1,-1
325,52,542.0669555664062,297.72601318359375,47.772705078125,127.5264892578125,0.8102550506591797,-1,-1,-1
326,16,1012.49658203125,397.2464904785156,56.50732421875,172.93246459960938,0.8653103113174438,-1,-1,-1
326,58,222.7358856201172,423.19073486328125,72.22102355957031,148.4852294921875,0.8889194130897522,-1,-1,-1
326,8,795.2135620117188,432.7621765136719,62.10498046875,168.22756958007812,0.8639768958091736,-1,-1,-1
326,5,622.3585815429688,409.80047607421875,58.796875,143.45660400390625,0.9144615530967712,-1,-1,-1
326,48,371.1048278808594,352.69293212890625,47.416717529296875,113.751220703125,0.883743941783905,-1,-1,-1
326,82,167.89102172851562,368.4664611816406,54.310760498046875,148.38174438476562,0.8534052968025208,-1,-1,-1
326,76,719.0624389648438,360.5859069824219,49.31268310546875,158.46322631835938,0.8264146447181702,-1,-1,-1
326,84,126.94896697998047,522.3967895507812,65.3904037475586,193.0037841796875,0.8917766809463501,-1,-1,-1
326,65,999.4512939453125,309.8597412109375,71.992919921875,144.01416015625,0.7936722636222839,-1,-1,-1
326,70,767.4612426757812,348.6537780761719,41.41766357421875,149.79977416992188,0.8023640513420105,-1,-1,-1
326,87,573.1491088867188,339.9613952636719,51.61602783203125,131.46820068359375,0.8216189742088318,-1,-1,-1
326,3,606.1605224609375,515.0813598632812,65.52508544921875,191.77069091796875,0.9017162919044495,-1,-1,-1
326,52,529.8007202148438,299.2665100097656,49.38616943359375,127.15399169921875,0.7804054021835327,-1,-1,-1
327,16,1013.6588134765625,398.77313232421875,55.6016845703125,173.21014404296875,0.8241374492645264,-1,-1,-1
327,58,214.39739990234375,427.3014831542969,71.3944091796875,138.73385620117188,0.8278206586837769,-1,-1,-1
327,8,785.2069091796875,430.8092346191406,69.7177734375,171.24960327148438,0.8727842569351196,-1,-1,-1
327,5,622.1735229492188,410.52239990234375,58.32080078125,143.4263916015625,0.9173448085784912,-1,-1,-1
327,48,370.73492431640625,354.18115234375,43.584808349609375,114.40689086914062,0.8735771775245667,-1,-1,-1
327,82,153.59317016601562,369.4527282714844,63.47184753417969,150.13473510742188,0.8875263333320618,-1,-1,-1
327,76,718.8475952148438,360.6097717285156,47.42529296875,159.79513549804688,0.831547200679779,-1,-1,-1
327,84,125.33141326904297,524.2243041992188,65.79329681396484,192.996826171875,0.8936961889266968,-1,-1,-1
327,65,992.3804321289062,312.74517822265625,78.67742919921875,142.97940063476562,0.7893298864364624,-1,-1,-1
327,70,767.1819458007812,348.4540100097656,38.8275146484375,148.54067993164062,0.7965263724327087,-1,-1,-1
327,87,563.4641723632812,344.2992248535156,57.899169921875,127.52780151367188,0.8145761489868164,-1,-1,-1
327,3,606.6065063476562,517.4688720703125,65.39410400390625,191.54486083984375,0.8933731913566589,-1,-1,-1
327,52,514.41259765625,297.6128845214844,56.9189453125,128.50933837890625,0.40232574939727783,-1,-1,-1
328,16,1017.4314575195312,401.4138488769531,51.96673583984375,173.63589477539062,0.7728859186172485,-1,-1,-1
328,58,193.11978149414062,430.62237548828125,85.24920654296875,142.81781005859375,0.9061437845230103,-1,-1,-1
328,8,769.6435546875,428.55224609375,83.11151123046875,171.6075439453125,0.8992286920547485,-1,-1,-1
328,5,621.820068359375,411.30810546875,58.7138671875,143.25128173828125,0.9049332141876221,-1,-1,-1
328,48,370.8772888183594,355.0355224609375,41.842529296875,114.91879272460938,0.8735382556915283,-1,-1,-1
328,82,140.75384521484375,371.63897705078125,71.39035034179688,150.2147216796875,0.8957175612449646,-1,-1,-1
328,76,718.517578125,360.50531005859375,45.98907470703125,160.05914306640625,0.788665235042572,-1,-1,-1
328,84,124.07522583007812,526.1676025390625,65.9560546875,192.11968994140625,0.529853105545044,-1,-1,-1
328,65,987.3935546875,314.7577819824219,83.6138916015625,143.36727905273438,0.7951918244361877,-1,-1,-1
328,70,763.308837890625,348.7062683105469,39.42010498046875,128.06314086914062,0.7806826233863831,-1,-1,-1
328,87,542.3699340820312,348.7341003417969,75.33447265625,124.28024291992188,0.8759516477584839,-1,-1,-1
328,3,608.1904296875,522.5166625976562,65.16827392578125,188.14324951171875,0.8850595951080322,-1,-1,-1
328,52,514.08740234375,295.7978820800781,48.9736328125,121.38922119140625,0.641780436038971,-1,-1,-1
328,88,684.6847534179688,175.68902587890625,45.10321044921875,145.63314819335938,0.4473404288291931,-1,-1,-1
329,16,1019.7244873046875,403.2749328613281,50.5865478515625,172.31491088867188,0.8348261713981628,-1,-1,-1
329,58,186.1278839111328,434.2808532714844,81.81190490722656,141.37783813476562,0.8296217322349548,-1,-1,-1
329,8,753.5028686523438,425.9879455566406,95.359130859375,173.05355834960938,0.8808964490890503,-1,-1,-1
329,5,620.7317504882812,411.6150207519531,59.59185791015625,144.10165405273438,0.8961767554283142,-1,-1,-1
329,48,371.02142333984375,355.32476806640625,40.9381103515625,115.89007568359375,0.8681089282035828,-1,-1,-1
329,82,128.4579315185547,375.0497741699219,79.72232055664062,148.46585083007812,0.905351459980011,-1,-1,-1
329,76,717.0919799804688,360.1299133300781,46.74261474609375,159.73892211914062,0.7368555068969727,-1,-1,-1
329,84,123.36810302734375,527.6564331054688,66.0335693359375,191.359130859375,0.8950092792510986,-1,-1,-1
329,65,985.0684204101562,317.60546875,74.31915283203125,140.63818359375,0.6588913798332214,-1,-1,-1
329,70,758.2056884765625,348.59844970703125,43.582763671875,117.9140625,0.7880152463912964,-1,-1,-1
329,87,525.1731567382812,353.9457702636719,88.1461181640625,120.2076416015625,0.8341802358627319,-1,-1,-1
329,3,609.3282470703125,525.1206665039062,65.97637939453125,187.2913818359375,0.8969575762748718,-1,-1,-1
329,52,492.1289978027344,291.7939758300781,64.12869262695312,119.91799926757812,0.7686604261398315,-1,-1,-1
329,88,684.80615234375,176.3101806640625,44.5814208984375,146.10064697265625,0.5535328984260559,-1,-1,-1
330,16,1019.6591186523438,405.54364013671875,49.88299560546875,175.1025390625,0.8711360692977905,-1,-1,-1
330,58,173.42739868164062,438.6926574707031,83.30609130859375,139.88723754882812,0.8476470708847046,-1,-1,-1
330,8,744.078369140625,425.0557861328125,98.1116943359375,165.856201171875,0.8899275064468384,-1,-1,-1
330,5,617.51904296875,411.72845458984375,61.960205078125,145.0611572265625,0.8891561627388,-1,-1,-1
330,48,368.20550537109375,355.1363525390625,43.148040771484375,117.22821044921875,0.8893154263496399,-1,-1,-1
330,82,118.47296142578125,378.1398620605469,86.14065551757812,143.47323608398438,0.8970007300376892,-1,-1,-1
330,76,712.0135498046875,359.7995300292969,52.1722412109375,160.95101928710938,0.747555673122406,-1,-1,-1
330,84,121.9840087890625,529.2905883789062,65.90147399902344,189.69757080078125,0.8943226933479309,-1,-1,-1
330,65,984.1609497070312,319.1023864746094,65.92852783203125,139.49148559570312,0.7730906009674072,-1,-1,-1
330,70,756.8203735351562,347.94244384765625,44.16949462890625,115.94683837890625,0.6228306889533997,-1,-1,-1
330,87,512.8715209960938,358.12139892578125,95.60601806640625,117.34463500976562,0.8949446678161621,-1,-1,-1
330,3,609.8561401367188,526.0453491210938,66.73077392578125,187.729248046875,0.902242124080658,-1,-1,-1
330,52,481.7701721191406,289.9973449707031,67.77371215820312,118.547119140625,0.8439793586730957,-1,-1,-1
330,88,684.6109619140625,177.43511962890625,44.1539306640625,146.93597412109375,0.539740264415741,-1,-1,-1
331,16,1019.7689208984375,407.2116394042969,50.3255615234375,176.88351440429688,0.8899105191230774,-1,-1,-1
331,58,163.72447204589844,444.7079772949219,78.63954162597656,135.17129516601562,0.8431766033172607,-1,-1,-1
331,8,740.32275390625,419.62060546875,93.706298828125,164.9315185546875,0.8546343445777893,-1,-1,-1
331,5,615.4801635742188,411.9588317871094,62.21075439453125,144.85696411132812,0.8913330435752869,-1,-1,-1
331,48,363.85589599609375,354.1907043457031,47.161895751953125,118.5994873046875,0.8782113194465637,-1,-1,-1
331,82,111.27137756347656,382.02130126953125,89.55427551269531,133.10809326171875,0.9008278250694275,-1,-1,-1
331,76,710.4453125,360.00439453125,53.3289794921875,161.783203125,0.7435306906700134,-1,-1,-1
331,84,120.6759033203125,530.5166015625,65.97026062011719,188.37054443359375,0.8863466382026672,-1,-1,-1
331,65,983.8462524414062,320.07257080078125,59.71929931640625,138.57955932617188,0.856730580329895,-1,-1,-1
331,70,758.166748046875,346.2027282714844,45.39453125,112.77859497070312,0.42195484042167664,-1,-1,-1
331,87,507.2767333984375,363.435546875,95.36517333984375,112.478515625,0.8813343048095703,-1,-1,-1
331,3,611.414306640625,526.2291870117188,67.29022216796875,188.64093017578125,0.9061532616615295,-1,-1,-1
331,52,473.6456604003906,289.5162048339844,71.41647338867188,117.88143920898438,0.8540289402008057,-1,-1,-1
331,88,684.5289306640625,177.88600158691406,43.9942626953125,147.6992645263672,0.5425722599029541,-1,-1,-1
332,16,1019.5814208984375,409.3269958496094,54.2822265625,177.23397827148438,0.8693811297416687,-1,-1,-1
332,58,157.46986389160156,449.17169189453125,72.16966247558594,125.9222412109375,0.8077338933944702,-1,-1,-1
332,8,739.4149780273438,420.53228759765625,83.420166015625,160.72674560546875,0.8748971223831177,-1,-1,-1
332,5,614.3926391601562,412.46875,60.60614013671875,144.60858154296875,0.8994208574295044,-1,-1,-1
332,48,359.72808837890625,352.5355529785156,51.14654541015625,120.35894775390625,0.8657352924346924,-1,-1,-1
332,82,107.24872589111328,384.28521728515625,90.34638214111328,128.70977783203125,0.8971784114837646,-1,-1,-1
332,76,712.0350341796875,360.7560729980469,50.6224365234375,161.00003051757812,0.7162859439849854,-1,-1,-1
332,84,118.05708312988281,530.9657592773438,67.28062438964844,187.85687255859375,0.8794986605644226,-1,-1,-1
332,65,983.589111328125,320.6008605957031,54.634521484375,137.5870361328125,0.8542496562004089,-1,-1,-1
332,70,756.7496337890625,343.5877990722656,49.9957275390625,126.28717041015625,0.5043109059333801,-1,-1,-1
332,87,505.0762939453125,368.6937561035156,89.3616943359375,106.54721069335938,0.9103794097900391,-1,-1,-1
332,3,612.9263305664062,525.9629516601562,69.0875244140625,189.56964111328125,0.9117974638938904,-1,-1,-1
332,52,469.77410888671875,289.931884765625,69.30596923828125,117.10299682617188,0.8730505108833313,-1,-1,-1
332,88,684.524658203125,178.20289611816406,43.89056396484375,147.37330627441406,0.5126773118972778,-1,-1,-1
333,16,1019.068359375,411.3419189453125,59.7833251953125,177.772705078125,0.8659841418266296,-1,-1,-1
333,58,151.84837341308594,453.1363830566406,68.86369323730469,112.13388061523438,0.7792106866836548,-1,-1,-1
333,8,737.9874267578125,420.13458251953125,72.68621826171875,159.98370361328125,0.8423213362693787,-1,-1,-1
333,5,613.0125122070312,412.88873291015625,56.47625732421875,145.4013671875,0.8823312520980835,-1,-1,-1
333,48,357.1339416503906,350.2829284667969,53.412384033203125,120.62664794921875,0.8784880042076111,-1,-1,-1
333,82,104.84318542480469,384.9512023925781,90.22108459472656,126.48599243164062,0.8972396850585938,-1,-1,-1
333,84,115.7671127319336,531.1243896484375,68.12271881103516,187.698974609375,0.8844942450523376,-1,-1,-1
333,65,983.0023803710938,320.82769775390625,52.38970947265625,136.95791625976562,0.8672371506690979,-1,-1,-1
333,70,754.54150390625,340.5891418457031,51.2161865234375,131.66152954101562,0.5739821195602417,-1,-1,-1
333,87,504.0306091308594,370.42120361328125,83.70187377929688,103.6162109375,0.9087978601455688,-1,-1,-1
333,3,614.0167236328125,526.0331420898438,73.0615234375,190.2825927734375,0.915938675403595,-1,-1,-1
333,52,467.3061828613281,291.4971923828125,65.71060180664062,115.2353515625,0.8940699696540833,-1,-1,-1
333,88,683.8707275390625,177.8934326171875,44.66168212890625,147.57635498046875,0.5450935363769531,-1,-1,-1
334,16,1017.8171997070312,412.77581787109375,65.57037353515625,177.38818359375,0.8686567544937134,-1,-1,-1
334,58,144.61001586914062,455.8663635253906,68.5794677734375,106.66744995117188,0.5391104817390442,-1,-1,-1
334,8,726.1887817382812,419.1870422363281,72.31549072265625,160.09121704101562,0.8128095865249634,-1,-1,-1
334,5,611.3021850585938,414.32275390625,53.0123291015625,145.83526611328125,0.901190459728241,-1,-1,-1
334,48,355.349365234375,347.9676208496094,54.3043212890625,122.32046508789062,0.8814724087715149,-1,-1,-1
334,82,103.25785064697266,384.6893005371094,89.42736053466797,126.32473754882812,0.8899475336074829,-1,-1,-1
334,84,110.5166244506836,530.2858276367188,71.62171173095703,188.34637451171875,0.8879101872444153,-1,-1,-1
334,65,981.9185791015625,320.83709716796875,52.221435546875,137.016357421875,0.8588042259216309,-1,-1,-1
334,70,752.0214233398438,338.2599182128906,49.36468505859375,135.90805053710938,0.6410942673683167,-1,-1,-1
334,87,503.3476867675781,369.29791259765625,81.56741333007812,104.37734985351562,0.8983926177024841,-1,-1,-1
334,3,613.7839965820312,526.054443359375,77.31195068359375,190.8316650390625,0.9233519434928894,-1,-1,-1
334,52,466.9570617675781,291.9302062988281,60.566497802734375,115.54058837890625,0.8715530037879944,-1,-1,-1
334,88,683.484130859375,177.6321258544922,43.43896484375,147.1532440185547,0.4080860912799835,-1,-1,-1
335,16,1015.9334106445312,414.94158935546875,70.51727294921875,177.6240234375,0.8884278535842896,-1,-1,-1
335,8,719.7442016601562,417.16705322265625,71.9951171875,161.57427978515625,0.7820666432380676,-1,-1,-1
335,5,608.768798828125,415.8649597167969,51.3529052734375,144.44509887695312,0.8743036985397339,-1,-1,-1
335,48,352.98394775390625,345.75811767578125,54.85333251953125,123.76654052734375,0.8779428601264954,-1,-1,-1
335,82,101.70698547363281,383.1695251464844,88.18344116210938,127.59149169921875,0.8766803741455078,-1,-1,-1
335,84,112.0868148803711,529.3091430664062,68.10587310791016,189.39044189453125,0.8129012584686279,-1,-1,-1
335,65,979.0109252929688,321.2826843261719,53.11712646484375,137.43295288085938,0.8582349419593811,-1,-1,-1
335,70,747.5323486328125,336.78411865234375,46.7247314453125,128.17242431640625,0.526484489440918,-1,-1,-1
335,87,502.9411926269531,367.02685546875,80.66250610351562,106.52166748046875,0.9071703553199768,-1,-1,-1
335,3,612.4049072265625,527.1740112304688,80.2899169921875,189.82196044921875,0.9191642999649048,-1,-1,-1
335,52,467.1611022949219,293.2768249511719,55.017547607421875,114.5196533203125,0.8408157825469971,-1,-1,-1
335,76,698.277587890625,365.0106201171875,54.91363525390625,141.41616821289062,0.41192832589149475,-1,-1,-1
336,16,1013.1113891601562,416.5104064941406,74.42095947265625,177.73458862304688,0.9003825187683105,-1,-1,-1
336,8,713.9288940429688,415.76202392578125,70.315673828125,161.6160888671875,0.692499041557312,-1,-1,-1
336,5,605.1791381835938,417.20184326171875,51.13140869140625,143.85687255859375,0.9015858173370361,-1,-1,-1
336,48,350.0389099121094,343.41748046875,54.626739501953125,123.88601684570312,0.8863103985786438,-1,-1,-1
336,82,98.74104309082031,380.9015808105469,87.26728820800781,130.68243408203125,0.8756148219108582,-1,-1,-1
336,84,87.32009887695312,527.95751953125,89.90327453613281,190.5830078125,0.4703657329082489,-1,-1,-1
336,65,968.9251098632812,322.40338134765625,58.87493896484375,140.40884399414062,0.8761069178581238,-1,-1,-1
336,70,742.049072265625,336.0887145996094,45.80126953125,124.72616577148438,0.6457204818725586,-1,-1,-1
336,87,503.64727783203125,366.11431884765625,78.785400390625,107.1583251953125,0.8920403122901917,-1,-1,-1
336,3,610.2938232421875,528.1385498046875,82.31146240234375,188.989501953125,0.9111661314964294,-1,-1,-1
336,52,464.25311279296875,292.38006591796875,50.73321533203125,114.81686401367188,0.8612179160118103,-1,-1,-1
336,76,690.9725341796875,365.9691162109375,57.28839111328125,136.07418823242188,0.40159934759140015,-1,-1,-1
336,88,678.572998046875,176.0934600830078,43.47918701171875,149.8505096435547,0.4728378653526306,-1,-1,-1
337,16,1009.9253540039062,417.7046203613281,76.13470458984375,176.08700561523438,0.8835633397102356,-1,-1,-1
337,8,706.2159423828125,412.798095703125,69.58355712890625,163.8487548828125,0.738147497177124,-1,-1,-1
337,5,600.400146484375,419.32684326171875,51.50634765625,142.12054443359375,0.885952353477478,-1,-1,-1
337,48,348.94171142578125,340.4657897949219,51.79034423828125,124.203369140625,0.8969157338142395,-1,-1,-1
337,82,96.03296661376953,378.30194091796875,86.48552703857422,134.9117431640625,0.8814253807067871,-1,-1,-1
337,84,96.87288665771484,529.2875366210938,76.55855560302734,189.50262451171875,0.828092098236084,-1,-1,-1
337,65,957.8963623046875,324.61773681640625,62.78466796875,141.32418823242188,0.8902491927146912,-1,-1,-1
337,70,735.446533203125,336.0328369140625,44.77423095703125,122.2740478515625,0.4814055263996124,-1,-1,-1
337,87,507.0865173339844,367.8567199707031,73.26834106445312,104.507568359375,0.8828882575035095,-1,-1,-1
337,3,606.9361572265625,528.819580078125,88.48223876953125,188.4012451171875,0.9007086753845215,-1,-1,-1
337,52,450.77777099609375,294.048583984375,57.110992431640625,112.50631713867188,0.8202831745147705,-1,-1,-1
338,16,1005.0994262695312,420.5881042480469,76.88604736328125,173.07180786132812,0.9142652750015259,-1,-1,-1
338,8,698.3795776367188,409.931396484375,65.90264892578125,166.57965087890625,0.6124762296676636,-1,-1,-1
338,5,594.21875,420.7140808105469,52.16302490234375,140.52658081054688,0.8857394456863403,-1,-1,-1
338,48,347.7488708496094,337.9716796875,48.22869873046875,123.66085815429688,0.8891445994377136,-1,-1,-1
338,82,93.77902221679688,375.1752014160156,84.298095703125,139.00582885742188,0.8442139029502869,-1,-1,-1
338,84,98.27510833740234,530.8101196289062,69.83423614501953,188.4564208984375,0.8136533498764038,-1,-1,-1
338,65,948.1947631835938,326.2965087890625,64.71771240234375,140.24264526367188,0.9044281244277954,-1,-1,-1
338,70,727.9678955078125,336.2122802734375,41.1075439453125,115.62442016601562,0.5725822448730469,-1,-1,-1
338,87,506.7782287597656,371.02679443359375,71.21615600585938,101.54202270507812,0.8870839476585388,-1,-1,-1
338,3,603.2689208984375,530.0865478515625,84.947998046875,185.74114990234375,0.9141244888305664,-1,-1,-1
338,52,437.6473083496094,296.66455078125,61.412933349609375,108.23782348632812,0.8834159970283508,-1,-1,-1
338,58,44.05731964111328,465.39605712890625,131.19002532958984,160.6552734375,0.7833377718925476,-1,-1,-1
339,16,1001.1181640625,421.5332336425781,75.904296875,171.68423461914062,0.9101183414459229,-1,-1,-1
339,8,690.9612426757812,411.5696105957031,62.939697265625,164.83627319335938,0.5636152625083923,-1,-1,-1
339,5,587.535888671875,421.78338623046875,52.29351806640625,138.8671875,0.8789961338043213,-1,-1,-1
339,48,342.9452819824219,337.11669921875,46.888763427734375,121.2479248046875,0.8718199729919434,-1,-1,-1
339,82,91.80738830566406,372.8203430175781,81.44813537597656,142.46267700195312,0.8532976508140564,-1,-1,-1
339,84,94.03026580810547,532.7862548828125,67.66826629638672,186.41888427734375,0.8002819418907166,-1,-1,-1
339,65,938.977783203125,327.8796081542969,66.2183837890625,140.19219970703125,0.8947086930274963,-1,-1,-1
339,70,718.4022216796875,335.3860778808594,41.36065673828125,113.001220703125,0.47919705510139465,-1,-1,-1
339,87,499.2748107910156,374.62969970703125,76.44577026367188,99.78985595703125,0.8716063499450684,-1,-1,-1
339,3,599.6866455078125,530.7728271484375,83.373779296875,184.8055419921875,0.9118897914886475,-1,-1,-1
339,52,424.54498291015625,298.83880615234375,64.85699462890625,99.1033935546875,0.809342622756958,-1,-1,-1
339,58,22.424179077148438,469.68511962890625,142.39804077148438,163.2440185546875,0.7498921155929565,-1,-1,-1
340,16,998.105712890625,422.0302429199219,73.424072265625,170.57028198242188,0.9122685194015503,-1,-1,-1
340,8,679.8982543945312,403.15960693359375,63.42486572265625,172.407470703125,0.6602645516395569,-1,-1,-1
340,5,579.560791015625,421.98193359375,54.570556640625,138.0238037109375,0.8987165093421936,-1,-1,-1
340,48,335.7633361816406,337.02166748046875,48.382415771484375,119.16384887695312,0.8735617995262146,-1,-1,-1
340,82,86.1075210571289,372.14227294921875,82.18035125732422,140.48712158203125,0.8631606101989746,-1,-1,-1
340,84,73.77919006347656,533.3447265625,80.46694946289062,185.1534423828125,0.845218300819397,-1,-1,-1
340,65,930.2279052734375,329.5835266113281,67.14825439453125,140.20599365234375,0.9045153856277466,-1,-1,-1
340,70,701.2461547851562,333.834716796875,50.41766357421875,111.69451904296875,0.5030514001846313,-1,-1,-1
340,87,496.4212646484375,374.3545227050781,76.00006103515625,104.06161499023438,0.8608742952346802,-1,-1,-1
340,3,598.2001953125,531.2825317382812,85.22747802734375,185.2884521484375,0.8899076581001282,-1,-1,-1
340,52,414.9139709472656,299.88165283203125,64.44308471679688,95.101806640625,0.8469229340553284,-1,-1,-1
340,58,6.545267581939697,476.4835510253906,148.33965063095093,160.06307983398438,0.757794201374054,-1,-1,-1
341,16,998.7818603515625,422.3292541503906,67.4007568359375,169.99862670898438,0.9037923216819763,-1,-1,-1
341,8,676.11865234375,403.7779846191406,56.727783203125,170.39962768554688,0.8101086616516113,-1,-1,-1
341,5,572.1849975585938,419.9092102050781,56.5577392578125,140.43038940429688,0.886460542678833,-1,-1,-1
341,48,326.9355163574219,337.5384521484375,52.08831787109375,116.69244384765625,0.907575249671936,-1,-1,-1
341,82,79.02774047851562,373.3078918457031,83.81414794921875,138.3115234375,0.8964054584503174,-1,-1,-1
341,84,58.898860931396484,533.5824584960938,89.87312698364258,184.9727783203125,0.8182310461997986,-1,-1,-1
341,65,923.53466796875,331.2622985839844,67.5291748046875,139.14236450195312,0.8919710516929626,-1,-1,-1
341,70,694.2513427734375,331.7987976074219,50.8189697265625,100.70907592773438,0.4983459711074829,-1,-1,-1
341,87,496.0260009765625,371.5801696777344,74.05487060546875,112.17578125,0.8828399777412415,-1,-1,-1
341,3,601.30712890625,531.0321044921875,79.7781982421875,185.9725341796875,0.8806517124176025,-1,-1,-1
341,52,406.47393798828125,298.6973571777344,63.406951904296875,95.42929077148438,0.9021813869476318,-1,-1,-1
341,58,0.0,482.5032653808594,146.30145263671875,158.45394897460938,0.8357909321784973,-1,-1,-1
341,88,652.6690673828125,177.7344512939453,43.66815185546875,147.1089324951172,0.4536455273628235,-1,-1,-1
342,16,1002.7293701171875,422.4144287109375,59.5479736328125,169.84063720703125,0.8871119022369385,-1,-1,-1
342,8,675.8497314453125,401.0252380371094,49.6143798828125,171.48092651367188,0.6229642629623413,-1,-1,-1
342,5,565.7171020507812,414.4116516113281,58.74188232421875,146.34823608398438,0.864687979221344,-1,-1,-1
342,48,320.5230712890625,339.44842529296875,55.661834716796875,113.45797729492188,0.8873393535614014,-1,-1,-1
342,82,72.91303253173828,376.4696960449219,86.1929702758789,136.48269653320312,0.885011613368988,-1,-1,-1
342,84,45.60877227783203,534.8015747070312,98.97235870361328,183.689208984375,0.818760335445404,-1,-1,-1
342,65,918.5514526367188,332.54315185546875,67.27569580078125,138.04367065429688,0.8827897310256958,-1,-1,-1
342,70,686.8150024414062,329.7785339355469,53.31903076171875,121.94876098632812,0.4862144887447357,-1,-1,-1
342,87,497.893798828125,369.2346496582031,71.0843505859375,121.8182373046875,0.8904972672462463,-1,-1,-1
342,3,607.4986572265625,530.3273315429688,70.24169921875,187.02313232421875,0.8820327520370483,-1,-1,-1
342,52,398.58453369140625,297.32806396484375,64.53396606445312,96.9544677734375,0.8872747421264648,-1,-1,-1
342,58,0.0,486.0684509277344,141.33041381835938,156.70346069335938,0.779570460319519,-1,-1,-1
342,88,648.8054809570312,176.70083618164062,43.565185546875,144.92413330078125,0.49344417452812195,-1,-1,-1
342,68,1250.35791015625,247.4514617919922,29.2052001953125,110.15745544433594,0.6775839328765869,-1,-1,-1
343,16,1004.46923828125,422.3017883300781,54.4801025390625,169.32644653320312,0.8730427026748657,-1,-1,-1
343,8,664.8831176757812,391.8531188964844,57.5247802734375,179.74441528320312,0.7644079327583313,-1,-1,-1
343,5,560.6093139648438,401.2121887207031,60.8673095703125,158.55960083007812,0.8301401138305664,-1,-1,-1
343,48,315.26953125,342.8818359375,63.2650146484375,109.34487915039062,0.9148663282394409,-1,-1,-1
343,82,66.14900207519531,380.891845703125,91.82864379882812,134.1502685546875,0.8903873562812805,-1,-1,-1
343,84,65.3499755859375,535.78271484375,76.43659973144531,182.8267822265625,0.7168436646461487,-1,-1,-1
343,65,915.852294921875,334.57708740234375,65.27044677734375,135.9136962890625,0.9185743927955627,-1,-1,-1
343,70,682.5394287109375,328.520751953125,53.075927734375,119.87222290039062,0.4667942225933075,-1,-1,-1
343,87,504.926025390625,369.9349670410156,68.240234375,128.71881103515625,0.8761062622070312,-1,-1,-1
343,3,615.2311401367188,529.42626953125,63.27764892578125,188.11407470703125,0.849827766418457,-1,-1,-1
343,52,391.6192626953125,296.782958984375,66.51553344726562,98.61856079101562,0.8768418431282043,-1,-1,-1
343,88,646.1292114257812,176.67919921875,43.27392578125,147.63449096679688,0.4474314749240875,-1,-1,-1
343,68,1247.3837890625,246.57640075683594,31.385498046875,110.66392517089844,0.6781216859817505,-1,-1,-1
344,16,1004.6470947265625,421.6712646484375,52.09130859375,169.084716796875,0.870987594127655,-1,-1,-1
344,8,665.8740234375,385.6304016113281,53.40557861328125,185.11251831054688,0.6416142582893372,-1,-1,-1
344,5,562.4439086914062,398.7138977050781,57.140625,160.21841430664062,0.8056713342666626,-1,-1,-1
344,48,312.2770080566406,345.5785217285156,71.60214233398438,106.6749267578125,0.9023053050041199,-1,-1,-1
344,82,60.77789306640625,386.8521423339844,97.341064453125,128.13369750976562,0.8726211190223694,-1,-1,-1
344,84,74.70794677734375,535.97509765625,65.72792053222656,182.5977783203125,0.6229794025421143,-1,-1,-1
344,65,914.6775512695312,336.08709716796875,62.83148193359375,134.63436889648438,0.9202512502670288,-1,-1,-1
344,70,681.2547607421875,327.5767517089844,50.80743408203125,126.2589111328125,0.40196725726127625,-1,-1,-1
344,87,511.8917541503906,374.2455139160156,61.482452392578125,128.14508056640625,0.8193171620368958,-1,-1,-1
344,3,619.8529052734375,528.4176025390625,58.7449951171875,189.3590087890625,0.8728333115577698,-1,-1,-1
344,52,385.6543273925781,297.53448486328125,69.05020141601562,97.14556884765625,0.8404422402381897,-1,-1,-1
344,68,1245.13037109375,247.20513916015625,33.33544921875,110.32522583007812,0.7403925061225891,-1,-1,-1
344,58,0.0,491.2698059082031,139.14889526367188,161.47769165039062,0.4443329870700836,-1,-1,-1
345,16,1004.3382568359375,420.8167724609375,50.3709716796875,169.68212890625,0.8707438707351685,-1,-1,-1
345,8,663.5941162109375,381.19378662109375,52.91973876953125,189.16033935546875,0.7271379828453064,-1,-1,-1
345,48,310.05303955078125,347.9848937988281,78.30352783203125,104.21405029296875,0.8734802007675171,-1,-1,-1
345,82,56.671478271484375,394.0404357910156,104.95474243164062,120.86770629882812,0.8505652546882629,-1,-1,-1
345,84,77.7261962890625,535.9559936523438,62.488189697265625,182.2568359375,0.7973445653915405,-1,-1,-1
345,65,914.6246337890625,336.961181640625,60.10223388671875,133.59976196289062,0.9016134738922119,-1,-1,-1
345,70,672.9164428710938,326.48480224609375,56.71441650390625,130.96466064453125,0.5313916206359863,-1,-1,-1
345,87,516.6543579101562,376.8801574707031,57.1944580078125,126.40618896484375,0.7980894446372986,-1,-1,-1
345,3,623.4843139648438,526.9706420898438,54.55267333984375,190.20172119140625,0.8827078938484192,-1,-1,-1
345,52,382.6009521484375,297.51727294921875,71.81869506835938,96.042236328125,0.8595647811889648,-1,-1,-1
345,68,1243.2462158203125,247.1775665283203,35.3358154296875,110.04896545410156,0.7069687247276306,-1,-1,-1
346,16,1003.720703125,420.12054443359375,48.56494140625,170.17816162109375,0.86505126953125,-1,-1,-1
346,8,661.52392578125,379.6624450683594,53.4163818359375,190.26754760742188,0.7242829203605652,-1,-1,-1
346,82,53.70380783081055,400.2204284667969,109.54666519165039,114.82962036132812,0.8768303394317627,-1,-1,-1
346,84,77.42922973632812,536.1099853515625,62.51216125488281,181.8218994140625,0.844313383102417,-1,-1,-1
346,65,915.81689453125,337.556396484375,56.54266357421875,133.29672241210938,0.8849521279335022,-1,-1,-1
346,70,667.268310546875,325.1849670410156,60.10125732421875,128.95062255859375,0.5722275376319885,-1,-1,-1
346,87,523.2899169921875,369.0702209472656,52.75225830078125,135.17544555664062,0.7323077917098999,-1,-1,-1
346,3,625.7095947265625,526.1553344726562,57.39764404296875,191.73974609375,0.908495306968689,-1,-1,-1
346,52,381.0848693847656,297.9568786621094,72.83184814453125,95.48016357421875,0.8683128356933594,-1,-1,-1
346,68,1242.138671875,246.97523498535156,36.6240234375,108.76048278808594,0.5964640974998474,-1,-1,-1
346,5,563.6219482421875,364.1395568847656,54.49420166015625,185.15066528320312,0.8240041732788086,-1,-1,-1
347,16,1002.2540283203125,419.6277770996094,48.6241455078125,170.59719848632812,0.8703660368919373,-1,-1,-1
347,8,657.7567138671875,378.5317687988281,55.6956787109375,191.44918823242188,0.7597825527191162,-1,-1,-1
347,82,52.173343658447266,402.8480529785156,122.52143478393555,112.32595825195312,0.8874014616012573,-1,-1,-1
347,84,78.19981384277344,537.5862426757812,61.93719482421875,180.3175048828125,0.81211256980896,-1,-1,-1
347,65,917.6918334960938,338.1913146972656,52.65826416015625,132.25164794921875,0.8710362911224365,-1,-1,-1
347,87,529.8930053710938,362.1127014160156,47.7041015625,142.96102905273438,0.6666034460067749,-1,-1,-1
347,3,626.7725830078125,526.1940307617188,64.47821044921875,191.63275146484375,0.8969494700431824,-1,-1,-1
347,52,380.09014892578125,297.8819885253906,74.30230712890625,95.71548461914062,0.8638870716094971,-1,-1,-1
347,68,1239.741943359375,245.77769470214844,39.144775390625,111.06324768066406,0.6145901679992676,-1,-1,-1
347,5,562.6464233398438,370.7566223144531,53.5474853515625,172.41336059570312,0.6809965968132019,-1,-1,-1
347,88,639.4815673828125,177.10569763183594,42.27655029296875,147.89601135253906,0.4691370725631714,-1,-1,-1
347,58,13.680373191833496,484.06585693359375,140.20982456207275,169.4296875,0.6794977784156799,-1,-1,-1
347,48,307.4120178222656,348.72760009765625,81.86569213867188,103.99822998046875,0.8818870186805725,-1,-1,-1
348,16,1000.8334350585938,419.2898864746094,48.28070068359375,170.71499633789062,0.873136579990387,-1,-1,-1
348,8,655.4650268554688,377.0135803222656,56.460693359375,193.24911499023438,0.7722829580307007,-1,-1,-1
348,82,53.65278244018555,402.7173767089844,127.69556045532227,112.71737670898438,0.7781554460525513,-1,-1,-1
348,84,45.110172271728516,539.2274780273438,95.0766716003418,178.6180419921875,0.44920021295547485,-1,-1,-1
348,65,918.5203857421875,338.3903503417969,49.74139404296875,132.04336547851562,0.8691881895065308,-1,-1,-1
348,87,534.8976440429688,357.0794372558594,44.01031494140625,148.08438110351562,0.7674515247344971,-1,-1,-1
348,3,626.1627807617188,527.5812377929688,72.3443603515625,190.242919921875,0.8935115337371826,-1,-1,-1
348,52,380.3627014160156,297.67047119140625,74.8341064453125,95.10711669921875,0.8585585951805115,-1,-1,-1
348,68,1237.628173828125,244.81497192382812,41.322509765625,113.1171875,0.6261858344078064,-1,-1,-1
348,5,561.9857788085938,349.9503173828125,53.50238037109375,186.69927978515625,0.7968541383743286,-1,-1,-1
348,48,307.0182189941406,347.03802490234375,82.0985107421875,106.0601806640625,0.5837275385856628,-1,-1,-1
348,70,662.5382690429688,321.9695739746094,60.93756103515625,123.37667846679688,0.5002543330192566,-1,-1,-1
349,16,998.7587280273438,418.91455078125,48.42169189453125,170.929443359375,0.8406345248222351,-1,-1,-1
349,8,656.2503662109375,375.6383361816406,53.9898681640625,194.60336303710938,0.8057055473327637,-1,-1,-1
349,82,58.42802429199219,401.0744323730469,128.07778930664062,115.23410034179688,0.7783998250961304,-1,-1,-1
349,84,39.353538513183594,538.59619140625,100.0457534790039,179.11419677734375,0.4879811108112335,-1,-1,-1
349,65,916.5949096679688,337.9683837890625,48.41607666015625,132.74966430664062,0.8607956171035767,-1,-1,-1
349,87,539.0223999023438,366.2130126953125,41.1759033203125,139.46261596679688,0.746109127998352,-1,-1,-1
349,3,624.3466796875,529.4943237304688,78.16717529296875,188.416015625,0.908486008644104,-1,-1,-1
349,52,380.2622985839844,296.4962463378906,78.03268432617188,95.08160400390625,0.8642345666885376,-1,-1,-1
349,68,1235.17138671875,244.6772918701172,43.599365234375,113.07774353027344,0.7047407031059265,-1,-1,-1
349,5,567.1110229492188,360.8569641113281,44.8702392578125,171.53732299804688,0.7238548994064331,-1,-1,-1
349,48,307.21795654296875,344.9792175292969,80.8916015625,108.56439208984375,0.911935567855835,-1,-1,-1
349,70,661.1366577148438,321.3229675292969,60.67633056640625,121.38058471679688,0.6146258115768433,-1,-1,-1
350,16,997.2251586914062,419.3442687988281,47.21270751953125,170.19815063476562,0.8934807181358337,-1,-1,-1
350,8,657.0106201171875,374.9175720214844,51.47491455078125,196.53445434570312,0.7499518394470215,-1,-1,-1
350,82,67.51239776611328,399.4063415527344,136.28890228271484,112.01248168945312,0.8732297420501709,-1,-1,-1
350,84,39.06772994995117,537.187255859375,99.19391250610352,180.9599609375,0.7919647693634033,-1,-1,-1
350,65,914.2162475585938,337.83148193359375,47.920166015625,132.99786376953125,0.8563312292098999,-1,-1,-1
350,3,622.0028076171875,530.8347778320312,81.98291015625,186.3878173828125,0.9074325561523438,-1,-1,-1
350,52,381.2394714355469,293.42364501953125,79.21484375,96.41104125976562,0.8549648523330688,-1,-1,-1
350,68,1233.033935546875,244.78671264648438,45.6326904296875,112.51406860351562,0.7022988200187683,-1,-1,-1
350,5,548.8179321289062,362.7908935546875,60.601318359375,167.78338623046875,0.7232196927070618,-1,-1,-1
350,48,308.49017333984375,342.6846008300781,77.48483276367188,110.67800903320312,0.9096842408180237,-1,-1,-1
350,70,657.80419921875,321.3608703613281,61.326171875,119.43994140625,0.5804969668388367,-1,-1,-1
351,16,995.2494506835938,419.6976623535156,46.54803466796875,169.75820922851562,0.9062724113464355,-1,-1,-1
351,8,651.4485473632812,374.3907165527344,55.853515625,199.40676879882812,0.4562268853187561,-1,-1,-1
351,82,80.54380798339844,397.6958312988281,129.57339477539062,112.64019775390625,0.49256983399391174,-1,-1,-1
351,84,55.89657974243164,539.2421875,80.45467758178711,179.07342529296875,0.8409008979797363,-1,-1,-1
351,65,910.795654296875,337.4413146972656,48.1241455078125,133.22833251953125,0.8699516654014587,-1,-1,-1
351,3,620.0615844726562,531.8589477539062,84.4560546875,185.1558837890625,0.9001158475875854,-1,-1,-1
351,52,380.660888671875,291.2959899902344,78.23110961914062,99.07400512695312,0.8736449480056763,-1,-1,-1
351,68,1230.013916015625,244.8195343017578,48.4547119140625,112.30192565917969,0.7239008545875549,-1,-1,-1
351,5,543.6967163085938,360.6401062011719,62.80487060546875,168.13998413085938,0.6782281398773193,-1,-1,-1
351,48,311.7276306152344,339.9765319824219,72.56158447265625,112.96823120117188,0.9017212986946106,-1,-1,-1
351,70,656.8159790039062,320.97100830078125,59.8697509765625,119.96575927734375,0.7259288430213928,-1,-1,-1
352,16,991.2796630859375,420.746826171875,47.763427734375,168.37945556640625,0.9031915068626404,-1,-1,-1
352,8,648.5883178710938,374.8769836425781,56.58209228515625,201.15859985351562,0.7251054644584656,-1,-1,-1
352,84,61.17694854736328,541.7109375,72.23723602294922,176.35198974609375,0.8882395625114441,-1,-1,-1
352,65,906.4741821289062,337.37603759765625,49.23046875,133.14031982421875,0.8780965209007263,-1,-1,-1
352,3,618.3232421875,531.9385375976562,84.95166015625,185.06939697265625,0.8997287750244141,-1,-1,-1
352,52,381.9759826660156,289.9962463378906,74.20004272460938,102.75588989257812,0.8870236873626709,-1,-1,-1
352,68,1226.3966064453125,244.76742553710938,51.7989501953125,111.82180786132812,0.7369280457496643,-1,-1,-1
352,5,541.3643798828125,332.37908935546875,63.83929443359375,195.88433837890625,0.8364039659500122,-1,-1,-1
352,48,316.5693664550781,337.9532165527344,65.9515380859375,115.72213745117188,0.9000598192214966,-1,-1,-1
352,70,655.6744995117188,319.5595703125,58.29754638671875,120.914794921875,0.625438392162323,-1,-1,-1
353,16,987.4566650390625,423.0582275390625,49.2733154296875,166.8387451171875,0.9006242752075195,-1,-1,-1
353,8,647.2017822265625,379.07012939453125,54.0186767578125,196.654296875,0.6114794015884399,-1,-1,-1
353,84,60.973812103271484,542.6499633789062,68.44037246704102,175.7864990234375,0.8892243504524231,-1,-1,-1
353,65,901.9834594726562,337.4276428222656,49.004150390625,132.83941650390625,0.8386042714118958,-1,-1,-1
353,3,617.604736328125,531.4133911132812,82.65802001953125,184.97998046875,0.8939511775970459,-1,-1,-1
353,52,388.45751953125,290.15631103515625,67.72283935546875,97.84951782226562,0.5373371839523315,-1,-1,-1
353,68,1221.938232421875,245.6332244873047,54.1688232421875,110.96281433105469,0.7497586607933044,-1,-1,-1
353,5,544.3018798828125,319.630126953125,57.72613525390625,210.3262939453125,0.6840102672576904,-1,-1,-1
353,48,321.4325866699219,336.08990478515625,59.910736083984375,118.06381225585938,0.8936529755592346,-1,-1,-1
353,70,660.8467407226562,318.736328125,49.052978515625,122.02523803710938,0.45365768671035767,-1,-1,-1
353,82,134.14663696289062,396.1084899902344,82.10934448242188,99.00515747070312,0.7627675533294678,-1,-1,-1
354,16,981.5944213867188,425.6033935546875,51.85211181640625,165.370849609375,0.8772533535957336,-1,-1,-1
354,8,641.5459594726562,383.4781494140625,55.47576904296875,167.4171142578125,0.6343905329704285,-1,-1,-1
354,84,57.13777160644531,543.1463012695312,69.52986907958984,175.4085693359375,0.8850831985473633,-1,-1,-1
354,65,895.447998046875,337.3639831542969,51.69781494140625,132.46835327148438,0.9007765054702759,-1,-1,-1
354,3,619.2027587890625,531.0281372070312,77.94183349609375,185.46923828125,0.8829417824745178,-1,-1,-1
354,52,400.4866027832031,290.8201599121094,56.41339111328125,97.04959106445312,0.6717773079872131,-1,-1,-1
354,68,1217.8436279296875,245.03001403808594,54.7940673828125,111.30821228027344,0.7207593321800232,-1,-1,-1
354,5,547.7659912109375,311.0005187988281,51.07293701171875,221.00839233398438,0.5959577560424805,-1,-1,-1
354,48,327.1614074707031,334.5109558105469,52.90093994140625,120.32345581054688,0.8854259848594666,-1,-1,-1
354,70,662.3047485351562,317.958251953125,42.07049560546875,122.4952392578125,0.42583033442497253,-1,-1,-1
354,96,108.1064453125,478.0904541015625,68.77613830566406,141.92095947265625,0.6294423341751099,-1,-1,-1
354,97,1242.985595703125,423.8005065917969,35.68017578125,150.58853149414062,0.6911416053771973,-1,-1,-1
354,82,156.53372192382812,394.37579345703125,65.7030029296875,97.79208374023438,0.7076027989387512,-1,-1,-1
354,87,532.5084228515625,306.7621154785156,51.96405029296875,187.96380615234375,0.46018120646476746,-1,-1,-1
355,16,977.1576538085938,428.9548034667969,53.45025634765625,166.15878295898438,0.8982260823249817,-1,-1,-1
355,8,636.8057861328125,387.0232849121094,56.06195068359375,154.59732055664062,0.552436888217926,-1,-1,-1
355,84,53.84425735473633,543.7325439453125,69.42818832397461,174.263427734375,0.8919344544410706,-1,-1,-1
355,65,888.3399047851562,337.0120544433594,56.1171875,132.61639404296875,0.9106955528259277,-1,-1,-1
355,3,622.9088745117188,531.4296264648438,70.8719482421875,183.33880615234375,0.8765236139297485,-1,-1,-1
355,52,408.30755615234375,291.8938903808594,50.241973876953125,100.94302368164062,0.7439591288566589,-1,-1,-1
355,68,1213.382568359375,245.30613708496094,57.318603515625,111.16578674316406,0.7452196478843689,-1,-1,-1
355,5,547.5903930664062,319.4573974609375,48.77203369140625,215.3193359375,0.5330848097801208,-1,-1,-1
355,48,333.53668212890625,333.5344543457031,45.600006103515625,122.41384887695312,0.8559139370918274,-1,-1,-1
355,96,110.21520233154297,478.889892578125,70.37061309814453,153.07427978515625,0.7178018689155579,-1,-1,-1
355,97,1226.6612548828125,419.4373779296875,51.0791015625,157.0491943359375,0.8278910517692566,-1,-1,-1
355,82,137.34103393554688,393.36322021484375,92.89761352539062,107.59906005859375,0.5646804571151733,-1,-1,-1
355,87,529.7216796875,296.9272766113281,57.73992919921875,190.38900756835938,0.7218368649482727,-1,-1,-1
355,88,616.122314453125,176.8985137939453,41.864501953125,120.29640197753906,0.47694993019104004,-1,-1,-1
356,16,972.6026000976562,432.8257141113281,55.68011474609375,164.15719604492188,0.9028048515319824,-1,-1,-1
356,8,621.4647827148438,387.7582092285156,65.3553466796875,161.33651733398438,0.5842658281326294,-1,-1,-1
356,84,49.35459518432617,544.3980712890625,69.70808792114258,173.3984375,0.9105805158615112,-1,-1,-1
356,65,882.2228393554688,337.14569091796875,58.97528076171875,132.29986572265625,0.916139543056488,-1,-1,-1
356,3,623.601318359375,530.3519897460938,66.593017578125,185.05853271484375,0.886915922164917,-1,-1,-1
356,52,406.0776062011719,292.67889404296875,53.953033447265625,105.86251831054688,0.868857741355896,-1,-1,-1
356,68,1209.005859375,245.0845184326172,60.2552490234375,111.44526672363281,0.7625735402107239,-1,-1,-1
356,5,539.034423828125,334.7426452636719,55.0894775390625,203.24038696289062,0.7574968338012695,-1,-1,-1
356,48,335.2772521972656,333.90618896484375,42.03009033203125,122.65487670898438,0.8576272130012512,-1,-1,-1
356,96,107.94023132324219,483.67791748046875,87.75588989257812,147.485595703125,0.6972872614860535,-1,-1,-1
356,97,1211.865234375,416.6376647949219,61.2742919921875,159.73184204101562,0.8407616019248962,-1,-1,-1
356,82,135.3600616455078,391.0765380859375,102.47016906738281,114.8511962890625,0.7958036065101624,-1,-1,-1
356,87,523.9363403320312,292.950927734375,63.46392822265625,178.0567626953125,0.5474684834480286,-1,-1,-1
356,70,655.5062255859375,316.5921936035156,38.77197265625,124.13021850585938,0.45461800694465637,-1,-1,-1
357,16,967.1218872070312,436.50177001953125,58.19317626953125,161.462158203125,0.8954827785491943,-1,-1,-1
357,8,622.3634643554688,387.1134338378906,58.41558837890625,160.14627075195312,0.4522913992404938,-1,-1,-1
357,84,44.3058967590332,544.2684936523438,69.41313552856445,173.71051025390625,0.8951360583305359,-1,-1,-1
357,65,873.9203491210938,338.193115234375,63.92694091796875,130.60574340820312,0.8915280103683472,-1,-1,-1
357,3,629.44775390625,527.2869262695312,56.76708984375,185.47723388671875,0.8737716674804688,-1,-1,-1
357,52,402.4426574707031,293.9242248535156,58.94171142578125,105.9346923828125,0.8532956838607788,-1,-1,-1
357,68,1203.4224853515625,245.130859375,62.1943359375,110.87612915039062,0.7466909289360046,-1,-1,-1
357,5,529.5570068359375,347.5877380371094,60.9486083984375,194.48513793945312,0.8960981965065002,-1,-1,-1
357,48,333.2091064453125,335.38720703125,43.58984375,122.965576171875,0.8543631434440613,-1,-1,-1
357,96,104.47183227539062,485.17724609375,114.34727478027344,163.9393310546875,0.8829245567321777,-1,-1,-1
357,97,1201.899169921875,415.31683349609375,60.4727783203125,146.656982421875,0.860381543636322,-1,-1,-1
357,82,137.4279022216797,384.8661804199219,125.75001525878906,123.740478515625,0.8771137595176697,-1,-1,-1
357,87,514.350830078125,293.04974365234375,77.66339111328125,157.71670532226562,0.5661582946777344,-1,-1,-1
358,16,961.6043701171875,439.63702392578125,58.01763916015625,158.20098876953125,0.9007987380027771,-1,-1,-1
358,8,627.3182983398438,386.27667236328125,47.27294921875,155.0565185546875,0.5597265958786011,-1,-1,-1
358,84,38.4379768371582,544.9381103515625,69.37936782836914,172.96942138671875,0.906498372554779,-1,-1,-1
358,65,866.0718383789062,339.1054992675781,66.088134765625,127.4190673828125,0.8893628120422363,-1,-1,-1
358,3,628.9085693359375,526.2982177734375,53.297119140625,185.80157470703125,0.8793221712112427,-1,-1,-1
358,52,402.04913330078125,293.68359375,63.81787109375,111.14706420898438,0.8551773428916931,-1,-1,-1
358,68,1196.781982421875,245.32469177246094,62.4188232421875,111.13478088378906,0.7548695206642151,-1,-1,-1
358,5,521.4346923828125,372.63916015625,63.618408203125,175.75640869140625,0.8223800659179688,-1,-1,-1
358,48,328.0398254394531,337.0508117675781,47.01080322265625,124.30331420898438,0.8963104486465454,-1,-1,-1
358,96,99.31078338623047,486.2358703613281,134.70063018798828,168.40573120117188,0.8879313468933105,-1,-1,-1
358,97,1189.8216552734375,413.74688720703125,58.775146484375,141.97857666015625,0.826529324054718,-1,-1,-1
358,82,143.0877227783203,374.5499267578125,137.3971405029297,137.12533569335938,0.8589687347412109,-1,-1,-1
358,87,506.4429931640625,302.1647644042969,85.78033447265625,135.92855834960938,0.6790035367012024,-1,-1,-1
358,88,601.38916015625,176.79563903808594,42.93792724609375,119.23069763183594,0.42099279165267944,-1,-1,-1
358,70,631.8394775390625,318.55419921875,53.0234375,112.28707885742188,0.41797319054603577,-1,-1,-1
359,16,954.6649169921875,441.71221923828125,58.47064208984375,155.43658447265625,0.8996744751930237,-1,-1,-1
359,8,623.0188598632812,340.5101318359375,51.66339111328125,194.57867431640625,0.6599193215370178,-1,-1,-1
359,84,30.58040428161621,545.748779296875,69.00286293029785,172.95294189453125,0.907751739025116,-1,-1,-1
359,65,858.4473266601562,339.3130187988281,68.493896484375,125.1739501953125,0.8965715765953064,-1,-1,-1
359,3,624.6549682617188,525.5771484375,52.55426025390625,186.213134765625,0.8439787030220032,-1,-1,-1
359,52,401.0422668457031,293.9794921875,71.22012329101562,115.35488891601562,0.8725424408912659,-1,-1,-1
359,68,1189.4124755859375,244.92465209960938,60.8271484375,110.40280151367188,0.783229410648346,-1,-1,-1
359,5,513.3291625976562,391.0392150878906,66.0682373046875,162.95523071289062,0.4979061782360077,-1,-1,-1
359,48,321.1935119628906,339.5340576171875,51.11602783203125,124.57781982421875,0.915012538433075,-1,-1,-1
359,96,90.9365463256836,488.47662353515625,145.08084869384766,166.82861328125,0.852329671382904,-1,-1,-1
359,97,1174.0986328125,411.2259826660156,59.604736328125,138.06796264648438,0.8843753337860107,-1,-1,-1
359,82,151.18661499023438,374.1679382324219,137.2403564453125,139.69345092773438,0.8990053534507751,-1,-1,-1
359,87,502.7255859375,298.71453857421875,80.7685546875,132.44204711914062,0.7631835341453552,-1,-1,-1
360,16,946.3819580078125,442.4439392089844,58.9996337890625,153.91726684570312,0.9064228534698486,-1,-1,-1
360,8,614.9403686523438,324.0054016113281,53.27081298828125,206.27365112304688,0.6905563473701477,-1,-1,-1
360,84,20.68581199645996,546.9153442382812,69.92914009094238,171.63262939453125,0.893504798412323,-1,-1,-1
360,65,851.7255249023438,339.375,74.303955078125,123.298095703125,0.9140371680259705,-1,-1,-1
360,3,617.7677612304688,524.7011108398438,53.94915771484375,188.10015869140625,0.8406221270561218,-1,-1,-1
360,52,398.4433288574219,294.868408203125,75.55325317382812,117.88314819335938,0.8469470143318176,-1,-1,-1
360,68,1179.888671875,244.3982391357422,60.741455078125,110.76481628417969,0.7391927242279053,-1,-1,-1
360,5,513.3797607421875,403.52825927734375,59.03631591796875,153.57757568359375,0.8521713614463806,-1,-1,-1
360,48,313.38751220703125,341.4381408691406,55.746124267578125,124.83853149414062,0.9187330603599548,-1,-1,-1
360,96,87.45429229736328,489.21429443359375,143.74596405029297,164.80023193359375,0.9072898030281067,-1,-1,-1
360,97,1150.5238037109375,407.22747802734375,66.3863525390625,137.42877197265625,0.7947939038276672,-1,-1,-1
360,82,165.8643798828125,382.642822265625,119.81280517578125,132.7764892578125,0.8555616140365601,-1,-1,-1
360,87,494.2695617675781,294.3120422363281,77.35763549804688,135.19528198242188,0.8102282285690308,-1,-1,-1
361,16,936.6654052734375,442.64794921875,60.02496337890625,152.989990234375,0.8880354166030884,-1,-1,-1
361,8,604.7484130859375,314.6573486328125,49.083984375,219.744140625,0.6813416481018066,-1,-1,-1
361,84,10.077686309814453,547.8015747070312,69.28882217407227,170.9951171875,0.8898118734359741,-1,-1,-1
361,65,845.0469360351562,339.1539611816406,80.8045654296875,121.4896240234375,0.9239776134490967,-1,-1,-1
361,3,608.994140625,524.3902587890625,57.52203369140625,188.87689208984375,0.8740200996398926,-1,-1,-1
361,52,394.5733337402344,296.0093078613281,76.88882446289062,118.54281616210938,0.8353949785232544,-1,-1,-1
361,68,1169.42041015625,244.66973876953125,61.353515625,109.68124389648438,0.6159797310829163,-1,-1,-1
361,5,500.83984375,410.4124450683594,70.36651611328125,146.18789672851562,0.7825350165367126,-1,-1,-1
361,48,305.95166015625,342.75970458984375,58.524078369140625,125.23309326171875,0.9158740639686584,-1,-1,-1
361,96,91.73441314697266,489.3153381347656,130.74042510986328,164.99215698242188,0.9107627868652344,-1,-1,-1
361,97,1124.70751953125,402.7266540527344,74.2420654296875,136.47384643554688,0.8535096049308777,-1,-1,-1
361,82,190.3756866455078,387.4424133300781,88.49967956542969,128.69924926757812,0.7297999858856201,-1,-1,-1
361,87,478.521484375,290.8816223144531,90.043212890625,150.39547729492188,0.8063097596168518,-1,-1,-1
362,16,924.8643798828125,442.70599365234375,61.27130126953125,151.6219482421875,0.8702069520950317,-1,-1,-1
362,84,0.0,548.8068237304688,67.24726867675781,170.3453369140625,0.8907491564750671,-1,-1,-1
362,65,835.7926635742188,338.86358642578125,88.28057861328125,119.31130981445312,0.8944401741027832,-1,-1,-1
362,3,598.244873046875,524.686279296875,61.61468505859375,187.2177734375,0.8581517338752747,-1,-1,-1
362,52,394.3482360839844,296.3280944824219,68.73635864257812,118.375244140625,0.8622252345085144,-1,-1,-1
362,68,1156.6781005859375,244.95559692382812,63.0347900390625,108.19546508789062,0.640718936920166,-1,-1,-1
362,5,488.9825134277344,415.11566162109375,71.42312622070312,141.41680908203125,0.6876344680786133,-1,-1,-1
362,48,299.8241882324219,343.85540771484375,57.986663818359375,124.44888305664062,0.8917763829231262,-1,-1,-1
362,96,93.21296691894531,489.0892639160156,118.27934265136719,165.72482299804688,0.8989474177360535,-1,-1,-1
362,97,1100.9420166015625,398.8266906738281,79.4412841796875,138.20559692382812,0.7209594249725342,-1,-1,-1
362,82,177.76051330566406,387.1910400390625,91.20915222167969,130.77288818359375,0.8442187309265137,-1,-1,-1
362,87,477.2925109863281,290.76556396484375,89.54483032226562,153.87716674804688,0.8053153157234192,-1,-1,-1
363,16,912.3241577148438,441.37969970703125,64.229248046875,152.09503173828125,0.9115014672279358,-1,-1,-1
363,84,0.0,549.6448364257812,53.27458572387695,169.39276123046875,0.8773630261421204,-1,-1,-1
363,65,825.0213623046875,337.83355712890625,91.0130615234375,115.246337890625,0.8887130618095398,-1,-1,-1
363,3,588.86376953125,524.7767333984375,61.86614990234375,186.40167236328125,0.8529482483863831,-1,-1,-1
363,52,392.8326721191406,297.6277770996094,59.828460693359375,117.77810668945312,0.7989163994789124,-1,-1,-1
363,68,1144.237548828125,244.61444091796875,63.662841796875,107.99252319335938,0.6935256719589233,-1,-1,-1
363,5,479.2208251953125,415.54254150390625,66.87860107421875,140.1807861328125,0.7887735366821289,-1,-1,-1
363,48,293.5396423339844,344.2867736816406,56.527374267578125,123.970947265625,0.8954535722732544,-1,-1,-1
363,96,92.45162200927734,487.32611083984375,110.3731460571289,168.49658203125,0.9048691987991333,-1,-1,-1
363,97,1078.3251953125,396.52911376953125,82.264404296875,135.31243896484375,0.6568568348884583,-1,-1,-1
363,82,194.52725219726562,385.5480651855469,64.84597778320312,131.61807250976562,0.7810762524604797,-1,-1,-1
363,87,475.7273254394531,292.7243347167969,84.93716430664062,154.71417236328125,0.8360638618469238,-1,-1,-1
363,70,594.1739501953125,312.92999267578125,47.70013427734375,128.8326416015625,0.4514666497707367,-1,-1,-1
363,8,576.7278442382812,287.2972106933594,55.8443603515625,248.65036010742188,0.6603776812553406,-1,-1,-1
364,16,902.7630615234375,441.2663269042969,65.26300048828125,151.66885375976562,0.875411331653595,-1,-1,-1
364,84,0.0,550.78564453125,39.28022003173828,167.86181640625,0.8623058795928955,-1,-1,-1
364,65,815.2778930664062,337.67218017578125,92.6844482421875,112.9798583984375,0.8807141184806824,-1,-1,-1
364,3,579.4614868164062,524.1448974609375,62.4044189453125,185.68310546875,0.8613080382347107,-1,-1,-1
364,52,390.64483642578125,297.5919494628906,52.82135009765625,119.1173095703125,0.8247277140617371,-1,-1,-1
364,68,1132.224365234375,246.4071044921875,63.58349609375,105.82534790039062,0.6197249293327332,-1,-1,-1
364,5,469.0818176269531,416.0755310058594,65.38528442382812,141.16763305664062,0.854833722114563,-1,-1,-1
364,48,288.219482421875,344.2293395996094,53.724700927734375,124.4627685546875,0.8993157744407654,-1,-1,-1
364,96,91.85681915283203,485.4705810546875,104.53295135498047,171.2625732421875,0.9049868583679199,-1,-1,-1
364,97,1057.500732421875,396.1414489746094,84.67724609375,134.04483032226562,0.8514173030853271,-1,-1,-1
364,82,201.27545166015625,381.7869567871094,61.161163330078125,136.24801635742188,0.8328840136528015,-1,-1,-1
364,87,475.7818908691406,303.2137451171875,75.54476928710938,144.540283203125,0.6870524287223816,-1,-1,-1
364,70,582.9617309570312,309.5264892578125,54.7626953125,134.95761108398438,0.6489269137382507,-1,-1,-1
364,8,565.3970947265625,285.6907653808594,54.78924560546875,247.18331909179688,0.5975989699363708,-1,-1,-1
365,16,893.980712890625,440.8899230957031,65.591796875,151.89669799804688,0.8545936346054077,-1,-1,-1
365,84,0.0,551.4575805664062,26.622236251831055,166.7227783203125,0.80903559923172,-1,-1,-1
365,65,806.7569580078125,337.98309326171875,93.97760009765625,111.27685546875,0.8541277647018433,-1,-1,-1
365,3,571.6845703125,523.9168090820312,61.56439208984375,185.2974853515625,0.8634743690490723,-1,-1,-1
365,52,388.9541931152344,297.6617736816406,47.353973388671875,119.30841064453125,0.8474058508872986,-1,-1,-1
365,68,1121.3851318359375,247.00682067871094,60.6070556640625,104.67649841308594,0.6375075578689575,-1,-1,-1
365,5,458.5738220214844,415.6950988769531,64.68832397460938,144.72256469726562,0.8561378121376038,-1,-1,-1
365,48,282.28173828125,343.5803527832031,49.94976806640625,124.72610473632812,0.8588623404502869,-1,-1,-1
365,96,95.34883880615234,482.8695983886719,96.3954086303711,171.18771362304688,0.8832786083221436,-1,-1,-1
365,97,1039.7882080078125,397.0413513183594,84.3212890625,135.80044555664062,0.8405323028564453,-1,-1,-1
365,82,202.045166015625,376.9204406738281,72.98403930664062,141.11874389648438,0.8770957589149475,-1,-1,-1
365,87,470.6513366699219,306.2637939453125,69.54476928710938,143.4515380859375,0.6847521662712097,-1,-1,-1
365,70,579.4844970703125,314.52789306640625,55.5328369140625,131.9375,0.6804841160774231,-1,-1,-1
365,8,550.0728759765625,281.1162414550781,59.7720947265625,250.60934448242188,0.719186007976532,-1,-1,-1
366,16,889.4188842773438,440.81597900390625,61.6583251953125,155.4814453125,0.876424252986908,-1,-1,-1
366,65,800.25244140625,338.9773864746094,95.11260986328125,108.17684936523438,0.8813145160675049,-1,-1,-1
366,3,563.5379028320312,523.7962646484375,61.85443115234375,185.34637451171875,0.878378689289093,-1,-1,-1
366,52,384.65679931640625,296.3346252441406,47.67327880859375,120.98870849609375,0.8638622760772705,-1,-1,-1
366,68,1111.439453125,247.26776123046875,57.362548828125,103.8353271484375,0.6877622008323669,-1,-1,-1
366,5,447.595947265625,416.71807861328125,66.35107421875,146.27801513671875,0.8722190856933594,-1,-1,-1
366,48,275.7073974609375,342.5911560058594,47.583282470703125,123.64654541015625,0.8191348910331726,-1,-1,-1
366,96,104.85582733154297,478.87762451171875,95.38863372802734,176.7615966796875,0.8842042088508606,-1,-1,-1
366,97,1027.52685546875,400.0528259277344,79.8236083984375,132.88308715820312,0.9105458855628967,-1,-1,-1
366,82,202.076904296875,373.18603515625,81.65505981445312,146.071044921875,0.9226933717727661,-1,-1,-1
366,87,462.352294921875,306.89581298828125,65.55206298828125,147.51907348632812,0.7991071343421936,-1,-1,-1
366,70,569.327880859375,314.6553955078125,65.28607177734375,132.36929321289062,0.4638845920562744,-1,-1,-1
366,8,537.6334228515625,279.0165100097656,63.16180419921875,253.19717407226562,0.6738359928131104,-1,-1,-1
367,16,885.7833862304688,440.67449951171875,56.58746337890625,156.81719970703125,0.8758910298347473,-1,-1,-1
367,65,798.5415649414062,340.6730041503906,93.8653564453125,104.64620971679688,0.8953465819358826,-1,-1,-1
367,3,556.0012817382812,523.7067260742188,61.44696044921875,184.40496826171875,0.7139262557029724,-1,-1,-1
367,52,378.23797607421875,294.28228759765625,50.073028564453125,122.66656494140625,0.8380312323570251,-1,-1,-1
367,68,1102.1392822265625,246.7748565673828,56.9820556640625,103.66181945800781,0.6391648650169373,-1,-1,-1
367,5,437.6947021484375,418.794921875,64.48416137695312,145.1402587890625,0.8837472200393677,-1,-1,-1
367,48,269.1523742675781,341.3956298828125,44.34814453125,122.78097534179688,0.8522103428840637,-1,-1,-1
367,96,113.99687957763672,475.0184020996094,95.52771759033203,180.61801147460938,0.9085966944694519,-1,-1,-1
367,97,1017.7515869140625,403.51776123046875,73.3060302734375,129.4801025390625,0.8775291442871094,-1,-1,-1
367,82,199.39019775390625,371.05133056640625,86.29315185546875,147.99493408203125,0.9216145277023315,-1,-1,-1
367,87,456.5263671875,309.20684814453125,58.07464599609375,150.38949584960938,0.8315507769584656,-1,-1,-1
367,70,561.991455078125,316.2874755859375,68.95574951171875,130.45806884765625,0.712472677230835,-1,-1,-1
367,8,531.8080444335938,282.4254150390625,60.6846923828125,247.49847412109375,0.6226576566696167,-1,-1,-1
368,16,877.6555786132812,441.072265625,55.10858154296875,155.08172607421875,0.8628273606300354,-1,-1,-1
368,65,796.293701171875,341.8798828125,92.966552734375,101.13674926757812,0.8682153224945068,-1,-1,-1
368,3,546.2288208007812,522.394775390625,63.13348388671875,185.15093994140625,0.8712400794029236,-1,-1,-1
368,52,370.4906005859375,292.89239501953125,61.032623291015625,124.53070068359375,0.8657077550888062,-1,-1,-1
368,68,1091.11376953125,245.55393981933594,54.7513427734375,102.93849182128906,0.5795646905899048,-1,-1,-1
368,5,428.28656005859375,420.839599609375,60.905975341796875,144.49749755859375,0.880376935005188,-1,-1,-1
368,48,260.6782531738281,341.89288330078125,48.67083740234375,124.82186889648438,0.7934751510620117,-1,-1,-1
368,96,113.46402740478516,471.25762939453125,98.60279083251953,184.19842529296875,0.9142069220542908,-1,-1,-1
368,97,1005.8613891601562,406.05902099609375,69.42169189453125,125.199951171875,0.8960848450660706,-1,-1,-1
368,82,194.70846557617188,370.9358215332031,86.47994995117188,147.57687377929688,0.9060629606246948,-1,-1,-1
368,87,449.57568359375,314.83575439453125,53.79937744140625,151.56451416015625,0.8390163779258728,-1,-1,-1
368,70,548.4786376953125,317.6665954589844,76.59521484375,129.42108154296875,0.7179873585700989,-1,-1,-1
368,8,524.4691772460938,300.1284484863281,59.9183349609375,222.79513549804688,0.47263193130493164,-1,-1,-1
369,16,867.0758056640625,441.2148742675781,54.02667236328125,153.40231323242188,0.8806741237640381,-1,-1,-1
369,65,787.0708618164062,343.0866394042969,98.00531005859375,99.7777099609375,0.8245545029640198,-1,-1,-1
369,3,535.5413208007812,521.7789916992188,63.439208984375,184.99774169921875,0.8118369579315186,-1,-1,-1
369,52,360.8796691894531,291.33709716796875,66.207275390625,125.95654296875,0.8711131811141968,-1,-1,-1
369,68,1077.9757080078125,244.13148498535156,58.9600830078125,101.88627624511719,0.544531524181366,-1,-1,-1
369,5,415.8829040527344,423.28240966796875,61.429473876953125,142.55517578125,0.8518275022506714,-1,-1,-1
369,48,250.35032653808594,342.3346252441406,55.75636291503906,121.99359130859375,0.8768999576568604,-1,-1,-1
369,96,108.70934295654297,467.831298828125,95.87468719482422,185.932373046875,0.9012701511383057,-1,-1,-1
369,97,991.4503784179688,407.36566162109375,67.22259521484375,122.8145751953125,0.8671813011169434,-1,-1,-1
369,82,186.9800262451172,369.9331359863281,83.83595275878906,147.54867553710938,0.8987381458282471,-1,-1,-1
369,87,439.8621826171875,321.6094055175781,53.075714111328125,155.16180419921875,0.8007654547691345,-1,-1,-1
369,70,538.5875244140625,319.1596984863281,77.56524658203125,127.98223876953125,0.5679498910903931,-1,-1,-1
369,8,513.8029174804688,286.5108337402344,62.33526611328125,233.63748168945312,0.48074132204055786,-1,-1,-1
370,16,854.1575927734375,439.50701904296875,53.29034423828125,153.0140380859375,0.8778206706047058,-1,-1,-1
370,65,772.9307250976562,343.23529052734375,101.3525390625,98.11016845703125,0.8321951627731323,-1,-1,-1
370,3,522.8558349609375,520.8428955078125,64.4813232421875,184.9837646484375,0.882430374622345,-1,-1,-1
370,52,348.40899658203125,289.72845458984375,67.62570190429688,125.09854125976562,0.8438674807548523,-1,-1,-1
370,68,1062.6455078125,242.22711181640625,60.86083984375,101.0313720703125,0.5400947332382202,-1,-1,-1
370,5,400.4655456542969,424.2770080566406,62.79010009765625,143.14889526367188,0.8712178468704224,-1,-1,-1
370,48,237.57913208007812,343.8473205566406,62.723114013671875,117.47845458984375,0.8308811783790588,-1,-1,-1
370,96,101.2787094116211,464.9560241699219,90.1714859008789,185.60922241210938,0.8528515100479126,-1,-1,-1
370,97,971.7280883789062,406.443359375,68.90069580078125,120.61529541015625,0.8884071111679077,-1,-1,-1
370,82,177.3415985107422,367.9483947753906,79.63029479980469,148.67221069335938,0.8745705485343933,-1,-1,-1
370,87,425.8343811035156,328.2822265625,56.714019775390625,160.58242797851562,0.7841286063194275,-1,-1,-1
370,70,518.9763793945312,320.6448669433594,85.65435791015625,123.61688232421875,0.7354666590690613,-1,-1,-1
371,16,836.174560546875,436.654296875,54.1724853515625,152.54302978515625,0.8486997485160828,-1,-1,-1
371,65,756.1963500976562,342.2663269042969,98.1668701171875,96.2574462890625,0.8610132932662964,-1,-1,-1
371,3,506.52899169921875,518.896240234375,64.56939697265625,185.31121826171875,0.8629719614982605,-1,-1,-1
371,52,331.2523498535156,288.8780212402344,68.61782836914062,123.64553833007812,0.7449840307235718,-1,-1,-1
371,68,1043.0552978515625,241.20201110839844,59.0400390625,99.52232360839844,0.4040636122226715,-1,-1,-1
371,5,381.70684814453125,424.15655517578125,60.873504638671875,145.74481201171875,0.6618871092796326,-1,-1,-1
371,48,218.01707458496094,346.4242858886719,71.05043029785156,113.93118286132812,0.6534180045127869,-1,-1,-1
371,96,91.74166870117188,462.2630310058594,81.28395080566406,184.90707397460938,0.8329594731330872,-1,-1,-1
371,97,950.9088745117188,402.8668518066406,67.62701416015625,121.02590942382812,0.8349359035491943,-1,-1,-1
371,82,167.63429260253906,363.9114685058594,70.71185302734375,150.12240600585938,0.8141539692878723,-1,-1,-1
371,87,408.8365173339844,336.19091796875,58.09075927734375,162.71343994140625,0.5842925906181335,-1,-1,-1
371,70,497.0015563964844,320.127685546875,91.46054077148438,122.60198974609375,0.5912543535232544,-1,-1,-1
372,16,815.1057739257812,433.7193908691406,55.29058837890625,152.89431762695312,0.8327100872993469,-1,-1,-1
372,65,735.7748413085938,340.14495849609375,101.3775634765625,96.55142211914062,0.8019946813583374,-1,-1,-1
372,3,485.5609436035156,516.9268798828125,65.79318237304688,184.76068115234375,0.8554965257644653,-1,-1,-1
372,52,310.6297302246094,286.7833557128906,67.25384521484375,123.90643310546875,0.7710024118423462,-1,-1,-1
372,5,357.1462097167969,424.0456848144531,60.730377197265625,149.82553100585938,0.7086699604988098,-1,-1,-1
372,48,191.3480682373047,349.75079345703125,78.69056701660156,140.90097045898438,0.4636930525302887,-1,-1,-1
372,96,76.7900619506836,458.19549560546875,72.8402328491211,186.0328369140625,0.8483633399009705,-1,-1,-1
372,97,928.7211303710938,398.3221740722656,65.541015625,122.53573608398438,0.8649017214775085,-1,-1,-1
372,82,150.47479248046875,359.1042785644531,64.24534606933594,152.04312133789062,0.7388424873352051,-1,-1,-1
372,87,387.89239501953125,346.9069519042969,54.04931640625,153.89498901367188,0.4847975969314575,-1,-1,-1
372,70,484.0810241699219,318.8981628417969,83.07113647460938,121.34622192382812,0.563444972038269,-1,-1,-1
373,16,794.365478515625,429.7727966308594,56.387451171875,155.21157836914062,0.8310143351554871,-1,-1,-1
373,65,714.7711791992188,337.6796569824219,104.2205810546875,98.7423095703125,0.7870261669158936,-1,-1,-1
373,3,465.06890869140625,516.2164306640625,66.5517578125,184.531494140625,0.8547648191452026,-1,-1,-1
373,52,290.4436340332031,285.2650146484375,65.06753540039062,123.74240112304688,0.698195219039917,-1,-1,-1
373,5,332.5632019042969,425.9830017089844,59.401214599609375,159.40628051757812,0.7775421142578125,-1,-1,-1
373,96,57.9743537902832,454.46246337890625,68.60770034790039,187.0888671875,0.814348042011261,-1,-1,-1
373,97,904.9503784179688,394.7519836425781,66.29632568359375,124.13931274414062,0.8399695754051208,-1,-1,-1
373,82,133.71925354003906,355.3768615722656,57.31581115722656,155.18804931640625,0.5952903032302856,-1,-1,-1
373,87,367.13446044921875,357.8803405761719,51.409515380859375,144.178466796875,0.49000298976898193,-1,-1,-1
373,70,457.89227294921875,317.6837158203125,86.010009765625,121.419189453125,0.4253956377506256,-1,-1,-1
374,16,772.87939453125,425.871337890625,59.5361328125,158.26654052734375,0.8285067081451416,-1,-1,-1
374,65,692.593505859375,333.5795593261719,106.18487548828125,103.059326171875,0.8010517954826355,-1,-1,-1
374,3,443.4232482910156,515.872314453125,66.33551025390625,185.66339111328125,0.8546686768531799,-1,-1,-1
374,52,269.0569152832031,283.9950256347656,63.6773681640625,124.60580444335938,0.7171298861503601,-1,-1,-1
374,5,306.52545166015625,427.70947265625,62.705230712890625,165.38409423828125,0.8165773749351501,-1,-1,-1
374,96,37.22190475463867,451.528076171875,68.51056289672852,184.62322998046875,0.8758525848388672,-1,-1,-1
374,97,880.2546997070312,391.0691223144531,66.13446044921875,126.29092407226562,0.8823711276054382,-1,-1,-1
374,82,114.38196563720703,352.9421081542969,52.268287658691406,152.39703369140625,0.5912111401557922,-1,-1,-1
374,87,344.6603088378906,366.5619812011719,58.10992431640625,143.36712646484375,0.6734534502029419,-1,-1,-1
375,16,752.2833862304688,420.6607360839844,61.2315673828125,162.27951049804688,0.861979067325592,-1,-1,-1
375,65,671.3299560546875,328.3121643066406,101.34661865234375,105.35507202148438,0.8033847808837891,-1,-1,-1
375,3,420.8493957519531,515.482177734375,66.97946166992188,187.3199462890625,0.8368780016899109,-1,-1,-1
375,52,247.0509796142578,282.7961120605469,61.50312805175781,124.95697021484375,0.6259925365447998,-1,-1,-1
375,5,280.475830078125,429.0260925292969,64.594970703125,167.41641235351562,0.8099473714828491,-1,-1,-1
375,96,14.76571273803711,448.8402404785156,68.84988784790039,188.32131958007812,0.8802620768547058,-1,-1,-1
375,97,852.6631469726562,388.18682861328125,71.05340576171875,125.4005126953125,0.8554278612136841,-1,-1,-1
375,82,92.8473129272461,351.1820983886719,49.293846130371094,158.062255859375,0.638853132724762,-1,-1,-1
375,87,320.5541687011719,372.5448303222656,57.489715576171875,142.22158813476562,0.40613827109336853,-1,-1,-1
375,103,1209.5101318359375,496.21710205078125,59.4046630859375,201.12060546875,0.8364238142967224,-1,-1,-1
376,16,733.38330078125,416.0125427246094,63.08721923828125,167.16506958007812,0.8604044914245605,-1,-1,-1
376,65,651.0587768554688,322.51239013671875,99.20440673828125,109.33590698242188,0.7505760788917542,-1,-1,-1
376,3,399.2830810546875,516.1951293945312,67.24520874023438,188.56683349609375,0.8403452038764954,-1,-1,-1
376,52,224.7838592529297,280.8402404785156,61.09788513183594,127.06988525390625,0.7039511203765869,-1,-1,-1
376,5,255.99618530273438,429.4838562011719,65.75119018554688,169.28585815429688,0.704853355884552,-1,-1,-1
376,96,0.0,447.03564453125,61.1968994140625,192.8170166015625,0.6708205938339233,-1,-1,-1
376,97,827.305908203125,386.51873779296875,75.98614501953125,124.10833740234375,0.8404505848884583,-1,-1,-1
376,82,70.10717010498047,351.3211364746094,53.43962860107422,161.59744262695312,0.6495237350463867,-1,-1,-1
376,87,298.014404296875,376.4888916015625,62.996795654296875,139.97772216796875,0.4130483865737915,-1,-1,-1
376,103,1188.446044921875,494.34930419921875,61.0667724609375,199.9832763671875,0.8459476232528687,-1,-1,-1
376,48,100.24960327148438,361.0112609863281,75.71858215332031,107.41952514648438,0.4074554741382599,-1,-1,-1
377,16,714.8890991210938,412.2929992675781,63.60198974609375,170.61996459960938,0.8465869426727295,-1,-1,-1
377,65,631.393798828125,316.5486755371094,99.18084716796875,115.1798095703125,0.8339376449584961,-1,-1,-1
377,3,377.4807434082031,516.4660034179688,67.0157470703125,189.36981201171875,0.8126873970031738,-1,-1,-1
377,52,201.99053955078125,280.1685485839844,59.56927490234375,126.84930419921875,0.6175575256347656,-1,-1,-1
377,5,228.89308166503906,428.8821105957031,69.12815856933594,172.62222290039062,0.7566229104995728,-1,-1,-1
377,96,0.0,447.4709777832031,41.7773551940918,190.62368774414062,0.5642951726913452,-1,-1,-1
377,97,803.3729858398438,387.6116943359375,79.942138671875,118.96685791015625,0.8750156760215759,-1,-1,-1
377,82,46.25623321533203,352.4665832519531,59.037452697753906,159.76583862304688,0.5593767166137695,-1,-1,-1
377,87,273.8216247558594,379.5318603515625,67.06143188476562,139.02178955078125,0.5418856143951416,-1,-1,-1
377,103,1167.319091796875,492.95440673828125,61.0120849609375,199.40826416015625,0.8738829493522644,-1,-1,-1
377,48,75.22872924804688,361.8658142089844,74.13728332519531,141.20712280273438,0.6076603531837463,-1,-1,-1
377,70,383.610107421875,307.178466796875,63.411285400390625,97.215576171875,0.6004603505134583,-1,-1,-1
378,16,695.1423950195312,410.0108642578125,64.10345458984375,173.4244384765625,0.8598619103431702,-1,-1,-1
378,65,617.9859008789062,312.56036376953125,92.04132080078125,119.96530151367188,0.8321384787559509,-1,-1,-1
378,3,354.04327392578125,518.2506713867188,68.07659912109375,190.66693115234375,0.8518191576004028,-1,-1,-1
378,52,178.68472290039062,280.15667724609375,57.45098876953125,127.67410278320312,0.6869531869888306,-1,-1,-1
378,5,203.59097290039062,428.8270568847656,69.99649047851562,176.10513305664062,0.7858739495277405,-1,-1,-1
378,97,782.7688598632812,388.8260498046875,80.6553955078125,111.61721801757812,0.8640877604484558,-1,-1,-1
378,82,23.0566463470459,355.77484130859375,63.58670234680176,158.02294921875,0.721171498298645,-1,-1,-1
378,103,1146.4793701171875,491.16558837890625,61.3154296875,199.77471923828125,0.8457708358764648,-1,-1,-1
378,48,52.6419563293457,361.0342712402344,72.01745986938477,150.9110107421875,0.4085700511932373,-1,-1,-1
378,104,334.6564025878906,371.3428649902344,89.91180419921875,166.30264282226562,0.5943681001663208,-1,-1,-1
378,70,365.8767395019531,305.4917297363281,58.812835693359375,95.38314819335938,0.5863403677940369,-1,-1,-1
379,16,676.422607421875,408.985595703125,67.40252685546875,174.305419921875,0.8681181073188782,-1,-1,-1
379,65,607.9180297851562,309.4883117675781,82.12249755859375,124.60629272460938,0.8576087355613708,-1,-1,-1
379,3,331.7002868652344,516.2324829101562,68.7606201171875,194.63177490234375,0.8638216853141785,-1,-1,-1
379,52,155.24508666992188,281.17822265625,56.48377990722656,128.46185302734375,0.7222796678543091,-1,-1,-1
379,5,176.37998962402344,428.98565673828125,72.19491577148438,178.78265380859375,0.8452408313751221,-1,-1,-1
379,97,767.375732421875,388.39068603515625,77.1951904296875,105.30886840820312,0.8605424165725708,-1,-1,-1
379,82,1.0343831777572632,357.21905517578125,83.50277197360992,162.61761474609375,0.6421962976455688,-1,-1,-1
379,103,1127.3316650390625,490.109619140625,60.4090576171875,200.23260498046875,0.873199462890625,-1,-1,-1
379,68,874.5745239257812,226.2854461669922,52.7503662109375,99.83949279785156,0.4274095296859741,-1,-1,-1
380,16,654.6107177734375,409.22601318359375,76.9599609375,173.2236328125,0.8954269886016846,-1,-1,-1
380,65,598.284912109375,306.1449890136719,73.772216796875,128.96246337890625,0.8533709049224854,-1,-1,-1
380,3,309.445556640625,516.51318359375,68.7591552734375,196.56695556640625,0.8195806741714478,-1,-1,-1
380,52,131.6785125732422,282.6393127441406,55.71990966796875,129.80825805664062,0.54889315366745,-1,-1,-1
380,5,149.1785888671875,427.0520324707031,75.54731750488281,183.68527221679688,0.8596563339233398,-1,-1,-1
380,97,760.209228515625,388.5382995605469,65.88165283203125,101.52981567382812,0.8200510144233704,-1,-1,-1
380,103,1108.7440185546875,488.7118225097656,60.5557861328125,200.54177856445312,0.8972544074058533,-1,-1,-1
380,105,1214.178955078125,231.43313598632812,46.3258056640625,71.62393188476562,0.5360062122344971,-1,-1,-1
380,68,855.7290649414062,224.97732543945312,53.40997314453125,99.884765625,0.4810444414615631,-1,-1,-1
380,87,199.47647094726562,388.9984130859375,67.46237182617188,132.75567626953125,0.405987024307251,-1,-1,-1
380,104,292.3467102050781,382.1601867675781,80.33428955078125,162.35946655273438,0.5086376667022705,-1,-1,-1
380,70,321.04937744140625,306.4081115722656,52.447662353515625,99.04006958007812,0.48040860891342163,-1,-1,-1
381,16,635.158935546875,410.9548034667969,85.13079833984375,172.50973510742188,0.9158419966697693,-1,-1,-1
381,65,583.8681640625,304.3296813964844,73.46453857421875,133.49221801757812,0.8918671607971191,-1,-1,-1
381,3,288.69830322265625,519.8529052734375,68.71929931640625,195.9339599609375,0.8622502684593201,-1,-1,-1
381,52,108.8149642944336,284.0690612792969,55.41156768798828,129.46224975585938,0.7364493012428284,-1,-1,-1
381,5,120.71630096435547,426.8752136230469,81.24942779541016,186.36575317382812,0.867880642414093,-1,-1,-1
381,97,749.055908203125,390.6391296386719,59.97479248046875,98.89663696289062,0.8646238446235657,-1,-1,-1
381,103,1092.055419921875,487.9174499511719,59.57470703125,202.10433959960938,0.8748384714126587,-1,-1,-1
381,105,1197.250732421875,230.7890625,46.22021484375,70.98272705078125,0.6428569555282593,-1,-1,-1
381,68,838.410888671875,224.611572265625,53.19512939453125,99.43182373046875,0.6228319406509399,-1,-1,-1
381,87,175.46734619140625,392.4929504394531,70.70942687988281,132.14608764648438,0.5832492113113403,-1,-1,-1
381,104,292.8995056152344,390.758056640625,59.3677978515625,157.7518310546875,0.6289764046669006,-1,-1,-1
381,70,300.02587890625,310.0411071777344,54.869049072265625,101.61135864257812,0.6337893605232239,-1,-1,-1
382,16,619.4940795898438,414.3324279785156,88.70892333984375,170.40591430664062,0.9215298891067505,-1,-1,-1
382,65,569.262451171875,303.71356201171875,76.76531982421875,135.5904541015625,0.8923819661140442,-1,-1,-1
382,3,268.9499206542969,521.4649658203125,70.2584228515625,196.6702880859375,0.8934560418128967,-1,-1,-1
382,52,87.93889617919922,285.60107421875,55.98125457763672,142.61196899414062,0.8233062624931335,-1,-1,-1
382,5,92.79295349121094,428.29364013671875,88.21255493164062,187.7822265625,0.876571536064148,-1,-1,-1
382,97,735.7317504882812,393.97723388671875,57.87933349609375,94.79302978515625,0.808767557144165,-1,-1,-1
382,103,1076.907470703125,487.0230712890625,59.529541015625,201.56280517578125,0.9001980423927307,-1,-1,-1
382,105,1182.673583984375,228.50936889648438,45.362060546875,71.16513061523438,0.7242012023925781,-1,-1,-1
382,68,823.2172241210938,223.47613525390625,53.98468017578125,99.56729125976562,0.7076337933540344,-1,-1,-1
382,87,154.88259887695312,395.15252685546875,71.63458251953125,132.405517578125,0.6173332333564758,-1,-1,-1
382,104,261.28985595703125,397.6452331542969,79.27734375,154.60067749023438,0.6390953063964844,-1,-1,-1
382,70,284.5829772949219,315.056640625,55.690032958984375,103.03433227539062,0.6462607383728027,-1,-1,-1
383,16,606.7028198242188,416.1944580078125,92.2828369140625,170.70074462890625,0.9143020510673523,-1,-1,-1
383,65,554.2476196289062,303.46380615234375,86.51312255859375,135.68704223632812,0.8835853338241577,-1,-1,-1
383,3,253.68336486816406,526.2596435546875,69.89833068847656,193.1754150390625,0.8825602531433105,-1,-1,-1
383,52,71.19133758544922,287.0523986816406,55.66828918457031,147.92312622070312,0.7764420509338379,-1,-1,-1
383,5,72.67427062988281,431.5387268066406,91.26557922363281,187.89370727539062,0.894629955291748,-1,-1,-1
383,97,722.5529174804688,397.8524475097656,65.22210693359375,89.08230590820312,0.740402340888977,-1,-1,-1
383,103,1067.664794921875,487.1815185546875,58.3375244140625,202.4691162109375,0.8926904797554016,-1,-1,-1
383,105,1172.4351806640625,225.98648071289062,44.3768310546875,73.44268798828125,0.7636646032333374,-1,-1,-1
383,68,813.4108276367188,221.9521942138672,52.5989990234375,100.93324279785156,0.7481276988983154,-1,-1,-1
383,87,138.94039916992188,396.4683837890625,71.79771423339844,132.251220703125,0.5881838798522949,-1,-1,-1
383,104,255.9429473876953,402.8816223144531,75.55958557128906,152.15902709960938,0.8360989093780518,-1,-1,-1
383,70,275.9298095703125,318.4189453125,59.425567626953125,97.88470458984375,0.6750917434692383,-1,-1,-1
384,16,600.3111572265625,417.81341552734375,94.0841064453125,171.4766845703125,0.9153247475624084,-1,-1,-1
384,65,547.0279541015625,304.26483154296875,91.82794189453125,136.08450317382812,0.9109816551208496,-1,-1,-1
384,3,245.2104949951172,529.4039306640625,69.78123474121094,190.5692138671875,0.8942737579345703,-1,-1,-1
384,52,59.91136932373047,289.0248718261719,54.83119201660156,150.49517822265625,0.8705267310142517,-1,-1,-1
384,5,59.474403381347656,433.4795837402344,95.96698760986328,190.25283813476562,0.9027009606361389,-1,-1,-1
384,97,724.6243286132812,400.7935485839844,72.66131591796875,82.23312377929688,0.4105157256126404,-1,-1,-1
384,103,1064.746826171875,488.52020263671875,56.3175048828125,202.58477783203125,0.9058166146278381,-1,-1,-1
384,105,1169.077880859375,226.0677032470703,44.13134765625,73.37403869628906,0.7845821380615234,-1,-1,-1
384,68,808.9324951171875,220.91238403320312,51.71087646484375,102.75363159179688,0.8626524806022644,-1,-1,-1
384,87,126.1544418334961,396.66204833984375,74.63990020751953,131.7235107421875,0.7798163294792175,-1,-1,-1
384,104,251.40310668945312,408.8406677246094,78.0364990234375,149.20492553710938,0.8487996459007263,-1,-1,-1
384,70,268.1794128417969,320.9664001464844,62.85772705078125,126.59457397460938,0.4951015114784241,-1,-1,-1
384,107,1142.61181640625,125.82453155517578,36.4254150390625,52.14972686767578,0.4027419686317444,-1,-1,-1
385,16,598.8196411132812,417.72283935546875,95.5435791015625,173.7215576171875,0.9121273159980774,-1,-1,-1
385,65,547.84765625,305.1531677246094,98.80108642578125,135.95156860351562,0.9103082418441772,-1,-1,-1
385,3,241.82406616210938,532.1184692382812,70.23953247070312,187.716796875,0.9085723757743835,-1,-1,-1
385,52,55.98189926147461,289.5874328613281,54.15482711791992,151.6942138671875,0.8873408436775208,-1,-1,-1
385,103,1066.212890625,489.57989501953125,56.5626220703125,203.9295654296875,0.9108622670173645,-1,-1,-1
385,105,1169.916259765625,225.46047973632812,44.946533203125,74.40423583984375,0.7402390837669373,-1,-1,-1
385,68,809.146484375,220.11521911621094,51.0164794921875,104.31013488769531,0.8734234571456909,-1,-1,-1
385,87,122.2289047241211,394.8373107910156,73.36861419677734,132.51840209960938,0.7590566277503967,-1,-1,-1
385,104,253.83837890625,412.1804504394531,80.46990966796875,148.04421997070312,0.6775640249252319,-1,-1,-1
385,70,268.5193176269531,322.2221984863281,62.9971923828125,112.54843139648438,0.5268102884292603,-1,-1,-1
385,108,223.83740234375,369.316650390625,59.31048583984375,175.28125,0.7279555797576904,-1,-1,-1
386,16,600.0999755859375,415.7541809082031,96.55670166015625,175.21432495117188,0.9104014039039612,-1,-1,-1
386,65,551.955078125,306.46295166015625,99.69476318359375,135.14370727539062,0.9287112951278687,-1,-1,-1
386,3,241.06732177734375,533.419677734375,69.94143676757812,186.00616455078125,0.9096566438674927,-1,-1,-1
386,52,54.45248794555664,289.7625427246094,53.774417877197266,152.67404174804688,0.8854066133499146,-1,-1,-1
386,103,1069.82275390625,490.1686706542969,56.738037109375,207.36343383789062,0.9091198444366455,-1,-1,-1
386,68,811.2335815429688,219.44212341308594,50.899169921875,105.57978820800781,0.8724231123924255,-1,-1,-1
386,87,122.18612670898438,391.4808044433594,72.94783020019531,132.72988891601562,0.8177921772003174,-1,-1,-1
386,104,267.53363037109375,414.11041259765625,74.49542236328125,148.9058837890625,0.8336890935897827,-1,-1,-1
386,70,271.972900390625,322.16351318359375,66.12197875976562,99.21124267578125,0.594893217086792,-1,-1,-1
386,108,223.18756103515625,370.5886535644531,73.30154418945312,177.73245239257812,0.7674560546875,-1,-1,-1
386,5,52.0922737121582,435.2861022949219,96.54839706420898,192.79788208007812,0.9050103425979614,-1,-1,-1
386,97,713.2791748046875,406.226318359375,87.06988525390625,69.39456176757812,0.4225814938545227,-1,-1,-1
386,107,1148.447021484375,123.26008605957031,36.776123046875,53.1072998046875,0.5059006214141846,-1,-1,-1
387,16,605.8271484375,412.5851135253906,93.83489990234375,175.05398559570312,0.8985093235969543,-1,-1,-1
387,65,554.3677978515625,307.24468994140625,100.19140625,134.43045043945312,0.9300076961517334,-1,-1,-1
387,3,240.52598571777344,533.5631103515625,70.47535705566406,185.42364501953125,0.9156317710876465,-1,-1,-1
387,52,53.86116409301758,289.7726135253906,53.71969985961914,153.00155639648438,0.8914036154747009,-1,-1,-1
387,103,1074.6527099609375,490.4105529785156,56.2279052734375,209.42794799804688,0.9149364829063416,-1,-1,-1
387,68,813.6710205078125,218.1325225830078,51.6719970703125,106.73085021972656,0.8738449215888977,-1,-1,-1
387,87,123.9981460571289,387.00982666015625,70.27928924560547,134.68377685546875,0.8099759221076965,-1,-1,-1
387,104,276.87445068359375,413.7146911621094,71.9215087890625,152.68679809570312,0.8734341263771057,-1,-1,-1
387,70,275.78997802734375,320.415771484375,68.53692626953125,98.74151611328125,0.7676396369934082,-1,-1,-1
387,108,222.9029541015625,370.6181335449219,80.12496948242188,179.36239624023438,0.8527972102165222,-1,-1,-1
387,5,51.83230972290039,434.2520751953125,94.87078475952148,193.92352294921875,0.9301488399505615,-1,-1,-1
387,97,715.3992309570312,394.5470886230469,88.10076904296875,75.46517944335938,0.521925151348114,-1,-1,-1
387,107,1152.8154296875,122.79766845703125,36.265869140625,52.66798400878906,0.5317500233650208,-1,-1,-1
388,16,616.0861206054688,409.6471862792969,87.81793212890625,172.92428588867188,0.9201043844223022,-1,-1,-1
388,65,556.8526000976562,308.97845458984375,99.5224609375,132.62738037109375,0.9174281358718872,-1,-1,-1
388,3,240.4735565185547,534.3810424804688,70.69764709472656,184.4857177734375,0.913978099822998,-1,-1,-1
388,52,53.955665588378906,289.86395263671875,54.236717224121094,153.80221557617188,0.8930116891860962,-1,-1,-1
388,103,1077.8377685546875,491.7491455078125,56.6632080078125,210.26422119140625,0.9292122721672058,-1,-1,-1
388,68,815.7884521484375,217.3150634765625,51.81524658203125,108.37066650390625,0.8558279275894165,-1,-1,-1
388,87,126.99156188964844,382.8027648925781,64.366943359375,139.88540649414062,0.5606348514556885,-1,-1,-1
388,104,287.800537109375,413.0306396484375,78.25250244140625,157.75421142578125,0.8642604351043701,-1,-1,-1
388,70,281.15301513671875,319.4801330566406,68.38754272460938,101.96133422851562,0.809447169303894,-1,-1,-1
388,108,223.6573028564453,370.8940124511719,82.75950622558594,178.25582885742188,0.9066392183303833,-1,-1,-1
388,5,51.88353729248047,434.17535400390625,94.15311431884766,195.50555419921875,0.9123128652572632,-1,-1,-1
388,107,1155.9232177734375,123.1195297241211,36.9193115234375,51.763343811035156,0.44499310851097107,-1,-1,-1
388,105,1179.4544677734375,225.44151306152344,47.6802978515625,75.49382019042969,0.6719492673873901,-1,-1,-1
389,16,626.9482421875,407.9135437011719,81.783935546875,171.38198852539062,0.9214807748794556,-1,-1,-1
389,65,561.90673828125,310.1941223144531,97.07757568359375,131.82424926757812,0.9241212606430054,-1,-1,-1
389,3,240.52940368652344,536.7637329101562,71.04588317871094,182.03778076171875,0.9186584949493408,-1,-1,-1
389,52,55.0528678894043,290.97119140625,55.799312591552734,153.91363525390625,0.9112308621406555,-1,-1,-1
389,103,1081.3929443359375,493.4765930175781,56.137939453125,209.67636108398438,0.9196929931640625,-1,-1,-1
389,68,817.7484741210938,217.23365783691406,52.098876953125,110.03382873535156,0.8646674156188965,-1,-1,-1
389,87,125.87747955322266,379.80462646484375,64.67646026611328,144.78570556640625,0.8451398611068726,-1,-1,-1
389,104,287.9830322265625,411.9381103515625,99.73980712890625,162.30450439453125,0.8581503629684448,-1,-1,-1
389,70,285.8574523925781,319.5,68.74917602539062,107.85739135742188,0.43738505244255066,-1,-1,-1
389,108,225.1012725830078,372.9739074707031,80.49180603027344,175.51016235351562,0.9074811935424805,-1,-1,-1
389,5,52.50978088378906,435.1542053222656,94.08224487304688,195.78683471679688,0.9198741316795349,-1,-1,-1
389,107,1158.2626953125,123.25093841552734,37.2294921875,54.04596710205078,0.4418018162250519,-1,-1,-1
389,88,183.80552673339844,153.42184448242188,50.61778259277344,161.89529418945312,0.4864613115787506,-1,-1,-1
390,16,639.0296020507812,404.4817199707031,75.0172119140625,174.28836059570312,0.9139358997344971,-1,-1,-1
390,65,568.9270629882812,310.6723327636719,92.18170166015625,131.5386962890625,0.9223204851150513,-1,-1,-1
390,3,240.5476531982422,539.074462890625,71.55708312988281,179.762451171875,0.9192661643028259,-1,-1,-1
390,52,57.11224365234375,293.4932556152344,57.242958068847656,152.37179565429688,0.888088047504425,-1,-1,-1
390,103,1085.55224609375,495.4949645996094,55.6551513671875,210.83401489257812,0.9093799591064453,-1,-1,-1
390,68,819.52294921875,217.0251922607422,53.19635009765625,111.96464538574219,0.8496973514556885,-1,-1,-1
390,87,127.07072448730469,377.6662902832031,65.09220886230469,149.90713500976562,0.8374471664428711,-1,-1,-1
390,104,307.6270751953125,412.17218017578125,97.90628051757812,164.3548583984375,0.8908548355102539,-1,-1,-1
390,70,308.1649475097656,320.1883850097656,56.87628173828125,111.97802734375,0.803396463394165,-1,-1,-1
390,108,226.3260498046875,375.8440856933594,82.44284057617188,173.99807739257812,0.9144383072853088,-1,-1,-1
390,5,53.41393280029297,435.1503601074219,94.92113494873047,196.83383178710938,0.9244416356086731,-1,-1,-1
390,88,184.90069580078125,154.30323791503906,50.38908386230469,162.57167053222656,0.4313334822654724,-1,-1,-1
391,16,651.9122314453125,401.7420654296875,68.35272216796875,178.29827880859375,0.9279162883758545,-1,-1,-1
391,65,577.9421997070312,310.7686767578125,86.46551513671875,130.11233520507812,0.9252595901489258,-1,-1,-1
391,3,241.40493774414062,541.6801147460938,72.12533569335938,177.194580078125,0.9224046468734741,-1,-1,-1
391,52,61.55121994018555,297.1915283203125,58.44974899291992,150.13040161132812,0.9027899503707886,-1,-1,-1
391,103,1091.0009765625,498.0033264160156,55.1710205078125,211.02041625976562,0.9066685438156128,-1,-1,-1
391,68,823.0760498046875,218.27322387695312,54.3328857421875,112.55685424804688,0.8431721925735474,-1,-1,-1
391,87,131.9033966064453,376.46258544921875,63.08575439453125,152.117919921875,0.8419860005378723,-1,-1,-1
391,104,320.8984375,414.3974914550781,100.01446533203125,164.04873657226562,0.8633719086647034,-1,-1,-1
391,70,319.739013671875,320.77960205078125,59.54412841796875,114.02413940429688,0.7914901375770569,-1,-1,-1
391,108,229.89036560058594,379.955810546875,85.99598693847656,172.24468994140625,0.9061739444732666,-1,-1,-1
391,5,57.050933837890625,437.2703552246094,95.48138427734375,195.64901733398438,0.9235813617706299,-1,-1,-1
391,97,732.14404296875,358.196044921875,81.6907958984375,99.59896850585938,0.7059552073478699,-1,-1,-1
391,105,1189.184326171875,229.93740844726562,48.8212890625,76.15737915039062,0.6163369417190552,-1,-1,-1
391,107,1166.4462890625,126.02462005615234,36.7314453125,56.208229064941406,0.4114416539669037,-1,-1,-1
392,16,667.7017211914062,399.8227844238281,59.1751708984375,180.65145874023438,0.9074645638465881,-1,-1,-1
392,65,585.4241943359375,311.12261962890625,83.8974609375,129.1558837890625,0.9044378995895386,-1,-1,-1
392,3,244.49258422851562,544.09814453125,72.25982666015625,175.16143798828125,0.9160186052322388,-1,-1,-1
392,52,68.26563262939453,303.27471923828125,59.2838134765625,146.33868408203125,0.904559314250946,-1,-1,-1
392,103,1096.8145751953125,500.86346435546875,55.8524169921875,214.51544189453125,0.916902482509613,-1,-1,-1
392,68,828.7588500976562,219.2248992919922,52.88006591796875,114.53617858886719,0.7833901643753052,-1,-1,-1
392,87,141.1954345703125,374.9129638671875,59.17189025878906,154.85894775390625,0.8403895497322083,-1,-1,-1
392,104,328.4034729003906,416.8959655761719,105.49911499023438,164.41769409179688,0.7871911525726318,-1,-1,-1
392,70,333.8268737792969,323.37786865234375,59.057525634765625,116.84756469726562,0.5667916536331177,-1,-1,-1
392,108,235.1302032470703,384.8548278808594,109.81837463378906,173.58596801757812,0.8116704821586609,-1,-1,-1
392,5,63.26285934448242,440.5816650390625,93.33806228637695,193.53326416015625,0.9210851788520813,-1,-1,-1
392,97,738.2470703125,355.2755432128906,86.71319580078125,103.29510498046875,0.4187925457954407,-1,-1,-1
392,105,1197.0028076171875,233.16285705566406,47.2562255859375,76.65812683105469,0.6214079856872559,-1,-1,-1
392,88,193.66595458984375,159.6673126220703,51.551544189453125,162.99293518066406,0.4142623245716095,-1,-1,-1
393,16,683.8985595703125,397.87762451171875,50.4251708984375,182.3955078125,0.8982373476028442,-1,-1,-1
393,65,585.2378540039062,310.997802734375,89.240478515625,130.87905883789062,0.8236556053161621,-1,-1,-1
393,3,249.37355041503906,546.9463500976562,71.73344421386719,172.75164794921875,0.9218551516532898,-1,-1,-1
393,52,76.97357177734375,309.2986755371094,59.351898193359375,143.34954833984375,0.9056637287139893,-1,-1,-1
393,103,1103.144287109375,504.8166809082031,56.405029296875,213.69137573242188,0.9152737259864807,-1,-1,-1
393,68,834.53759765625,222.01455688476562,51.97869873046875,115.39663696289062,0.7877153754234314,-1,-1,-1
393,87,153.1957550048828,373.9131164550781,64.57331848144531,159.17391967773438,0.661460816860199,-1,-1,-1
393,104,337.5313720703125,417.8992004394531,108.22470092773438,166.73287963867188,0.7957820296287537,-1,-1,-1
393,70,342.2029113769531,326.7990417480469,84.77938842773438,116.62289428710938,0.7551205158233643,-1,-1,-1
393,108,240.85888671875,388.5201416015625,113.36865234375,171.32330322265625,0.8919482231140137,-1,-1,-1
393,5,70.22249603271484,444.0931701660156,93.94356536865234,190.80050659179688,0.7757221460342407,-1,-1,-1
393,97,744.6848754882812,354.1205749511719,99.47119140625,107.4761962890625,0.6262794137001038,-1,-1,-1
393,88,200.51315307617188,162.0594024658203,50.88880920410156,159.44224548339844,0.4425533711910248,-1,-1,-1
393,107,1178.202880859375,132.3273162841797,37.6561279296875,56.438385009765625,0.4406845271587372,-1,-1,-1
394,16,695.2911987304688,398.0506286621094,47.029296875,180.36300659179688,0.8948052525520325,-1,-1,-1
394,65,587.2073974609375,311.5337829589844,92.5760498046875,133.70846557617188,0.8782385587692261,-1,-1,-1
394,3,251.67507934570312,550.5778198242188,72.76068115234375,169.20318603515625,0.9225150942802429,-1,-1,-1
394,52,84.14608764648438,316.0393371582031,61.723236083984375,139.544677734375,0.879664957523346,-1,-1,-1
394,103,1110.970947265625,508.42547607421875,56.11669921875,210.8109130859375,0.9092200398445129,-1,-1,-1
394,68,840.523193359375,223.94154357910156,53.04083251953125,116.72660827636719,0.8332428336143494,-1,-1,-1
394,87,162.56643676757812,372.4549560546875,68.57237243652344,162.47784423828125,0.8394307494163513,-1,-1,-1
394,70,349.5413513183594,329.21490478515625,98.44097900390625,116.54440307617188,0.7067378163337708,-1,-1,-1
394,108,246.28570556640625,391.7018127441406,122.29058837890625,183.68301391601562,0.8972599506378174,-1,-1,-1
394,5,77.43502807617188,446.8744201660156,99.45468139648438,188.15878295898438,0.9158902168273926,-1,-1,-1
394,97,749.08837890625,356.8038024902344,103.4921875,107.15533447265625,0.7511499524116516,-1,-1,-1
394,88,206.932861328125,166.53622436523438,51.14691162109375,160.58712768554688,0.46199464797973633,-1,-1,-1
394,105,1209.6759033203125,240.28321838378906,47.446533203125,75.89637756347656,0.5643157362937927,-1,-1,-1
395,16,703.6583862304688,399.77276611328125,47.9456787109375,177.7843017578125,0.8944311141967773,-1,-1,-1
395,65,589.6349487304688,312.9060363769531,93.8004150390625,135.4970703125,0.9135794639587402,-1,-1,-1
395,3,253.9578094482422,554.8595581054688,73.45738220214844,165.032470703125,0.5231041312217712,-1,-1,-1
395,52,90.16307067871094,323.1876220703125,64.85601806640625,135.1005859375,0.8690443634986877,-1,-1,-1
395,103,1120.3212890625,512.5556030273438,53.6971435546875,206.9442138671875,0.886322557926178,-1,-1,-1
395,68,846.4696044921875,225.53738403320312,53.73638916015625,118.31048583984375,0.8047840595245361,-1,-1,-1
395,87,170.2924041748047,372.093505859375,64.92625427246094,165.42578125,0.5983092784881592,-1,-1,-1
395,70,355.3046569824219,331.405029296875,108.81698608398438,119.79202270507812,0.8196535110473633,-1,-1,-1
395,108,252.00315856933594,394.45794677734375,119.55183410644531,173.8138427734375,0.8035008311271667,-1,-1,-1
395,5,85.26567077636719,449.2878723144531,105.16557312011719,186.56124877929688,0.9087817668914795,-1,-1,-1
395,97,765.4138793945312,363.346435546875,91.30950927734375,99.659423828125,0.6280947327613831,-1,-1,-1
395,105,1214.8079833984375,243.54446411132812,48.2293701171875,75.48077392578125,0.6450193524360657,-1,-1,-1
396,16,710.94189453125,402.7596435546875,48.76031494140625,172.55621337890625,0.8786824345588684,-1,-1,-1
396,65,597.704345703125,315.5199890136719,84.75042724609375,136.22479248046875,0.9213228821754456,-1,-1,-1
396,3,255.49574279785156,558.218017578125,74.59355163574219,161.73541259765625,0.9099727869033813,-1,-1,-1
396,52,96.29007720947266,328.7436218261719,65.72661590576172,132.79278564453125,0.8613336086273193,-1,-1,-1
396,103,1127.71435546875,516.19580078125,54.07177734375,203.80419921875,0.9010637402534485,-1,-1,-1
396,68,852.7637329101562,229.13438415527344,51.6214599609375,119.02632141113281,0.7986152768135071,-1,-1,-1
396,87,177.22312927246094,372.9841003417969,64.47267150878906,171.15487670898438,0.7632970213890076,-1,-1,-1
396,70,371.5000915527344,334.604248046875,106.68475341796875,104.75643920898438,0.5624088644981384,-1,-1,-1
396,108,259.1556701660156,397.3367614746094,116.15054321289062,170.73104858398438,0.9151400327682495,-1,-1,-1
396,5,96.47589111328125,450.4344177246094,105.13755798339844,186.23654174804688,0.8712270855903625,-1,-1,-1
396,97,781.22216796875,373.5050048828125,82.15704345703125,90.29876708984375,0.8052263259887695,-1,-1,-1
396,105,1220.749755859375,246.94625854492188,48.4012451171875,72.78387451171875,0.5800219178199768,-1,-1,-1
396,104,373.61883544921875,428.1963806152344,107.97457885742188,164.49935913085938,0.8480556011199951,-1,-1,-1
397,16,718.5181274414062,406.8986511230469,51.8001708984375,171.93118286132812,0.9083729386329651,-1,-1,-1
397,65,605.1697998046875,319.1258850097656,74.237060546875,136.57504272460938,0.9088916182518005,-1,-1,-1
397,3,257.7222900390625,561.7920532226562,74.58251953125,157.9100341796875,0.9140321016311646,-1,-1,-1
397,52,102.73107147216797,331.7721252441406,66.30233001708984,132.76953125,0.8899117708206177,-1,-1,-1
397,103,1135.8179931640625,520.1725463867188,53.4271240234375,199.82745361328125,0.9054999947547913,-1,-1,-1
397,68,859.437744140625,232.52572631835938,51.8900146484375,118.361083984375,0.8642383217811584,-1,-1,-1
397,87,185.6090087890625,375.33160400390625,62.20692443847656,172.197021484375,0.7996482849121094,-1,-1,-1
397,70,381.7503967285156,337.2862548828125,111.23867797851562,110.51870727539062,0.7982432246208191,-1,-1,-1
397,108,267.8355407714844,400.6214599609375,112.33840942382812,168.92169189453125,0.9084456562995911,-1,-1,-1
397,5,108.93305206298828,452.85089111328125,105.3709487915039,186.42974853515625,0.923589289188385,-1,-1,-1
397,97,789.6217041015625,386.9902648925781,79.04132080078125,77.6854248046875,0.41905534267425537,-1,-1,-1
397,105,1226.9188232421875,251.4188995361328,48.31591796875,74.72328186035156,0.7170878052711487,-1,-1,-1
397,104,397.6770935058594,429.8211975097656,95.574462890625,171.00875854492188,0.7436660528182983,-1,-1,-1
398,16,725.6062622070312,411.3839111328125,60.29412841796875,170.5987548828125,0.9184098839759827,-1,-1,-1
398,65,611.4246215820312,321.74945068359375,64.5916748046875,138.75833129882812,0.8881266117095947,-1,-1,-1
398,3,260.1813049316406,564.4910278320312,74.06295776367188,154.84515380859375,0.9034239053726196,-1,-1,-1
398,52,109.95521545410156,334.5981140136719,65.28239440917969,132.75079345703125,0.9030408263206482,-1,-1,-1
398,103,1143.47900390625,523.1767578125,56.0394287109375,196.5745849609375,0.9014928936958313,-1,-1,-1
398,68,865.7466430664062,234.43467712402344,50.0418701171875,118.65565490722656,0.8007522821426392,-1,-1,-1
398,87,192.1456756591797,379.0928649902344,61.32209777832031,172.90054321289062,0.7825935482978821,-1,-1,-1
398,70,420.9991760253906,341.5250244140625,82.96200561523438,110.207763671875,0.5131419897079468,-1,-1,-1
398,108,278.4477844238281,402.6048583984375,106.87612915039062,169.24481201171875,0.9049506783485413,-1,-1,-1
398,5,121.7552261352539,454.440673828125,96.09148406982422,187.23046875,0.8749392032623291,-1,-1,-1
398,97,795.20654296875,405.426025390625,81.3482666015625,58.837554931640625,0.5521790385246277,-1,-1,-1
398,105,1234.0013427734375,255.0177459716797,45.9986572265625,74.98313903808594,0.6408674120903015,-1,-1,-1
398,104,425.0408935546875,431.2984619140625,81.04153442382812,174.084228515625,0.7001026272773743,-1,-1,-1
398,88,228.8193359375,178.0612335205078,51.255035400390625,162.43580627441406,0.4766054153442383,-1,-1,-1
399,16,733.4147338867188,414.6529235839844,66.69256591796875,169.28555297851562,0.8959583640098572,-1,-1,-1
399,65,618.3516845703125,322.4619140625,58.54718017578125,142.6029052734375,0.8932697772979736,-1,-1,-1
399,3,263.08209228515625,566.603271484375,73.32687377929688,152.3623046875,0.915249764919281,-1,-1,-1
399,52,123.08800506591797,335.5410461425781,57.70954132080078,120.52471923828125,0.801062822341919,-1,-1,-1
399,103,1151.05126953125,525.3421020507812,64.5689697265625,194.3726806640625,0.8711024522781372,-1,-1,-1
399,68,871.8604125976562,236.50741577148438,48.02880859375,118.106689453125,0.7363726496696472,-1,-1,-1
399,87,200.46633911132812,381.8319091796875,59.797760009765625,166.9630126953125,0.5953350067138672,-1,-1,-1
399,70,448.2339782714844,344.2593994140625,68.42678833007812,117.4156494140625,0.7358669638633728,-1,-1,-1
399,108,289.7685852050781,404.20166015625,99.61984252929688,169.0802001953125,0.8899034261703491,-1,-1,-1
399,5,137.2290496826172,457.3186950683594,88.89503479003906,185.61734008789062,0.907953143119812,-1,-1,-1
399,97,800.4613037109375,413.64654541015625,83.32061767578125,51.9061279296875,0.7164978384971619,-1,-1,-1
399,105,1238.3157958984375,256.651123046875,41.6842041015625,75.92279052734375,0.604389488697052,-1,-1,-1
399,104,457.3536376953125,433.34478759765625,62.12725830078125,174.45849609375,0.7802308201789856,-1,-1,-1
400,16,740.5808715820312,416.2527160644531,73.1527099609375,169.44119262695312,0.9180986881256104,-1,-1,-1
400,65,626.1937866210938,322.6807556152344,53.97027587890625,147.25677490234375,0.8884206414222717,-1,-1,-1
400,3,266.3495788574219,568.3194580078125,72.7828369140625,150.40240478515625,0.9019473195075989,-1,-1,-1
400,52,135.5133514404297,337.55462646484375,53.17353820800781,114.27499389648438,0.7753744125366211,-1,-1,-1
400,103,1158.3955078125,527.7056884765625,71.9617919921875,191.905517578125,0.8405182957649231,-1,-1,-1
400,68,877.1522216796875,238.07078552246094,48.0391845703125,118.65361022949219,0.7922110557556152,-1,-1,-1
400,87,206.1124725341797,384.2320861816406,61.19969177246094,172.39834594726562,0.7027417421340942,-1,-1,-1
400,70,465.59283447265625,345.74945068359375,66.14697265625,119.53720092773438,0.7432154417037964,-1,-1,-1
400,108,303.317626953125,405.1273193359375,90.74551391601562,170.67578125,0.9049772620201111,-1,-1,-1
400,5,152.36654663085938,456.5008850097656,81.27925109863281,187.34109497070312,0.8822548389434814,-1,-1,-1
400,105,1243.800048828125,258.54266357421875,36.199951171875,73.27963256835938,0.5291343331336975,-1,-1,-1
400,104,479.9956970214844,442.3775939941406,61.937408447265625,167.23544311523438,0.6822309494018555,-1,-1,-1
401,16,747.2453002929688,417.74200439453125,77.78558349609375,169.5135498046875,0.9101995229721069,-1,-1,-1
401,65,632.5107421875,323.0830078125,52.3743896484375,152.85787963867188,0.8992229104042053,-1,-1,-1
401,3,269.9513244628906,569.5231323242188,71.44171142578125,149.00567626953125,0.8869947195053101,-1,-1,-1
401,52,148.5116424560547,339.15045166015625,50.46903991699219,114.26266479492188,0.7333608269691467,-1,-1,-1
401,103,1165.6510009765625,530.236083984375,73.451904296875,188.8392333984375,0.8707764744758606,-1,-1,-1
401,68,882.7777709960938,238.83714294433594,47.42559814453125,118.68205261230469,0.8121370077133179,-1,-1,-1
401,87,211.75633239746094,385.8485107421875,62.62513732910156,177.81689453125,0.5701383948326111,-1,-1,-1
401,70,478.6097412109375,346.5722351074219,66.18218994140625,125.12234497070312,0.8844260573387146,-1,-1,-1
401,108,319.18438720703125,405.7186584472656,81.27581787109375,170.48806762695312,0.9049409627914429,-1,-1,-1
401,5,162.5215606689453,456.06304931640625,75.78071594238281,188.19189453125,0.8772735595703125,-1,-1,-1
401,105,1249.5927734375,260.614501953125,30.4072265625,68.43539428710938,0.4146685004234314,-1,-1,-1
401,104,491.88848876953125,440.46282958984375,72.6568603515625,173.20867919921875,0.7893297076225281,-1,-1,-1
402,16,752.63818359375,418.5473327636719,81.98248291015625,170.17605590820312,0.9076221585273743,-1,-1,-1
402,65,636.2079467773438,323.5561218261719,54.87750244140625,155.23001098632812,0.896278440952301,-1,-1,-1
402,3,273.56640625,570.4912109375,68.60507202148438,147.8052978515625,0.8724886775016785,-1,-1,-1
402,52,159.5159912109375,341.4226379394531,48.55992126464844,127.58782958984375,0.7165117263793945,-1,-1,-1
402,103,1173.283203125,532.0759887695312,71.499755859375,186.815185546875,0.8942953944206238,-1,-1,-1
402,68,887.6160888671875,239.23643493652344,47.88079833984375,119.44499206542969,0.829624593257904,-1,-1,-1
402,87,217.60650634765625,386.6679992675781,58.74859619140625,177.65432739257812,0.5678216814994812,-1,-1,-1
402,70,490.3154296875,346.2620544433594,66.25885009765625,120.36087036132812,0.7938143014907837,-1,-1,-1
402,108,334.23321533203125,405.5981140136719,74.5419921875,171.45083618164062,0.9022806882858276,-1,-1,-1
402,5,171.0865936279297,456.32672119140625,71.71745300292969,187.97869873046875,0.8397079706192017,-1,-1,-1
402,104,503.5098571777344,439.63250732421875,91.86184692382812,178.051513671875,0.8938073515892029,-1,-1,-1
402,97,823.8179931640625,412.2950439453125,86.5853271484375,58.5609130859375,0.8463444113731384,-1,-1,-1
403,16,758.3424072265625,419.3779602050781,84.21685791015625,170.00650024414062,0.9006836414337158,-1,-1,-1
403,65,639.0003662109375,323.9394226074219,57.306396484375,156.36782836914062,0.8888423442840576,-1,-1,-1
403,3,276.44757080078125,571.1069946289062,67.531982421875,146.93560791015625,0.8694800734519958,-1,-1,-1
403,52,168.32838439941406,344.49560546875,48.32879638671875,133.35641479492188,0.6685541272163391,-1,-1,-1
403,103,1179.8016357421875,532.4871215820312,70.4154052734375,186.352294921875,0.8778150081634521,-1,-1,-1
403,68,891.5061645507812,239.7569580078125,49.3282470703125,119.3306884765625,0.8287115693092346,-1,-1,-1
403,87,222.64437866210938,387.27880859375,50.505340576171875,177.120361328125,0.5915416479110718,-1,-1,-1
403,70,501.4035949707031,345.3509216308594,66.24972534179688,123.788818359375,0.8111055493354797,-1,-1,-1
403,108,348.43023681640625,404.76593017578125,67.71469116210938,171.98480224609375,0.8937501907348633,-1,-1,-1
403,5,178.043701171875,454.2645568847656,69.55918884277344,189.66543579101562,0.8497446775436401,-1,-1,-1
403,104,516.6324462890625,441.9148864746094,102.207763671875,178.85842895507812,0.8738102316856384,-1,-1,-1
403,97,832.9202880859375,409.7037658691406,89.443603515625,61.981781005859375,0.795269250869751,-1,-1,-1
404,16,762.8615112304688,420.1092529296875,87.35894775390625,169.55084228515625,0.8841268420219421,-1,-1,-1
404,65,641.119384765625,325.3921203613281,59.7572021484375,155.81991577148438,0.8875026106834412,-1,-1,-1
404,3,279.1234436035156,571.3023071289062,68.2874755859375,146.26934814453125,0.8692687153816223,-1,-1,-1
404,52,175.67486572265625,346.9170227050781,50.43238830566406,132.61843872070312,0.5704420208930969,-1,-1,-1
404,103,1185.8939208984375,534.3172607421875,70.3800048828125,184.40478515625,0.8970004320144653,-1,-1,-1
404,68,895.2207641601562,239.50350952148438,50.28582763671875,119.58602905273438,0.8156957626342773,-1,-1,-1
404,87,227.69183349609375,387.295654296875,42.370758056640625,179.56304931640625,0.7291795015335083,-1,-1,-1
404,70,512.9801635742188,344.5748596191406,64.91705322265625,122.01690673828125,0.7525796890258789,-1,-1,-1
404,108,358.4187927246094,404.0948181152344,63.26275634765625,172.30947875976562,0.8868836760520935,-1,-1,-1
404,5,185.26785278320312,453.99365234375,66.09010314941406,190.17352294921875,0.833419919013977,-1,-1,-1
404,104,532.8619995117188,444.79302978515625,104.34649658203125,181.81488037109375,0.8296089768409729,-1,-1,-1
404,97,841.3046264648438,407.17218017578125,89.9871826171875,64.56369018554688,0.8125413060188293,-1,-1,-1
405,16,765.0109252929688,419.7848205566406,89.8399658203125,169.78982543945312,0.9114462733268738,-1,-1,-1
405,65,642.4699096679688,325.0260314941406,61.76214599609375,156.67510986328125,0.886216938495636,-1,-1,-1
405,3,281.9423828125,571.3096923828125,69.17636108398438,146.41754150390625,0.8984348177909851,-1,-1,-1
405,52,181.6203155517578,349.77178955078125,53.93452453613281,132.17605590820312,0.6630793809890747,-1,-1,-1
405,103,1190.306640625,536.4278564453125,70.9188232421875,182.23822021484375,0.8955520987510681,-1,-1,-1
405,68,898.6325073242188,239.5127716064453,49.55224609375,119.12065124511719,0.8261430859565735,-1,-1,-1
405,87,231.71157836914062,387.12945556640625,39.69049072265625,183.30743408203125,0.6977847218513489,-1,-1,-1
405,70,524.3538818359375,344.06500244140625,68.73583984375,126.51934814453125,0.5521279573440552,-1,-1,-1
405,108,364.9263000488281,403.23681640625,65.55404663085938,173.2711181640625,0.9088567495346069,-1,-1,-1
405,5,191.0075225830078,452.7202453613281,59.75901794433594,191.45858764648438,0.7405632734298706,-1,-1,-1
405,104,551.759765625,448.1518859863281,96.7030029296875,184.11154174804688,0.8911492228507996,-1,-1,-1
405,97,848.1622924804688,405.33807373046875,91.4210205078125,65.346923828125,0.8287351727485657,-1,-1,-1
406,16,768.0560913085938,419.6065368652344,90.12640380859375,169.90628051757812,0.9097411036491394,-1,-1,-1
406,65,643.3076782226562,324.84332275390625,63.8843994140625,160.04190063476562,0.88690185546875,-1,-1,-1
406,3,284.47607421875,571.1870727539062,69.29476928710938,146.4197998046875,0.8952152132987976,-1,-1,-1
406,52,186.35665893554688,351.14739990234375,52.986083984375,126.83047485351562,0.7260523438453674,-1,-1,-1
406,103,1194.32421875,537.8072509765625,71.56591796875,180.6103515625,0.9048238396644592,-1,-1,-1
406,68,901.0551147460938,238.840087890625,47.4517822265625,119.58526611328125,0.8385143876075745,-1,-1,-1
406,87,231.7836151123047,388.14361572265625,41.66859436035156,182.191162109375,0.5743017792701721,-1,-1,-1
406,70,536.9635009765625,344.232666015625,66.35540771484375,127.58639526367188,0.8223114013671875,-1,-1,-1
406,108,370.6977844238281,402.7893371582031,64.8846435546875,173.11080932617188,0.9189634323120117,-1,-1,-1
406,5,195.5879364013672,449.6782531738281,58.23155212402344,193.18954467773438,0.7164018750190735,-1,-1,-1
406,104,566.8553466796875,452.6057434082031,87.2996826171875,184.04763793945312,0.8772705793380737,-1,-1,-1
406,97,852.8724975585938,404.14306640625,89.82025146484375,66.34783935546875,0.814907968044281,-1,-1,-1
407,16,771.5550537109375,418.593994140625,88.9130859375,169.80035400390625,0.9169874787330627,-1,-1,-1
407,65,643.5194091796875,323.42901611328125,66.2005615234375,165.04013061523438,0.8701674938201904,-1,-1,-1
407,3,287.78460693359375,571.2877807617188,68.260986328125,146.14300537109375,0.8954831957817078,-1,-1,-1
407,52,191.059814453125,351.9740905761719,52.512451171875,117.2197265625,0.6525780558586121,-1,-1,-1
407,103,1198.7540283203125,538.6594848632812,71.368408203125,179.7257080078125,0.9052761793136597,-1,-1,-1
407,68,903.6124267578125,238.65013122558594,45.214599609375,119.68849182128906,0.8454077243804932,-1,-1,-1
407,87,235.0746612548828,388.87939453125,42.64466857910156,181.09149169921875,0.6927958726882935,-1,-1,-1
407,70,547.2230834960938,344.6424865722656,62.6732177734375,128.15548706054688,0.8755761384963989,-1,-1,-1
407,108,375.7386779785156,401.9903259277344,62.299468994140625,173.16616821289062,0.9134311079978943,-1,-1,-1
407,5,200.618896484375,445.9826965332031,52.997467041015625,195.14248657226562,0.8080613613128662,-1,-1,-1
407,104,578.4805297851562,457.76434326171875,80.19219970703125,180.40869140625,0.8869596719741821,-1,-1,-1
407,97,855.3976440429688,402.85546875,92.38232421875,67.766357421875,0.8156356811523438,-1,-1,-1
408,16,775.5731811523438,417.4638977050781,86.86029052734375,170.06698608398438,0.9180527925491333,-1,-1,-1
408,65,643.6314086914062,322.6302490234375,68.35150146484375,167.62088012695312,0.8479478359222412,-1,-1,-1
408,3,290.11102294921875,571.6090698242188,68.59494018554688,145.86468505859375,0.8936675786972046,-1,-1,-1
408,52,195.41958618164062,352.38116455078125,50.20367431640625,119.93890380859375,0.6972273588180542,-1,-1,-1
408,103,1203.3896484375,538.432373046875,71.01025390625,180.51654052734375,0.7533482313156128,-1,-1,-1
408,68,905.575439453125,238.74972534179688,44.990234375,119.5096435546875,0.8485362529754639,-1,-1,-1
408,87,238.2788848876953,389.98345947265625,44.96641540527344,180.40447998046875,0.6766449809074402,-1,-1,-1
408,70,555.0565795898438,344.8813171386719,63.84368896484375,129.17608642578125,0.884621262550354,-1,-1,-1
408,108,380.1407775878906,401.2498474121094,59.411376953125,173.50698852539062,0.907107412815094,-1,-1,-1
408,5,204.87042236328125,450.67584228515625,54.27642822265625,188.86553955078125,0.6307968497276306,-1,-1,-1
408,104,588.60595703125,461.5968933105469,83.41790771484375,176.33193969726562,0.9078543782234192,-1,-1,-1
408,97,857.8391723632812,395.7148132324219,95.02685546875,75.77059936523438,0.8556296825408936,-1,-1,-1
409,16,779.2169189453125,416.6977233886719,84.06243896484375,170.32247924804688,0.9177320599555969,-1,-1,-1
409,65,643.6590576171875,322.0749816894531,70.53533935546875,169.42190551757812,0.8679202198982239,-1,-1,-1
409,3,291.9586486816406,572.365478515625,68.08380126953125,145.3773193359375,0.8991320729255676,-1,-1,-1
409,52,199.21800231933594,353.1246643066406,48.248992919921875,119.98040771484375,0.6983591318130493,-1,-1,-1
409,103,1208.3360595703125,539.3259887695312,70.9847412109375,179.628173828125,0.8927415013313293,-1,-1,-1
409,68,908.0369873046875,238.7321014404297,44.27203369140625,119.83882141113281,0.8158986568450928,-1,-1,-1
409,87,242.4706573486328,392.0619812011719,43.20198059082031,175.27749633789062,0.6941328048706055,-1,-1,-1
409,70,561.9522705078125,345.30853271484375,63.2100830078125,130.17095947265625,0.9101604223251343,-1,-1,-1
409,108,383.39532470703125,400.9838562011719,56.363250732421875,173.67044067382812,0.8989253044128418,-1,-1,-1
409,5,208.67550659179688,451.42822265625,55.9127197265625,187.40020751953125,0.8387731313705444,-1,-1,-1
409,104,594.5753784179688,463.9995422363281,92.041748046875,174.49795532226562,0.9039381742477417,-1,-1,-1
409,97,860.7734985351562,388.89923095703125,98.63067626953125,84.5262451171875,0.8549261689186096,-1,-1,-1
409,113,166.5987548828125,152.87606811523438,41.32887268066406,55.71681213378906,0.47994866967201233,-1,-1,-1
410,16,781.6636962890625,416.25811767578125,82.61358642578125,170.4412841796875,0.9205902218818665,-1,-1,-1
410,65,643.7236938476562,322.2843322753906,71.75634765625,169.45693969726562,0.8770633935928345,-1,-1,-1
410,3,292.8724670410156,572.6287841796875,68.2823486328125,145.23992919921875,0.9015274047851562,-1,-1,-1
410,52,203.0020751953125,353.7519836425781,45.680419921875,122.01177978515625,0.4647713601589203,-1,-1,-1
410,103,1214.7635498046875,538.8765258789062,65.2364501953125,180.11163330078125,0.8886386752128601,-1,-1,-1
410,68,909.7982177734375,238.47250366210938,45.2596435546875,120.620849609375,0.8192780017852783,-1,-1,-1
410,87,244.4786834716797,394.69012451171875,41.13694763183594,169.76849365234375,0.6489986181259155,-1,-1,-1
410,70,567.3492431640625,345.1351318359375,58.8636474609375,131.1282958984375,0.9187502861022949,-1,-1,-1
410,108,385.96502685546875,400.7439880371094,53.653167724609375,173.70913696289062,0.8562137484550476,-1,-1,-1
410,5,211.3217315673828,450.4796447753906,54.88172912597656,189.35098266601562,0.8526199460029602,-1,-1,-1
410,104,601.09130859375,467.9253234863281,101.3048095703125,179.68997192382812,0.8843539357185364,-1,-1,-1
410,97,862.0570678710938,385.6434631347656,103.3248291015625,89.82952880859375,0.8422119617462158,-1,-1,-1
410,113,168.59268188476562,153.13548278808594,41.2498779296875,54.91456604003906,0.4526740610599518,-1,-1,-1
411,16,782.44140625,416.1412048339844,82.7003173828125,170.91177368164062,0.9192112684249878,-1,-1,-1
411,65,643.6945190429688,322.3583068847656,73.17999267578125,169.20755004882812,0.8877654075622559,-1,-1,-1
411,3,293.4836730957031,573.3370361328125,68.781982421875,144.68060302734375,0.9049434065818787,-1,-1,-1
411,52,206.24754333496094,353.4552307128906,44.38957214355469,109.84658813476562,0.48685574531555176,-1,-1,-1
411,103,1222.2181396484375,538.1349487304688,57.7818603515625,180.67742919921875,0.8563664555549622,-1,-1,-1
411,68,911.9093017578125,238.75384521484375,44.9681396484375,120.66131591796875,0.8169658780097961,-1,-1,-1
411,87,246.30563354492188,396.706787109375,40.684173583984375,174.49041748046875,0.641428530216217,-1,-1,-1
411,70,571.1781005859375,344.22076416015625,56.587646484375,132.16455078125,0.9072003960609436,-1,-1,-1
411,108,388.1786804199219,400.1544494628906,52.278228759765625,174.38632202148438,0.879773736000061,-1,-1,-1
411,5,214.45472717285156,449.32861328125,51.82212829589844,191.934814453125,0.8265124559402466,-1,-1,-1
411,104,604.9232788085938,472.68719482421875,111.73797607421875,190.6341552734375,0.901459813117981,-1,-1,-1
411,97,863.6441040039062,384.62542724609375,108.73590087890625,92.96640014648438,0.7974802851676941,-1,-1,-1
412,16,782.726806640625,416.33648681640625,83.200927734375,171.22265625,0.9148439168930054,-1,-1,-1
412,65,644.0474853515625,322.2434387207031,74.7021484375,168.53143310546875,0.8826044201850891,-1,-1,-1
412,3,294.0910949707031,574.4395751953125,69.19244384765625,143.6085205078125,0.906724214553833,-1,-1,-1
412,52,209.9326171875,353.0983581542969,43.38316345214844,112.67001342773438,0.5928887128829956,-1,-1,-1
412,103,1232.29052734375,536.5675048828125,47.70947265625,182.0069580078125,0.8702217936515808,-1,-1,-1
412,68,913.8626098632812,238.3463134765625,44.0897216796875,120.99038696289062,0.792512834072113,-1,-1,-1
412,87,247.64317321777344,397.8461608886719,39.61299133300781,176.91482543945312,0.6057866215705872,-1,-1,-1
412,70,574.7271118164062,343.4068298339844,54.91363525390625,133.13955688476562,0.9045735597610474,-1,-1,-1
412,108,390.26190185546875,399.31512451171875,51.351348876953125,175.23785400390625,0.8758217692375183,-1,-1,-1
412,5,217.5673065185547,449.6208801269531,49.35026550292969,192.71463012695312,0.8302916884422302,-1,-1,-1
412,104,607.3302612304688,478.4609069824219,120.24468994140625,187.88742065429688,0.8987115621566772,-1,-1,-1
412,97,865.517578125,392.79473876953125,112.3428955078125,86.75619506835938,0.8259649872779846,-1,-1,-1
413,16,782.7333984375,416.5486755371094,83.4091796875,171.12783813476562,0.9118707180023193,-1,-1,-1
413,65,644.4912719726562,323.15704345703125,75.4228515625,165.94583129882812,0.8982434272766113,-1,-1,-1
413,3,294.7401428222656,575.6319580078125,69.24105834960938,142.31024169921875,0.903703510761261,-1,-1,-1
413,52,213.4679412841797,352.6205139160156,42.79313659667969,118.38790893554688,0.5597242116928101,-1,-1,-1
413,103,1240.991455078125,536.3690185546875,39.008544921875,182.10687255859375,0.8585770726203918,-1,-1,-1
413,68,915.5628051757812,238.29466247558594,45.29425048828125,120.92387390136719,0.7522057294845581,-1,-1,-1
413,87,248.8784942626953,397.96197509765625,39.05610656738281,161.99169921875,0.6787757873535156,-1,-1,-1
413,70,577.9901733398438,342.3931884765625,53.31292724609375,134.7078857421875,0.897737979888916,-1,-1,-1
413,108,392.4100036621094,398.3531188964844,52.08221435546875,176.29269409179688,0.8751025795936584,-1,-1,-1
413,5,220.350341796875,449.7587890625,50.39215087890625,193.7322998046875,0.833511233329773,-1,-1,-1
413,104,613.2910766601562,484.9578857421875,125.30889892578125,182.62445068359375,0.8917525410652161,-1,-1,-1
413,97,867.0958251953125,394.4505310058594,114.98583984375,85.0418701171875,0.8649154901504517,-1,-1,-1
414,16,782.1920776367188,416.3799743652344,82.7987060546875,170.73928833007812,0.9126455187797546,-1,-1,-1
414,65,645.2467651367188,324.1982116699219,76.014892578125,163.59182739257812,0.9096656441688538,-1,-1,-1
414,3,296.1605529785156,576.3983154296875,69.8094482421875,141.2496337890625,0.9114381670951843,-1,-1,-1
414,52,217.8321075439453,351.995849609375,40.93284606933594,107.38226318359375,0.7094978094100952,-1,-1,-1
414,103,1245.455322265625,535.7072143554688,34.4599609375,182.4111328125,0.8490423560142517,-1,-1,-1
414,68,916.8624877929688,238.3231964111328,45.059326171875,120.77513122558594,0.7783527970314026,-1,-1,-1
414,87,250.34268188476562,398.5545959472656,38.03009033203125,154.61831665039062,0.7265921831130981,-1,-1,-1
414,70,580.4028930664062,341.16424560546875,53.7210693359375,136.07357788085938,0.8953068256378174,-1,-1,-1
414,108,395.2508850097656,397.677001953125,53.06707763671875,177.38232421875,0.8893983960151672,-1,-1,-1
414,5,223.87167358398438,449.8194580078125,49.445953369140625,194.1715087890625,0.8562103509902954,-1,-1,-1
414,104,619.6589965820312,490.2779846191406,132.64349365234375,180.28768920898438,0.893116295337677,-1,-1,-1
414,97,868.0963134765625,396.8251037597656,116.7950439453125,83.15939331054688,0.8817397952079773,-1,-1,-1
415,16,780.1710815429688,416.0804138183594,81.1544189453125,170.55838012695312,0.9202622175216675,-1,-1,-1
415,65,644.9074096679688,322.60919189453125,76.345458984375,164.4404296875,0.9059755802154541,-1,-1,-1
415,3,296.7991027832031,577.3890380859375,70.62939453125,140.0050048828125,0.9150981903076172,-1,-1,-1
415,103,1247.775634765625,536.1309204101562,31.54345703125,181.96563720703125,0.8331249952316284,-1,-1,-1
415,68,917.0419311523438,238.5491485595703,47.6412353515625,120.34852600097656,0.786992609500885,-1,-1,-1
415,87,252.16900634765625,396.9002990722656,38.846099853515625,153.64248657226562,0.6331557035446167,-1,-1,-1
415,70,581.559814453125,340.4113464355469,54.53485107421875,136.5064697265625,0.8623024225234985,-1,-1,-1
415,108,397.7073669433594,396.7685852050781,54.39111328125,178.79476928710938,0.9001032114028931,-1,-1,-1
415,5,226.4681396484375,450.2059631347656,53.01104736328125,193.06015014648438,0.8728792667388916,-1,-1,-1
415,104,627.0542602539062,492.3584899902344,136.874755859375,178.73483276367188,0.7311446666717529,-1,-1,-1
415,97,868.07080078125,396.3319091796875,116.8631591796875,83.64132690429688,0.900904655456543,-1,-1,-1
416,16,777.9573364257812,415.6915283203125,79.113525390625,170.41448974609375,0.9223268628120422,-1,-1,-1
416,65,645.751220703125,314.7515869140625,73.7225341796875,173.41427612304688,0.8125219941139221,-1,-1,-1
416,3,297.49700927734375,577.6543579101562,70.98355102539062,139.64141845703125,0.9181934595108032,-1,-1,-1
416,103,1248.5030517578125,535.5484619140625,30.4876708984375,182.6070556640625,0.830076277256012,-1,-1,-1
416,68,916.7566528320312,238.9574737548828,48.60479736328125,120.16419982910156,0.7808487415313721,-1,-1,-1
416,70,582.412109375,340.3742980957031,54.40435791015625,136.18093872070312,0.878571093082428,-1,-1,-1
416,108,399.2486877441406,396.13372802734375,55.925537109375,179.9503173828125,0.8968253135681152,-1,-1,-1
416,5,229.6478729248047,450.2314758300781,52.40745544433594,191.40029907226562,0.867999792098999,-1,-1,-1
416,104,653.0949096679688,495.102783203125,118.46649169921875,177.35784912109375,0.5813913345336914,-1,-1,-1
416,97,868.0604858398438,396.171630859375,113.724853515625,82.85003662109375,0.899483859539032,-1,-1,-1
417,16,774.7966918945312,415.1664123535156,75.80694580078125,169.09555053710938,0.9190366268157959,-1,-1,-1
417,65,649.7094116210938,308.93011474609375,65.38623046875,179.786865234375,0.8445580005645752,-1,-1,-1
417,3,297.9870300292969,577.72412109375,71.747802734375,139.450927734375,0.9150866270065308,-1,-1,-1
417,103,1248.20166015625,535.5241088867188,30.546630859375,182.45465087890625,0.8319337964057922,-1,-1,-1
417,68,915.844970703125,239.54920959472656,49.10394287109375,119.85176086425781,0.779293417930603,-1,-1,-1
417,70,582.6524658203125,339.4545593261719,54.19000244140625,136.78753662109375,0.8816359043121338,-1,-1,-1
417,108,397.8523254394531,395.7139587402344,59.212066650390625,180.35501098632812,0.893229603767395,-1,-1,-1
417,5,233.66346740722656,450.89190673828125,50.85481262207031,189.62322998046875,0.8461288809776306,-1,-1,-1
417,104,651.3042602539062,497.2044372558594,126.1014404296875,179.85299682617188,0.8879347443580627,-1,-1,-1
417,97,867.7380981445312,395.41717529296875,105.97637939453125,82.1888427734375,0.886056125164032,-1,-1,-1
417,52,231.80062866210938,354.190673828125,36.96368408203125,118.6585693359375,0.635850191116333,-1,-1,-1
418,16,770.5211181640625,414.6136169433594,72.36181640625,168.12124633789062,0.9067371487617493,-1,-1,-1
418,65,653.5527954101562,312.9500732421875,54.83392333984375,175.7952880859375,0.738442599773407,-1,-1,-1
418,3,299.3121032714844,577.4459228515625,71.72369384765625,139.88262939453125,0.9117391109466553,-1,-1,-1
418,103,1247.9915771484375,534.6942138671875,30.7781982421875,183.4473876953125,0.8377843499183655,-1,-1,-1
418,68,914.5820922851562,240.22122192382812,48.80450439453125,119.52886962890625,0.7645213603973389,-1,-1,-1
418,70,581.8794555664062,339.2267761230469,55.3218994140625,136.23898315429688,0.8836998343467712,-1,-1,-1
418,108,395.7152099609375,395.21697998046875,62.7889404296875,180.6143798828125,0.8948793411254883,-1,-1,-1
418,5,237.42034912109375,449.8559875488281,51.47442626953125,188.84323120117188,0.8146411776542664,-1,-1,-1
418,104,658.5651245117188,499.2521057128906,122.5177001953125,179.71640014648438,0.8531475067138672,-1,-1,-1
418,97,867.0072631835938,394.3852844238281,97.809814453125,81.60858154296875,0.8961203694343567,-1,-1,-1
418,52,236.27337646484375,357.7839660644531,35.1490478515625,114.249755859375,0.6556047797203064,-1,-1,-1
418,88,294.5435791015625,187.06871032714844,50.242828369140625,162.11439514160156,0.4357008635997772,-1,-1,-1
419,16,767.0767822265625,414.8945007324219,66.96148681640625,166.27029418945312,0.9232282638549805,-1,-1,-1
419,65,659.3757934570312,318.41522216796875,46.63970947265625,169.979736328125,0.6203609108924866,-1,-1,-1
419,3,300.49920654296875,577.1802368164062,71.63006591796875,140.38153076171875,0.9125974178314209,-1,-1,-1
419,103,1247.86962890625,533.9134521484375,30.8516845703125,184.37060546875,0.8504077196121216,-1,-1,-1
419,68,913.777099609375,240.96075439453125,47.2962646484375,119.18719482421875,0.7699260711669922,-1,-1,-1
419,70,581.1931762695312,338.8014221191406,56.437744140625,135.75787353515625,0.8814806342124939,-1,-1,-1
419,108,394.2987060546875,394.990234375,65.03518676757812,179.47979736328125,0.8952658772468567,-1,-1,-1
419,5,241.2876739501953,449.2833557128906,52.43562316894531,187.71652221679688,0.8072556853294373,-1,-1,-1
419,104,668.38427734375,500.0970458984375,114.1663818359375,178.2796630859375,0.8594260811805725,-1,-1,-1
419,97,865.1321411132812,392.85980224609375,98.39849853515625,82.37844848632812,0.9063420295715332,-1,-1,-1
420,16,762.91943359375,414.7506103515625,67.32550048828125,164.74407958984375,0.9168949723243713,-1,-1,-1
420,65,661.4683227539062,317.8328552246094,45.442626953125,170.05145263671875,0.8401415944099426,-1,-1,-1
420,3,301.9766540527344,577.0476684570312,71.14022827148438,140.55218505859375,0.912687361240387,-1,-1,-1
420,103,1246.6195068359375,532.7264404296875,32.1231689453125,185.44989013671875,0.8577197194099426,-1,-1,-1
420,68,912.3323974609375,242.05029296875,45.8448486328125,118.40420532226562,0.7948630452156067,-1,-1,-1
420,70,580.433837890625,338.2501220703125,57.90399169921875,135.35885620117188,0.8941003084182739,-1,-1,-1
420,108,393.527587890625,395.0908508300781,65.97772216796875,178.26345825195312,0.8983514308929443,-1,-1,-1
420,5,245.34918212890625,447.8825378417969,53.475830078125,187.41116333007812,0.8261727094650269,-1,-1,-1
420,104,665.4445190429688,499.4802551269531,116.91229248046875,178.15255737304688,0.8938314318656921,-1,-1,-1
420,97,863.4437255859375,391.8042297363281,106.07977294921875,82.54153442382812,0.9026663303375244,-1,-1,-1
421,16,759.0530395507812,415.0335998535156,69.2288818359375,162.75357055664062,0.9145326018333435,-1,-1,-1
421,65,657.5262451171875,310.3641052246094,50.99591064453125,176.39773559570312,0.8003637790679932,-1,-1,-1
421,3,303.3310852050781,576.713134765625,72.04855346679688,140.89996337890625,0.9159948825836182,-1,-1,-1
421,103,1245.8306884765625,531.96240234375,32.83056640625,186.04449462890625,0.8536866307258606,-1,-1,-1
421,68,911.0496826171875,242.61962890625,46.87841796875,117.89645385742188,0.7807987928390503,-1,-1,-1
421,70,580.2579956054688,336.9430847167969,58.63360595703125,135.92996215820312,0.8907489776611328,-1,-1,-1
421,108,394.1838073730469,395.51202392578125,65.83047485351562,177.49176025390625,0.8997308015823364,-1,-1,-1
421,5,249.5038604736328,439.048583984375,52.77488708496094,195.252685546875,0.6632766127586365,-1,-1,-1
421,104,662.8318481445312,497.5295104980469,118.93585205078125,181.66976928710938,0.9057446122169495,-1,-1,-1
421,97,862.1969604492188,391.7222900390625,109.9605712890625,81.97317504882812,0.8767085075378418,-1,-1,-1
421,52,248.30813598632812,371.248779296875,34.71435546875,103.38278198242188,0.5371787548065186,-1,-1,-1
422,16,755.4876098632812,416.0438537597656,71.9315185546875,160.81790161132812,0.9255967140197754,-1,-1,-1
422,65,655.201416015625,312.73590087890625,54.90570068359375,172.72833251953125,0.7938001751899719,-1,-1,-1
422,3,305.2021789550781,575.6608276367188,72.05294799804688,142.09979248046875,0.9111730456352234,-1,-1,-1
422,103,1244.1859130859375,530.9766845703125,34.4493408203125,187.260498046875,0.8611018657684326,-1,-1,-1
422,68,910.0537109375,243.45452880859375,45.2498779296875,117.1864013671875,0.8118742108345032,-1,-1,-1
422,70,580.6119995117188,336.0105895996094,58.673828125,135.7349853515625,0.8901680111885071,-1,-1,-1
422,108,395.4783935546875,396.35174560546875,65.32965087890625,175.90777587890625,0.9050127267837524,-1,-1,-1
422,5,254.0028533935547,421.1756591796875,53.48124694824219,211.8089599609375,0.7787873148918152,-1,-1,-1
422,104,661.7990112304688,495.019775390625,117.3193359375,182.48193359375,0.9093456268310547,-1,-1,-1
422,97,860.7644653320312,392.320556640625,110.28289794921875,80.55181884765625,0.9052145481109619,-1,-1,-1
422,52,251.83340454101562,374.91796875,34.149505615234375,100.2073974609375,0.6069414019584656,-1,-1,-1
422,88,305.1017761230469,190.5202178955078,50.41302490234375,155.0222930908203,0.4032942056655884,-1,-1,-1
423,16,751.4637451171875,416.482666015625,75.32513427734375,159.47064208984375,0.8956421613693237,-1,-1,-1
423,65,653.7487182617188,316.24603271484375,58.99151611328125,168.0360107421875,0.8828502297401428,-1,-1,-1
423,3,308.5523986816406,574.3192749023438,70.91189575195312,143.55560302734375,0.8909592628479004,-1,-1,-1
423,103,1239.3680419921875,529.33251953125,39.1689453125,189.21160888671875,0.8359773755073547,-1,-1,-1
423,68,908.391357421875,244.6750946044922,44.7218017578125,116.27131652832031,0.8022432923316956,-1,-1,-1
423,70,581.4977416992188,335.55206298828125,58.8724365234375,135.38333129882812,0.8903436064720154,-1,-1,-1
423,108,397.465576171875,397.7309265136719,64.04812622070312,174.30575561523438,0.9060459136962891,-1,-1,-1
423,5,257.8159484863281,436.7640686035156,53.296539306640625,194.14089965820312,0.8036957383155823,-1,-1,-1
423,104,661.6922607421875,492.6588439941406,114.001220703125,182.94894409179688,0.9051069617271423,-1,-1,-1
423,97,859.4415283203125,392.3233642578125,107.275634765625,79.56954956054688,0.9016315937042236,-1,-1,-1
423,52,254.52947998046875,376.8521728515625,35.865875244140625,98.59735107421875,0.5304645299911499,-1,-1,-1
423,87,269.64556884765625,411.5361328125,41.325927734375,119.2294921875,0.466432124376297,-1,-1,-1
424,16,746.4689331054688,416.91107177734375,79.72222900390625,157.109375,0.9162828326225281,-1,-1,-1
424,65,653.162353515625,323.14019775390625,63.46368408203125,160.85498046875,0.9229161143302917,-1,-1,-1
424,3,312.7121887207031,572.8768310546875,70.77395629882812,144.94580078125,0.9137991666793823,-1,-1,-1
424,103,1228.510498046875,528.9262084960938,49.8592529296875,189.70172119140625,0.8640744090080261,-1,-1,-1
424,68,907.2236938476562,245.9589080810547,46.73736572265625,114.68836975097656,0.8058875799179077,-1,-1,-1
424,70,583.378173828125,335.5922546386719,58.936279296875,134.44137573242188,0.8891770839691162,-1,-1,-1
424,108,400.0145263671875,399.5111083984375,63.144989013671875,170.85162353515625,0.9207035303115845,-1,-1,-1
424,5,262.45269775390625,440.6498718261719,54.801025390625,188.00912475585938,0.7948329448699951,-1,-1,-1
424,104,664.2819213867188,490.734130859375,108.03778076171875,182.2464599609375,0.9026830196380615,-1,-1,-1
424,97,858.24267578125,391.804931640625,101.083984375,78.5306396484375,0.909156322479248,-1,-1,-1
424,52,257.8581237792969,378.5177917480469,37.42608642578125,114.14688110351562,0.5596906542778015,-1,-1,-1
425,16,743.490966796875,417.3246765136719,82.3055419921875,155.16525268554688,0.9094721078872681,-1,-1,-1
425,65,653.3297119140625,329.88232421875,66.599853515625,153.30108642578125,0.9182154536247253,-1,-1,-1
425,3,317.349853515625,571.6776123046875,69.96347045898438,146.08258056640625,0.9173138737678528,-1,-1,-1
425,103,1221.205322265625,526.3410034179688,56.924072265625,192.52642822265625,0.8813338875770569,-1,-1,-1
425,68,906.1372680664062,247.38046264648438,48.33843994140625,113.17825317382812,0.825982391834259,-1,-1,-1
425,70,585.0555419921875,335.8309020996094,58.92828369140625,133.3079833984375,0.8945589065551758,-1,-1,-1
425,108,403.63873291015625,400.8804626464844,61.924713134765625,168.14968872070312,0.9088234901428223,-1,-1,-1
425,5,267.99810791015625,444.4134216308594,53.4993896484375,181.34011840820312,0.7925952076911926,-1,-1,-1
425,104,668.5576171875,489.7960510253906,101.19110107421875,179.59805297851562,0.9042369723320007,-1,-1,-1
425,97,857.0188598632812,391.3206787109375,91.7015380859375,78.12509155273438,0.9133897423744202,-1,-1,-1
425,52,261.4007263183594,379.84912109375,42.72576904296875,124.77108764648438,0.5840778946876526,-1,-1,-1
425,88,318.9898376464844,198.03233337402344,45.959686279296875,148.89024353027344,0.48854780197143555,-1,-1,-1
426,16,740.4183959960938,417.409423828125,84.855224609375,154.20611572265625,0.9201478362083435,-1,-1,-1
426,65,654.314697265625,334.0488586425781,68.5797119140625,148.31735229492188,0.9229036569595337,-1,-1,-1
426,3,321.92193603515625,570.3650512695312,69.15383911132812,147.10748291015625,0.9079089164733887,-1,-1,-1
426,103,1216.3909912109375,524.2354125976562,61.7830810546875,194.0089111328125,0.8839770555496216,-1,-1,-1
426,70,588.0984497070312,336.536376953125,57.59393310546875,131.80224609375,0.8871727585792542,-1,-1,-1
426,108,408.4878234863281,402.6492004394531,60.958282470703125,164.76901245117188,0.9019502401351929,-1,-1,-1
426,5,273.6692810058594,445.82489013671875,53.92083740234375,176.91412353515625,0.8004245758056641,-1,-1,-1
426,104,674.2901000976562,489.5138244628906,93.76129150390625,177.61801147460938,0.9091518521308899,-1,-1,-1
426,97,854.8758544921875,389.15789794921875,89.8216552734375,80.2454833984375,0.9310229420661926,-1,-1,-1
426,52,266.69378662109375,380.84100341796875,41.825408935546875,127.60610961914062,0.5495865941047668,-1,-1,-1
426,88,324.2311096191406,199.99378967285156,47.141021728515625,148.4461212158203,0.43318572640419006,-1,-1,-1
427,16,738.0204467773438,417.012939453125,85.85552978515625,153.52978515625,0.921981692314148,-1,-1,-1
427,65,658.1085205078125,336.9647521972656,67.4417724609375,144.73348999023438,0.9193351864814758,-1,-1,-1
427,3,327.16259765625,570.0313720703125,67.86178588867188,147.56134033203125,0.9184148907661438,-1,-1,-1
427,103,1215.1187744140625,523.2459106445312,63.8228759765625,192.62591552734375,0.8847742080688477,-1,-1,-1
427,70,591.8018798828125,337.5439758300781,55.60052490234375,129.61892700195312,0.8946951627731323,-1,-1,-1
427,108,413.2181091308594,404.5906982421875,59.89093017578125,160.85498046875,0.9103043079376221,-1,-1,-1
427,5,279.4184875488281,447.93035888671875,61.15234375,172.62164306640625,0.7796776294708252,-1,-1,-1
427,104,679.5880126953125,490.45111083984375,87.5284423828125,176.58441162109375,0.9109240174293518,-1,-1,-1
427,97,853.1819458007812,386.84735107421875,88.63433837890625,84.250732421875,0.9224883317947388,-1,-1,-1
427,88,330.18438720703125,201.5637969970703,45.365631103515625,146.21607971191406,0.4618135094642639,-1,-1,-1
427,68,905.9987182617188,249.78163146972656,46.02923583984375,111.03410339355469,0.7844386696815491,-1,-1,-1
428,16,737.5595092773438,416.5323791503906,83.14813232421875,152.61996459960938,0.8971056342124939,-1,-1,-1
428,65,662.2348022460938,339.5028381347656,66.63323974609375,141.81716918945312,0.9171649217605591,-1,-1,-1
428,3,333.67340087890625,569.703857421875,66.831298828125,148.1920166015625,0.9319176077842712,-1,-1,-1
428,103,1216.4429931640625,522.1119995117188,62.577880859375,190.07781982421875,0.8790074586868286,-1,-1,-1
428,70,594.8494873046875,339.3887634277344,55.20208740234375,127.18267822265625,0.8988382816314697,-1,-1,-1
428,108,418.6970520019531,405.2505798339844,59.198455810546875,157.53140258789062,0.9050881862640381,-1,-1,-1
428,5,286.14508056640625,448.1958312988281,57.63616943359375,169.11434936523438,0.7769054174423218,-1,-1,-1
428,104,681.5214233398438,493.3882141113281,84.94683837890625,175.20486450195312,0.91246497631073,-1,-1,-1
428,97,851.8571166992188,385.58734130859375,87.08026123046875,88.3460693359375,0.8993642926216125,-1,-1,-1
428,114,1243.234619140625,275.9833984375,35.5733642578125,66.762939453125,0.5082650780677795,-1,-1,-1
428,68,906.8646240234375,251.20628356933594,43.587890625,109.62730407714844,0.7094849348068237,-1,-1,-1
429,16,736.5470581054688,415.91778564453125,79.48431396484375,152.2215576171875,0.8647406101226807,-1,-1,-1
429,65,667.2431640625,341.0194396972656,63.97607421875,138.7587890625,0.8718032836914062,-1,-1,-1
429,3,339.7790832519531,570.1104125976562,65.90777587890625,147.92779541015625,0.9172170758247375,-1,-1,-1
429,103,1221.7835693359375,520.9363403320312,57.5731201171875,188.8717041015625,0.8715644478797913,-1,-1,-1
429,70,598.142333984375,342.91998291015625,54.4918212890625,122.43521118164062,0.9046302437782288,-1,-1,-1
429,108,424.1993713378906,405.7690124511719,58.25994873046875,156.15371704101562,0.888777494430542,-1,-1,-1
429,5,294.12115478515625,448.779541015625,59.8336181640625,165.3272705078125,0.7981927990913391,-1,-1,-1
429,104,677.9442138671875,497.2197265625,89.99505615234375,170.94384765625,0.8963832259178162,-1,-1,-1
429,97,850.6849365234375,384.3099060058594,83.5185546875,94.71371459960938,0.9205114841461182,-1,-1,-1
429,114,1241.048583984375,276.581298828125,37.49365234375,66.92178344726562,0.6185829043388367,-1,-1,-1
429,68,907.9129638671875,252.9236297607422,42.01690673828125,108.76985168457031,0.6944294571876526,-1,-1,-1
430,16,741.8947143554688,415.19476318359375,69.45513916015625,151.864013671875,0.7112051844596863,-1,-1,-1
430,65,675.6234741210938,341.2919006347656,59.0133056640625,137.67031860351562,0.8806728720664978,-1,-1,-1
430,3,347.22845458984375,570.2391967773438,64.15106201171875,147.98272705078125,0.9122095704078674,-1,-1,-1
430,103,1229.55224609375,519.1024780273438,50.1339111328125,189.547119140625,0.8370397090911865,-1,-1,-1
430,70,602.0056762695312,346.8062438964844,52.74224853515625,118.0484619140625,0.9152580499649048,-1,-1,-1
430,108,430.4142761230469,406.3744812011719,57.172698974609375,154.81063842773438,0.891425371170044,-1,-1,-1
430,5,301.0030517578125,449.7329406738281,56.639892578125,163.80892944335938,0.7815390229225159,-1,-1,-1
430,104,681.4340209960938,502.4603271484375,89.3922119140625,164.78857421875,0.8673297762870789,-1,-1,-1
430,97,850.0753173828125,383.2677001953125,80.36865234375,97.71746826171875,0.9185330867767334,-1,-1,-1
430,114,1239.70654296875,277.5854797363281,39.088623046875,67.36361694335938,0.6049239635467529,-1,-1,-1
430,68,909.314208984375,254.65728759765625,41.5068359375,107.52182006835938,0.674437940120697,-1,-1,-1
430,52,296.5584716796875,388.4898376464844,38.611328125,125.43270874023438,0.41879433393478394,-1,-1,-1
431,16,750.3257446289062,414.07257080078125,56.5826416015625,152.04754638671875,0.8678639531135559,-1,-1,-1
431,65,684.0537719726562,342.2323913574219,55.1085205078125,136.56390380859375,0.8897811770439148,-1,-1,-1
431,3,353.870849609375,569.9430541992188,63.89691162109375,148.751708984375,0.9030994176864624,-1,-1,-1
431,103,1241.5848388671875,517.5543212890625,38.4151611328125,188.59637451171875,0.7790712714195251,-1,-1,-1
431,70,606.383056640625,350.5893249511719,51.2681884765625,114.84130859375,0.906854510307312,-1,-1,-1
431,108,435.5609436035156,407.912841796875,55.10577392578125,151.7291259765625,0.8840369582176208,-1,-1,-1
431,5,307.8277587890625,452.4054870605469,57.388916015625,162.57919311523438,0.7020002603530884,-1,-1,-1
431,104,671.7839965820312,504.91119384765625,102.13525390625,161.839111328125,0.8963030576705933,-1,-1,-1
431,97,850.4593505859375,382.3246154785156,74.54736328125,98.81851196289062,0.9059208631515503,-1,-1,-1
431,114,1239.7635498046875,278.5510559082031,39.7376708984375,66.86761474609375,0.5438893437385559,-1,-1,-1
431,68,911.3424682617188,255.68397521972656,42.0643310546875,107.21833801269531,0.6152650117874146,-1,-1,-1
431,115,1.5145200490951538,384.691650390625,22.630459427833557,92.45846557617188,0.7474477887153625,-1,-1,-1
432,16,754.8052978515625,413.4021301269531,46.40643310546875,151.03616333007812,0.8391346335411072,-1,-1,-1
432,65,690.6431274414062,342.8406982421875,55.001708984375,135.82818603515625,0.8735736608505249,-1,-1,-1
432,3,362.44927978515625,568.4219360351562,62.2803955078125,149.7567138671875,0.9040865898132324,-1,-1,-1
432,103,1253.7352294921875,519.2545166015625,26.2647705078125,185.19500732421875,0.6977669596672058,-1,-1,-1
432,70,611.0830078125,352.5074157714844,49.22747802734375,113.24105834960938,0.8835620880126953,-1,-1,-1
432,108,442.97442626953125,409.189697265625,50.316192626953125,148.96026611328125,0.8955397605895996,-1,-1,-1
432,5,319.3750305175781,444.5138244628906,56.588348388671875,172.37234497070312,0.6938349008560181,-1,-1,-1
432,104,666.5781860351562,504.59185791015625,110.19036865234375,159.20556640625,0.9084106087684631,-1,-1,-1
432,97,851.528564453125,381.7334899902344,64.72540283203125,99.41741943359375,0.8861081004142761,-1,-1,-1
432,114,1239.5849609375,280.7247314453125,39.771728515625,65.853515625,0.5015484094619751,-1,-1,-1
432,68,913.512939453125,257.0933837890625,42.93115234375,107.17306518554688,0.6788602471351624,-1,-1,-1
432,115,4.35601806640625,381.76361083984375,34.80942916870117,95.53704833984375,0.7883331179618835,-1,-1,-1
433,16,752.20361328125,413.7904052734375,43.08551025390625,150.83935546875,0.7110430598258972,-1,-1,-1
433,65,697.1171264648438,343.5419006347656,56.701171875,135.16586303710938,0.904535710811615,-1,-1,-1
433,3,370.1511535644531,567.1331787109375,62.099853515625,150.98388671875,0.9125915169715881,-1,-1,-1
433,103,1260.98095703125,533.3015747070312,18.8255615234375,166.46844482421875,0.7242363095283508,-1,-1,-1
433,70,615.75732421875,354.0124206542969,49.02801513671875,112.80264282226562,0.8894668221473694,-1,-1,-1
433,108,449.7150573730469,410.626953125,47.546539306640625,145.25994873046875,0.9012489318847656,-1,-1,-1
433,5,330.2015075683594,438.39208984375,56.70416259765625,178.49176025390625,0.6702042818069458,-1,-1,-1
433,104,662.6744384765625,502.42681884765625,114.95849609375,160.1778564453125,0.9125656485557556,-1,-1,-1
433,97,842.0548095703125,381.5728759765625,64.353271484375,99.058837890625,0.8053416013717651,-1,-1,-1
433,114,1239.988525390625,282.751708984375,39.361083984375,64.50433349609375,0.4997956454753876,-1,-1,-1
433,68,916.18798828125,259.1408996582031,44.74053955078125,105.40850830078125,0.5801792144775391,-1,-1,-1
433,115,5.890111923217773,380.0262756347656,46.93118858337402,104.11428833007812,0.8045015931129456,-1,-1,-1
433,52,323.5319519042969,396.958984375,40.572845458984375,120.71142578125,0.557342529296875,-1,-1,-1
434,16,754.6193237304688,414.8462219238281,38.6546630859375,149.53994750976562,0.7086565494537354,-1,-1,-1
434,65,703.7506103515625,344.3491516113281,53.537109375,137.46859741210938,0.9105527997016907,-1,-1,-1
434,3,377.67987060546875,566.31201171875,61.854888916015625,151.925048828125,0.8918747305870056,-1,-1,-1
434,70,619.3787231445312,355.2651672363281,50.09759521484375,113.12789916992188,0.8578303456306458,-1,-1,-1
434,108,456.4898986816406,411.8704528808594,45.7353515625,142.54928588867188,0.8883417844772339,-1,-1,-1
434,5,339.80426025390625,436.0270690917969,57.211669921875,181.18862915039062,0.6336698532104492,-1,-1,-1
434,104,665.1236572265625,500.22576904296875,110.42724609375,157.7935791015625,0.9011383056640625,-1,-1,-1
434,97,848.748291015625,381.1025695800781,53.3336181640625,98.44876098632812,0.8664379715919495,-1,-1,-1
434,68,919.3860473632812,261.232177734375,46.68780517578125,104.02749633789062,0.6002163887023926,-1,-1,-1
434,115,13.389965057373047,378.4460754394531,52.22262954711914,106.53384399414062,0.8174865245819092,-1,-1,-1
435,16,746.5311279296875,415.7130432128906,49.51678466796875,149.53884887695312,0.8440214991569519,-1,-1,-1
435,65,708.9996948242188,345.5201721191406,50.19366455078125,136.8802490234375,0.8882910013198853,-1,-1,-1
435,3,384.15118408203125,564.1585693359375,62.168426513671875,154.7171630859375,0.8999576568603516,-1,-1,-1
435,70,623.7626342773438,356.3882751464844,49.380126953125,113.05776977539062,0.8835176825523376,-1,-1,-1
435,108,463.2806396484375,413.44036865234375,45.91632080078125,139.51239013671875,0.8940833210945129,-1,-1,-1
435,5,350.6131591796875,439.4581604003906,55.025665283203125,177.87136840820312,0.6723843812942505,-1,-1,-1
435,104,669.0203857421875,498.89361572265625,99.4661865234375,153.770751953125,0.8525725603103638,-1,-1,-1
435,97,848.626220703125,380.8489685058594,52.7650146484375,97.67800903320312,0.822917103767395,-1,-1,-1
435,68,921.6085815429688,263.16314697265625,46.0089111328125,103.428466796875,0.5794220566749573,-1,-1,-1
435,115,23.526676177978516,378.2422790527344,55.58341598510742,105.49423217773438,0.854027271270752,-1,-1,-1
435,114,1244.901123046875,285.2807312011719,35.0361328125,64.65457153320312,0.5871241688728333,-1,-1,-1
435,52,341.4082336425781,401.5885009765625,41.517364501953125,120.52886962890625,0.5126385688781738,-1,-1,-1
436,16,743.08447265625,416.18646240234375,56.2794189453125,149.47845458984375,0.8282182812690735,-1,-1,-1
436,65,712.2221069335938,346.1271057128906,50.98394775390625,135.1531982421875,0.7940893769264221,-1,-1,-1
436,3,389.5847473144531,562.7252197265625,63.53387451171875,155.909423828125,0.8944128751754761,-1,-1,-1
436,70,627.750732421875,358.3208923339844,48.3602294921875,110.87408447265625,0.881563663482666,-1,-1,-1
436,108,470.0008850097656,415.67938232421875,44.584014892578125,136.8408203125,0.8965242505073547,-1,-1,-1
436,5,360.8974304199219,445.5602111816406,53.0655517578125,171.82376098632812,0.7902121543884277,-1,-1,-1
436,104,672.9325561523438,496.631103515625,83.36834716796875,152.115966796875,0.9048635363578796,-1,-1,-1
436,97,842.7383422851562,380.2218017578125,60.75390625,98.73480224609375,0.8731653690338135,-1,-1,-1
436,68,924.902099609375,264.2884521484375,45.76470947265625,102.69482421875,0.45010486245155334,-1,-1,-1
436,115,35.75609588623047,378.47076416015625,55.31031799316406,103.663330078125,0.8533161282539368,-1,-1,-1
436,114,1246.9383544921875,286.12445068359375,32.8382568359375,64.58529663085938,0.6281813383102417,-1,-1,-1
436,52,352.39013671875,404.4883728027344,40.921905517578125,116.88388061523438,0.4047250747680664,-1,-1,-1
437,16,746.6865234375,417.39202880859375,57.1458740234375,150.23248291015625,0.662463903427124,-1,-1,-1
437,65,718.8236083984375,347.0758972167969,48.4073486328125,133.70947265625,0.82526034116745,-1,-1,-1
437,3,396.0903625488281,561.7020874023438,62.233734130859375,156.637451171875,0.9000650644302368,-1,-1,-1
437,70,631.6519165039062,359.61688232421875,49.361083984375,108.92105102539062,0.8684489130973816,-1,-1,-1
437,108,476.0995178222656,417.4073791503906,44.559539794921875,136.68014526367188,0.8889244794845581,-1,-1,-1
437,5,367.7777404785156,446.3202819824219,53.211517333984375,172.14895629882812,0.7020664811134338,-1,-1,-1
437,104,678.0921630859375,494.98919677734375,67.25537109375,151.7391357421875,0.9085542559623718,-1,-1,-1
437,97,842.6168823242188,379.95465087890625,64.3416748046875,103.1014404296875,0.9025858044624329,-1,-1,-1
437,68,928.6227416992188,265.06951904296875,48.2559814453125,101.84072875976562,0.5568025708198547,-1,-1,-1
437,115,48.853614807128906,379.04510498046875,54.090248107910156,101.89697265625,0.8393372297286987,-1,-1,-1
437,114,1249.693115234375,287.79412841796875,30.0614013671875,63.21466064453125,0.6031706929206848,-1,-1,-1
438,16,741.25732421875,418.93267822265625,67.163818359375,150.097412109375,0.8154542446136475,-1,-1,-1
438,65,724.3167724609375,347.770263671875,48.80755615234375,132.65411376953125,0.8087462186813354,-1,-1,-1
438,3,402.5687255859375,561.5655517578125,62.0128173828125,157.04412841796875,0.8918742537498474,-1,-1,-1
438,70,634.7011108398438,362.0223083496094,50.4144287109375,105.95001220703125,0.886821448802948,-1,-1,-1
438,108,481.9007568359375,418.8540954589844,46.94561767578125,137.27285766601562,0.8964006900787354,-1,-1,-1
438,5,374.94171142578125,440.8085632324219,54.69281005859375,176.14987182617188,0.6899605393409729,-1,-1,-1
438,104,678.7424926757812,492.20172119140625,66.37957763671875,152.18597412109375,0.8861339092254639,-1,-1,-1
438,97,844.5382080078125,380.55029296875,65.6402587890625,107.28903198242188,0.901965856552124,-1,-1,-1
438,68,932.5565795898438,267.3633728027344,48.53472900390625,100.17465209960938,0.695357620716095,-1,-1,-1
438,115,61.81565475463867,379.7538146972656,54.825496673583984,99.8948974609375,0.8266855478286743,-1,-1,-1
438,114,1252.2308349609375,290.3871765136719,27.6553955078125,59.658935546875,0.5291359424591064,-1,-1,-1
439,16,739.115234375,421.8132629394531,74.67962646484375,147.54092407226562,0.8957836627960205,-1,-1,-1
439,65,731.2369384765625,347.7137451171875,48.610595703125,131.27813720703125,0.8799843788146973,-1,-1,-1
439,3,406.9638671875,561.1851196289062,63.627838134765625,157.78228759765625,0.9024842381477356,-1,-1,-1
439,70,637.30126953125,363.7711486816406,50.4090576171875,103.5157470703125,0.8779639005661011,-1,-1,-1
439,108,487.5599670410156,420.1319885253906,49.857757568359375,138.27011108398438,0.8993671536445618,-1,-1,-1
439,5,382.59613037109375,445.03118896484375,53.19091796875,171.03448486328125,0.5495513081550598,-1,-1,-1
439,104,678.9129028320312,487.6252746582031,68.51544189453125,154.36837768554688,0.8821571469306946,-1,-1,-1
439,97,847.757568359375,381.5946350097656,66.3515625,110.22714233398438,0.907875120639801,-1,-1,-1
439,68,937.5610961914062,268.9907531738281,45.17669677734375,99.28170776367188,0.7079882025718689,-1,-1,-1
439,115,74.79491424560547,381.0194091796875,57.497413635253906,97.368408203125,0.8336744904518127,-1,-1,-1
440,16,740.2697143554688,427.4107360839844,78.532470703125,141.75216674804688,0.7829360961914062,-1,-1,-1
440,65,736.2626953125,348.1351318359375,50.8404541015625,128.56304931640625,0.863577127456665,-1,-1,-1
440,3,412.36309814453125,560.817138671875,63.9456787109375,158.25067138671875,0.8578469157218933,-1,-1,-1
440,70,639.03173828125,365.9791564941406,50.10394287109375,101.4888916015625,0.8814597129821777,-1,-1,-1
440,108,493.9826965332031,421.2181091308594,52.569549560546875,139.34280395507812,0.8876157402992249,-1,-1,-1
440,5,387.2492370605469,444.4397888183594,56.542694091796875,170.31539916992188,0.5513107776641846,-1,-1,-1
440,104,675.4796752929688,484.117431640625,68.46923828125,144.669189453125,0.5357729196548462,-1,-1,-1
440,97,851.0103149414062,383.4599609375,65.21478271484375,111.27157592773438,0.8931906223297119,-1,-1,-1
440,68,941.2132568359375,270.8037414550781,45.649658203125,98.225830078125,0.5927596092224121,-1,-1,-1
440,115,86.59344482421875,381.8026123046875,63.967742919921875,95.342529296875,0.8279430270195007,-1,-1,-1
441,16,741.72119140625,426.3987731933594,82.2283935546875,141.20248413085938,0.7882281541824341,-1,-1,-1
441,65,739.338623046875,348.41729736328125,53.38568115234375,126.94482421875,0.8593513369560242,-1,-1,-1
441,3,415.822998046875,560.4827880859375,65.4156494140625,158.951904296875,0.879819929599762,-1,-1,-1
441,70,639.6827392578125,368.16607666015625,50.48291015625,99.6822509765625,0.8444371223449707,-1,-1,-1
441,108,500.3520812988281,422.8445129394531,54.616302490234375,139.11575317382812,0.8898678421974182,-1,-1,-1
441,5,393.6770324707031,455.9830322265625,57.571044921875,156.210693359375,0.5976955890655518,-1,-1,-1
441,104,672.238037109375,480.80804443359375,78.3873291015625,143.41302490234375,0.808824360370636,-1,-1,-1
441,97,852.9953002929688,385.3670654296875,63.33673095703125,110.51287841796875,0.8658249974250793,-1,-1,-1
441,68,945.8684692382812,272.4197692871094,44.29949951171875,97.4197998046875,0.6156575083732605,-1,-1,-1
441,115,97.06380462646484,382.3199462890625,70.9430923461914,93.707275390625,0.8665391802787781,-1,-1,-1
441,117,2.004683256149292,491.06884765625,73.16420102119446,135.33734130859375,0.8224191069602966,-1,-1,-1
442,16,748.5702514648438,424.94915771484375,79.78472900390625,142.36712646484375,0.8445594906806946,-1,-1,-1
442,65,739.6047973632812,349.01641845703125,59.15667724609375,125.90151977539062,0.8435231447219849,-1,-1,-1
442,3,418.4654541015625,561.1712646484375,67.46099853515625,158.8287353515625,0.8569197654724121,-1,-1,-1
442,70,639.9219360351562,369.256591796875,53.21588134765625,101.75180053710938,0.6257559061050415,-1,-1,-1
442,108,506.7268371582031,425.08001708984375,56.123382568359375,139.98150634765625,0.8933387398719788,-1,-1,-1
442,5,399.59600830078125,463.8863220214844,58.30499267578125,146.25418090820312,0.5507295727729797,-1,-1,-1
442,104,673.227783203125,479.66845703125,80.0146484375,138.986083984375,0.7413948178291321,-1,-1,-1
442,97,851.4636840820312,387.0585632324219,63.05926513671875,109.38162231445312,0.9067146182060242,-1,-1,-1
442,68,952.4111328125,272.72076416015625,45.38861083984375,97.28121948242188,0.7017518281936646,-1,-1,-1
442,115,105.84638214111328,382.93609619140625,76.07012176513672,92.03878784179688,0.85393887758255,-1,-1,-1
442,117,1.9451605081558228,493.4350280761719,78.55029237270355,138.74026489257812,0.867436408996582,-1,-1,-1
443,16,747.79638671875,427.4073486328125,81.73876953125,140.8924560546875,0.8658719062805176,-1,-1,-1
443,65,741.7638549804688,349.9190979003906,65.2198486328125,125.64312744140625,0.8648675680160522,-1,-1,-1
443,3,421.93475341796875,561.4085083007812,69.8338623046875,158.59149169921875,0.8910371661186218,-1,-1,-1
443,70,641.9502563476562,370.0057678222656,57.5838623046875,108.70281982421875,0.8199853897094727,-1,-1,-1
443,108,512.8065795898438,428.3141174316406,57.2503662109375,137.75039672851562,0.8846142888069153,-1,-1,-1
443,5,403.2680969238281,466.4358825683594,58.587249755859375,141.94308471679688,0.46263474225997925,-1,-1,-1
443,104,672.9537353515625,480.4998474121094,58.67449951171875,141.62942504882812,0.8514348864555359,-1,-1,-1
443,97,846.93359375,388.7052917480469,65.55462646484375,107.51513671875,0.8947555422782898,-1,-1,-1
443,68,959.8262939453125,272.23431396484375,46.5599365234375,97.2537841796875,0.43224579095840454,-1,-1,-1
443,115,113.7856216430664,382.7632141113281,81.20272064208984,91.62408447265625,0.8598155379295349,-1,-1,-1
443,117,1.0079150199890137,496.9893493652344,83.55023622512817,134.62033081054688,0.8607958555221558,-1,-1,-1
444,16,744.642822265625,431.19427490234375,82.34515380859375,137.40655517578125,0.892303466796875,-1,-1,-1
444,65,748.3653564453125,350.4549255371094,66.93267822265625,126.5257568359375,0.8330751657485962,-1,-1,-1
444,3,427.4267272949219,561.6560668945312,70.71197509765625,158.34393310546875,0.8721416592597961,-1,-1,-1
444,70,647.0878295898438,371.68853759765625,57.038330078125,113.8009033203125,0.8325448632240295,-1,-1,-1
444,108,518.9456176757812,430.7297668457031,57.3353271484375,135.71676635742188,0.8912340998649597,-1,-1,-1
444,5,410.7277526855469,470.0583801269531,58.63714599609375,125.96524047851562,0.5212171673774719,-1,-1,-1
444,104,668.9647827148438,481.1742858886719,53.97698974609375,141.96530151367188,0.8610415458679199,-1,-1,-1
444,97,845.5776977539062,388.97314453125,64.23175048828125,110.94488525390625,0.9150364995002747,-1,-1,-1
444,68,967.7410888671875,272.83380126953125,46.5916748046875,96.90377807617188,0.6762921214103699,-1,-1,-1
444,115,123.02440643310547,382.09039306640625,84.3082046508789,91.22171020507812,0.8864728808403015,-1,-1,-1
444,117,1.360910415649414,500.1209411621094,86.59862327575684,129.82498168945312,0.8725662231445312,-1,-1,-1
444,52,410.952880859375,417.8235168457031,59.875457763671875,105.67166137695312,0.4809877872467041,-1,-1,-1
445,16,746.176025390625,431.762939453125,76.25103759765625,136.49493408203125,0.8894107937812805,-1,-1,-1
445,65,761.55078125,351.7087097167969,61.185302734375,125.22662353515625,0.843049943447113,-1,-1,-1
445,3,433.60858154296875,561.7666015625,72.47625732421875,158.2333984375,0.847233235836029,-1,-1,-1
445,70,653.6984252929688,374.6286315917969,52.36273193359375,115.66842651367188,0.8505610227584839,-1,-1,-1
445,108,524.3692626953125,434.6839294433594,57.5849609375,131.55075073242188,0.8890843987464905,-1,-1,-1
445,5,419.4078369140625,474.04803466796875,58.0745849609375,114.99609375,0.5186780095100403,-1,-1,-1
445,104,654.9349975585938,481.9742736816406,66.1519775390625,140.80569458007812,0.7784833908081055,-1,-1,-1
445,97,848.3114624023438,389.6781921386719,62.69793701171875,117.32852172851562,0.8570424318313599,-1,-1,-1
445,68,975.5103149414062,273.5991516113281,47.27490234375,97.18069458007812,0.5768039226531982,-1,-1,-1
445,115,132.39283752441406,381.64947509765625,86.57878112792969,90.65185546875,0.8431543111801147,-1,-1,-1
445,117,1.3428614139556885,503.5179443359375,87.01304984092712,123.43255615234375,0.6286799311637878,-1,-1,-1
446,16,751.03857421875,433.450439453125,65.6630859375,135.0167236328125,0.8467122912406921,-1,-1,-1
446,65,768.9691162109375,352.399658203125,62.1854248046875,125.03848266601562,0.8501942157745361,-1,-1,-1
446,3,441.9385681152344,565.4014892578125,71.77645874023438,154.5985107421875,0.7472761273384094,-1,-1,-1
446,70,659.5609741210938,377.1512451171875,48.5838623046875,113.9071044921875,0.82599276304245,-1,-1,-1
446,108,528.3199462890625,438.1410217285156,59.023193359375,127.99032592773438,0.8968568444252014,-1,-1,-1
446,104,649.2007446289062,482.275146484375,72.74493408203125,139.90863037109375,0.8676136136054993,-1,-1,-1
446,97,853.840087890625,389.93414306640625,60.2884521484375,123.38470458984375,0.8558629751205444,-1,-1,-1
446,68,984.7224731445312,273.92230224609375,44.49884033203125,96.47488403320312,0.6977077722549438,-1,-1,-1
446,115,142.79441833496094,380.31201171875,86.53739929199219,91.41818237304688,0.8434568047523499,-1,-1,-1
446,117,1.5165605545043945,507.7208251953125,88.71043682098389,144.22637939453125,0.794657289981842,-1,-1,-1
446,52,432.2608947753906,426.74737548828125,56.29693603515625,139.159423828125,0.43671125173568726,-1,-1,-1
447,16,756.5995483398438,436.06988525390625,59.22039794921875,132.154296875,0.8836098313331604,-1,-1,-1
447,65,774.150390625,352.749267578125,65.53564453125,125.38613891601562,0.8627064228057861,-1,-1,-1
447,3,449.5265197753906,562.5753784179688,71.12722778320312,157.42462158203125,0.7689799666404724,-1,-1,-1
447,70,665.1583251953125,381.1307067871094,43.97412109375,110.67926025390625,0.8525716066360474,-1,-1,-1
447,108,530.7025756835938,441.25537109375,61.83111572265625,124.614990234375,0.9082962274551392,-1,-1,-1
447,104,651.140625,481.8714294433594,75.0771484375,139.43020629882812,0.8891977667808533,-1,-1,-1
447,97,860.90283203125,391.6988830566406,55.509033203125,126.64382934570312,0.8304248452186584,-1,-1,-1
447,68,993.461669921875,273.9445495605469,44.9349365234375,96.91168212890625,0.5638851523399353,-1,-1,-1
447,115,154.24021911621094,379.5310974121094,85.5843505859375,91.35812377929688,0.8204498887062073,-1,-1,-1
447,117,1.3850347995758057,510.5137939453125,90.22906279563904,146.82696533203125,0.6087126135826111,-1,-1,-1
447,5,441.3154296875,469.67230224609375,54.332122802734375,115.1053466796875,0.6345185041427612,-1,-1,-1
448,16,761.3980102539062,440.2573547363281,60.32232666015625,128.22988891601562,0.9103016257286072,-1,-1,-1
448,65,778.9804077148438,353.6543273925781,69.376953125,124.07339477539062,0.8930535316467285,-1,-1,-1
448,3,457.16650390625,561.1959228515625,70.88214111328125,158.8040771484375,0.7869536280632019,-1,-1,-1
448,70,670.7018432617188,385.05572509765625,39.74395751953125,106.86465454101562,0.6335748434066772,-1,-1,-1
448,108,534.1836547851562,445.11492919921875,64.26507568359375,122.43853759765625,0.9003175497055054,-1,-1,-1
448,104,657.1029663085938,478.12225341796875,76.30328369140625,143.322998046875,0.8671033382415771,-1,-1,-1
448,97,865.7325439453125,394.9717712402344,51.45623779296875,127.58554077148438,0.8644375801086426,-1,-1,-1
448,68,1002.537353515625,274.09783935546875,43.2998046875,96.79611206054688,0.6736347079277039,-1,-1,-1
448,115,169.15187072753906,379.3305358886719,82.11300659179688,90.98159790039062,0.8117884397506714,-1,-1,-1
448,117,1.2377721071243286,512.7792358398438,90.67947947978973,147.1116943359375,0.7846997380256653,-1,-1,-1
448,118,1.7297494411468506,413.8011169433594,34.39960694313049,111.30960083007812,0.7777063250541687,-1,-1,-1
448,5,452.98046875,470.1907043457031,51.152069091796875,113.76242065429688,0.47997668385505676,-1,-1,-1
449,16,758.7473754882812,441.6848449707031,70.80718994140625,127.07919311523438,0.9019402265548706,-1,-1,-1
449,65,783.0557861328125,355.18560791015625,72.96875,122.58975219726562,0.88851398229599,-1,-1,-1
449,3,464.1229248046875,558.1049194335938,71.88751220703125,161.6580810546875,0.7657771110534668,-1,-1,-1
449,70,676.2460327148438,388.7299499511719,37.8687744140625,100.06533813476562,0.4515165686607361,-1,-1,-1
449,108,538.5686645507812,448.78961181640625,66.04937744140625,120.04583740234375,0.8714430928230286,-1,-1,-1
449,104,660.0907592773438,460.54156494140625,79.41021728515625,160.96636962890625,0.8221274614334106,-1,-1,-1
449,97,871.1248779296875,398.8894958496094,47.9361572265625,129.42233276367188,0.8592970967292786,-1,-1,-1
449,68,1011.2097778320312,274.0885925292969,46.02215576171875,96.638671875,0.6377962827682495,-1,-1,-1
449,115,185.97555541992188,380.0890808105469,77.06137084960938,90.31817626953125,0.7684723734855652,-1,-1,-1
449,117,6.224301815032959,513.7070922851562,84.92705011367798,132.13629150390625,0.4384092092514038,-1,-1,-1
449,118,3.1020267009735107,412.55242919921875,43.4477322101593,111.5333251953125,0.7280963063240051,-1,-1,-1
450,16,757.8080444335938,441.63336181640625,79.6435546875,127.185302734375,0.8885598182678223,-1,-1,-1
450,65,791.8211059570312,357.1096496582031,72.3553466796875,118.95172119140625,0.8728132247924805,-1,-1,-1
450,3,470.2361145019531,558.3350219726562,66.89370727539062,161.08209228515625,0.7230077981948853,-1,-1,-1
450,108,544.8568115234375,451.7401428222656,67.7147216796875,118.70187377929688,0.8612940907478333,-1,-1,-1
450,104,665.1340942382812,447.6372375488281,77.2113037109375,173.00650024414062,0.8145349621772766,-1,-1,-1
450,97,877.5418701171875,404.65118408203125,42.97265625,125.7078857421875,0.8589885234832764,-1,-1,-1
450,115,204.48342895507812,380.6485900878906,69.8360595703125,89.5411376953125,0.6883635520935059,-1,-1,-1
450,117,13.743622779846191,513.4808959960938,75.53295803070068,141.1337890625,0.6226302981376648,-1,-1,-1
450,118,3.231123685836792,410.98089599609375,55.18058514595032,118.8905029296875,0.5964546799659729,-1,-1,-1
450,121,1.8538525104522705,565.160400390625,36.62119936943054,152.78173828125,0.6956906318664551,-1,-1,-1
451,16,752.9495239257812,441.24847412109375,91.72943115234375,126.8934326171875,0.9004340171813965,-1,-1,-1
451,65,798.9244995117188,359.6401062011719,73.37841796875,116.87509155273438,0.831142246723175,-1,-1,-1
451,3,477.1477966308594,558.6463623046875,64.63412475585938,160.84991455078125,0.73370760679245,-1,-1,-1
451,108,552.5485229492188,455.468017578125,68.19873046875,115.80059814453125,0.8543607592582703,-1,-1,-1
451,104,661.22900390625,436.2403259277344,86.68670654296875,178.06130981445312,0.8541439771652222,-1,-1,-1
451,97,880.6901245117188,410.5055236816406,43.57647705078125,121.86654663085938,0.846738874912262,-1,-1,-1
451,115,222.44921875,381.26519775390625,62.25909423828125,90.5018310546875,0.6596465110778809,-1,-1,-1
451,117,21.6987247467041,513.0559692382812,69.52953147888184,143.96881103515625,0.7077369689941406,-1,-1,-1
451,118,2.921190023422241,409.2049255371094,66.43272233009338,125.48306274414062,0.8266384601593018,-1,-1,-1
451,121,3.071676254272461,564.09716796875,47.43022346496582,154.1109619140625,0.6533255577087402,-1,-1,-1
451,70,687.33935546875,392.47900390625,37.1104736328125,74.35638427734375,0.41207846999168396,-1,-1,-1
451,68,1030.2529296875,273.58172607421875,45.097900390625,96.90029907226562,0.5170523524284363,-1,-1,-1
452,16,741.8997192382812,440.917724609375,108.83056640625,147.26318359375,0.7510195374488831,-1,-1,-1
452,65,807.3900756835938,361.000244140625,75.6380615234375,118.2220458984375,0.8550203442573547,-1,-1,-1
452,3,483.76959228515625,558.7525634765625,60.8822021484375,160.7110595703125,0.7069093585014343,-1,-1,-1
452,108,559.5252075195312,458.5433654785156,68.82501220703125,113.33065795898438,0.8341876268386841,-1,-1,-1
452,104,656.6861572265625,431.9663391113281,91.953857421875,172.67263793945312,0.776858389377594,-1,-1,-1
452,97,884.7765502929688,415.44708251953125,43.6268310546875,117.6358642578125,0.8430854082107544,-1,-1,-1
452,115,238.62539672851562,381.3098449707031,55.520263671875,90.8514404296875,0.5477014780044556,-1,-1,-1
452,117,25.88480567932129,511.24530029296875,67.53780937194824,144.3128662109375,0.47551798820495605,-1,-1,-1
452,118,8.938128471374512,406.7098388671875,71.23841571807861,132.12933349609375,0.8030038475990295,-1,-1,-1
452,121,8.875703811645508,560.6790771484375,54.823930740356445,157.44677734375,0.4970305263996124,-1,-1,-1
452,68,1038.5247802734375,273.53173828125,47.279052734375,97.63143920898438,0.5571934580802917,-1,-1,-1
453,16,743.2997436523438,441.0362854003906,109.48773193359375,140.47030639648438,0.8393300771713257,-1,-1,-1
453,65,813.0940551757812,362.2146301269531,76.9891357421875,117.08267211914062,0.7904159426689148,-1,-1,-1
453,3,489.99627685546875,557.6342163085938,59.2716064453125,161.53662109375,0.6891384124755859,-1,-1,-1
453,108,567.25390625,461.9816589355469,68.0611572265625,109.22561645507812,0.7738852500915527,-1,-1,-1
453,104,652.2379150390625,429.009765625,96.2161865234375,168.124755859375,0.7554261088371277,-1,-1,-1
453,97,880.5187377929688,418.1474914550781,51.92425537109375,116.09939575195312,0.8470174074172974,-1,-1,-1
453,115,251.56460571289062,380.81292724609375,50.34814453125,89.91372680664062,0.684821367263794,-1,-1,-1
453,118,15.71700382232666,403.21441650390625,74.31825160980225,127.67193603515625,0.8284035325050354,-1,-1,-1
453,121,15.217167854309082,556.7462768554688,58.578890800476074,161.29486083984375,0.6167278289794922,-1,-1,-1
453,68,1046.9625244140625,272.34814453125,47.6624755859375,98.9539794921875,0.5676581263542175,-1,-1,-1
454,16,744.354736328125,441.667724609375,106.01513671875,133.6851806640625,0.7632496356964111,-1,-1,-1
454,65,816.718505859375,363.24591064453125,79.689453125,115.1893310546875,0.832650899887085,-1,-1,-1
454,3,495.5855712890625,556.9324951171875,59.3402099609375,162.20208740234375,0.6303843855857849,-1,-1,-1
454,108,572.3772583007812,465.2192687988281,69.72283935546875,106.11465454101562,0.8402116894721985,-1,-1,-1
454,104,649.5894775390625,425.12664794921875,98.7738037109375,164.3114013671875,0.7442538142204285,-1,-1,-1
454,97,875.12744140625,418.9857482910156,61.87762451171875,115.95138549804688,0.8907424211502075,-1,-1,-1
454,115,262.5071716308594,379.3837890625,47.415771484375,92.532958984375,0.7582834959030151,-1,-1,-1
454,118,21.72502326965332,399.2392883300781,76.0485897064209,121.98385620117188,0.8455759286880493,-1,-1,-1
454,121,19.71354103088379,554.9977416992188,59.068960189819336,163.1883544921875,0.4801962673664093,-1,-1,-1
454,68,1054.8350830078125,271.6337585449219,49.10302734375,99.10665893554688,0.6049946546554565,-1,-1,-1
454,117,28.05145263671875,505.8368225097656,68.75770568847656,102.09048461914062,0.7420191764831543,-1,-1,-1
455,16,745.5896606445312,441.6088562011719,99.2069091796875,130.50332641601562,0.8335192203521729,-1,-1,-1
455,65,821.1211547851562,364.20159912109375,80.89654541015625,112.65158081054688,0.8043067455291748,-1,-1,-1
455,3,500.71417236328125,556.7973022460938,60.5518798828125,162.33074951171875,0.7066734433174133,-1,-1,-1
455,108,579.3570556640625,467.3631896972656,69.1676025390625,102.52011108398438,0.7755271196365356,-1,-1,-1
455,104,652.6099243164062,423.8681335449219,91.24627685546875,158.22335815429688,0.8398093581199646,-1,-1,-1
455,97,876.3313598632812,419.0517272949219,65.0107421875,119.96725463867188,0.8648282885551453,-1,-1,-1
455,115,272.379638671875,377.762451171875,43.971435546875,95.10955810546875,0.7724453210830688,-1,-1,-1
455,118,26.444656372070312,395.1346435546875,78.49657440185547,125.66546630859375,0.8496744632720947,-1,-1,-1
455,121,28.89763832092285,555.141357421875,58.8453426361084,162.74639892578125,0.442024290561676,-1,-1,-1
455,68,1062.097412109375,271.3563537597656,46.475830078125,98.690185546875,0.6348832249641418,-1,-1,-1
455,117,29.358905792236328,502.1458435058594,70.76779556274414,88.02255249023438,0.6848865151405334,-1,-1,-1
455,70,699.7966918945312,394.3716125488281,35.014404296875,54.5516357421875,0.4194474220275879,-1,-1,-1
456,16,749.7672729492188,441.45745849609375,89.064697265625,129.8160400390625,0.8601800203323364,-1,-1,-1
456,65,827.2774047851562,365.2262268066406,73.677978515625,110.69940185546875,0.563435971736908,-1,-1,-1
456,3,506.534912109375,555.3600463867188,62.07452392578125,163.88287353515625,0.7694640755653381,-1,-1,-1
456,108,585.8657836914062,468.72967529296875,69.55987548828125,99.20654296875,0.8228359222412109,-1,-1,-1
456,104,664.4989624023438,419.71978759765625,75.8687744140625,156.87213134765625,0.5604024529457092,-1,-1,-1
456,97,879.4560546875,418.20574951171875,66.25115966796875,123.3902587890625,0.8355817198753357,-1,-1,-1
456,115,281.5832214355469,375.8944396972656,40.9034423828125,96.365234375,0.8049211502075195,-1,-1,-1
456,118,30.09392738342285,391.39306640625,81.84482383728027,130.0535888671875,0.8933232426643372,-1,-1,-1
456,121,35.728729248046875,554.2542724609375,57.285621643066406,163.95892333984375,0.6071629524230957,-1,-1,-1
456,68,1068.6768798828125,271.09375,46.2911376953125,98.74722290039062,0.5728031396865845,-1,-1,-1
456,117,31.461130142211914,498.9510192871094,73.16308403015137,83.84848022460938,0.6744341254234314,-1,-1,-1
457,16,756.3626708984375,440.5357360839844,76.529541015625,128.81668090820312,0.8578842282295227,-1,-1,-1
457,65,833.1788940429688,365.48583984375,67.88250732421875,109.52606201171875,0.6878213286399841,-1,-1,-1
457,3,512.206787109375,555.6499633789062,62.6834716796875,163.63519287109375,0.7015886902809143,-1,-1,-1
457,108,590.3375854492188,470.0835876464844,71.11041259765625,96.55361938476562,0.806496262550354,-1,-1,-1
457,104,680.6671142578125,400.6060791015625,64.5252685546875,173.02972412109375,0.8482111692428589,-1,-1,-1
457,97,882.80224609375,417.2788391113281,65.856201171875,125.14865112304688,0.8046308159828186,-1,-1,-1
457,115,290.06915283203125,373.2414245605469,39.12005615234375,97.77911376953125,0.7857887744903564,-1,-1,-1
457,118,31.913341522216797,388.0507507324219,83.73332595825195,131.11166381835938,0.8798345327377319,-1,-1,-1
457,121,39.95338439941406,554.2644653320312,58.69798278808594,164.57196044921875,0.7190295457839966,-1,-1,-1
457,68,1076.111572265625,269.0545959472656,46.614013671875,99.17080688476562,0.5724439024925232,-1,-1,-1
457,117,32.65107727050781,496.3973693847656,76.01303100585938,83.65322875976562,0.617641031742096,-1,-1,-1
458,16,764.3136596679688,439.7744140625,65.05670166015625,129.0816650390625,0.8973585963249207,-1,-1,-1
458,65,841.2936401367188,365.5972595214844,66.27545166015625,107.07373046875,0.7480423450469971,-1,-1,-1
458,3,518.9697875976562,554.0888671875,62.53277587890625,164.9876708984375,0.73110431432724,-1,-1,-1
458,108,596.3902587890625,470.9450378417969,72.4119873046875,94.57540893554688,0.7366883754730225,-1,-1,-1
458,104,688.0187377929688,395.69140625,62.0069580078125,173.96868896484375,0.7082721590995789,-1,-1,-1
458,97,889.21044921875,415.8191223144531,60.9713134765625,126.37423706054688,0.7949357032775879,-1,-1,-1
458,115,300.57012939453125,370.15118408203125,38.70745849609375,98.95474243164062,0.748772144317627,-1,-1,-1
458,118,35.18220520019531,385.21917724609375,80.55601501464844,131.3857421875,0.8078070282936096,-1,-1,-1
458,121,47.41864013671875,551.4429321289062,61.228126525878906,166.9869384765625,0.5567750334739685,-1,-1,-1
458,68,1085.39404296875,267.4471435546875,47.42578125,99.19732666015625,0.5355971455574036,-1,-1,-1
458,117,33.28411102294922,492.3709411621094,81.5876235961914,114.00387573242188,0.48583680391311646,-1,-1,-1
459,16,772.8800659179688,438.1060485839844,59.25909423828125,133.33090209960938,0.8661424517631531,-1,-1,-1
459,65,850.3624267578125,365.12176513671875,67.17242431640625,106.54278564453125,0.7655607461929321,-1,-1,-1
459,3,527.03857421875,552.238525390625,62.23309326171875,166.59783935546875,0.7973071932792664,-1,-1,-1
459,108,603.7952880859375,471.3609313964844,71.84564208984375,94.58688354492188,0.7434707880020142,-1,-1,-1
459,104,689.2413940429688,402.599365234375,61.30963134765625,164.0157470703125,0.5500865578651428,-1,-1,-1
459,97,895.4266357421875,413.9125671386719,54.4132080078125,127.01272583007812,0.7660571336746216,-1,-1,-1
459,115,311.0505065917969,367.33953857421875,40.640625,99.99188232421875,0.8292316198348999,-1,-1,-1
459,118,37.93336868286133,383.41278076171875,87.8021354675293,129.07867431640625,0.8252319097518921,-1,-1,-1
459,121,61.79200744628906,549.8126220703125,56.75605010986328,168.7197265625,0.7192093729972839,-1,-1,-1
459,68,1096.220703125,265.3114929199219,48.5859375,99.17974853515625,0.5052320957183838,-1,-1,-1
459,117,26.623050689697266,488.580078125,94.9061164855957,143.46942138671875,0.8213003873825073,-1,-1,-1
459,5,547.6051025390625,416.52972412109375,37.1268310546875,148.09710693359375,0.4185498058795929,-1,-1,-1
460,16,781.793701171875,437.385498046875,57.05859375,140.3243408203125,0.8766950964927673,-1,-1,-1
460,65,859.57666015625,364.02838134765625,68.220703125,107.18798828125,0.7813814282417297,-1,-1,-1
460,3,535.1093139648438,550.1511840820312,63.717041015625,169.15435791015625,0.7922635674476624,-1,-1,-1
460,108,612.10205078125,471.8907775878906,72.0496826171875,93.28018188476562,0.7216475009918213,-1,-1,-1
460,104,688.416015625,408.49029541015625,59.70526123046875,154.91583251953125,0.6964707374572754,-1,-1,-1
460,97,901.025146484375,410.3774719238281,51.9112548828125,130.50314331054688,0.6186764240264893,-1,-1,-1
460,115,320.0207214355469,364.1642761230469,44.4793701171875,100.942138671875,0.8516936302185059,-1,-1,-1
460,118,40.206214904785156,381.77362060546875,92.99846649169922,128.69784545898438,0.8665292263031006,-1,-1,-1
460,121,72.98624420166016,544.914306640625,55.072242736816406,173.447021484375,0.7185460925102234,-1,-1,-1
460,68,1107.584716796875,263.577880859375,50.9163818359375,99.89779663085938,0.579137921333313,-1,-1,-1
460,117,23.838411331176758,487.0893859863281,102.04095268249512,152.28793334960938,0.7836986184120178,-1,-1,-1
461,16,788.680419921875,436.470703125,57.85882568359375,146.44818115234375,0.8509151339530945,-1,-1,-1
461,65,870.9534912109375,362.0947265625,67.54931640625,108.06045532226562,0.6647897362709045,-1,-1,-1
461,3,543.9776000976562,549.3369140625,63.51959228515625,170.2086181640625,0.7575604915618896,-1,-1,-1
461,108,620.5184326171875,470.9686279296875,74.24774169921875,93.6171875,0.6350218057632446,-1,-1,-1
461,104,688.4059448242188,411.9791259765625,61.776123046875,149.37969970703125,0.6107298731803894,-1,-1,-1
461,97,885.5437622070312,406.27734375,77.03924560546875,135.0174560546875,0.6083204746246338,-1,-1,-1
461,115,327.7060546875,361.57452392578125,52.5208740234375,103.80557250976562,0.8243404030799866,-1,-1,-1
461,118,43.765777587890625,380.9359130859375,97.39398193359375,128.82778930664062,0.8618120551109314,-1,-1,-1
461,121,81.89129638671875,541.5127563476562,54.70025634765625,177.02685546875,0.7202571034431458,-1,-1,-1
461,68,1120.70703125,260.707275390625,51.1771240234375,100.19577026367188,0.6691580414772034,-1,-1,-1
461,117,29.34832000732422,485.78594970703125,94.60204315185547,148.18939208984375,0.5395175814628601,-1,-1,-1
462,16,792.031494140625,435.2923278808594,61.22967529296875,150.60513305664062,0.775669276714325,-1,-1,-1
462,3,551.4996948242188,547.6915893554688,64.95697021484375,171.48712158203125,0.7506706714630127,-1,-1,-1
462,108,628.5022583007812,469.954833984375,79.007568359375,95.2744140625,0.6192174553871155,-1,-1,-1
462,104,692.4654541015625,416.7926025390625,59.87200927734375,141.74298095703125,0.5433071851730347,-1,-1,-1
462,97,885.062255859375,405.85638427734375,87.07183837890625,135.7008056640625,0.6346331834793091,-1,-1,-1
462,115,334.16900634765625,359.7122802734375,64.61392211914062,107.87930297851562,0.8431742191314697,-1,-1,-1
462,118,46.569583892822266,380.53143310546875,104.24882125854492,126.55532836914062,0.8471508622169495,-1,-1,-1
462,121,88.01937866210938,537.7755737304688,55.3077392578125,180.25262451171875,0.6407275795936584,-1,-1,-1
462,68,1133.2584228515625,257.5845642089844,49.03173828125,101.53463745117188,0.5656366944313049,-1,-1,-1
462,117,37.28461837768555,484.7845458984375,86.64213943481445,148.88946533203125,0.4590469300746918,-1,-1,-1
463,16,795.49072265625,436.14739990234375,64.43267822265625,150.96649169921875,0.8261847496032715,-1,-1,-1
463,3,558.6884765625,545.6812133789062,65.42559814453125,173.25689697265625,0.7510058879852295,-1,-1,-1
463,108,636.0009765625,468.1965026855469,75.96844482421875,99.50650024414062,0.6987508535385132,-1,-1,-1
463,104,700.7236938476562,420.01824951171875,55.64111328125,130.343505859375,0.6627677083015442,-1,-1,-1
463,97,888.6023559570312,405.9704895019531,80.05999755859375,136.41641235351562,0.5251718759536743,-1,-1,-1
463,115,339.3345031738281,358.5379333496094,76.44918823242188,109.40200805664062,0.860115110874176,-1,-1,-1
463,118,51.661678314208984,381.076904296875,104.91360855102539,123.01199340820312,0.8226775527000427,-1,-1,-1
463,121,94.1310806274414,535.47509765625,54.84050750732422,181.79425048828125,0.6338687539100647,-1,-1,-1
463,68,1146.2679443359375,254.34210205078125,53.122802734375,101.5133056640625,0.5222142338752747,-1,-1,-1
463,117,40.37316131591797,483.0209655761719,84.97174835205078,150.40042114257812,0.5989685654640198,-1,-1,-1
463,65,905.2474365234375,356.15673828125,74.56353759765625,124.5499267578125,0.5469465255737305,-1,-1,-1
464,16,802.4254150390625,437.56463623046875,64.1956787109375,149.221435546875,0.8424763679504395,-1,-1,-1
464,3,565.516845703125,543.9873657226562,66.58245849609375,174.29339599609375,0.7720314264297485,-1,-1,-1
464,108,645.1441040039062,465.8794860839844,67.62615966796875,106.25668334960938,0.6071558594703674,-1,-1,-1
464,104,691.596923828125,423.3821105957031,69.6513671875,143.79946899414062,0.6343494653701782,-1,-1,-1
464,97,896.2459106445312,405.7677307128906,74.193115234375,136.33261108398438,0.7111064195632935,-1,-1,-1
464,115,344.6030578613281,358.4811706542969,85.64144897460938,108.89120483398438,0.8721312880516052,-1,-1,-1
464,118,56.657649993896484,380.88861083984375,106.4448127746582,120.75131225585938,0.8304343223571777,-1,-1,-1
464,121,99.64726257324219,532.5615844726562,55.563079833984375,181.30853271484375,0.7580811977386475,-1,-1,-1
464,68,1158.2996826171875,251.03811645507812,51.3653564453125,102.197509765625,0.6884130239486694,-1,-1,-1
464,117,46.525848388671875,481.36444091796875,82.39179992675781,149.595703125,0.689362645149231,-1,-1,-1
464,127,748.271484375,402.24810791015625,54.12457275390625,117.3251953125,0.6689978837966919,-1,-1,-1
464,65,920.6467895507812,353.3301086425781,73.986083984375,127.841552734375,0.5530951023101807,-1,-1,-1
465,16,811.3084106445312,437.4795837402344,62.81878662109375,148.33041381835938,0.846066415309906,-1,-1,-1
465,3,572.5961303710938,542.359375,66.5582275390625,175.0972900390625,0.6102709174156189,-1,-1,-1
465,108,654.1138916015625,462.1012268066406,61.37908935546875,116.52059936523438,0.5062732100486755,-1,-1,-1
465,104,689.844970703125,427.2187805175781,73.4061279296875,151.21597290039062,0.6620895266532898,-1,-1,-1
465,97,895.779052734375,408.00225830078125,78.15484619140625,135.14544677734375,0.7923224568367004,-1,-1,-1
465,115,350.29913330078125,357.619873046875,93.09359741210938,107.52777099609375,0.8452706336975098,-1,-1,-1
465,118,61.47540283203125,378.8376159667969,107.01997375488281,120.06976318359375,0.7817605137825012,-1,-1,-1
465,121,105.58847045898438,529.9596557617188,55.08294677734375,182.10626220703125,0.7909440398216248,-1,-1,-1
465,68,1171.5716552734375,247.6060028076172,51.731201171875,102.68074035644531,0.43415674567222595,-1,-1,-1
465,117,50.15359115600586,478.15814208984375,82.28667068481445,150.821044921875,0.7442582845687866,-1,-1,-1
465,127,756.08935546875,401.250732421875,58.0670166015625,116.70135498046875,0.6213661432266235,-1,-1,-1
465,65,930.520751953125,349.6683044433594,76.36968994140625,130.30145263671875,0.7358158826828003,-1,-1,-1
466,16,819.5264892578125,436.1901550292969,62.52801513671875,148.39517211914062,0.7824512124061584,-1,-1,-1
466,3,579.3553466796875,540.5120239257812,67.8118896484375,175.53948974609375,0.6960086822509766,-1,-1,-1
466,108,662.9662475585938,457.9465637207031,56.2135009765625,104.26089477539062,0.4964854419231415,-1,-1,-1
466,104,691.5588989257812,432.71966552734375,74.03240966796875,156.0625,0.5806346535682678,-1,-1,-1
466,97,895.7422485351562,411.7631530761719,82.92236328125,135.34695434570312,0.8290742635726929,-1,-1,-1
466,115,356.5283203125,356.2450866699219,97.10784912109375,105.81130981445312,0.8361222743988037,-1,-1,-1
466,118,68.91311645507812,375.8738708496094,105.15127563476562,121.2908935546875,0.78253173828125,-1,-1,-1
466,121,109.76278686523438,527.3810424804688,56.31257629394531,182.63848876953125,0.7553493976593018,-1,-1,-1
466,68,1184.3118896484375,243.43397521972656,51.0938720703125,104.15037536621094,0.5885046124458313,-1,-1,-1
466,117,55.90480041503906,474.45684814453125,80.16000366210938,150.6943359375,0.7064685225486755,-1,-1,-1
466,127,761.7635498046875,400.486328125,61.43560791015625,115.99078369140625,0.5732656121253967,-1,-1,-1
466,65,938.0748291015625,346.4347839355469,80.3370361328125,132.2193603515625,0.8270438313484192,-1,-1,-1
467,16,828.4774780273438,434.14215087890625,61.72772216796875,149.238037109375,0.7587822079658508,-1,-1,-1
467,3,585.3381958007812,538.1519775390625,68.75140380859375,177.7967529296875,0.7794384360313416,-1,-1,-1
467,108,670.9517211914062,454.4768371582031,55.02313232421875,98.57723999023438,0.5927249193191528,-1,-1,-1
467,104,696.2177734375,438.9042053222656,69.300048828125,156.55795288085938,0.6927310824394226,-1,-1,-1
467,97,898.189208984375,413.7840576171875,84.83184814453125,135.6304931640625,0.8038762807846069,-1,-1,-1
467,115,362.6184387207031,354.20782470703125,100.02093505859375,104.25601196289062,0.9001412391662598,-1,-1,-1
467,118,77.1505355834961,371.5989685058594,101.6620101928711,124.6011962890625,0.7537457346916199,-1,-1,-1
467,121,112.92530822753906,525.3851928710938,57.51239013671875,183.13726806640625,0.8040443062782288,-1,-1,-1
467,68,1196.2142333984375,240.1905517578125,51.68896484375,104.845947265625,0.5940850973129272,-1,-1,-1
467,117,59.575565338134766,471.32330322265625,79.96920394897461,152.055908203125,0.6475800275802612,-1,-1,-1
467,127,762.5191040039062,398.37939453125,68.72576904296875,115.77642822265625,0.682144045829773,-1,-1,-1
467,65,948.7504272460938,343.64263916015625,80.78900146484375,133.14013671875,0.8341877460479736,-1,-1,-1
468,16,835.8515625,431.76153564453125,63.06243896484375,151.2203369140625,0.6907962560653687,-1,-1,-1
468,3,592.047607421875,536.3701782226562,68.64361572265625,179.2843017578125,0.7484358549118042,-1,-1,-1
468,108,679.8292236328125,451.27154541015625,54.773193359375,98.5992431640625,0.4511738121509552,-1,-1,-1
468,104,702.1682739257812,444.8603210449219,64.44482421875,152.54055786132812,0.5562001466751099,-1,-1,-1
468,97,901.5291748046875,411.8846130371094,85.72528076171875,137.62564086914062,0.7380363345146179,-1,-1,-1
468,115,367.78009033203125,352.2993469238281,103.07080078125,103.877197265625,0.8938588500022888,-1,-1,-1
468,118,86.91539764404297,367.93475341796875,96.40459442138672,124.524658203125,0.7545689344406128,-1,-1,-1
468,121,116.97887420654297,523.5280151367188,57.45519256591797,184.07568359375,0.820768415927887,-1,-1,-1
468,68,1209.1082763671875,236.58192443847656,51.777099609375,106.12626647949219,0.4707181453704834,-1,-1,-1
468,117,64.71282958984375,467.4325866699219,86.95527648925781,152.77731323242188,0.716501772403717,-1,-1,-1
468,127,762.283935546875,395.3774108886719,77.0361328125,124.27127075195312,0.6336647868156433,-1,-1,-1
468,65,956.7302856445312,340.63629150390625,82.48431396484375,133.80166625976562,0.712640643119812,-1,-1,-1
468,129,584.49951171875,413.5988464355469,72.06134033203125,151.30264282226562,0.6192680597305298,-1,-1,-1
468,130,747.909912109375,674.4529418945312,55.7607421875,45.54705810546875,0.40528228878974915,-1,-1,-1
469,16,843.2017211914062,428.6461181640625,62.78753662109375,153.43939208984375,0.8508394360542297,-1,-1,-1
469,3,598.343994140625,534.9631958007812,67.6728515625,181.036376953125,0.8055514097213745,-1,-1,-1
469,104,710.079345703125,450.2008972167969,62.1627197265625,146.96255493164062,0.6658312082290649,-1,-1,-1
469,97,907.8529663085938,415.4894714355469,84.65948486328125,133.33071899414062,0.7427244782447815,-1,-1,-1
469,115,373.7132263183594,349.8254089355469,114.11306762695312,104.40286254882812,0.8680852651596069,-1,-1,-1
469,118,101.32786560058594,364.24005126953125,87.01072692871094,111.89443969726562,0.757363498210907,-1,-1,-1
469,121,121.0205078125,521.5575561523438,57.13053894042969,185.30621337890625,0.8164011240005493,-1,-1,-1
469,68,1221.010498046875,232.94580078125,51.4354248046875,106.66677856445312,0.42315804958343506,-1,-1,-1
469,117,69.957763671875,462.5821838378906,81.40011596679688,152.37655639648438,0.6838254928588867,-1,-1,-1
469,127,763.1309814453125,389.59063720703125,85.2984619140625,123.947509765625,0.5036086440086365,-1,-1,-1
469,65,958.631591796875,337.4246520996094,90.9249267578125,135.61044311523438,0.8244593143463135,-1,-1,-1
469,129,591.9258422851562,418.4050598144531,71.53558349609375,149.72427368164062,0.5738504528999329,-1,-1,-1
469,131,491.9351806640625,675.8573608398438,48.05572509765625,44.14263916015625,0.46752262115478516,-1,-1,-1
470,16,852.426025390625,425.1228942871094,63.029296875,156.65969848632812,0.8323401808738708,-1,-1,-1
470,3,605.1578369140625,534.5721435546875,67.37689208984375,180.884765625,0.784837007522583,-1,-1,-1
470,104,701.0321044921875,448.12060546875,75.97271728515625,148.91204833984375,0.7738886475563049,-1,-1,-1
470,97,916.6966552734375,419.66314697265625,83.2884521484375,128.49359130859375,0.6896982192993164,-1,-1,-1
470,115,381.5676574707031,347.8004455566406,119.93356323242188,104.47940063476562,0.9094722270965576,-1,-1,-1
470,118,122.46935272216797,360.7562561035156,70.42675018310547,104.69476318359375,0.8388053774833679,-1,-1,-1
470,121,124.12984466552734,518.805908203125,58.23986053466797,186.71551513671875,0.835443913936615,-1,-1,-1
470,117,73.76349639892578,458.2352294921875,78.28485870361328,157.1800537109375,0.798278272151947,-1,-1,-1
470,127,768.5169677734375,383.7583312988281,87.90087890625,126.47915649414062,0.790452241897583,-1,-1,-1
470,65,962.0318603515625,333.953125,98.2845458984375,137.39114379882812,0.8050686717033386,-1,-1,-1
470,129,600.3848876953125,427.0271911621094,71.29351806640625,141.77651977539062,0.5999146103858948,-1,-1,-1
470,131,498.0184631347656,675.5733032226562,48.534820556640625,44.3720703125,0.46167805790901184,-1,-1,-1
470,132,657.1065063476562,674.8958129882812,51.15618896484375,45.0806884765625,0.4672839045524597,-1,-1,-1
470,130,763.1128540039062,674.4423828125,57.99786376953125,45.5576171875,0.46461036801338196,-1,-1,-1
471,16,863.0980224609375,419.8871154785156,62.3990478515625,161.75643920898438,0.7735792398452759,-1,-1,-1
471,3,612.7994995117188,532.8750610351562,69.46832275390625,182.47821044921875,0.8042836785316467,-1,-1,-1
471,104,704.2621459960938,442.9263916015625,80.80157470703125,153.43310546875,0.8005295991897583,-1,-1,-1
471,97,926.5936889648438,416.5201721191406,84.947265625,131.57022094726562,0.7411547303199768,-1,-1,-1
471,115,394.9874572753906,345.2317810058594,122.65414428710938,103.62820434570312,0.9125736355781555,-1,-1,-1
471,118,137.5267791748047,355.9021911621094,61.919769287109375,105.8533935546875,0.8550974130630493,-1,-1,-1
471,121,129.1000213623047,517.3501586914062,58.64752197265625,187.09625244140625,0.8465023636817932,-1,-1,-1
471,117,78.7791976928711,453.8825988769531,74.85919952392578,161.84494018554688,0.7769749164581299,-1,-1,-1
471,127,778.3630981445312,376.36529541015625,86.08551025390625,131.70062255859375,0.6822863221168518,-1,-1,-1
471,65,974.2015380859375,330.3721618652344,98.568603515625,140.18344116210938,0.8715621829032898,-1,-1,-1
471,131,505.7718505859375,675.3126220703125,48.35235595703125,44.6580810546875,0.48914068937301636,-1,-1,-1
471,132,665.1851806640625,674.7000732421875,51.99530029296875,45.28619384765625,0.43829917907714844,-1,-1,-1
471,130,772.1498413085938,674.3990478515625,57.7059326171875,45.6009521484375,0.4545137286186218,-1,-1,-1
472,16,874.4302978515625,414.6888732910156,61.678955078125,165.84219360351562,0.8413977026939392,-1,-1,-1
472,3,622.6271362304688,531.57080078125,70.57666015625,182.7733154296875,0.772844135761261,-1,-1,-1
472,104,713.2392578125,439.6587219238281,80.51373291015625,155.04293823242188,0.6791832447052002,-1,-1,-1
472,97,939.623779296875,411.37786865234375,86.01806640625,135.24114990234375,0.724932849407196,-1,-1,-1
472,115,411.6223449707031,340.27191162109375,128.66696166992188,105.82373046875,0.9067246913909912,-1,-1,-1
472,118,147.6082763671875,350.73687744140625,59.47291564941406,107.76068115234375,0.8654583096504211,-1,-1,-1
472,121,133.1707305908203,514.0779418945312,61.55067443847656,188.78399658203125,0.8051846623420715,-1,-1,-1
472,117,84.44444274902344,449.4321594238281,75.99574279785156,164.31204223632812,0.8179226517677307,-1,-1,-1
472,127,788.9284057617188,369.4469909667969,82.828369140625,135.47653198242188,0.5657504796981812,-1,-1,-1
472,65,985.7771606445312,327.2015075683594,99.65399169921875,142.11773681640625,0.850834846496582,-1,-1,-1
472,130,783.3389892578125,674.2198486328125,58.8890380859375,45.63653564453125,0.4146173596382141,-1,-1,-1
473,16,886.3682861328125,409.08880615234375,63.12725830078125,170.79949951171875,0.7899737358093262,-1,-1,-1
473,3,633.1701049804688,526.6661987304688,69.77716064453125,188.25921630859375,0.7295387387275696,-1,-1,-1
473,104,722.6387329101562,435.37890625,81.76531982421875,158.38232421875,0.7842593193054199,-1,-1,-1
473,97,954.50390625,405.6752014160156,87.6270751953125,140.03952026367188,0.7139980792999268,-1,-1,-1
473,115,429.9220275878906,327.492919921875,132.66317749023438,116.03286743164062,0.8387675881385803,-1,-1,-1
473,118,156.78733825683594,345.6097412109375,58.08790588378906,111.2342529296875,0.8643733859062195,-1,-1,-1
473,121,137.23085021972656,512.1893920898438,65.75564575195312,188.86029052734375,0.8398892283439636,-1,-1,-1
473,117,90.32455444335938,444.90966796875,78.30110168457031,162.53704833984375,0.8122192621231079,-1,-1,-1
473,127,799.607421875,361.7987976074219,81.595703125,140.60562133789062,0.8455421328544617,-1,-1,-1
473,65,1006.84814453125,323.4226379394531,93.6578369140625,143.97113037109375,0.7891980409622192,-1,-1,-1
473,130,794.5196533203125,674.3720703125,59.01361083984375,45.49249267578125,0.48480892181396484,-1,-1,-1
473,129,626.9569091796875,395.4754333496094,75.97674560546875,167.05587768554688,0.6337757706642151,-1,-1,-1
473,131,524.0139770507812,673.8826904296875,49.1165771484375,45.9583740234375,0.5040234923362732,-1,-1,-1
474,16,899.8958129882812,403.18115234375,63.04827880859375,175.34796142578125,0.7721919417381287,-1,-1,-1
474,3,643.880859375,526.2481079101562,70.54608154296875,187.98602294921875,0.7597013115882874,-1,-1,-1
474,104,733.6135864257812,428.8747253417969,81.211669921875,163.55508422851562,0.8596472144126892,-1,-1,-1
474,97,975.472900390625,400.3981628417969,85.537841796875,143.97555541992188,0.752272367477417,-1,-1,-1
474,115,447.70867919921875,331.95867919921875,135.35089111328125,109.5709228515625,0.8940252661705017,-1,-1,-1
474,118,164.86297607421875,339.7825927734375,56.90425109863281,116.83529663085938,0.8305749297142029,-1,-1,-1
474,121,143.68280029296875,509.74798583984375,66.908203125,189.371337890625,0.868475079536438,-1,-1,-1
474,117,94.8236312866211,440.27752685546875,79.05858612060547,161.49462890625,0.8598100543022156,-1,-1,-1
474,127,812.2675170898438,354.08856201171875,77.458251953125,143.18258666992188,0.8546113967895508,-1,-1,-1
474,65,1024.8447265625,319.7930603027344,90.2821044921875,146.89828491210938,0.8476502299308777,-1,-1,-1
474,130,805.3807983398438,674.1466674804688,60.55218505859375,45.70611572265625,0.5332792401313782,-1,-1,-1
474,129,651.3007202148438,391.41119384765625,61.6815185546875,170.96697998046875,0.625242292881012,-1,-1,-1
474,131,533.1364135742188,673.0732421875,50.3729248046875,46.76910400390625,0.47566866874694824,-1,-1,-1
475,16,912.3275146484375,399.259521484375,61.940185546875,177.5018310546875,0.7356998324394226,-1,-1,-1
475,3,654.2601928710938,526.494140625,72.09197998046875,187.05926513671875,0.7883484959602356,-1,-1,-1
475,104,744.7681884765625,423.5361328125,80.6856689453125,168.1591796875,0.7956774234771729,-1,-1,-1
475,97,992.8842163085938,394.6510009765625,85.94598388671875,149.19451904296875,0.5425392985343933,-1,-1,-1
475,115,465.49346923828125,331.3580017089844,135.8209228515625,107.22039794921875,0.8593996167182922,-1,-1,-1
475,118,172.45126342773438,334.0621337890625,56.4381103515625,119.08541870117188,0.8738459944725037,-1,-1,-1
475,121,151.63148498535156,506.9346008300781,66.14350891113281,190.53549194335938,0.8604177832603455,-1,-1,-1
475,117,98.20646667480469,435.87164306640625,84.166015625,161.96124267578125,0.8269450068473816,-1,-1,-1
475,127,823.4183959960938,346.21221923828125,73.03314208984375,144.96609497070312,0.8280711770057678,-1,-1,-1
475,65,1040.6632080078125,315.8775939941406,88.280517578125,149.1407470703125,0.7803537845611572,-1,-1,-1
475,130,816.4324951171875,673.8603515625,59.11590576171875,46.03277587890625,0.4860782325267792,-1,-1,-1
475,129,667.9345703125,386.999755859375,55.37298583984375,174.12847900390625,0.6516785621643066,-1,-1,-1
475,131,542.0906982421875,672.311279296875,50.0926513671875,47.58355712890625,0.5195446610450745,-1,-1,-1
476,16,921.4051513671875,394.93017578125,63.11468505859375,179.2470703125,0.8466839790344238,-1,-1,-1
476,3,662.3388061523438,524.3299560546875,70.8299560546875,190.28521728515625,0.8028607368469238,-1,-1,-1
476,104,754.7305297851562,416.6374816894531,81.3328857421875,174.36434936523438,0.7548935413360596,-1,-1,-1
476,97,1013.1021118164062,391.52606201171875,81.05194091796875,152.34466552734375,0.7135545611381531,-1,-1,-1
476,115,495.34912109375,329.7666931152344,120.42083740234375,106.69338989257812,0.8518173694610596,-1,-1,-1
476,118,175.75674438476562,328.9927062988281,57.89826965332031,121.17193603515625,0.8549268245697021,-1,-1,-1
476,121,154.4033203125,505.2264404296875,67.89688110351562,191.6268310546875,0.8475745320320129,-1,-1,-1
476,117,99.67410278320312,431.5314636230469,79.4544677734375,164.42990112304688,0.8565048575401306,-1,-1,-1
476,127,834.0718994140625,338.8223876953125,65.7222900390625,146.54998779296875,0.8554406762123108,-1,-1,-1
476,65,1053.6639404296875,312.6013488769531,88.093505859375,152.20779418945312,0.8099504113197327,-1,-1,-1
476,130,825.536376953125,674.4826049804688,57.6484375,45.51739501953125,0.528796911239624,-1,-1,-1
476,129,674.228759765625,386.7532043457031,55.136474609375,172.59780883789062,0.6380780935287476,-1,-1,-1
476,131,547.756591796875,672.1751708984375,51.17547607421875,47.8248291015625,0.5021255612373352,-1,-1,-1
476,132,713.3905639648438,674.2127685546875,54.41827392578125,45.74859619140625,0.42868945002555847,-1,-1,-1
477,16,929.04248046875,391.5473327636719,64.33258056640625,181.09005737304688,0.8404479026794434,-1,-1,-1
477,3,667.35791015625,524.8131713867188,70.8369140625,190.4501953125,0.7778657078742981,-1,-1,-1
477,104,761.2122802734375,410.7646789550781,84.1806640625,179.80593872070312,0.7826287746429443,-1,-1,-1
477,97,1033.3134765625,389.71527099609375,69.307861328125,154.5697021484375,0.8048169016838074,-1,-1,-1
477,115,500.2882385253906,329.3489074707031,126.82437133789062,101.49148559570312,0.7612574100494385,-1,-1,-1
477,118,173.5360565185547,324.824951171875,61.21247863769531,127.68234252929688,0.7881743907928467,-1,-1,-1
477,121,156.68475341796875,504.3226623535156,66.63697814941406,192.72787475585938,0.8256728053092957,-1,-1,-1
477,117,98.44306945800781,428.358154296875,77.826904296875,167.04534912109375,0.862037718296051,-1,-1,-1
477,127,840.9188842773438,331.9402770996094,58.42626953125,148.30157470703125,0.8642582297325134,-1,-1,-1
477,65,1062.8330078125,310.5992736816406,88.0799560546875,154.01284790039062,0.7985073328018188,-1,-1,-1
477,130,832.226318359375,675.310546875,55.15362548828125,44.689453125,0.5093426704406738,-1,-1,-1
477,129,677.5496826171875,403.0938720703125,54.992919921875,155.7509765625,0.5996692180633545,-1,-1,-1
477,131,550.991943359375,673.0478515625,50.59228515625,46.9521484375,0.5542307496070862,-1,-1,-1
477,132,717.8411865234375,674.9312744140625,54.65069580078125,45.0687255859375,0.43816423416137695,-1,-1,-1
478,16,933.5084228515625,390.88006591796875,66.7530517578125,179.62432861328125,0.8636638522148132,-1,-1,-1
478,3,670.0992431640625,524.9449462890625,70.3990478515625,192.7197265625,0.7805924415588379,-1,-1,-1
478,104,775.2254638671875,406.9678649902344,75.35833740234375,185.91653442382812,0.732755184173584,-1,-1,-1
478,97,1043.3016357421875,389.16259765625,68.8914794921875,157.076904296875,0.6783967614173889,-1,-1,-1
478,115,510.2266845703125,330.5863342285156,110.47320556640625,91.73406982421875,0.7925178408622742,-1,-1,-1
478,118,169.90084838867188,322.4842529296875,62.42864990234375,132.67147827148438,0.7896866798400879,-1,-1,-1
478,121,147.57627868652344,504.4111328125,73.17521667480469,194.97100830078125,0.8387418389320374,-1,-1,-1
478,117,92.44071197509766,426.2588806152344,79.02678680419922,170.34518432617188,0.8580372333526611,-1,-1,-1
478,127,845.679931640625,326.9794616699219,52.49945068359375,148.38345336914062,0.8578444719314575,-1,-1,-1
478,65,1068.299560546875,308.806884765625,89.1199951171875,155.41567993164062,0.8231753706932068,-1,-1,-1
478,130,835.2654418945312,677.2188720703125,53.92022705078125,42.7811279296875,0.45968160033226013,-1,-1,-1
478,129,673.8466796875,411.8525695800781,60.9251708984375,153.59432983398438,0.6253372430801392,-1,-1,-1
478,131,551.2883911132812,674.7477416992188,50.92877197265625,45.25225830078125,0.48013684153556824,-1,-1,-1
478,132,719.791259765625,677.2034301757812,54.7342529296875,42.79656982421875,0.4777742326259613,-1,-1,-1
479,16,936.6127319335938,391.2591552734375,71.40911865234375,178.2005615234375,0.8744620680809021,-1,-1,-1
479,3,671.4738159179688,525.89111328125,70.6260986328125,193.69073486328125,0.776515007019043,-1,-1,-1
479,104,786.869873046875,406.0270690917969,73.18194580078125,191.34805297851562,0.7802404761314392,-1,-1,-1
479,97,1049.10693359375,392.2289123535156,69.7783203125,156.42556762695312,0.8041741251945496,-1,-1,-1
479,115,514.2557373046875,332.4192199707031,110.504638671875,79.70327758789062,0.717048168182373,-1,-1,-1
479,118,165.0989227294922,322.2639465332031,65.07734680175781,139.47488403320312,0.8381528258323669,-1,-1,-1
479,121,136.63742065429688,505.8743591308594,81.04019165039062,196.40390014648438,0.8483733534812927,-1,-1,-1
479,117,85.09375762939453,423.9868469238281,80.76514434814453,175.21798706054688,0.8882231712341309,-1,-1,-1
479,127,847.2022094726562,323.7089538574219,49.0643310546875,148.44766235351562,0.8268478512763977,-1,-1,-1
479,65,1078.8597412109375,308.46917724609375,83.7781982421875,156.15313720703125,0.7578265070915222,-1,-1,-1
479,130,837.6195678710938,680.3555908203125,53.46881103515625,39.6444091796875,0.44426846504211426,-1,-1,-1
479,129,660.6874389648438,418.0249328613281,75.92388916015625,164.43325805664062,0.7569760084152222,-1,-1,-1
479,131,551.0303955078125,677.1665649414062,50.89117431640625,42.83343505859375,0.460094153881073,-1,-1,-1
479,132,721.6235961914062,680.0894165039062,53.71966552734375,39.91058349609375,0.5043203830718994,-1,-1,-1
479,108,762.9053344726562,400.95916748046875,61.6767578125,140.24151611328125,0.5822316408157349,-1,-1,-1
480,16,938.5655517578125,391.12530517578125,72.512451171875,176.50421142578125,0.8783795237541199,-1,-1,-1
480,3,672.654052734375,527.921630859375,71.68585205078125,192.0626220703125,0.828374981880188,-1,-1,-1
480,104,792.4368896484375,406.75335693359375,71.189453125,195.11834716796875,0.7912512421607971,-1,-1,-1
480,97,1053.1817626953125,392.525146484375,73.1685791015625,157.25494384765625,0.861497700214386,-1,-1,-1
480,115,515.4376831054688,332.4813232421875,115.75897216796875,72.08404541015625,0.8111190795898438,-1,-1,-1
480,118,166.2997283935547,324.1858825683594,63.759796142578125,131.47872924804688,0.7689645290374756,-1,-1,-1
480,121,143.9656982421875,506.9070129394531,70.92448425292969,198.55569458007812,0.8629205822944641,-1,-1,-1
480,117,78.89207458496094,421.6622314453125,81.72279357910156,178.71044921875,0.8945522904396057,-1,-1,-1
480,127,847.6226196289062,322.1332702636719,46.22015380859375,149.56890869140625,0.8229948878288269,-1,-1,-1
480,65,1064.5709228515625,308.3765869140625,101.0244140625,156.99246215820312,0.8171183466911316,-1,-1,-1
480,129,650.1438598632812,423.0535583496094,87.47454833984375,166.32498168945312,0.7879887223243713,-1,-1,-1
480,131,550.7941284179688,679.5145263671875,50.67266845703125,40.4854736328125,0.41669952869415283,-1,-1,-1
480,132,723.5239868164062,682.6957397460938,50.06793212890625,37.30426025390625,0.41786450147628784,-1,-1,-1
480,108,764.25341796875,396.8770751953125,56.04998779296875,145.35980224609375,0.5023263096809387,-1,-1,-1
481,16,939.9232788085938,387.9982604980469,73.18988037109375,178.87484741210938,0.8833448886871338,-1,-1,-1
481,3,673.4581298828125,528.7203369140625,73.44134521484375,190.99749755859375,0.8273407220840454,-1,-1,-1
481,104,795.7262573242188,410.747314453125,73.9739990234375,194.77850341796875,0.8238363862037659,-1,-1,-1
481,97,1055.78466796875,391.1136779785156,80.3590087890625,159.20925903320312,0.8669204115867615,-1,-1,-1
481,115,529.2116088867188,333.42449951171875,108.07861328125,72.5181884765625,0.5069751739501953,-1,-1,-1
481,118,162.46673583984375,327.3947448730469,70.10848999023438,133.68075561523438,0.8185430765151978,-1,-1,-1
481,121,147.0687255859375,507.6386413574219,66.49932861328125,199.56558227539062,0.8652379512786865,-1,-1,-1
481,117,74.25113677978516,418.6833801269531,81.71321868896484,181.60537719726562,0.8989423513412476,-1,-1,-1
481,127,847.0143432617188,322.0230407714844,46.4078369140625,149.17929077148438,0.822226881980896,-1,-1,-1
481,65,1060.024658203125,308.153076171875,108.6304931640625,157.718017578125,0.7824757099151611,-1,-1,-1
481,129,642.7979736328125,423.710205078125,94.15911865234375,170.51318359375,0.7360686659812927,-1,-1,-1
481,131,550.8359375,681.0173950195312,50.54168701171875,38.98260498046875,0.4468079209327698,-1,-1,-1
481,132,724.6822509765625,684.3536376953125,47.97576904296875,35.6463623046875,0.4348980188369751,-1,-1,-1
481,108,766.0947875976562,392.6664733886719,63.008056640625,149.82443237304688,0.4717951714992523,-1,-1,-1
482,16,944.25048828125,386.2391357421875,72.9658203125,179.55859375,0.827953577041626,-1,-1,-1
482,3,676.701904296875,529.1237182617188,73.90087890625,190.33282470703125,0.8401812314987183,-1,-1,-1
482,104,795.2937622070312,402.28497314453125,84.1064453125,205.82366943359375,0.7694923281669617,-1,-1,-1
482,97,1060.230224609375,390.4737548828125,84.379150390625,159.66619873046875,0.7362098097801208,-1,-1,-1
482,115,536.3546752929688,335.5949401855469,108.908935546875,70.76119995117188,0.5404497981071472,-1,-1,-1
482,118,162.9424285888672,330.5335693359375,72.68138122558594,132.7335205078125,0.7937740087509155,-1,-1,-1
482,121,149.80364990234375,507.983642578125,64.61972045898438,200.2093505859375,0.8491173982620239,-1,-1,-1
482,117,73.35041809082031,415.89276123046875,80.54071044921875,184.09515380859375,0.8987612724304199,-1,-1,-1
482,127,843.7774047851562,322.3227844238281,53.28564453125,148.50070190429688,0.7749136686325073,-1,-1,-1
482,65,1061.2513427734375,307.7955322265625,111.9493408203125,158.02584838867188,0.7395946383476257,-1,-1,-1
482,129,641.2158813476562,422.3209228515625,95.2357177734375,175.27703857421875,0.7337093949317932,-1,-1,-1
482,132,728.2335815429688,684.9921875,46.4718017578125,35.0078125,0.48650944232940674,-1,-1,-1
482,135,657.6271362304688,377.52960205078125,56.5029296875,77.39117431640625,0.41949599981307983,-1,-1,-1
483,16,950.03759765625,390.2518615722656,75.15576171875,176.62838745117188,0.8332162499427795,-1,-1,-1
483,3,681.9088745117188,530.7777709960938,75.018798828125,188.769287109375,0.7975459098815918,-1,-1,-1
483,104,805.5353393554688,423.34759521484375,85.1644287109375,189.9737548828125,0.6630021333694458,-1,-1,-1
483,97,1068.5062255859375,387.7427673339844,101.15771484375,160.42971801757812,0.7877044677734375,-1,-1,-1
483,118,165.52130126953125,334.6351013183594,75.05416870117188,133.43939208984375,0.8466843962669373,-1,-1,-1
483,121,152.9458465576172,509.06640625,64.16497802734375,199.1417236328125,0.8572467565536499,-1,-1,-1
483,117,71.28495025634766,413.5793151855469,83.25666046142578,186.02951049804688,0.8865624070167542,-1,-1,-1
483,127,847.4164428710938,323.81524658203125,54.26971435546875,147.64532470703125,0.8070440292358398,-1,-1,-1
483,65,1065.8658447265625,308.4022216796875,98.123291015625,144.48480224609375,0.6312359571456909,-1,-1,-1
483,129,643.2557983398438,423.6062927246094,91.09320068359375,176.41909790039062,0.6780785918235779,-1,-1,-1
483,136,741.0807495117188,129.59727478027344,47.84600830078125,153.4593048095703,0.4380110502243042,-1,-1,-1
483,108,772.2462158203125,385.3155212402344,74.21136474609375,154.92984008789062,0.5490323901176453,-1,-1,-1
484,16,958.1201782226562,391.43865966796875,75.42095947265625,176.73291015625,0.8237659335136414,-1,-1,-1
484,3,688.2857055664062,530.1347045898438,75.05877685546875,189.46875,0.8102246522903442,-1,-1,-1
484,104,813.0220336914062,430.2923583984375,88.645263671875,184.85687255859375,0.7359134554862976,-1,-1,-1
484,97,1078.41455078125,384.047607421875,105.0062255859375,162.06512451171875,0.8137296438217163,-1,-1,-1
484,118,172.4054718017578,336.7414855957031,75.81362915039062,123.01394653320312,0.7629088163375854,-1,-1,-1
484,121,157.19464111328125,509.3910217285156,63.7879638671875,200.43893432617188,0.8721665740013123,-1,-1,-1
484,117,67.02037048339844,410.64630126953125,88.83885192871094,191.46099853515625,0.9050068259239197,-1,-1,-1
484,127,854.05908203125,326.48065185546875,53.79913330078125,145.31280517578125,0.6341286897659302,-1,-1,-1
484,65,1073.0047607421875,308.9987487792969,91.3699951171875,137.97055053710938,0.7847328186035156,-1,-1,-1
484,129,648.677734375,425.38385009765625,82.01397705078125,176.053466796875,0.7509211301803589,-1,-1,-1
484,108,777.8984985351562,383.10260009765625,78.41229248046875,155.427490234375,0.6359643340110779,-1,-1,-1
484,135,661.2601928710938,375.0098571777344,55.20587158203125,78.84823608398438,0.46023330092430115,-1,-1,-1
485,16,968.466552734375,391.7244873046875,74.0223388671875,177.4891357421875,0.8577755093574524,-1,-1,-1
485,3,693.7041015625,530.3001098632812,76.23553466796875,188.9503173828125,0.8332616686820984,-1,-1,-1
485,104,818.4818115234375,433.4625549316406,89.94775390625,182.92532348632812,0.8053103089332581,-1,-1,-1
485,97,1094.5045166015625,382.35064697265625,98.6005859375,162.49969482421875,0.6197934150695801,-1,-1,-1
485,118,172.89407348632812,337.5222473144531,82.19100952148438,130.74484252929688,0.8250162601470947,-1,-1,-1
485,121,161.4189910888672,509.5376892089844,63.524627685546875,201.28292846679688,0.8890818357467651,-1,-1,-1
485,117,63.376686096191406,408.23260498046875,93.8528060913086,194.1490478515625,0.9026123285293579,-1,-1,-1
485,127,862.7195434570312,328.1708068847656,51.1634521484375,143.4677734375,0.7858375906944275,-1,-1,-1
485,65,1079.4320068359375,309.8025207519531,89.3587646484375,135.84600830078125,0.6997242569923401,-1,-1,-1
485,129,653.3619384765625,423.5130310058594,78.22100830078125,178.52322387695312,0.7973394989967346,-1,-1,-1
485,108,785.6776733398438,379.5514221191406,79.793212890625,157.26113891601562,0.7369410395622253,-1,-1,-1
486,16,980.2109985351562,392.3135070800781,71.52069091796875,178.35604858398438,0.8170676231384277,-1,-1,-1
486,3,701.4014282226562,530.895751953125,75.65216064453125,188.4666748046875,0.8328343033790588,-1,-1,-1
486,104,823.5172729492188,412.9366760253906,91.65771484375,203.04989624023438,0.6368815898895264,-1,-1,-1
486,97,1111.337158203125,377.9121398925781,91.1617431640625,166.88119506835938,0.7516416311264038,-1,-1,-1
486,118,175.98565673828125,337.8351135253906,87.53872680664062,133.997802734375,0.8540398478507996,-1,-1,-1
486,121,165.3909912109375,509.7673645019531,64.0648193359375,202.03512573242188,0.8929216861724854,-1,-1,-1
486,117,63.96449279785156,406.3946228027344,95.63677978515625,195.37185668945312,0.8903154134750366,-1,-1,-1
486,127,868.565185546875,330.0598449707031,50.54541015625,142.30294799804688,0.6971359848976135,-1,-1,-1
486,65,1086.6551513671875,311.5887451171875,89.1376953125,134.983154296875,0.7375493049621582,-1,-1,-1
486,129,657.2057495117188,422.3917236328125,77.356201171875,180.51544189453125,0.752900242805481,-1,-1,-1
487,16,994.0628662109375,393.0650634765625,68.329345703125,178.98602294921875,0.8275735974311829,-1,-1,-1
487,3,709.90673828125,531.9122924804688,76.83416748046875,187.68780517578125,0.8648760318756104,-1,-1,-1
487,104,831.4420776367188,415.44073486328125,95.2529296875,200.8946533203125,0.8521454334259033,-1,-1,-1
487,97,1131.67822265625,371.3500671386719,86.752197265625,172.25650024414062,0.8246219754219055,-1,-1,-1
487,118,181.02745056152344,337.2723388671875,91.11021423339844,135.38604736328125,0.9082403779029846,-1,-1,-1
487,121,170.39425659179688,510.591064453125,64.26142883300781,202.35284423828125,0.8901063799858093,-1,-1,-1
487,117,65.84935760498047,405.2756042480469,95.8601303100586,195.66867065429688,0.8993587493896484,-1,-1,-1
487,127,875.2266845703125,330.9300231933594,49.80810546875,133.2081298828125,0.6889449954032898,-1,-1,-1
487,65,1096.380859375,313.60205078125,89.0848388671875,132.615478515625,0.7040574550628662,-1,-1,-1
487,129,663.3004150390625,421.0561828613281,75.5272216796875,181.55050659179688,0.7681813836097717,-1,-1,-1
487,135,668.093994140625,369.9964904785156,74.64019775390625,83.48690795898438,0.43977075815200806,-1,-1,-1
487,108,812.7387084960938,375.3147277832031,72.6773681640625,157.64920043945312,0.6901723146438599,-1,-1,-1
488,16,1010.6640014648438,392.8440246582031,63.99359130859375,180.61709594726562,0.8030259013175964,-1,-1,-1
488,3,720.487548828125,532.9533081054688,75.2060546875,186.33367919921875,0.849042534828186,-1,-1,-1
488,104,841.4407348632812,424.25689697265625,96.3018798828125,191.564697265625,0.8464362621307373,-1,-1,-1
488,97,1133.5469970703125,365.91815185546875,101.009765625,176.6622314453125,0.7235643267631531,-1,-1,-1
488,118,188.2350311279297,335.4468078613281,92.76554870605469,136.79833984375,0.8805779218673706,-1,-1,-1
488,121,177.7757568359375,510.213623046875,63.99017333984375,203.51971435546875,0.8868895769119263,-1,-1,-1
488,117,72.80968475341797,403.05926513671875,92.89708709716797,195.21649169921875,0.9032666683197021,-1,-1,-1
488,127,881.43994140625,331.5531311035156,52.7484130859375,129.4957275390625,0.7718780636787415,-1,-1,-1
488,65,1106.5965576171875,316.0092468261719,87.8798828125,132.04107666015625,0.6756159663200378,-1,-1,-1
488,129,668.9918212890625,418.1304626464844,75.4881591796875,183.83657836914062,0.7550812363624573,-1,-1,-1
488,135,673.499755859375,368.13714599609375,77.88165283203125,86.66461181640625,0.4093344211578369,-1,-1,-1
488,108,830.4022827148438,372.55059814453125,66.0064697265625,157.981689453125,0.5428181290626526,-1,-1,-1
489,16,1027.042724609375,393.0526428222656,60.3748779296875,180.79946899414062,0.8231838941574097,-1,-1,-1
489,3,732.8455200195312,533.0506591796875,77.517578125,186.13037109375,0.7830158472061157,-1,-1,-1
489,104,853.0723266601562,427.34027099609375,101.2823486328125,185.0994873046875,0.8642003536224365,-1,-1,-1
489,97,1163.484375,361.0636901855469,91.6968994140625,178.13467407226562,0.7865722179412842,-1,-1,-1
489,118,197.76902770996094,333.06005859375,92.29975891113281,139.6483154296875,0.8756953477859497,-1,-1,-1
489,121,185.94912719726562,510.10723876953125,63.58570861816406,204.392578125,0.8708857893943787,-1,-1,-1
489,117,81.26667022705078,400.5263366699219,89.1925277709961,195.19540405273438,0.8946588635444641,-1,-1,-1
489,127,893.7045288085938,330.6993713378906,51.9119873046875,127.731689453125,0.7166474461555481,-1,-1,-1
489,65,1120.6680908203125,317.07867431640625,85.5916748046875,125.02737426757812,0.5295491218566895,-1,-1,-1
489,129,676.2081909179688,415.5057067871094,70.90765380859375,186.46194458007812,0.7505967617034912,-1,-1,-1
489,108,841.3186645507812,370.5662536621094,67.01910400390625,159.35525512695312,0.6565150618553162,-1,-1,-1
490,16,1041.51611328125,392.4769287109375,60.4786376953125,181.6309814453125,0.8185738921165466,-1,-1,-1
490,3,743.963623046875,533.4501953125,81.9075927734375,185.94384765625,0.8746662139892578,-1,-1,-1
490,104,874.0457153320312,427.5858154296875,97.33837890625,183.29986572265625,0.8617193102836609,-1,-1,-1
490,97,1187.369384765625,356.037353515625,88.18017578125,180.83734130859375,0.6423768401145935,-1,-1,-1
490,118,207.50784301757812,330.3300476074219,92.50308227539062,142.99234008789062,0.890433669090271,-1,-1,-1
490,121,194.20806884765625,510.066650390625,63.396392822265625,205.4600830078125,0.8888848423957825,-1,-1,-1
490,117,89.26934051513672,398.4174499511719,84.40702056884766,195.70352172851562,0.8970093131065369,-1,-1,-1
490,129,687.2582397460938,413.44219970703125,65.76031494140625,188.091552734375,0.7223093509674072,-1,-1,-1
490,108,851.6232299804688,368.2414245605469,64.34271240234375,161.78646850585938,0.7820404171943665,-1,-1,-1
491,16,1053.61083984375,393.14703369140625,60.126708984375,183.51519775390625,0.8251076340675354,-1,-1,-1
491,3,753.1295166015625,534.592041015625,83.37420654296875,184.80181884765625,0.878881573677063,-1,-1,-1
491,104,895.5115966796875,427.18212890625,91.87164306640625,184.22552490234375,0.8200615644454956,-1,-1,-1
491,97,1207.939453125,353.9389953613281,72.060546875,181.76943969726562,0.5583270192146301,-1,-1,-1
491,118,216.56964111328125,327.6492614746094,91.17514038085938,146.19351196289062,0.9081999659538269,-1,-1,-1
491,121,200.3192901611328,510.2967834472656,63.93446350097656,205.68734741210938,0.8875812888145447,-1,-1,-1
491,117,96.34745025634766,396.97747802734375,79.31522369384766,193.87359619140625,0.8896138072013855,-1,-1,-1
491,129,693.8795166015625,412.8478698730469,74.5306396484375,187.84292602539062,0.7409462332725525,-1,-1,-1
491,108,862.2982177734375,366.723388671875,64.19427490234375,168.35455322265625,0.7076461911201477,-1,-1,-1
491,127,916.8203735351562,326.045654296875,52.15936279296875,140.28909301757812,0.5377750992774963,-1,-1,-1
491,65,1140.1737060546875,320.30352783203125,90.610107421875,130.76730346679688,0.6849326491355896,-1,-1,-1
492,16,1066.4970703125,393.40087890625,59.7120361328125,186.42498779296875,0.8670715093612671,-1,-1,-1
492,3,762.572509765625,535.142578125,81.9417724609375,183.98333740234375,0.8371462225914001,-1,-1,-1
492,104,918.962646484375,425.1076965332031,83.6951904296875,187.62979125976562,0.7415165901184082,-1,-1,-1
492,97,1228.1956787109375,353.58746337890625,51.8043212890625,179.74365234375,0.683894693851471,-1,-1,-1
492,118,225.7061004638672,325.1853332519531,88.19248962402344,147.96218872070312,0.8854228854179382,-1,-1,-1
492,121,205.85020446777344,510.4210510253906,64.72053527832031,205.75582885742188,0.904922604560852,-1,-1,-1
492,117,101.88935852050781,395.9655456542969,75.69354248046875,193.41293334960938,0.8989786505699158,-1,-1,-1
492,129,699.0757446289062,412.0570373535156,80.1343994140625,189.34622192382812,0.7173366546630859,-1,-1,-1
492,108,870.258056640625,365.4117431640625,68.86083984375,170.76898193359375,0.7770732045173645,-1,-1,-1
492,65,1150.033935546875,320.51983642578125,93.031494140625,133.22555541992188,0.6973212361335754,-1,-1,-1
493,16,1075.928466796875,393.5268249511719,65.0609130859375,188.31137084960938,0.8324027061462402,-1,-1,-1
493,3,771.5389404296875,535.185546875,81.66741943359375,184.276611328125,0.8665343523025513,-1,-1,-1
493,104,941.7229614257812,420.62786865234375,75.71612548828125,192.69622802734375,0.8559505343437195,-1,-1,-1
493,118,237.03073120117188,322.902099609375,82.389404296875,146.64373779296875,0.865894615650177,-1,-1,-1
493,121,211.13613891601562,509.99066162109375,64.93685913085938,206.80499267578125,0.8768637180328369,-1,-1,-1
493,117,107.70719909667969,394.8067321777344,73.41731262207031,193.49880981445312,0.8927525281906128,-1,-1,-1
493,129,704.6951293945312,411.23956298828125,81.78240966796875,190.64910888671875,0.7485834360122681,-1,-1,-1
493,108,881.216796875,362.46795654296875,70.39678955078125,178.348388671875,0.8151811957359314,-1,-1,-1
493,140,667.1229858398438,398.9232177734375,60.65924072265625,146.2679443359375,0.6878871917724609,-1,-1,-1
493,127,932.7726440429688,322.3417663574219,61.97564697265625,208.75820922851562,0.4344850480556488,-1,-1,-1
494,16,1086.502197265625,394.4941711425781,71.046142578125,188.04568481445312,0.8529831171035767,-1,-1,-1
494,3,781.12255859375,535.8566284179688,79.66357421875,183.631103515625,0.8588289022445679,-1,-1,-1
494,104,958.9696655273438,415.8529052734375,72.30792236328125,198.1146240234375,0.8625688552856445,-1,-1,-1
494,118,250.32594299316406,321.8895263671875,74.78248596191406,145.86788940429688,0.8711085319519043,-1,-1,-1
494,121,216.65274047851562,510.0509033203125,64.7042236328125,207.76470947265625,0.883945107460022,-1,-1,-1
494,117,112.7518081665039,393.5693054199219,76.04764556884766,194.55563354492188,0.8941738605499268,-1,-1,-1
494,129,711.2615966796875,411.6082458496094,67.0631103515625,189.79049682617188,0.7248424887657166,-1,-1,-1
494,108,891.0992431640625,361.4114990234375,69.69207763671875,182.65283203125,0.6893873810768127,-1,-1,-1
494,140,665.0980834960938,410.1445007324219,66.9622802734375,136.87112426757812,0.7267605066299438,-1,-1,-1
494,127,943.8314819335938,321.2384948730469,59.6746826171875,160.55398559570312,0.7071212530136108,-1,-1,-1
494,65,1169.1131591796875,322.9078063964844,106.27587890625,133.71890258789062,0.6124417781829834,-1,-1,-1
495,16,1096.532958984375,395.0008850097656,75.7308349609375,189.19058227539062,0.8832516074180603,-1,-1,-1
495,3,791.2166137695312,535.1184692382812,77.09716796875,184.1099853515625,0.8612545132637024,-1,-1,-1
495,104,972.1553344726562,410.2357482910156,73.05743408203125,204.05819702148438,0.8438785076141357,-1,-1,-1
495,118,261.5734558105469,320.6188049316406,67.60586547851562,147.50619506835938,0.8540902733802795,-1,-1,-1
495,121,221.9290008544922,509.9486083984375,64.76597595214844,207.7877197265625,0.8867717385292053,-1,-1,-1
495,117,117.32929229736328,392.8604431152344,79.02136993408203,194.88455200195312,0.8948758244514465,-1,-1,-1
495,129,717.2783203125,412.951171875,58.73516845703125,187.79205322265625,0.6890951991081238,-1,-1,-1
495,108,900.039306640625,361.12139892578125,69.183349609375,183.86651611328125,0.8562018871307373,-1,-1,-1
495,140,661.963623046875,421.5338439941406,70.8040771484375,125.49624633789062,0.5615713596343994,-1,-1,-1
495,127,952.3262939453125,320.560546875,60.12213134765625,135.53091430664062,0.7327659726142883,-1,-1,-1
495,65,1177.5921630859375,323.6061096191406,102.4078369140625,134.6854248046875,0.8341046571731567,-1,-1,-1
496,16,1112.1409912109375,395.71917724609375,74.4154052734375,190.4534912109375,0.8809763789176941,-1,-1,-1
496,3,799.8616943359375,534.4376831054688,74.76220703125,184.6483154296875,0.8761382102966309,-1,-1,-1
496,104,983.716552734375,406.16290283203125,75.8226318359375,205.40228271484375,0.8214353919029236,-1,-1,-1
496,118,269.2723388671875,319.2585144042969,64.1417236328125,140.44216918945312,0.7949483394622803,-1,-1,-1
496,121,226.3125457763672,510.26092529296875,64.34458923339844,208.11431884765625,0.8827393054962158,-1,-1,-1
496,117,122.00176239013672,392.5911865234375,83.24628448486328,194.92681884765625,0.9019353985786438,-1,-1,-1
496,129,722.20751953125,412.24359130859375,57.9722900390625,188.04974365234375,0.5310274958610535,-1,-1,-1
496,108,908.1658935546875,360.1558837890625,70.41357421875,184.2525634765625,0.8978694081306458,-1,-1,-1
496,140,657.5340576171875,429.1525573730469,75.6146240234375,117.39120483398438,0.5088790059089661,-1,-1,-1
496,127,960.6469116210938,320.6773681640625,60.42816162109375,127.94241333007812,0.6643016934394836,-1,-1,-1
496,65,1186.354736328125,323.93109130859375,93.645263671875,132.85845947265625,0.8370220065116882,-1,-1,-1
497,16,1122.05078125,395.8519592285156,76.5418701171875,191.08718872070312,0.8798139691352844,-1,-1,-1
497,3,806.7610473632812,534.0778198242188,73.2464599609375,185.0279541015625,0.8941448926925659,-1,-1,-1
497,104,994.4185180664062,403.5221252441406,79.52020263671875,201.30300903320312,0.8172796964645386,-1,-1,-1
497,118,274.73516845703125,318.123779296875,61.6273193359375,147.25241088867188,0.8813669085502625,-1,-1,-1
497,121,229.73046875,510.6896667480469,64.49783325195312,207.80429077148438,0.8894538283348083,-1,-1,-1
497,117,126.2490234375,392.9898986816406,86.93170166015625,194.52304077148438,0.90171879529953,-1,-1,-1
497,129,726.554931640625,414.4080810546875,54.37554931640625,182.44873046875,0.6196635961532593,-1,-1,-1
497,108,914.923583984375,359.30963134765625,73.63214111328125,184.168212890625,0.9038283228874207,-1,-1,-1
497,140,650.0594482421875,434.3461608886719,88.88250732421875,113.52853393554688,0.557062029838562,-1,-1,-1
497,127,968.0792236328125,320.6361389160156,62.068115234375,123.758544921875,0.8034590482711792,-1,-1,-1
497,65,1195.6082763671875,323.999755859375,84.3917236328125,132.00814819335938,0.8481529951095581,-1,-1,-1
498,16,1130.2562255859375,396.0148620605469,78.192626953125,192.11526489257812,0.9094592332839966,-1,-1,-1
498,3,812.4962158203125,534.304931640625,72.731689453125,184.92041015625,0.9218573570251465,-1,-1,-1
498,104,1009.5324096679688,403.30633544921875,80.52105712890625,200.58367919921875,0.8598846197128296,-1,-1,-1
498,118,279.5450744628906,316.78497314453125,58.43658447265625,150.54473876953125,0.897223949432373,-1,-1,-1
498,121,232.97381591796875,511.37396240234375,64.19732666015625,207.0697021484375,0.8899072408676147,-1,-1,-1
498,117,129.53709411621094,392.8984069824219,91.7791748046875,195.58273315429688,0.9035484790802002,-1,-1,-1
498,129,730.6685180664062,410.02978515625,52.69329833984375,185.1549072265625,0.4952670931816101,-1,-1,-1
498,108,920.8823852539062,358.7667541503906,76.72711181640625,183.39291381835938,0.9090301990509033,-1,-1,-1
498,127,976.7947387695312,320.2681884765625,61.27105712890625,124.79544067382812,0.7757124304771423,-1,-1,-1
498,65,1202.763916015625,323.7139892578125,77.236083984375,132.97219848632812,0.8672447800636292,-1,-1,-1
499,16,1138.0294189453125,395.6332702636719,79.0244140625,195.73397827148438,0.8923423290252686,-1,-1,-1
499,3,815.9155883789062,534.9404907226562,73.6702880859375,184.27154541015625,0.9210942387580872,-1,-1,-1
499,104,1015.29736328125,404.4708251953125,88.242919921875,198.35504150390625,0.8859183192253113,-1,-1,-1
499,118,284.06768798828125,316.06292724609375,54.92840576171875,152.0145263671875,0.8915213346481323,-1,-1,-1
499,121,235.21237182617188,511.8861999511719,64.13406372070312,206.43539428710938,0.8960176706314087,-1,-1,-1
499,117,131.25906372070312,392.8249206542969,95.392578125,197.33627319335938,0.9045153260231018,-1,-1,-1
499,129,732.6327514648438,406.75494384765625,53.77215576171875,185.9891357421875,0.4483831822872162,-1,-1,-1
499,108,925.9169921875,358.6656494140625,80.65008544921875,181.68182373046875,0.9138465523719788,-1,-1,-1
499,127,986.5941162109375,319.9798583984375,59.029052734375,124.96859741210938,0.5930195450782776,-1,-1,-1
499,65,1209.602294921875,322.8659362792969,70.397705078125,134.59942626953125,0.8543837666511536,-1,-1,-1
499,142,732.96337890625,403.6391296386719,76.84423828125,188.96029663085938,0.5489771366119385,-1,-1,-1
499,140,645.745361328125,440.14208984375,99.7908935546875,108.27423095703125,0.4930770695209503,-1,-1,-1
500,16,1145.8284912109375,395.8023681640625,78.207763671875,197.50970458984375,0.8915559649467468,-1,-1,-1
500,3,819.44921875,534.9520874023438,74.1397705078125,184.08258056640625,0.8906959891319275,-1,-1,-1
500,104,1021.6340942382812,406.03546142578125,97.43292236328125,195.687255859375,0.8908331394195557,-1,-1,-1
500,118,287.36749267578125,314.5460205078125,52.37939453125,154.02139282226562,0.8833785057067871,-1,-1,-1
500,121,236.85311889648438,512.30859375,65.21096801757812,206.1795654296875,0.9035486578941345,-1,-1,-1
500,117,132.58753967285156,392.76885986328125,98.55889892578125,196.9871826171875,0.893661379814148,-1,-1,-1
500,129,734.4888916015625,401.3118591308594,55.27447509765625,189.63412475585938,0.6032909154891968,-1,-1,-1
500,108,931.0404663085938,357.61614990234375,82.9859619140625,181.8828125,0.9048572182655334,-1,-1,-1
500,127,996.7927856445312,319.1607971191406,56.34490966796875,132.95404052734375,0.7094866037368774,-1,-1,-1
500,65,1215.9171142578125,321.9950866699219,64.0828857421875,136.2171630859375,0.811173677444458,-1,-1,-1
500,140,645.3361206054688,441.45465087890625,103.9140625,107.67498779296875,0.6249786019325256,-1,-1,-1
500,135,734.647705078125,350.5126647949219,60.3487548828125,115.1737060546875,0.46641042828559875,-1,-1,-1
501,16,1151.9915771484375,395.5354919433594,78.1474609375,198.89407348632812,0.8895457983016968,-1,-1,-1
501,3,822.3301391601562,534.734375,74.66864013671875,184.17108154296875,0.9122428894042969,-1,-1,-1
501,104,1030.075439453125,406.3735046386719,105.075439453125,194.77841186523438,0.8832350373268127,-1,-1,-1
501,118,290.99078369140625,313.2687683105469,48.792236328125,156.46551513671875,0.8794566988945007,-1,-1,-1
501,121,238.7141876220703,512.4424438476562,65.74012756347656,206.44219970703125,0.9068424105644226,-1,-1,-1
501,117,134.91639709472656,392.54583740234375,99.107421875,197.60894775390625,0.9048091769218445,-1,-1,-1
501,129,738.3203735351562,398.182861328125,53.538818359375,192.0599365234375,0.8488081693649292,-1,-1,-1
501,108,934.9844360351562,357.1824035644531,85.14013671875,181.86874389648438,0.8924136757850647,-1,-1,-1
501,127,1007.6907958984375,317.8548583984375,52.494384765625,147.06588745117188,0.8366904854774475,-1,-1,-1
501,65,1222.7147216796875,320.9258117675781,57.2852783203125,136.67755126953125,0.7223271727561951,-1,-1,-1
501,140,647.2333984375,442.02984619140625,104.80242919921875,106.95233154296875,0.7341904640197754,-1,-1,-1
501,135,736.4778442382812,349.5838928222656,59.243896484375,110.08053588867188,0.4875333607196808,-1,-1,-1
502,16,1158.2969970703125,395.76446533203125,79.9315185546875,199.73291015625,0.9011387825012207,-1,-1,-1
502,3,822.4747924804688,535.05810546875,77.1400146484375,183.62158203125,0.9105079174041748,-1,-1,-1
502,104,1052.1705322265625,404.58843994140625,86.5936279296875,196.95843505859375,0.8783530592918396,-1,-1,-1
502,118,293.9787292480469,311.5239562988281,46.405792236328125,159.13168334960938,0.8858557343482971,-1,-1,-1
502,121,240.9433135986328,512.8834838867188,65.56315612792969,206.18890380859375,0.8951958417892456,-1,-1,-1
502,117,137.52403259277344,391.835205078125,98.92050170898438,198.84136962890625,0.9040993452072144,-1,-1,-1
502,129,741.5803833007812,397.2625427246094,53.63916015625,193.25155639648438,0.8795977234840393,-1,-1,-1
502,108,940.2766723632812,356.8952331542969,85.36651611328125,183.02590942382812,0.8974610567092896,-1,-1,-1
502,127,1017.6528930664062,317.7007141113281,50.68304443359375,153.04595947265625,0.8001716732978821,-1,-1,-1
502,65,1230.8193359375,334.3672790527344,49.1806640625,124.27569580078125,0.8120940923690796,-1,-1,-1
502,140,650.3202514648438,441.6241149902344,104.032470703125,107.46481323242188,0.7686304450035095,-1,-1,-1
502,135,737.8356323242188,348.5115966796875,59.466796875,107.5848388671875,0.5799798369407654,-1,-1,-1
502,136,869.0726318359375,113.43112182617188,53.0888671875,164.63211059570312,0.41183140873908997,-1,-1,-1
503,16,1163.93505859375,395.70599365234375,81.9091796875,201.173828125,0.8812678456306458,-1,-1,-1
503,3,820.6646118164062,535.3629760742188,80.7637939453125,183.23358154296875,0.9080963134765625,-1,-1,-1
503,104,1065.1785888671875,401.50689697265625,80.9486083984375,200.56646728515625,0.8455003499984741,-1,-1,-1
503,118,297.1719665527344,309.459716796875,43.466217041015625,161.56112670898438,0.875282883644104,-1,-1,-1
503,121,243.26673889160156,513.221435546875,65.12959289550781,205.50592041015625,0.900239109992981,-1,-1,-1
503,117,141.68931579589844,390.3399658203125,96.77558898925781,199.82708740234375,0.9116657972335815,-1,-1,-1
503,129,741.125,398.3248596191406,57.9083251953125,193.81094360351562,0.8896104097366333,-1,-1,-1
503,108,945.6874389648438,356.8833312988281,84.56817626953125,184.00021362304688,0.8922825455665588,-1,-1,-1
503,127,1029.720703125,317.05096435546875,45.891357421875,158.78890991210938,0.7261602878570557,-1,-1,-1
503,65,1238.439697265625,338.7477722167969,41.560302734375,120.58990478515625,0.7856091260910034,-1,-1,-1
503,140,653.4408569335938,439.60382080078125,102.81195068359375,110.86126708984375,0.8384431600570679,-1,-1,-1
503,135,739.1040649414062,346.4688415527344,60.34783935546875,109.14324951171875,0.620059609413147,-1,-1,-1
504,16,1170.4072265625,394.86224365234375,83.0335693359375,203.3721923828125,0.8761500120162964,-1,-1,-1
504,3,818.8629760742188,535.6612548828125,85.0865478515625,183.31207275390625,0.9082042574882507,-1,-1,-1
504,104,1076.9571533203125,398.5647277832031,84.869384765625,202.40884399414062,0.8823352456092834,-1,-1,-1
504,118,299.7405090332031,307.74261474609375,40.94537353515625,163.61953735351562,0.6276460886001587,-1,-1,-1
504,121,245.50137329101562,513.4390258789062,64.426025390625,205.3548583984375,0.8942276239395142,-1,-1,-1
504,117,146.65916442871094,387.7333068847656,93.8460693359375,203.31808471679688,0.8990809917449951,-1,-1,-1
504,129,739.1641235351562,399.6166687011719,62.79949951171875,193.14920043945312,0.867424726486206,-1,-1,-1
504,108,950.0017700195312,356.7966613769531,85.38848876953125,184.66427612304688,0.9031927585601807,-1,-1,-1
504,127,1040.0728759765625,316.0408935546875,44.74267578125,164.30496215820312,0.8355268239974976,-1,-1,-1
504,65,1243.1029052734375,340.7041931152344,36.853271484375,120.30197143554688,0.5061874985694885,-1,-1,-1
504,140,657.0460205078125,437.323974609375,100.87335205078125,114.2388916015625,0.8435114026069641,-1,-1,-1
504,135,740.0816650390625,346.14288330078125,61.55706787109375,108.95889282226562,0.6301671266555786,-1,-1,-1
505,16,1177.2161865234375,394.1683349609375,83.1805419921875,205.73626708984375,0.8799257874488831,-1,-1,-1
505,3,818.7465209960938,536.6254272460938,87.7442626953125,182.631103515625,0.9151826500892639,-1,-1,-1
505,104,1087.759521484375,396.1540222167969,85.038330078125,204.53945922851562,0.872499942779541,-1,-1,-1
505,118,302.0761413574219,306.08758544921875,39.54302978515625,165.64541625976562,0.8653832674026489,-1,-1,-1
505,121,247.2172088623047,513.8380126953125,63.90196228027344,204.65496826171875,0.890241801738739,-1,-1,-1
505,117,154.2427520751953,385.4490966796875,91.85963439941406,203.147705078125,0.9018527865409851,-1,-1,-1
505,129,738.10693359375,399.71405029296875,65.40423583984375,194.0286865234375,0.880178689956665,-1,-1,-1
505,108,954.6068725585938,356.91363525390625,86.28863525390625,185.90643310546875,0.9026985764503479,-1,-1,-1
505,127,1047.007568359375,315.67303466796875,45.7532958984375,169.61825561523438,0.7785103917121887,-1,-1,-1
505,140,660.1800537109375,435.2943420410156,99.79193115234375,117.02426147460938,0.8485097885131836,-1,-1,-1
505,135,741.719970703125,345.30859375,61.91387939453125,111.27304077148438,0.7092560529708862,-1,-1,-1
505,136,883.7111206054688,109.35803985595703,53.35479736328125,114.74842071533203,0.4617266356945038,-1,-1,-1
506,16,1184.018310546875,394.44683837890625,84.58837890625,207.1749267578125,0.8669813275337219,-1,-1,-1
506,3,819.4863891601562,537.66650390625,90.13262939453125,181.716064453125,0.9190928339958191,-1,-1,-1
506,104,1096.1260986328125,393.5504150390625,83.0452880859375,207.314208984375,0.8762004375457764,-1,-1,-1
506,118,304.00439453125,304.96905517578125,39.394927978515625,167.177490234375,0.868381679058075,-1,-1,-1
506,121,248.60586547851562,514.4134521484375,63.216583251953125,203.9420166015625,0.8916716575622559,-1,-1,-1
506,117,163.71697998046875,383.5663757324219,89.6468505859375,198.94052124023438,0.9251725673675537,-1,-1,-1
506,129,738.5940551757812,399.4742126464844,67.26959228515625,195.30935668945312,0.894267201423645,-1,-1,-1
506,108,960.5570678710938,357.4468078613281,86.91632080078125,186.99520874023438,0.8948841094970703,-1,-1,-1
506,127,1051.818115234375,316.3633117675781,50.6707763671875,172.48556518554688,0.8252319097518921,-1,-1,-1
506,140,663.0089111328125,434.20086669921875,97.1556396484375,117.54608154296875,0.8536038398742676,-1,-1,-1
506,135,743.8131713867188,344.2698974609375,61.90655517578125,113.93295288085938,0.7484398484230042,-1,-1,-1
506,136,887.9529418945312,107.557861328125,52.52813720703125,151.32623291015625,0.4237351715564728,-1,-1,-1
507,16,1192.263427734375,394.0570983886719,84.522705078125,208.93515014648438,0.8769054412841797,-1,-1,-1
507,3,820.2500610351562,538.3821411132812,90.30926513671875,181.0455322265625,0.9105167388916016,-1,-1,-1
507,104,1102.53173828125,389.3284606933594,84.44482421875,211.32565307617188,0.8832708597183228,-1,-1,-1
507,118,304.8941955566406,304.106201171875,40.737518310546875,168.22601318359375,0.890425443649292,-1,-1,-1
507,121,248.6128387451172,515.0623168945312,63.42774963378906,203.28692626953125,0.8888438940048218,-1,-1,-1
507,117,175.21661376953125,380.8191223144531,85.2286376953125,197.44204711914062,0.9117816090583801,-1,-1,-1
507,129,741.8119506835938,398.0527648925781,66.0374755859375,196.80746459960938,0.8950628638267517,-1,-1,-1
507,108,970.51220703125,357.9814147949219,84.7178955078125,189.03695678710938,0.8847020864486694,-1,-1,-1
507,127,1057.1490478515625,316.5841064453125,59.27978515625,171.45648193359375,0.8656709790229797,-1,-1,-1
507,140,665.56884765625,432.96832275390625,94.38653564453125,120.59893798828125,0.8749425411224365,-1,-1,-1
507,135,745.1222534179688,342.68365478515625,62.848388671875,116.8056640625,0.7506300210952759,-1,-1,-1
