frame,track_id,x1,y1,x2,y2,center_x,center_y,confidence
1,1,692.0008544921875,334.69842529296875,779.0527954101562,451.6516418457031,735.52685546875,393.175048828125,0.920880913734436
1,2,198.29248046875,467.2076110839844,295.0289306640625,614.7960205078125,246.66070556640625,541.0018310546875,0.9035440683364868
1,3,917.239501953125,544.6671142578125,976.8869018554688,718.94189453125,947.063232421875,631.8045043945312,0.8990219235420227
1,4,471.72198486328125,506.7977294921875,529.02001953125,683.0670166015625,500.3710021972656,594.932373046875,0.8963243365287781
1,5,923.0677490234375,388.358642578125,980.0957641601562,525.9557495117188,951.581787109375,457.1571960449219,0.873788595199585
1,6,99.71556854248047,529.909423828125,161.0491943359375,708.9270629882812,130.38238525390625,619.418212890625,0.8683358430862427
1,7,178.29269409179688,276.37420654296875,233.9608612060547,393.2273864746094,206.12677001953125,334.80078125,0.8569608330726624
1,8,1041.1064453125,387.830078125,1086.3040771484375,551.1658935546875,1063.705322265625,469.49798583984375,0.8537349104881287
1,9,493.5572509765625,416.52899169921875,541.3446044921875,534.7339477539062,517.450927734375,475.6314697265625,0.8123518228530884
1,10,532.042236328125,341.1462707519531,593.6942749023438,468.2364807128906,562.8682861328125,404.6913757324219,0.7820456624031067
1,11,585.3201904296875,289.05535888671875,642.0673828125,387.2503662109375,613.6937866210938,338.1528625488281,0.7330819368362427
1,12,1252.042236328125,355.06414794921875,1279.4522705078125,501.6558837890625,1265.747314453125,428.3600158691406,0.7321819067001343
1,13,128.11892700195312,242.2852783203125,167.4545440673828,311.31121826171875,147.7867431640625,276.7982482910156,0.7084572911262512
2,1,691.994384765625,334.7109375,779.0384521484375,451.6524963378906,735.5164184570312,393.18170166015625,0.9214349985122681
2,2,198.28305053710938,467.2094421386719,295.0155944824219,614.8101196289062,246.64932250976562,541.009765625,0.9043573141098022
2,3,917.224365234375,544.659423828125,976.9183959960938,718.9465942382812,947.0714111328125,631.802978515625,0.8987292647361755
2,4,471.7283935546875,506.7900695800781,529.0241088867188,683.0511474609375,500.3762512207031,594.9205932617188,0.8966042399406433
2,5,923.0338134765625,388.3564453125,980.0962524414062,525.9495849609375,951.5650634765625,457.15301513671875,0.8742840886116028
2,6,99.75316619873047,529.9147338867188,161.09014892578125,708.9722290039062,130.42166137695312,619.4434814453125,0.868452787399292
2,7,178.30014038085938,276.38909912109375,233.99681091308594,393.2604675292969,206.14846801757812,334.82476806640625,0.8579747676849365
2,8,1041.115234375,387.7997131347656,1086.32568359375,551.1658935546875,1063.720458984375,469.4827880859375,0.8551542162895203
2,9,493.59490966796875,416.5307312011719,541.3373413085938,534.7474365234375,517.4661254882812,475.63909912109375,0.8129177689552307
2,10,532.0403442382812,341.1212463378906,593.545166015625,468.22412109375,562.792724609375,404.67266845703125,0.7840296030044556
2,11,585.3672485351562,289.0628662109375,642.0700073242188,387.2508544921875,613.7186279296875,338.1568603515625,0.7337531447410583
2,12,1252.0167236328125,355.0496520996094,1279.453369140625,501.6366271972656,1265.735107421875,428.3431396484375,0.7335434556007385
2,13,128.1201171875,242.30775451660156,167.44740295410156,311.30841064453125,147.78375244140625,276.8080749511719,0.7085406184196472
3,1,691.986083984375,334.6922607421875,779.0588989257812,451.6506042480469,735.5224609375,393.17144775390625,0.9217321872711182
3,2,198.27413940429688,467.19500732421875,295.01336669921875,614.8029174804688,246.6437530517578,540.9989624023438,0.904567301273346
3,3,917.2342529296875,544.662109375,976.9330444335938,718.942138671875,947.0836181640625,631.8021240234375,0.8990302085876465
3,4,471.7327575683594,506.80047607421875,529.0369262695312,683.0379028320312,500.38482666015625,594.919189453125,0.8970064520835876
3,5,923.0050048828125,388.3670654296875,980.091552734375,525.9481811523438,951.5482788085938,457.1576232910156,0.8732652068138123
3,6,99.75506591796875,529.9071655273438,161.1104736328125,709.000732421875,130.43276977539062,619.4539794921875,0.8691115379333496
3,7,178.3173370361328,276.4078063964844,234.00509643554688,393.27044677734375,206.16122436523438,334.839111328125,0.8569906949996948
3,8,1041.11181640625,387.7894592285156,1086.332275390625,551.1549682617188,1063.7220458984375,469.47222900390625,0.8552972078323364
3,9,493.5907287597656,416.53057861328125,541.3706665039062,534.7435302734375,517.480712890625,475.6370544433594,0.8132397532463074
3,10,532.0352783203125,341.1141052246094,593.5205078125,468.2294006347656,562.7778930664062,404.6717529296875,0.7839180827140808
3,11,585.3761596679688,289.0638732910156,642.06103515625,387.2406921386719,613.7186279296875,338.15228271484375,0.7332038879394531
3,12,1251.9962158203125,355.0523681640625,1279.4532470703125,501.6197509765625,1265.7247314453125,428.3360595703125,0.7338019609451294
3,13,128.1331329345703,242.1864471435547,167.42227172851562,311.29888916015625,147.7777099609375,276.74267578125,0.7079877257347107
4,1,691.9931640625,334.6903381347656,779.0629272460938,451.642578125,735.528076171875,393.16644287109375,0.9217814803123474
4,2,198.26612854003906,467.1871337890625,295.0086364746094,614.8328857421875,246.63739013671875,541.010009765625,0.9040242433547974
4,3,917.2434692382812,544.6607055664062,976.9356689453125,718.9530029296875,947.089599609375,631.806884765625,0.8991313576698303
4,4,471.74163818359375,506.7450256347656,529.0579833984375,683.0327758789062,500.3998107910156,594.888916015625,0.8964380025863647
4,5,922.9943237304688,388.37109375,980.0971069335938,525.9437255859375,951.5457153320312,457.15740966796875,0.8735194206237793
4,6,99.73644256591797,529.9249267578125,161.11927795410156,709.0411987304688,130.4278564453125,619.4830322265625,0.868800163269043
4,7,178.33099365234375,276.40985107421875,233.99252319335938,393.2755126953125,206.16175842285156,334.8426818847656,0.8562282919883728
4,8,1041.1002197265625,387.79510498046875,1086.3414306640625,551.150390625,1063.7208251953125,469.4727478027344,0.8548403978347778
4,9,493.671630859375,416.5303955078125,541.3824462890625,534.7420043945312,517.5270385742188,475.6361999511719,0.8135402798652649
4,10,532.0307006835938,341.12200927734375,593.529052734375,468.2346496582031,562.7799072265625,404.6783447265625,0.783207356929779
4,11,585.3828735351562,289.0619812011719,642.0650024414062,387.2215576171875,613.7239379882812,338.14178466796875,0.7305368185043335
4,12,1251.986328125,355.05328369140625,1279.45361328125,501.6199645996094,1265.719970703125,428.33660888671875,0.7323872447013855
4,13,128.13597106933594,242.1512908935547,167.41360473632812,311.2838134765625,147.7747802734375,276.7175598144531,0.7058389186859131
5,1,690.795654296875,337.2521667480469,781.7793579101562,453.7763977050781,736.2874755859375,395.5142822265625,0.9138931632041931
5,2,195.8186492919922,469.7577209472656,295.50799560546875,617.3790893554688,245.663330078125,543.5684204101562,0.910097599029541
5,3,918.8593139648438,546.18798828125,980.6661376953125,719.361572265625,949.7626953125,632.7747802734375,0.8857879042625427
5,4,470.9604797363281,507.4753112792969,528.3409423828125,684.9968872070312,499.65069580078125,596.236083984375,0.8942505717277527
5,5,924.088134765625,389.3147888183594,981.3357543945312,528.3925170898438,952.7119140625,458.8536376953125,0.8902941346168518
5,6,96.78187561035156,531.5835571289062,157.3684844970703,710.1279296875,127.07518005371094,620.855712890625,0.8801649808883667
5,7,175.84230041503906,279.127685546875,231.3844757080078,394.3365783691406,203.61338806152344,336.73211669921875,0.8571327924728394
5,8,1040.5400390625,389.5027160644531,1086.8604736328125,552.6243896484375,1063.7001953125,471.06353759765625,0.8441305160522461
5,9,494.600341796875,418.6809997558594,542.985595703125,538.4515991210938,518.79296875,478.5662841796875,0.8073440194129944
5,10,531.3243408203125,340.7598571777344,594.8192749023438,470.10894775390625,563.07177734375,405.43438720703125,0.7134562730789185
5,11,585.38818359375,289.48046875,642.9207153320312,388.5549621582031,614.1544189453125,339.0177001953125,0.7679124474525452
5,12,1254.372802734375,357.43408203125,1280.0,502.6772155761719,1267.1864013671875,430.0556640625,0.7169838547706604
6,1,689.0877685546875,340.07135009765625,784.0479736328125,455.3558044433594,736.56787109375,397.71356201171875,0.9234185218811035
6,2,192.55393981933594,472.4801940917969,296.7599182128906,619.818603515625,244.65692138671875,546.1494140625,0.9052010178565979
6,3,918.5093383789062,547.6360473632812,983.8092041015625,719.2657470703125,951.1593017578125,633.450927734375,0.8948450684547424
6,4,468.3312683105469,508.9521789550781,525.7618408203125,687.1784057617188,497.04656982421875,598.0653076171875,0.8677710890769958
6,5,923.8265991210938,391.2133483886719,980.8397827148438,531.3106079101562,952.3331909179688,461.261962890625,0.8889549970626831
6,6,90.69570922851562,534.0446166992188,151.41140747070312,713.6795654296875,121.05355834960938,623.862060546875,0.8609063625335693
6,7,171.77821350097656,279.1214904785156,227.452880859375,395.014404296875,199.61553955078125,337.06793212890625,0.8467622995376587
6,8,1036.585205078125,391.57513427734375,1085.2786865234375,554.0059204101562,1060.931884765625,472.79052734375,0.8397603631019592
6,9,495.44647216796875,422.3008117675781,543.37158203125,544.0612182617188,519.4090576171875,483.1810302734375,0.8456886410713196
6,10,529.0016479492188,341.933349609375,592.9305419921875,472.5287780761719,560.966064453125,407.2310791015625,0.828441321849823
6,11,585.169677734375,289.74591064453125,641.8846435546875,390.0917053222656,613.5271606445312,339.9188232421875,0.713982880115509
6,12,1252.9569091796875,360.10205078125,1279.5535888671875,504.0371398925781,1266.2552490234375,432.069580078125,0.7758303284645081
6,13,119.72196960449219,243.5139617919922,159.37728881835938,313.69085693359375,139.54962158203125,278.6024169921875,0.6690414547920227
7,1,687.0264892578125,342.7424621582031,786.0309448242188,457.3913269042969,736.5286865234375,400.06689453125,0.9183633327484131
7,2,187.0672149658203,474.5028381347656,296.1108703613281,623.2088623046875,241.58905029296875,548.8558349609375,0.899067223072052
7,3,916.9241333007812,549.7948608398438,985.331298828125,719.1365966796875,951.127685546875,634.4656982421875,0.9031388163566589
7,4,464.2398681640625,511.084228515625,522.5828857421875,689.7724609375,493.411376953125,600.4283447265625,0.8738067150115967
7,5,921.3846435546875,393.2120056152344,978.87744140625,534.7880859375,950.1310424804688,464.00006103515625,0.9020096063613892
7,6,83.10582733154297,536.995361328125,149.5937957763672,715.0595092773438,116.34980773925781,626.0274658203125,0.7350642085075378
7,7,165.69900512695312,281.20611572265625,222.5791778564453,397.1776428222656,194.13909912109375,339.19189453125,0.862602174282074
7,8,1027.291015625,393.3147888183594,1081.2366943359375,555.3573608398438,1054.263916015625,474.3360595703125,0.7493423819541931
7,9,494.90362548828125,426.5210876464844,542.5418090820312,552.9981079101562,518.7227172851562,489.75958251953125,0.8778784871101379
7,10,526.3649291992188,343.173095703125,588.172607421875,473.709716796875,557.268798828125,408.44140625,0.8099465370178223
7,11,580.8751831054688,290.4460144042969,641.3145141601562,392.3590087890625,611.0948486328125,341.40252685546875,0.837079644203186
7,12,1250.9334716796875,363.3221435546875,1278.9129638671875,506.0189208984375,1264.9232177734375,434.6705322265625,0.8018896579742432
7,13,113.52035522460938,243.85791015625,154.36192321777344,314.4053649902344,133.94113159179688,279.13165283203125,0.6900765895843506
8,1,684.4644165039062,344.13763427734375,783.8441772460938,460.492431640625,734.154296875,402.3150329589844,0.9171346426010132
8,2,185.8756866455078,477.02618408203125,293.9945068359375,623.564208984375,239.93508911132812,550.295166015625,0.8900443911552429
8,3,912.9580688476562,552.2479858398438,984.213134765625,719.665283203125,948.5855712890625,635.9566650390625,0.8930385112762451
8,4,457.3903503417969,514.5068359375,516.6841430664062,692.720703125,487.0372314453125,603.61376953125,0.8692768812179565
8,5,915.9727783203125,395.18060302734375,973.095947265625,538.9490356445312,944.5343627929688,467.0648193359375,0.8818492889404297
8,6,73.22380828857422,540.31689453125,147.76376342773438,716.621826171875,110.49378967285156,628.4693603515625,0.8311942219734192
8,7,156.79464721679688,281.06304931640625,214.4949493408203,399.3323059082031,185.64480590820312,340.19769287109375,0.8444740176200867
8,8,1023.251708984375,394.8948669433594,1075.87109375,556.5836181640625,1049.5614013671875,475.7392578125,0.8043057322502136
8,9,490.34356689453125,431.02532958984375,539.8619384765625,557.7383422851562,515.102783203125,494.3818359375,0.871559739112854
8,10,522.6206665039062,344.5229797363281,584.0372924804688,475.1522216796875,553.3289794921875,409.83758544921875,0.8072618246078491
8,11,577.8465576171875,291.5116271972656,641.1749267578125,392.9147644042969,609.5107421875,342.21319580078125,0.8709251284599304
8,12,1246.4140625,366.11236572265625,1278.1368408203125,507.5143127441406,1262.275390625,436.8133544921875,0.8168262839317322
8,13,104.62811279296875,244.6637725830078,145.89247131347656,315.72149658203125,125.26029205322266,280.192626953125,0.7087154388427734
9,1,683.0194091796875,344.9486389160156,782.0733032226562,461.0240173339844,732.54638671875,402.986328125,0.9175083041191101
9,2,186.5911102294922,480.48333740234375,290.4552001953125,623.0455322265625,238.52316284179688,551.764404296875,0.7692922949790955
9,3,906.2171020507812,553.4899291992188,977.8418579101562,719.4338989257812,942.0294799804688,636.4619140625,0.9087732434272766
9,5,907.0556640625,397.61883544921875,963.6053466796875,541.8967895507812,935.3305053710938,469.7578125,0.8715896606445312
9,6,61.11824035644531,542.925537109375,130.86424255371094,718.0496826171875,95.99124145507812,630.4876098632812,0.8279449939727783
9,7,146.71791076660156,283.94580078125,204.1320037841797,400.57672119140625,175.42495727539062,342.2612609863281,0.8530333638191223
9,8,1017.0408325195312,396.0173645019531,1066.00341796875,557.6116943359375,1041.5220947265625,476.81451416015625,0.8190822601318359
9,9,484.2279052734375,437.0928649902344,540.2012939453125,559.9553833007812,512.214599609375,498.52410888671875,0.8417429327964783
9,10,505.6468200683594,345.361083984375,578.0379638671875,476.6132507324219,541.8424072265625,410.9871826171875,0.7751589417457581
9,11,577.4134521484375,293.8365783691406,640.4961547851562,393.64068603515625,608.954833984375,343.7386474609375,0.8866238594055176
9,12,1236.808837890625,368.5384521484375,1276.5257568359375,508.28057861328125,1256.667236328125,438.4095153808594,0.819735050201416
9,13,93.61915588378906,245.194091796875,135.4646453857422,316.0038146972656,114.54190063476562,280.59893798828125,0.6662523746490479
10,1,687.0670776367188,349.3259582519531,773.6463623046875,462.51141357421875,730.356689453125,405.918701171875,0.8817250728607178
10,2,170.4336700439453,488.9596252441406,279.4951171875,631.8600463867188,224.96438598632812,560.4098510742188,0.8467150926589966
10,3,886.59423828125,554.9426879882812,961.120849609375,718.6903686523438,923.8575439453125,636.8165283203125,0.8984087705612183
10,5,882.2501220703125,401.2513427734375,937.6751098632812,542.8360595703125,909.962646484375,472.043701171875,0.8427066802978516
10,6,33.62178421020508,546.591064453125,115.82147216796875,719.5328369140625,74.72162628173828,633.0619506835938,0.8767496943473816
10,7,121.7379150390625,285.41326904296875,180.36328125,402.20208740234375,151.05059814453125,343.80767822265625,0.7710974216461182
10,8,992.9990234375,398.53369140625,1042.34130859375,558.3173828125,1017.670166015625,478.425537109375,0.7408154606819153
10,9,462.5124816894531,438.9242858886719,538.1647338867188,560.1513061523438,500.338623046875,499.53778076171875,0.8060548305511475
10,10,471.3478698730469,348.3572998046875,567.8202514648438,478.1290588378906,519.5840454101562,413.2431640625,0.435499906539917
10,11,565.2593383789062,296.5826110839844,632.8367309570312,388.56201171875,599.0480346679688,342.57232666015625,0.6531429886817932
10,12,1212.6419677734375,371.5883483886719,1264.6636962890625,508.56005859375,1238.65283203125,440.07421875,0.8323509097099304
10,13,66.5679702758789,246.96646118164062,112.5335464477539,319.1691589355469,89.5507583618164,283.06781005859375,0.7342881560325623
10,4,427.1134948730469,520.0802001953125,486.51422119140625,696.72998046875,456.8138427734375,608.4050903320312,0.9030110836029053
11,1,693.6737670898438,353.6070556640625,772.8755493164062,463.21099853515625,733.274658203125,408.4090270996094,0.8829074501991272
11,2,159.6412811279297,494.66778564453125,276.3164367675781,642.1771240234375,217.97885131835938,568.4224853515625,0.8540992736816406
11,3,875.55322265625,555.6283569335938,952.9705810546875,718.6273193359375,914.2619018554688,637.1278076171875,0.8904332518577576
11,5,857.0519409179688,403.2203674316406,922.8239135742188,543.3517456054688,889.9379272460938,473.28607177734375,0.8493988513946533
11,6,18.012414932250977,548.426513671875,105.24703979492188,719.5499877929688,61.62972640991211,633.98828125,0.8364064693450928
11,7,106.90203094482422,286.6324768066406,167.14837646484375,403.6760559082031,137.02520751953125,345.1542663574219,0.7356371879577637
11,8,981.2145385742188,399.3572082519531,1027.964599609375,557.3048706054688,1004.589599609375,478.3310546875,0.5002911686897278
11,9,448.70880126953125,439.17108154296875,537.3485107421875,560.8543701171875,493.0286560058594,500.0127258300781,0.7545630931854248
11,10,450.95819091796875,351.0664978027344,544.7080078125,481.22320556640625,497.8330993652344,416.14483642578125,0.6584784388542175
11,11,555.8515625,298.3417053222656,628.3827514648438,392.34527587890625,592.1171875,345.343505859375,0.7668907046318054
11,12,1198.7872314453125,373.5646667480469,1255.113525390625,508.12646484375,1226.950439453125,440.8455810546875,0.8563146591186523
11,13,50.18355941772461,248.41262817382812,97.7533187866211,320.2898254394531,73.96843719482422,284.3512268066406,0.7169526219367981
11,4,414.93450927734375,521.1838989257812,472.8566589355469,697.6350708007812,443.89556884765625,609.4094848632812,0.873076319694519
12,1,673.9149169921875,354.7222595214844,760.7591552734375,466.048095703125,717.3370361328125,410.38519287109375,0.9099622368812561
12,2,132.29302978515625,498.31640625,267.7705383300781,654.5542602539062,200.0317840576172,576.435302734375,0.9032807946205139
12,3,851.26513671875,555.3575439453125,931.1658325195312,718.1687622070312,891.2154541015625,636.76318359375,0.8944973945617676
12,5,821.8846435546875,401.24249267578125,893.4779052734375,542.2680053710938,857.6812744140625,471.7552490234375,0.7763497829437256
12,6,0.0,551.9575805664062,75.13533020019531,719.5964965820312,37.567665100097656,635.7770385742188,0.5745458006858826
12,7,76.70494079589844,286.3993835449219,137.729248046875,405.6555480957031,107.21709442138672,346.0274658203125,0.7485843300819397
12,8,948.881103515625,395.2159729003906,998.3259887695312,554.1040649414062,973.603515625,474.6600341796875,0.49483469128608704
12,9,429.22686767578125,439.14532470703125,518.3323364257812,560.34228515625,473.77960205078125,499.7438049316406,0.8844133019447327
12,10,418.09735107421875,355.4033203125,508.7484130859375,483.327880859375,463.4228820800781,419.3656005859375,0.8272902965545654
12,11,532.6826171875,286.2625732421875,611.7186889648438,387.3263244628906,572.20068359375,336.79443359375,0.7347778677940369
12,12,1169.799072265625,373.6919250488281,1237.776123046875,511.24407958984375,1203.78759765625,442.468017578125,0.8954854011535645
12,13,18.90839195251465,251.3232879638672,66.43379974365234,321.2973937988281,42.67109680175781,286.3103332519531,0.6897110939025879
12,4,387.3554992675781,522.5032348632812,446.74664306640625,698.8828735351562,417.05108642578125,610.6930541992188,0.8852049112319946
13,1,667.3892211914062,354.26483154296875,763.192626953125,466.9190368652344,715.2908935546875,410.5919189453125,0.9090449810028076
13,2,129.0187225341797,501.0850830078125,265.5785827636719,665.4431762695312,197.29864501953125,583.26416015625,0.6165744066238403
13,3,841.80615234375,555.175537109375,921.7462158203125,718.223388671875,881.7761840820312,636.699462890625,0.9062920808792114
13,5,809.2803955078125,393.0767822265625,877.9802856445312,541.4119873046875,843.63037109375,467.244384765625,0.8888337016105652
13,6,0.0,553.925537109375,43.4245491027832,718.6633911132812,21.7122745513916,636.29443359375,0.6532934308052063
13,7,59.47822189331055,285.2664489746094,122.45069885253906,406.35736083984375,90.96446228027344,345.8118896484375,0.7081430554389954
13,8,916.4632568359375,391.9851989746094,983.37451171875,553.2083129882812,949.9188842773438,472.59674072265625,0.7201851010322571
13,9,416.109375,438.4598693847656,509.3834228515625,560.9317626953125,462.74639892578125,499.69580078125,0.8916086554527283
13,10,401.6308898925781,359.57269287109375,492.7624816894531,485.939208984375,447.1966857910156,422.7559509277344,0.835817277431488
13,11,528.165771484375,289.37921142578125,604.1065673828125,383.1863708496094,566.1361694335938,336.28277587890625,0.7283094525337219
13,12,1155.6947021484375,374.35638427734375,1229.66650390625,511.6098327636719,1192.6806640625,442.98309326171875,0.9042802453041077
13,13,1.8159302473068237,251.0511016845703,49.060081481933594,322.377197265625,25.438005447387695,286.7141418457031,0.5574284195899963
13,4,373.3956298828125,522.7745971679688,433.3272399902344,699.90966796875,403.3614501953125,611.3421630859375,0.897760808467865
14,1,665.0086059570312,353.8290710449219,767.2988891601562,468.6402587890625,716.1537475585938,411.23468017578125,0.9293873906135559
14,2,127.69496154785156,504.2442321777344,261.6473083496094,672.1229248046875,194.671142578125,588.18359375,0.9095020294189453
14,3,836.6007080078125,553.8689575195312,910.5379028320312,718.4794311523438,873.5693359375,636.1741943359375,0.8932517170906067
14,5,797.1224365234375,380.5829772949219,864.4230346679688,539.8507690429688,830.772705078125,460.21685791015625,0.8367300629615784
14,7,44.5993537902832,285.7716979980469,107.34598541259766,407.35687255859375,75.97267150878906,346.56427001953125,0.6664879322052002
14,8,910.50537109375,387.8132629394531,968.8216552734375,552.65283203125,939.6635131835938,470.2330322265625,0.40487799048423767
14,9,406.08233642578125,437.38739013671875,500.3687744140625,561.6622314453125,453.2255554199219,499.5248107910156,0.8851108551025391
14,10,386.1415100097656,362.64898681640625,477.3533935546875,487.6036071777344,431.7474365234375,425.12628173828125,0.8340945243835449
14,11,521.7741088867188,282.32550048828125,596.5602416992188,380.3016357421875,559.1671752929688,331.3135681152344,0.46038302779197693
14,12,1141.3472900390625,374.6800842285156,1218.368408203125,511.238037109375,1179.85791015625,442.95904541015625,0.8993144035339355
14,13,0.0,252.49380493164062,31.35072898864746,322.8151550292969,15.67536449432373,287.65447998046875,0.6554100513458252
14,4,359.54742431640625,523.0797119140625,420.54248046875,700.3058471679688,390.0449523925781,611.6927490234375,0.891257643699646
15,1,667.6405639648438,354.6983642578125,768.0938110351562,471.1844177246094,717.8671875,412.94140625,0.8893357515335083
15,2,132.81008911132812,506.6985778808594,259.08245849609375,676.8938598632812,195.94627380371094,591.7962036132812,0.8801124691963196
15,3,832.35986328125,553.4570922851562,900.913330078125,718.380126953125,866.6365966796875,635.9185791015625,0.8767930865287781
15,5,782.835205078125,368.27239990234375,852.9635009765625,535.0354614257812,817.8993530273438,451.6539306640625,0.875489354133606
15,7,29.718658447265625,283.325439453125,92.27790832519531,407.0078430175781,60.99828338623047,345.1666259765625,0.645372211933136
15,8,901.9636840820312,391.6036376953125,955.1361694335938,552.2554931640625,928.5499267578125,471.9295654296875,0.4270677864551544
15,9,398.78143310546875,434.9607238769531,492.7005310058594,562.7196655273438,445.740966796875,498.8402099609375,0.9003883004188538
15,10,371.8968200683594,366.024169921875,464.1788024902344,488.11187744140625,418.0378112792969,427.0680236816406,0.8157265782356262
15,11,535.3534545898438,291.1895446777344,590.6561279296875,380.1717529296875,563.0047607421875,335.6806640625,0.5363603830337524
15,12,1125.59423828125,375.608154296875,1204.471923828125,509.9707946777344,1165.0330810546875,442.78948974609375,0.8907849192619324
15,4,346.8626708984375,523.634765625,408.3236083984375,700.7222900390625,377.5931396484375,612.1785278320312,0.8749154806137085
16,1,676.4874877929688,357.4064025878906,764.7876586914062,477.61346435546875,720.6375732421875,417.50994873046875,0.8917063474655151
16,2,146.12203979492188,508.9800720214844,258.23016357421875,679.0902709960938,202.1761016845703,594.03515625,0.8977847695350647
16,3,826.8172607421875,552.1135864257812,891.4658813476562,718.0086059570312,859.1416015625,635.0610961914062,0.5794031620025635
16,5,765.550537109375,356.96795654296875,843.447509765625,531.6695556640625,804.4990234375,444.3187561035156,0.8649073839187622
16,7,14.332991600036621,282.5760803222656,77.55503845214844,407.86602783203125,45.94401550292969,345.2210693359375,0.7134910225868225
16,8,888.9091186523438,357.2893371582031,942.1255493164062,551.8832397460938,915.517333984375,454.5863037109375,0.4810117483139038
16,9,395.61553955078125,432.5987548828125,487.8623962402344,562.609619140625,441.73895263671875,497.60418701171875,0.898065984249115
16,10,357.049072265625,369.4777526855469,451.11236572265625,488.9865417480469,404.0807189941406,429.2321472167969,0.8461737632751465
16,11,545.2845458984375,295.3579406738281,585.9251708984375,380.5101623535156,565.6048583984375,337.9340515136719,0.679261326789856
16,12,1109.176513671875,375.5595703125,1189.956298828125,509.0194091796875,1149.56640625,442.28948974609375,0.8838433623313904
16,4,334.0112609863281,524.1231079101562,394.91705322265625,701.4603271484375,364.46417236328125,612.791748046875,0.8947895169258118
17,1,680.1531372070312,361.477783203125,757.2771606445312,480.2064514160156,718.7151489257812,420.84210205078125,0.8889122605323792
17,2,144.01527404785156,508.96673583984375,265.70281982421875,681.2447509765625,204.85903930664062,595.105712890625,0.8898031115531921
17,3,817.396484375,550.6824340820312,883.0254516601562,717.8602905273438,850.2109375,634.2713623046875,0.8912352919578552
17,5,751.2855224609375,361.869384765625,832.3692626953125,519.3220825195312,791.827392578125,440.5957336425781,0.883543074131012
17,7,0.2423141598701477,283.9583435058594,62.87674331665039,407.133544921875,31.559528350830078,345.54595947265625,0.7014057636260986
17,9,394.696533203125,428.52252197265625,482.5223388671875,565.1019287109375,438.60943603515625,496.8122253417969,0.9070966839790344
17,10,343.6697692871094,372.37762451171875,440.0982360839844,489.4961853027344,391.8840026855469,430.9368896484375,0.8577362298965454
17,11,542.7022094726562,297.0365295410156,583.3792724609375,380.049560546875,563.040771484375,338.54302978515625,0.4838525652885437
17,12,1093.556396484375,375.1194763183594,1176.009521484375,507.26422119140625,1134.782958984375,441.19183349609375,0.8937796950340271
17,4,320.73333740234375,524.3898315429688,382.2464904785156,702.0833740234375,351.48992919921875,613.236572265625,0.8875254392623901
17,16,1239.646728515625,458.1712951660156,1276.8408203125,626.9873046875,1258.2437744140625,542.5792846679688,0.8266832828521729
18,1,679.1395263671875,364.2186584472656,746.74853515625,480.0693664550781,712.9440307617188,422.1440124511719,0.8420735597610474
18,2,134.8600311279297,507.13238525390625,270.60528564453125,682.57421875,202.732666015625,594.853271484375,0.9085132479667664
18,3,808.4729614257812,549.0489501953125,873.8389282226562,717.3781127929688,841.1559448242188,633.2135009765625,0.8980965614318848
18,5,737.7504272460938,361.7922058105469,820.3177490234375,507.9735107421875,779.0340576171875,434.88287353515625,0.6390250325202942
18,7,0.0,286.5517883300781,47.57686996459961,404.1976318359375,23.788434982299805,345.37469482421875,0.7470194101333618
18,9,395.98016357421875,424.6800231933594,476.0494079589844,563.2387084960938,436.0147705078125,493.9593505859375,0.8854208588600159
18,10,331.2900085449219,375.134033203125,430.6648254394531,489.60498046875,380.9774169921875,432.3695068359375,0.8055722713470459
18,11,536.0903930664062,297.0827331542969,582.3993530273438,380.2533264160156,559.244873046875,338.66802978515625,0.7058423161506653
18,12,1078.6588134765625,373.5412902832031,1161.024169921875,506.18511962890625,1119.841552734375,439.86322021484375,0.8713579177856445
18,4,306.86505126953125,525.0492553710938,368.88360595703125,703.2156982421875,337.87432861328125,614.1324462890625,0.9135112166404724
18,16,1224.47607421875,457.1646728515625,1274.4329833984375,627.59228515625,1249.45458984375,542.3784790039062,0.8774052262306213
18,8,860.4283447265625,321.0859069824219,915.2108154296875,547.9629516601562,887.819580078125,434.5244140625,0.5763887763023376
19,1,678.1500854492188,364.4979553222656,746.347412109375,479.6558837890625,712.248779296875,422.076904296875,0.8219972252845764
19,2,126.71306610107422,504.48681640625,273.9371032714844,682.3618774414062,200.32508850097656,593.42431640625,0.9227389693260193
19,3,798.870849609375,546.1541137695312,863.0101928710938,717.6210327148438,830.9405517578125,631.8875732421875,0.8865213394165039
19,5,728.4122314453125,360.060302734375,808.4351196289062,498.509765625,768.4237060546875,429.2850341796875,0.778835654258728
19,7,0.0,273.2231750488281,31.834821701049805,403.6376647949219,15.917410850524902,338.430419921875,0.6816021203994751
19,9,396.29559326171875,421.13580322265625,467.0984191894531,561.0238647460938,431.697021484375,491.079833984375,0.9145136475563049
19,10,318.87738037109375,375.87554931640625,423.8283996582031,490.08123779296875,371.3529052734375,432.9783935546875,0.849816620349884
19,11,523.1347045898438,295.00872802734375,580.2356567382812,379.3239440917969,551.6851806640625,337.16632080078125,0.8241863250732422
19,12,1062.6019287109375,371.6144104003906,1145.2078857421875,505.2293701171875,1103.9049072265625,438.421875,0.8676262497901917
19,4,292.6747741699219,525.5571899414062,355.1116638183594,703.9065551757812,323.8932189941406,614.7318725585938,0.8918226957321167
19,16,1209.3702392578125,455.86029052734375,1266.8577880859375,626.4404296875,1238.114013671875,541.150390625,0.8134586215019226
19,8,841.1536254882812,308.7784729003906,902.285400390625,542.8690795898438,871.719482421875,425.82379150390625,0.45690950751304626
20,1,677.9012451171875,362.1889953613281,748.4558715820312,479.77459716796875,713.1785888671875,420.9818115234375,0.7776728868484497
20,2,123.99585723876953,502.1756591796875,275.43255615234375,680.3451538085938,199.71420288085938,591.2603759765625,0.91407310962677
20,3,787.9768676757812,545.8692626953125,852.6641235351562,717.7154541015625,820.3204956054688,631.7923583984375,0.8854823112487793
20,5,716.7837524414062,357.8321533203125,793.4349365234375,489.92376708984375,755.109375,423.8779602050781,0.7845476865768433
20,9,396.0650939941406,418.2195129394531,457.3952331542969,560.3082275390625,426.73016357421875,489.26385498046875,0.871914267539978
20,10,309.17108154296875,376.19512939453125,414.0018615722656,490.4942932128906,361.58648681640625,433.3447265625,0.8353559970855713
20,11,512.4056396484375,291.8315124511719,577.5540161132812,382.53594970703125,544.9798583984375,337.1837158203125,0.858589231967926
20,12,1044.246826171875,369.6181335449219,1126.00341796875,504.1610412597656,1085.1251220703125,436.88958740234375,0.8305073976516724
20,4,277.4880065917969,526.0117797851562,341.3642883300781,705.0774536132812,309.4261474609375,615.5446166992188,0.84882652759552
20,16,1192.475830078125,455.5004577636719,1251.56201171875,623.6849365234375,1222.0189208984375,539.5927124023438,0.7899779081344604
20,8,828.3096313476562,298.4157409667969,888.2255859375,533.7536010742188,858.267578125,416.08465576171875,0.6369654536247253
21,1,672.4689331054688,358.08905029296875,737.7796020507812,479.7335205078125,705.124267578125,418.9112854003906,0.8258242607116699
21,2,124.30648040771484,501.611083984375,266.7159118652344,676.9983520507812,195.51119995117188,589.3046875,0.9123703837394714
21,3,776.8723754882812,545.5985107421875,842.7049560546875,717.9208984375,809.7886962890625,631.7597045898438,0.8839449286460876
21,5,714.2700805664062,354.66693115234375,780.280517578125,490.542724609375,747.2752685546875,422.6048278808594,0.6283504962921143
21,9,390.40106201171875,416.8184814453125,446.9411926269531,560.15478515625,418.671142578125,488.48663330078125,0.857860803604126
21,10,301.75274658203125,376.48388671875,403.9986267089844,490.5916748046875,352.87567138671875,433.53778076171875,0.8351748585700989
21,11,500.88641357421875,290.0956115722656,573.5972900390625,385.0459289550781,537.2418212890625,337.5707702636719,0.8671633005142212
21,12,1025.4808349609375,367.8846740722656,1103.8341064453125,494.8964538574219,1064.657470703125,431.39056396484375,0.8027792572975159
21,4,258.8892822265625,527.3401489257812,326.8631896972656,706.5147094726562,292.876220703125,616.9274291992188,0.883783221244812
21,16,1175.341796875,453.92462158203125,1234.02490234375,621.922607421875,1204.683349609375,537.923583984375,0.8249728083610535
21,8,808.8834838867188,298.4755859375,873.8330078125,523.5563354492188,841.3582763671875,411.0159606933594,0.5170454978942871
22,1,664.3171997070312,353.7623596191406,722.4776000976562,479.63360595703125,693.3973999023438,416.697998046875,0.8089634776115417
22,2,133.44187927246094,502.26336669921875,257.83392333984375,677.7261352539062,195.63790893554688,589.9947509765625,0.9022662043571472
22,3,766.9597778320312,545.8925170898438,832.157958984375,718.5204467773438,799.558837890625,632.2064819335938,0.8888676166534424
22,5,705.8449096679688,354.5132141113281,767.6133422851562,494.0876159667969,736.7291259765625,424.3004150390625,0.7050540447235107
22,9,382.73883056640625,416.6214599609375,436.3725280761719,560.5219116210938,409.5556640625,488.5716857910156,0.8530034422874451
22,10,300.1477966308594,376.9416198730469,395.69573974609375,490.9757385253906,347.9217529296875,433.95867919921875,0.8332873582839966
22,11,492.3978576660156,288.3030090332031,567.9570922851562,388.0893859863281,530.177490234375,338.1961975097656,0.8416370153427124
22,12,1006.6708374023438,366.8536376953125,1079.8079833984375,487.5657653808594,1043.2393798828125,427.209716796875,0.8327714204788208
22,4,246.22897338867188,528.2958374023438,312.2118225097656,706.82958984375,279.22039794921875,617.562744140625,0.8624648451805115
22,16,1157.772705078125,452.5973815917969,1218.0909423828125,620.0410766601562,1187.931884765625,536.3192138671875,0.8455293774604797
22,8,793.709716796875,301.85455322265625,859.5881958007812,499.5707092285156,826.64892578125,400.712646484375,0.5210795998573303
22,18,1197.6737060546875,417.0535888671875,1260.6827392578125,551.9083251953125,1229.17822265625,484.48095703125,0.8312708139419556
23,1,655.6130981445312,347.35955810546875,708.629150390625,480.01702880859375,682.12109375,413.68829345703125,0.731795072555542
23,2,150.4726104736328,502.87109375,255.1624298095703,679.93017578125,202.81752014160156,591.400634765625,0.8889118432998657
23,3,755.5411376953125,545.927001953125,822.3015747070312,719.1940307617188,788.92138671875,632.560546875,0.8842238783836365
23,5,689.9270629882812,354.2596740722656,755.6693115234375,498.25421142578125,722.7982177734375,426.2569580078125,0.728005588054657
23,9,375.6385803222656,417.47515869140625,427.0564270019531,564.0382080078125,401.3475036621094,490.7566833496094,0.894817590713501
23,10,301.3966064453125,377.350830078125,387.7606201171875,490.77752685546875,344.57861328125,434.0641784667969,0.860785186290741
23,11,489.7675476074219,288.9837951660156,561.8936767578125,392.9764709472656,525.8306274414062,340.9801330566406,0.8254168033599854
23,12,990.9216918945312,367.5382080078125,1055.3564453125,492.19659423828125,1023.1390380859375,429.8674011230469,0.5696898102760315
23,4,231.5966033935547,529.1533813476562,297.5177307128906,708.9342041015625,264.5571594238281,619.0438232421875,0.8585753440856934
23,16,1141.2169189453125,452.5173034667969,1200.27880859375,619.3942260742188,1170.747802734375,535.9557495117188,0.8547773361206055
23,8,772.8894653320312,305.2308044433594,845.0274658203125,502.99591064453125,808.95849609375,404.11334228515625,0.48897120356559753
23,18,1179.969482421875,415.87774658203125,1241.5919189453125,551.6177368164062,1210.78076171875,483.74774169921875,0.8017841577529907
24,1,646.7421264648438,328.87677001953125,698.8677978515625,479.54083251953125,672.804931640625,404.20880126953125,0.7896709442138672
24,2,170.0886688232422,503.1185302734375,255.82901000976562,679.3545532226562,212.95883178710938,591.236572265625,0.8595940470695496
24,3,744.9930419921875,545.9883422851562,811.9351806640625,719.012939453125,778.464111328125,632.5006103515625,0.8855589032173157
24,5,676.6502685546875,355.9636535644531,745.1065673828125,503.3309020996094,710.87841796875,429.64727783203125,0.7796404957771301
24,9,368.7955627441406,419.9233093261719,419.63153076171875,567.5718994140625,394.21356201171875,493.74761962890625,0.896009624004364
24,10,298.122802734375,378.0999450683594,382.98577880859375,490.7346496582031,340.5542907714844,434.41729736328125,0.8647878170013428
24,11,492.4758605957031,289.6485290527344,554.2085571289062,394.6875305175781,523.3422241210938,342.16802978515625,0.7022305727005005
24,12,975.1759033203125,368.9042053222656,1034.751953125,498.8304443359375,1004.9639282226562,433.8673095703125,0.8623695373535156
24,4,220.35430908203125,528.5693359375,284.2228088378906,709.94775390625,252.28855895996094,619.258544921875,0.8856280446052551
24,16,1126.67919921875,453.2125244140625,1189.8941650390625,618.171630859375,1158.28662109375,535.6920776367188,0.701716959476471
24,8,756.10400390625,308.7400817871094,831.7640380859375,510.31280517578125,793.9340209960938,409.52642822265625,0.7468129396438599
24,18,1163.778076171875,416.26904296875,1225.328857421875,549.97705078125,1194.553466796875,483.123046875,0.43828853964805603
25,1,639.7177734375,303.2921142578125,690.8505859375,479.19891357421875,665.2841796875,391.2455139160156,0.8065375685691833
25,2,169.17355346679688,501.3674011230469,261.8398132324219,680.3613891601562,215.50668334960938,590.8643798828125,0.7167628407478333
25,3,736.5332641601562,545.2178955078125,802.2973022460938,718.63916015625,769.415283203125,631.9285278320312,0.8882429599761963
25,5,665.5079345703125,358.8083801269531,737.2750244140625,509.02630615234375,701.3914794921875,433.9173583984375,0.8443134427070618
25,9,365.3945007324219,423.3250427246094,414.813720703125,569.1917114257812,390.1041259765625,496.25836181640625,0.8785964846611023
25,10,291.52117919921875,377.1505432128906,381.58050537109375,491.5694885253906,336.55084228515625,434.3600158691406,0.8861785531044006
25,11,501.3591613769531,291.15887451171875,549.5515747070312,392.1990051269531,525.4553833007812,341.678955078125,0.6810739636421204
25,12,962.8050537109375,370.8974609375,1020.0477905273438,500.9339904785156,991.4263916015625,435.91571044921875,0.8585039973258972
25,4,209.47189331054688,527.7056274414062,274.76019287109375,710.9766845703125,242.1160430908203,619.3411865234375,0.8058494329452515
25,16,1111.051513671875,453.2464599609375,1176.8140869140625,616.5106811523438,1143.932861328125,534.8785400390625,0.812910258769989
25,8,746.3561401367188,312.0027160644531,818.8670654296875,511.8505554199219,782.611572265625,411.9266357421875,0.6634966731071472
25,18,1148.0321044921875,419.2471008300781,1212.02734375,547.709716796875,1180.02978515625,483.4783935546875,0.8124159574508667
26,1,629.3500366210938,287.63104248046875,683.94970703125,471.28936767578125,656.64990234375,379.460205078125,0.8180750608444214
26,2,165.78892517089844,520.1586303710938,267.1344909667969,702.0628051757812,216.46170043945312,611.1107177734375,0.4331133961677551
26,3,729.0588989257812,545.2675170898438,792.701416015625,719.09765625,760.880126953125,632.1826171875,0.8897610902786255
26,5,654.501953125,362.95965576171875,728.4085693359375,514.8294067382812,691.4552612304688,438.89453125,0.7752358317375183
26,9,361.3465270996094,428.3896484375,411.743408203125,570.6384887695312,386.54498291015625,499.5140686035156,0.8605622053146362
26,10,284.22564697265625,376.38214111328125,378.5847473144531,492.0484619140625,331.40521240234375,434.2153015136719,0.8610588908195496
26,11,499.0867614746094,292.40228271484375,547.2417602539062,394.5140686035156,523.1642456054688,343.45819091796875,0.8265479803085327
26,12,952.2179565429688,372.91046142578125,1007.6784057617188,501.52239990234375,979.9481811523438,437.2164306640625,0.891390323638916
26,4,198.59933471679688,529.5606689453125,269.9754943847656,712.8770141601562,234.28741455078125,621.2188720703125,0.5626140236854553
26,16,1098.52099609375,455.642822265625,1168.292724609375,615.5897216796875,1133.4068603515625,535.6162719726562,0.8031400442123413
26,8,737.6585693359375,314.04083251953125,809.4846801757812,513.9691772460938,773.5716552734375,414.0050048828125,0.783761739730835
26,18,1135.1806640625,424.0967712402344,1199.1832275390625,547.0520629882812,1167.181884765625,485.57440185546875,0.7848378419876099
27,1,621.495361328125,294.0548095703125,675.8892211914062,459.98492431640625,648.6922607421875,377.0198669433594,0.7777520418167114
27,3,724.55712890625,544.3453979492188,784.6472778320312,718.83544921875,754.6021728515625,631.5904541015625,0.8902899026870728
27,5,647.0924072265625,368.0539245605469,719.1571655273438,519.763427734375,683.124755859375,443.90869140625,0.8409612774848938
27,9,357.56939697265625,431.7322998046875,411.8694152832031,571.625732421875,384.71942138671875,501.67901611328125,0.8300565481185913
27,10,280.232421875,375.053955078125,377.47210693359375,490.8523864746094,328.8522644042969,432.95318603515625,0.8434433341026306
27,11,494.7795104980469,292.9329528808594,549.117431640625,396.09661865234375,521.948486328125,344.5147705078125,0.8752878308296204
27,12,942.38671875,374.73968505859375,995.8560180664062,501.6311950683594,969.121337890625,438.1854248046875,0.8852394819259644
27,4,186.70628356933594,529.9755859375,255.55209350585938,713.5911865234375,221.12918090820312,621.7833862304688,0.7016648650169373
27,16,1087.509033203125,456.138671875,1161.3165283203125,614.2997436523438,1124.412841796875,535.21923828125,0.8250172734260559
27,8,735.277587890625,310.53289794921875,800.650146484375,517.0043334960938,767.9638671875,413.76861572265625,0.820118248462677
27,18,1123.4476318359375,427.1769714355469,1187.5513916015625,545.3361206054688,1155.49951171875,486.25653076171875,0.48054802417755127
28,1,609.7568359375,282.5160827636719,676.5928955078125,441.7207336425781,643.1748657226562,362.118408203125,0.8534080982208252
28,3,720.2698974609375,543.6347045898438,777.066162109375,719.4348754882812,748.6680297851562,631.5347900390625,0.8440191149711609
28,5,640.6808471679688,375.15802001953125,709.0437622070312,526.7760620117188,674.8623046875,450.967041015625,0.7564125061035156
28,9,352.4183654785156,434.0339050292969,409.9468994140625,572.0750122070312,381.1826171875,503.054443359375,0.7861886024475098
28,10,275.806640625,374.6701354980469,374.2192077636719,487.1685485839844,325.012939453125,430.9193420410156,0.7776097059249878
28,11,491.8773498535156,292.7759094238281,552.9594116210938,403.2635192871094,522.4183959960938,348.01971435546875,0.8908085823059082
28,12,931.3866577148438,374.94091796875,984.7725830078125,501.0419616699219,958.07958984375,437.991455078125,0.8595824837684631
28,4,177.8466033935547,531.1992797851562,240.0994873046875,716.1118774414062,208.97305297851562,623.6555786132812,0.8464711904525757
28,16,1076.949462890625,455.763671875,1143.637451171875,612.38671875,1110.29345703125,534.0751953125,0.8145560622215271
28,8,732.1943969726562,310.50238037109375,793.262939453125,519.3126831054688,762.7286376953125,414.90753173828125,0.6929548978805542
28,18,1112.3673095703125,428.4274597167969,1175.77197265625,544.83642578125,1144.069580078125,486.6319580078125,0.7706278562545776
28,2,189.1569366455078,504.8802795410156,327.86328125,671.1277465820312,258.5101013183594,588.0040283203125,0.7533690929412842
29,1,598.634033203125,281.61260986328125,678.6078491210938,424.4521789550781,638.6209716796875,353.03240966796875,0.8873563408851624
29,3,716.4596557617188,543.2279052734375,769.7685546875,718.797607421875,743.1141357421875,631.0127563476562,0.867620587348938
29,5,635.98583984375,383.2213439941406,702.723388671875,536.6797485351562,669.3546142578125,459.9505615234375,0.7883656620979309
29,9,346.8002014160156,434.60791015625,405.0418701171875,572.1776733398438,375.9210205078125,503.3927917480469,0.7836934924125671
29,10,272.29541015625,375.6399841308594,370.3915100097656,483.2588806152344,321.34344482421875,429.4494323730469,0.7748618721961975
29,11,487.2400817871094,292.9697265625,559.312744140625,407.6574401855469,523.2764282226562,350.3135986328125,0.8919751644134521
29,12,920.518310546875,373.9192810058594,973.3662109375,500.2200927734375,946.9422607421875,437.0697021484375,0.8810328245162964
29,4,169.08863830566406,531.7796020507812,229.16860961914062,716.7243041992188,199.12863159179688,624.251953125,0.8791846036911011
29,16,1066.4183349609375,454.92852783203125,1129.37060546875,611.4198608398438,1097.89453125,533.1741943359375,0.8569558262825012
29,8,723.7965087890625,329.6095275878906,789.6876831054688,523.0045166015625,756.7420654296875,426.3070068359375,0.7679356932640076
29,18,1100.762939453125,427.8369140625,1164.707763671875,544.6300048828125,1132.7353515625,486.23345947265625,0.8048767447471619
29,2,197.05223083496094,501.99212646484375,344.4593811035156,662.5696411132812,270.75579833984375,582.2808837890625,0.8729760050773621
30,1,589.7081909179688,278.9569091796875,660.9498291015625,415.7358093261719,625.3289794921875,347.34637451171875,0.8534235954284668
30,3,709.1002807617188,542.2490844726562,762.7586669921875,718.4813842773438,735.929443359375,630.365234375,0.8449190258979797
30,5,629.743408203125,392.761962890625,695.896728515625,542.2639770507812,662.820068359375,467.5129699707031,0.7218849062919617
30,9,338.660400390625,433.06719970703125,397.65802001953125,571.205810546875,368.1592102050781,502.1365051269531,0.7271978259086609
30,10,272.3269348144531,375.55755615234375,367.9520568847656,477.0281982421875,320.1394958496094,426.2928771972656,0.7335779070854187
30,11,486.62603759765625,286.0321350097656,563.2413330078125,410.9634094238281,524.9337158203125,348.4977722167969,0.8532918691635132
30,12,910.6040649414062,372.64898681640625,962.2977294921875,499.0154724121094,936.450927734375,435.83221435546875,0.8555850982666016
30,4,158.59640502929688,532.1680297851562,222.3450469970703,716.3457641601562,190.47073364257812,624.2568969726562,0.8868526816368103
30,16,1054.8179931640625,452.2635498046875,1115.831298828125,610.043701171875,1085.32470703125,531.1536254882812,0.8588792085647583
30,8,714.9702758789062,339.8366394042969,784.5850830078125,527.0258178710938,749.7777099609375,433.43121337890625,0.8006597757339478
30,18,1089.362548828125,427.9320373535156,1153.1259765625,543.4724731445312,1121.2442626953125,485.7022705078125,0.8176754713058472
30,2,204.70301818847656,502.23956298828125,349.9049987792969,661.200927734375,277.30401611328125,581.72021484375,0.8555852770805359
31,1,581.3895874023438,272.508544921875,652.5264892578125,412.33343505859375,616.9580078125,342.4209899902344,0.8163283467292786
31,3,701.387939453125,540.4181518554688,755.2350463867188,717.6306762695312,728.3115234375,629.0244140625,0.8368300795555115
31,5,624.3018798828125,400.898681640625,687.5201416015625,543.7211303710938,655.9110107421875,472.3099060058594,0.8407809138298035
31,9,329.00341796875,430.4481506347656,388.2867431640625,571.0903930664062,358.64508056640625,500.769287109375,0.5881238579750061
31,10,276.2336120605469,375.07598876953125,362.2644348144531,472.6156311035156,319.2490234375,423.8458251953125,0.6654925346374512
31,11,488.46148681640625,281.09173583984375,561.7307739257812,412.241455078125,525.0961303710938,346.6665954589844,0.8138436675071716
31,12,899.8156127929688,370.67071533203125,950.4495239257812,497.49432373046875,925.132568359375,434.08251953125,0.8524231910705566
31,4,146.5091094970703,531.9616088867188,209.61376953125,717.1305541992188,178.06143188476562,624.5460815429688,0.9009441137313843
31,16,1041.6510009765625,450.20550537109375,1101.8831787109375,608.7463989257812,1071.76708984375,529.4759521484375,0.8383652567863464
31,8,706.2112426757812,345.53497314453125,776.0477905273438,534.4486083984375,741.1295166015625,439.9917907714844,0.736251711845398
31,18,1079.0377197265625,426.7495422363281,1140.8358154296875,542.4254150390625,1109.936767578125,484.58746337890625,0.7921092510223389
31,2,200.22279357910156,502.05792236328125,343.4261169433594,660.8770141601562,271.824462890625,581.4674682617188,0.9150672554969788
32,1,578.9662475585938,265.6328430175781,637.5139770507812,412.8403625488281,608.2401123046875,339.2366027832031,0.7590398788452148
32,3,692.8120727539062,538.4933471679688,749.612548828125,718.2554321289062,721.2122802734375,628.3743896484375,0.8362671136856079
32,5,617.6668090820312,406.1010437011719,679.6066284179688,544.5971069335938,648.63671875,475.34906005859375,0.8201447129249573
32,9,299.4023742675781,428.0638427734375,378.419189453125,569.4415893554688,338.9107666015625,498.7527160644531,0.6927236914634705
32,10,280.5873107910156,374.54132080078125,357.13671875,470.0063171386719,318.86199951171875,422.2738037109375,0.5675107836723328
32,11,496.199462890625,291.2408752441406,556.9996337890625,412.629150390625,526.5995483398438,351.93499755859375,0.5690386295318604
32,12,889.076904296875,367.3643798828125,938.6729736328125,495.6593933105469,913.8749389648438,431.51190185546875,0.8518902659416199
32,4,134.88189697265625,531.9002685546875,199.1315460205078,717.046142578125,167.0067138671875,624.4732055664062,0.8905124664306641
32,16,1028.129638671875,446.3664245605469,1085.802490234375,605.5073852539062,1056.966064453125,525.9368896484375,0.8449112772941589
32,8,695.9479370117188,363.0440979003906,766.0009765625,541.3854370117188,730.9744873046875,452.21478271484375,0.4849484860897064
32,18,1067.9256591796875,424.556640625,1128.2059326171875,541.552734375,1098.0657958984375,483.0546875,0.7879573106765747
32,2,198.59939575195312,499.5937805175781,333.2901611328125,659.93115234375,265.94476318359375,579.762451171875,0.8693832159042358
33,1,574.5158081054688,241.753662109375,622.4835815429688,414.2438049316406,598.4996948242188,327.99871826171875,0.8234208226203918
33,3,686.339111328125,536.24755859375,746.8660888671875,716.8365478515625,716.6026000976562,626.5420532226562,0.840528130531311
33,5,609.6832275390625,409.825439453125,672.558837890625,543.5223999023438,641.1210327148438,476.6739196777344,0.8123853802680969
33,9,293.3234558105469,422.8089599609375,369.3730773925781,566.6788330078125,331.3482666015625,494.743896484375,0.8254706859588623
33,10,283.09869384765625,372.3878173828125,352.7806701660156,471.2177734375,317.939697265625,421.80279541015625,0.5451496243476868
33,11,500.16961669921875,293.809814453125,561.7393188476562,413.09918212890625,530.9544677734375,353.4544982910156,0.7020853757858276
33,12,877.1419677734375,362.8946533203125,928.0902709960938,492.65557861328125,902.6160888671875,427.7751159667969,0.7828819751739502
33,4,124.5960693359375,531.5289306640625,189.4827117919922,716.6397705078125,157.03939819335938,624.0843505859375,0.8875209093093872
33,16,1013.4844360351562,443.3216857910156,1067.27978515625,594.79638671875,1040.382080078125,519.0590209960938,0.8087831139564514
33,8,686.1378173828125,353.4451599121094,754.6806640625,549.9905395507812,720.4092407226562,451.71783447265625,0.5371642708778381
33,18,1057.8519287109375,420.1315002441406,1115.745361328125,539.4212036132812,1086.798583984375,479.7763671875,0.8138104677200317
33,2,206.3822784423828,495.7597351074219,324.725341796875,658.9845581054688,265.5538024902344,577.3721313476562,0.8805539608001709
34,1,572.3089599609375,226.44151306152344,614.385009765625,414.7043762207031,593.3469848632812,320.57293701171875,0.8152695894241333
34,3,678.1199340820312,535.5379028320312,740.8702392578125,715.96630859375,709.4951171875,625.7520751953125,0.836719810962677
34,5,598.2323608398438,412.9825744628906,658.6171875,541.251220703125,628.4248046875,477.11688232421875,0.826099693775177
34,9,294.3762512207031,416.9136962890625,359.1484680175781,555.9166259765625,326.7623596191406,486.4151611328125,0.6890960931777954
34,10,287.87847900390625,370.20428466796875,345.5944519042969,476.6148986816406,316.7364501953125,423.40960693359375,0.6157193779945374
34,11,501.4884338378906,296.94476318359375,566.9638671875,412.91046142578125,534.2261352539062,354.9276123046875,0.7865434885025024
34,12,866.8076782226562,358.2832946777344,918.8467407226562,486.9448547363281,892.8272094726562,422.61407470703125,0.7197043895721436
34,4,112.8695068359375,531.5928344726562,177.9452667236328,717.5159912109375,145.40737915039062,624.554443359375,0.9024007320404053
34,16,999.3814086914062,442.07537841796875,1053.3216552734375,588.49951171875,1026.3515625,515.2874755859375,0.8164536952972412
34,8,676.4068603515625,387.69964599609375,744.7750244140625,551.8052978515625,710.5909423828125,469.7524719238281,0.6504623293876648
34,18,1049.166748046875,416.578857421875,1104.2508544921875,538.0249633789062,1076.708740234375,477.3019104003906,0.8622278571128845
34,2,221.68301391601562,491.25390625,332.4761657714844,658.5570678710938,277.07958984375,574.905517578125,0.8583153486251831
35,1,568.9564208984375,246.25506591796875,611.9918823242188,413.860595703125,590.47412109375,330.0578308105469,0.7391087412834167
35,3,670.959716796875,533.4166870117188,734.087646484375,713.9431762695312,702.523681640625,623.679931640625,0.8591718077659607
35,5,588.3313598632812,414.6259460449219,645.34130859375,540.3408813476562,616.8363037109375,477.4833984375,0.828372061252594
35,9,298.5657653808594,411.19677734375,350.9300537109375,546.41064453125,324.7479248046875,478.8037109375,0.7005955576896667
35,11,503.836669921875,297.5195007324219,568.7421875,414.7195129394531,536.2894287109375,356.1195068359375,0.8453841209411621
35,12,857.4212646484375,354.3094177246094,910.5556030273438,479.86822509765625,883.9884033203125,417.08880615234375,0.8504604697227478
35,4,104.05213928222656,530.7164916992188,169.12454223632812,716.1766967773438,136.58834838867188,623.4465942382812,0.8856734037399292
35,16,983.5354614257812,440.2969055175781,1039.5076904296875,577.949462890625,1011.5216064453125,509.1231689453125,0.7974516153335571
35,18,1038.887451171875,411.45233154296875,1093.3701171875,536.003173828125,1066.1287841796875,473.7277526855469,0.862734854221344
35,2,243.438720703125,485.465087890625,350.7558898925781,655.7675170898438,297.0972900390625,570.6163330078125,0.8970316052436829
35,21,1232.434326171875,264.2222900390625,1277.0400390625,354.4313049316406,1254.7371826171875,309.3267822265625,0.6695539355278015
36,1,563.123291015625,238.81141662597656,606.8184204101562,413.0999755859375,584.9708251953125,325.9556884765625,0.8354478478431702
36,3,659.60107421875,533.0604858398438,725.7055053710938,712.0286865234375,692.6533203125,622.5445556640625,0.8827421069145203
36,5,576.8934936523438,414.5608215332031,634.4873657226562,542.8501586914062,605.6904296875,478.70550537109375,0.842695415019989
36,9,298.20916748046875,404.93768310546875,342.1163330078125,541.4901733398438,320.1627502441406,473.21392822265625,0.7254540324211121
36,11,502.58831787109375,296.0242004394531,562.8563842773438,415.02099609375,532.7223510742188,355.5225830078125,0.8286184072494507
36,12,847.7069702148438,350.3655090332031,901.0099487304688,473.2689514160156,874.3584594726562,411.8172302246094,0.8133564591407776
36,4,92.39519500732422,530.8670654296875,157.954833984375,717.3115844726562,125.17501831054688,624.08935546875,0.8898340463638306
36,16,967.3580322265625,439.30389404296875,1026.0758056640625,572.8455200195312,996.7169189453125,506.07470703125,0.8058601021766663
36,18,1030.2633056640625,404.8406677246094,1083.4315185546875,533.3729248046875,1056.847412109375,469.1068115234375,0.880128800868988
36,2,252.91610717773438,480.786865234375,361.0947570800781,654.723388671875,307.00543212890625,567.755126953125,0.8976365923881531
36,21,1222.0335693359375,262.820556640625,1274.483642578125,352.65570068359375,1248.258544921875,307.7381286621094,0.47649502754211426
36,8,659.244384765625,327.7772216796875,722.5872802734375,548.5443725585938,690.9158325195312,438.1607971191406,0.6167625188827515
37,1,555.2301025390625,245.8864288330078,601.2494506835938,411.5157165527344,578.23974609375,328.7010803222656,0.7977677583694458
37,3,653.3732299804688,530.7691040039062,716.9717407226562,710.2474975585938,685.1724853515625,620.50830078125,0.8696502447128296
37,5,566.119873046875,412.9654541015625,621.3385009765625,549.9857177734375,593.7291870117188,481.4755859375,0.8276843428611755
37,9,285.2970886230469,401.8211669921875,336.4793701171875,536.4575805664062,310.88824462890625,469.1393737792969,0.6736912727355957
37,11,499.0620422363281,291.7362976074219,553.8912353515625,414.588134765625,526.4766235351562,353.1622314453125,0.8186073303222656
37,12,838.0678100585938,347.20477294921875,892.1818237304688,469.18896484375,865.1248168945312,408.1968688964844,0.7309524416923523
37,4,81.82923126220703,530.1583251953125,147.9340362548828,717.0731201171875,114.88163757324219,623.61572265625,0.9007548093795776
37,16,946.27685546875,437.97039794921875,1013.7044677734375,574.1316528320312,979.9906616210938,506.051025390625,0.7298200726509094
37,18,1020.5051879882812,398.4566650390625,1072.1312255859375,528.9658813476562,1046.3182373046875,463.7112731933594,0.8850867748260498
37,2,259.00091552734375,477.0893859863281,366.9143371582031,652.6109008789062,312.9576416015625,564.8501586914062,0.8646845817565918
37,21,1211.51025390625,261.2682800292969,1266.5919189453125,350.6280822753906,1239.051025390625,305.94818115234375,0.5970354080200195
38,1,544.8577270507812,255.64698791503906,599.001953125,412.27362060546875,571.9298095703125,333.9602966308594,0.805101215839386
38,3,645.265869140625,529.1011352539062,708.105712890625,708.5042724609375,676.685791015625,618.802734375,0.870795488357544
38,5,555.2933959960938,412.9229431152344,610.0449829101562,553.3041381835938,582.669189453125,483.113525390625,0.7833654880523682
38,11,492.27740478515625,282.04571533203125,544.263671875,413.40313720703125,518.2705078125,347.72442626953125,0.7978313565254211
38,12,828.4505004882812,344.8509826660156,881.5045166015625,467.7157897949219,854.9775390625,406.28338623046875,0.8252959251403809
38,4,69.67544555664062,530.0924682617188,136.35910034179688,717.39013671875,103.01727294921875,623.7413330078125,0.8913335800170898
38,16,920.7734985351562,437.0748596191406,1001.2879638671875,575.4650268554688,961.03076171875,506.26995849609375,0.873920738697052
38,18,1010.653564453125,391.7399597167969,1062.1876220703125,523.9730834960938,1036.420654296875,457.85650634765625,0.8348509073257446
38,2,261.1393737792969,475.9779968261719,365.407958984375,647.0670166015625,313.273681640625,561.5225219726562,0.8744510412216187
38,21,1199.8853759765625,259.52508544921875,1256.2550048828125,348.26885986328125,1228.0701904296875,303.89697265625,0.7216152548789978
38,10,276.7447204589844,362.4065856933594,338.662109375,473.249267578125,307.70343017578125,417.82794189453125,0.5990884304046631
39,1,534.1342163085938,258.6893615722656,594.2085571289062,414.9937438964844,564.17138671875,336.841552734375,0.6499077081680298
39,3,637.3292236328125,528.0247802734375,699.0494384765625,707.4395141601562,668.1893310546875,617.732177734375,0.884583055973053
39,5,545.3661499023438,412.3177185058594,600.487060546875,554.6424560546875,572.9266357421875,483.4801025390625,0.8317133784294128
39,11,485.38446044921875,271.6656494140625,534.0496215820312,407.4989318847656,509.717041015625,339.582275390625,0.7395440340042114
39,12,818.4570922851562,342.71209716796875,870.7271118164062,466.72235107421875,844.5921020507812,404.71722412109375,0.7916683554649353
39,4,57.15035629272461,530.1700439453125,124.6380615234375,718.4152221679688,90.89421081542969,624.2926025390625,0.886724054813385
39,16,901.1577758789062,435.66650390625,989.1903686523438,574.7213745117188,945.174072265625,505.1939392089844,0.8846642971038818
39,18,1001.0025024414062,385.9273681640625,1051.9056396484375,519.0559692382812,1026.4541015625,452.4916687011719,0.8203490376472473
39,2,260.2467346191406,474.253662109375,357.2412109375,641.7385864257812,308.74395751953125,557.99609375,0.8676888346672058
39,21,1187.9779052734375,257.2671813964844,1244.6895751953125,346.1916198730469,1216.333740234375,301.7294006347656,0.6431675553321838
39,9,269.81298828125,388.69573974609375,336.943359375,524.015869140625,303.378173828125,456.3558044433594,0.533855676651001
40,1,526.7911376953125,270.170166015625,579.7205810546875,416.0992736816406,553.255859375,343.13470458984375,0.5402324795722961
40,3,628.8654174804688,526.0269775390625,690.3396606445312,706.6826171875,659.6025390625,616.3547973632812,0.8881333470344543
40,5,533.8824462890625,413.13189697265625,588.698486328125,553.9234008789062,561.2904663085938,483.52764892578125,0.8121658563613892
40,11,478.5439453125,261.9336242675781,526.1075439453125,404.5320739746094,502.32574462890625,333.23284912109375,0.6554874181747437
40,12,808.5048217773438,341.078857421875,860.9618530273438,465.92974853515625,834.7333374023438,403.5043029785156,0.8292961120605469
40,4,45.00019836425781,529.7088623046875,112.63497161865234,718.2142333984375,78.81758117675781,623.9615478515625,0.8988113403320312
40,16,886.3565673828125,434.0982971191406,977.6386108398438,573.968017578125,931.99755859375,504.03314208984375,0.8903770446777344
40,18,989.65234375,382.3929748535156,1041.2672119140625,512.416748046875,1015.4597778320312,447.40484619140625,0.8872159123420715
40,2,257.8092956542969,471.794677734375,345.62322998046875,635.3140869140625,301.71624755859375,553.5543823242188,0.8715833425521851
40,21,1175.28857421875,255.58761596679688,1232.8719482421875,345.4728088378906,1204.080322265625,300.53021240234375,0.7628703117370605
40,8,622.5269165039062,387.808349609375,671.448486328125,552.7198486328125,646.9876708984375,470.26409912109375,0.4898439049720764
41,1,520.217041015625,263.35186767578125,567.142822265625,427.419189453125,543.679931640625,345.3855285644531,0.5706192255020142
41,3,620.4559326171875,524.9566040039062,681.1019897460938,706.014892578125,650.7789306640625,615.4857177734375,0.874664306640625
41,5,521.0595703125,414.5277404785156,576.2040405273438,553.3668823242188,548.6318359375,483.94732666015625,0.7659350037574768
41,11,470.606201171875,259.789306640625,519.6021118164062,396.7197570800781,495.1041564941406,328.2545166015625,0.6794561743736267
41,12,796.55859375,339.4479675292969,852.2755126953125,464.37200927734375,824.4170532226562,401.90997314453125,0.8595244288444519
41,4,31.962799072265625,529.6309814453125,100.59629821777344,718.06640625,66.27954864501953,623.8486938476562,0.8892237544059753
41,16,873.224365234375,432.5479736328125,964.98193359375,571.8245849609375,919.1031494140625,502.186279296875,0.9061879515647888
41,18,977.379150390625,379.8002014160156,1029.49267578125,506.5204772949219,1003.4359130859375,443.16033935546875,0.876776933670044
41,21,1162.686767578125,253.51101684570312,1219.9395751953125,344.62298583984375,1191.313232421875,299.0670166015625,0.7403638362884521
41,8,616.7920532226562,395.7709655761719,660.9371337890625,546.4132080078125,638.8646240234375,471.09210205078125,0.5888354182243347
41,9,256.1310119628906,365.5356140136719,334.3812255859375,509.0816650390625,295.256103515625,437.30865478515625,0.5280390977859497
42,1,512.419189453125,276.8464050292969,556.3818969726562,433.7231750488281,534.4005126953125,355.2847900390625,0.48056313395500183
42,3,608.766357421875,523.4249877929688,670.6817016601562,704.6754150390625,639.7239990234375,614.0501708984375,0.8490402698516846
42,5,505.46221923828125,414.7693786621094,563.8251342773438,554.1221313476562,534.6436767578125,484.44573974609375,0.8114336133003235
42,11,462.2142028808594,238.2821807861328,523.7763671875,391.353271484375,492.99530029296875,314.8177185058594,0.4977748990058899
42,12,784.3306884765625,337.665771484375,841.408447265625,462.7454528808594,812.8695678710938,400.20562744140625,0.7988091707229614
42,4,17.073223114013672,529.6265869140625,87.40119934082031,717.9469604492188,52.237213134765625,623.7867431640625,0.8745079040527344
42,16,860.2353515625,430.0468444824219,950.5217895507812,569.6728515625,905.3785400390625,499.85986328125,0.9010214805603027
42,18,962.7545776367188,377.54351806640625,1016.9909057617188,503.4110107421875,989.8727416992188,440.4772644042969,0.8841851949691772
42,21,1148.7919921875,251.65501403808594,1205.6290283203125,342.52874755859375,1177.21044921875,297.0918884277344,0.6274388432502747
42,8,598.7694702148438,394.77923583984375,650.9899291992188,549.3895263671875,624.8796997070312,472.0843811035156,0.5823562145233154
42,9,247.06912231445312,359.7342834472656,327.2787780761719,493.0601806640625,287.1739501953125,426.397216796875,0.6015026569366455
42,2,246.36968994140625,465.2891540527344,324.4606628417969,624.8723754882812,285.4151611328125,545.0807495117188,0.8596421480178833
43,1,501.760498046875,292.0918884277344,543.2239379882812,435.0222473144531,522.4921875,363.55706787109375,0.44683223962783813
43,3,596.1349487304688,522.4326171875,658.7067260742188,704.5680541992188,627.4208374023438,613.5003662109375,0.8243918418884277
43,5,489.4352111816406,415.255859375,548.9297485351562,555.2348022460938,519.1824951171875,485.2453308105469,0.8119760155677795
43,11,449.8226013183594,245.81979370117188,515.2763061523438,388.6304626464844,482.5494384765625,317.2251281738281,0.6180157661437988
43,12,769.6260986328125,335.8133239746094,828.6112670898438,461.5515441894531,799.11865234375,398.68243408203125,0.8042276501655579
43,4,1.887050747871399,530.0736083984375,71.9664077758789,718.72607421875,36.92673110961914,624.3998413085938,0.8748684525489807
43,16,846.6893310546875,427.5548400878906,934.3919677734375,568.1776123046875,890.5406494140625,497.8662109375,0.9033706784248352
43,18,944.2130737304688,377.0153503417969,1003.4948120117188,501.6650085449219,973.8539428710938,439.3401794433594,0.8889549970626831
43,21,1133.889892578125,249.641845703125,1190.807861328125,340.7433166503906,1162.348876953125,295.19256591796875,0.6918389201164246
43,8,591.2391967773438,392.8340759277344,640.14111328125,548.7734985351562,615.690185546875,470.80377197265625,0.7724785804748535
43,9,238.32968139648438,356.2322692871094,315.2763977050781,480.701416015625,276.80303955078125,418.46685791015625,0.5243146419525146
43,2,236.23812866210938,462.67132568359375,322.0269775390625,621.1068115234375,279.132568359375,541.8890380859375,0.8233996629714966
44,1,490.1449279785156,308.48834228515625,530.45849609375,441.89801025390625,510.30169677734375,375.19317626953125,0.41841578483581543
44,3,584.003662109375,521.0814819335938,647.0315551757812,704.1920776367188,615.517578125,612.6367797851562,0.837493896484375
44,5,475.3200988769531,416.15887451171875,536.3262939453125,560.90869140625,505.82318115234375,488.5337829589844,0.7927915453910828
44,11,437.8475341796875,244.37069702148438,505.4729919433594,384.44219970703125,471.6602783203125,314.40643310546875,0.5699672698974609
44,12,755.93994140625,333.31280517578125,816.0438232421875,459.9824523925781,785.9918823242188,396.64764404296875,0.8575335741043091
44,4,0.0,530.660888671875,57.07666015625,719.9989013671875,28.538330078125,625.3298950195312,0.748912513256073
44,16,833.876953125,425.58038330078125,920.0131225585938,566.8475952148438,876.945068359375,496.2139892578125,0.8998948335647583
44,18,925.0178833007812,375.62603759765625,990.9447631835938,500.2229309082031,957.9813232421875,437.92449951171875,0.857472836971283
44,21,1119.4720458984375,247.78338623046875,1176.023193359375,338.6883850097656,1147.74755859375,293.23590087890625,0.6624326109886169
44,8,582.22607421875,389.73291015625,630.7416381835938,549.894775390625,606.48388671875,469.8138427734375,0.8388562798500061
44,2,222.50367736816406,461.1575927734375,319.6078186035156,620.5093994140625,271.0557556152344,540.83349609375,0.809367299079895
44,10,235.15933227539062,354.4911804199219,299.7801818847656,472.28179931640625,267.4697570800781,413.386474609375,0.5367486476898193
45,1,478.6129150390625,319.6926574707031,525.6976928710938,467.8719787597656,502.1553039550781,393.7823181152344,0.5625814199447632
45,3,574.4617919921875,520.8333129882812,637.0338134765625,703.3186645507812,605.747802734375,612.0759887695312,0.8505041003227234
45,5,463.3763122558594,416.9898986816406,527.037841796875,571.5599975585938,495.20709228515625,494.27496337890625,0.7919657826423645
45,11,429.2832336425781,243.43911743164062,501.89813232421875,375.8983154296875,465.5906982421875,309.668701171875,0.7845430970191956
45,12,744.9588623046875,330.3161926269531,805.3257446289062,458.80499267578125,775.142333984375,394.56060791015625,0.816303551197052
45,4,0.0,531.1692504882812,44.19438552856445,719.9340209960938,22.097192764282227,625.5516357421875,0.8145356774330139
45,16,823.9385375976562,424.4870300292969,906.248291015625,566.0591430664062,865.0933837890625,495.2730712890625,0.890252947807312
45,18,910.95068359375,373.4953918457031,979.3499755859375,498.7906799316406,945.1503295898438,436.1430358886719,0.8853127956390381
45,21,1108.5079345703125,246.22439575195312,1163.6820068359375,337.4862365722656,1136.094970703125,291.8553161621094,0.7440556287765503
45,8,572.7380981445312,388.04144287109375,623.6636352539062,551.8019409179688,598.2008666992188,469.92169189453125,0.753252387046814
45,2,215.72442626953125,457.8004150390625,312.6989440917969,619.4452514648438,264.211669921875,538.622802734375,0.8089455962181091
46,1,471.8028869628906,330.310546875,518.8576049804688,474.52215576171875,495.33026123046875,402.4163513183594,0.5179506540298462
46,3,566.2512817382812,520.3490600585938,627.9252319335938,703.3950805664062,597.0882568359375,611.8720703125,0.8465211391448975
46,5,453.9167175292969,418.9080810546875,518.2667236328125,576.8726806640625,486.09173583984375,497.890380859375,0.8499389886856079
46,11,420.6214294433594,249.17355346679688,499.0260009765625,372.2353210449219,459.82373046875,310.7044372558594,0.7684004902839661
46,12,736.462158203125,328.07989501953125,796.4232177734375,457.8885803222656,766.4426879882812,392.9842529296875,0.8088910579681396
46,4,0.0,530.5819702148438,32.856910705566406,719.104736328125,16.428455352783203,624.8433837890625,0.810877799987793
46,16,816.2694091796875,424.2793273925781,894.0147094726562,565.6156616210938,855.14208984375,494.947509765625,0.9045400023460388
46,18,903.1596069335938,370.42425537109375,968.2978515625,497.8025817871094,935.728759765625,434.1134033203125,0.8700920343399048
46,21,1098.957763671875,245.26866149902344,1153.2581787109375,337.7920837402344,1126.10791015625,291.5303649902344,0.7296777367591858
46,8,567.8427734375,387.4196472167969,620.3972778320312,548.292236328125,594.1199951171875,467.85595703125,0.8562682867050171
46,2,210.11068725585938,453.1300354003906,304.1342468261719,618.7089233398438,257.1224670410156,535.9194946289062,0.8395867347717285
46,9,212.70445251464844,348.0148010253906,281.8817443847656,475.1717224121094,247.2930908203125,411.59326171875,0.5002171993255615
47,1,466.7248229980469,339.57855224609375,512.9620361328125,471.3882141113281,489.84344482421875,405.4833984375,0.5884607434272766
47,3,559.409423828125,519.662353515625,620.8009643554688,702.1026000976562,590.105224609375,610.8824462890625,0.8640574216842651
47,5,446.3483581542969,421.0444641113281,511.5625,579.923095703125,478.9554443359375,500.4837646484375,0.8622316718101501
47,11,412.7483825683594,253.0475616455078,493.60382080078125,368.8387756347656,453.17608642578125,310.94317626953125,0.8023991584777832
47,12,729.90771484375,326.37188720703125,789.247314453125,456.2219543457031,759.5775146484375,391.29693603515625,0.8606478571891785
47,4,0.0,533.1682739257812,24.48384666442871,717.2494506835938,12.241923332214355,625.2088623046875,0.605002760887146
47,16,809.9500732421875,423.918701171875,884.1676025390625,565.116455078125,847.058837890625,494.517578125,0.8999543786048889
47,18,898.739501953125,366.92620849609375,958.0838623046875,493.7611083984375,928.4116821289062,430.3436584472656,0.8603727221488953
47,21,1091.038330078125,244.6363067626953,1145.4967041015625,337.55517578125,1118.267578125,291.0957336425781,0.7947455048561096
47,8,562.953369140625,384.4727783203125,622.2279663085938,549.767333984375,592.5906982421875,467.12005615234375,0.8669252395629883
47,2,207.22463989257812,450.3605041503906,296.86236572265625,614.7816162109375,252.0435028076172,532.571044921875,0.8356983661651611
47,9,206.64505004882812,344.8407287597656,273.5564270019531,472.86474609375,240.10073852539062,408.85272216796875,0.6910790801048279
48,1,460.61077880859375,346.7807312011719,509.3585510253906,472.2386779785156,484.98468017578125,409.50970458984375,0.45599281787872314
48,3,553.0300903320312,519.7891235351562,614.4723510742188,702.4791870117188,583.751220703125,611.1341552734375,0.8628511428833008
48,5,438.9943542480469,422.0043029785156,506.5595703125,579.9666748046875,472.7769775390625,500.9854736328125,0.870658278465271
48,11,403.1962585449219,255.59927368164062,486.10455322265625,367.56488037109375,444.650390625,311.58209228515625,0.8523409962654114
48,12,724.097412109375,324.92156982421875,782.9822387695312,454.3952941894531,753.539794921875,389.658447265625,0.8556612133979797
48,16,803.6397705078125,423.3525695800781,875.9354248046875,565.4223022460938,839.78759765625,494.387451171875,0.8918127417564392
48,18,894.8377075195312,364.41058349609375,949.0125732421875,489.8746643066406,921.9251708984375,427.14263916015625,0.8843222260475159
48,21,1084.4466552734375,242.88426208496094,1137.9720458984375,336.3329162597656,1111.2093505859375,289.60858154296875,0.7895845770835876
48,8,557.0392456054688,388.7081298828125,625.4337158203125,551.6968994140625,591.2364501953125,470.2025146484375,0.8905755281448364
48,2,201.78826904296875,449.2527770996094,289.911865234375,613.8546142578125,245.85006713867188,531.5537109375,0.8557156324386597
48,9,199.06443786621094,341.59893798828125,266.4275207519531,474.1844482421875,232.7459716796875,407.8916931152344,0.6186625957489014
48,25,539.6123657226562,276.38336181640625,579.9684448242188,406.306884765625,559.7904052734375,341.3451232910156,0.5500383377075195
49,1,455.2857360839844,353.7997131347656,516.0799560546875,474.9263610839844,485.682861328125,414.363037109375,0.4602179527282715
49,3,546.5599975585938,519.5020751953125,608.3707885742188,702.2940063476562,577.4653930664062,610.8980712890625,0.8702986836433411
49,5,430.9602355957031,423.1922607421875,499.8240051269531,580.4405517578125,465.3921203613281,501.81640625,0.8923560380935669
49,11,394.5156555175781,259.8090515136719,481.85223388671875,368.76739501953125,438.1839599609375,314.2882080078125,0.8214281797409058
49,12,719.3967895507812,324.74212646484375,777.814453125,454.1541748046875,748.6055908203125,389.4481506347656,0.8287935853004456
49,16,796.7798461914062,422.03082275390625,869.6011962890625,564.7017211914062,833.1905517578125,493.36627197265625,0.8930297493934631
49,18,888.4984130859375,362.91778564453125,939.6461181640625,487.4375,914.072265625,425.1776428222656,0.8682841658592224
49,21,1077.765380859375,242.63011169433594,1130.6861572265625,335.6662292480469,1104.225830078125,289.1481628417969,0.7782225012779236
49,8,551.49365234375,392.1988220214844,630.6337280273438,552.6012573242188,591.063720703125,472.4000244140625,0.8922897577285767
49,2,194.7600860595703,445.6095886230469,282.6087646484375,611.7492065429688,238.68441772460938,528.6793823242188,0.8814398050308228
49,9,190.5645751953125,338.66357421875,250.6554412841797,472.97271728515625,220.61001586914062,405.8181457519531,0.5244474411010742
50,1,448.6222229003906,356.9535827636719,504.0257263183594,476.0968017578125,476.323974609375,416.52520751953125,0.630313515663147
50,3,540.5725708007812,518.7184448242188,601.0689697265625,701.4238891601562,570.82080078125,610.0711669921875,0.8527734875679016
50,5,421.89434814453125,423.5079650878906,491.59521484375,581.1444091796875,456.7447814941406,502.326171875,0.8335126638412476
50,11,388.8671875,264.2547302246094,478.66510009765625,368.5990295410156,433.7661437988281,316.4268798828125,0.7494129538536072
50,12,714.2651977539062,324.9385070800781,776.4387817382812,454.7789611816406,745.3519897460938,389.8587341308594,0.8368490934371948
50,16,790.8444213867188,420.3152160644531,863.0247802734375,564.3524780273438,826.9345703125,492.3338623046875,0.9078851342201233
50,18,878.22216796875,362.5330810546875,929.8079833984375,485.72589111328125,904.0150756835938,424.1294860839844,0.8259340524673462
50,21,1070.9305419921875,242.49908447265625,1123.5689697265625,334.4729919433594,1097.249755859375,288.48602294921875,0.7879979014396667
50,8,544.6111450195312,397.0439147949219,635.511962890625,554.9043579101562,590.0615234375,475.97412109375,0.8740187287330627
50,2,187.76620483398438,445.6925964355469,274.2732849121094,608.6223754882812,231.01974487304688,527.157470703125,0.8743773102760315
50,9,180.44093322753906,336.25079345703125,237.57855224609375,480.5124816894531,209.00973510742188,408.38165283203125,0.5086262822151184
50,25,525.9530029296875,275.68548583984375,565.5546875,404.77874755859375,545.7538452148438,340.23211669921875,0.4028201103210449
51,1,440.5984191894531,360.3485107421875,493.97900390625,477.01422119140625,467.2886962890625,418.6813659667969,0.61467045545578
51,3,532.8993530273438,518.8099365234375,593.2655639648438,702.1347045898438,563.0824584960938,610.4722900390625,0.8865742087364197
51,5,411.8538818359375,424.5568542480469,479.85406494140625,583.3716430664062,445.8539733886719,503.9642333984375,0.6521071791648865
51,11,388.4561767578125,269.3875427246094,470.0578918457031,367.05499267578125,429.25701904296875,318.22125244140625,0.7047832608222961
51,12,706.6267700195312,325.21624755859375,772.212158203125,454.92626953125,739.41943359375,390.0712585449219,0.7350015044212341
51,16,783.8817749023438,417.8976745605469,856.00439453125,563.3805541992188,819.943115234375,490.63909912109375,0.9030245542526245
51,18,868.334228515625,363.33758544921875,919.8994140625,486.2323913574219,894.1168212890625,424.78497314453125,0.8653362989425659
51,21,1062.7493896484375,241.52587890625,1115.546875,333.3209533691406,1089.148193359375,287.42340087890625,0.8301459550857544
51,8,538.267822265625,401.6988830566406,637.7708740234375,554.6592407226562,588.0193481445312,478.1790771484375,0.8708696365356445
51,2,179.78335571289062,437.36077880859375,265.9132995605469,606.761474609375,222.84832763671875,522.0611572265625,0.8896026611328125
51,9,169.31480407714844,334.7121276855469,226.3741912841797,482.35638427734375,197.84449768066406,408.53424072265625,0.6793335676193237
51,25,517.048095703125,278.048828125,557.7398681640625,438.5257263183594,537.3939819335938,358.28729248046875,0.6164475083351135
52,1,431.59588623046875,355.6181945800781,483.98291015625,477.14544677734375,457.7893981933594,416.3818359375,0.6097210049629211
52,3,523.8048095703125,518.4989013671875,583.3460693359375,701.3759155273438,553.575439453125,609.9373779296875,0.8800507187843323
52,5,398.9034729003906,426.3728332519531,465.45013427734375,591.5694580078125,432.17681884765625,508.97113037109375,0.7264699935913086
52,11,390.2406921386719,276.31201171875,462.2227783203125,364.9981994628906,426.23175048828125,320.65509033203125,0.7255072593688965
52,12,695.1083984375,325.9680480957031,764.6874389648438,455.0300598144531,729.89794921875,390.4990539550781,0.8544467687606812
52,16,774.939208984375,413.529296875,847.1221313476562,562.5936279296875,811.0306396484375,488.06146240234375,0.9057947993278503
52,18,855.2411499023438,363.6842346191406,909.0960693359375,485.6218566894531,882.1685791015625,424.6530456542969,0.8482622504234314
52,21,1052.345703125,240.4139862060547,1105.2783203125,331.8730163574219,1078.81201171875,286.14349365234375,0.8447893857955933
52,8,529.5344848632812,406.0062255859375,635.9559326171875,557.0991821289062,582.7452392578125,481.5527038574219,0.7749277353286743
52,2,169.7161407470703,435.18768310546875,256.2493896484375,605.0740966796875,212.98275756835938,520.130859375,0.8725166320800781
52,9,156.53375244140625,333.80487060546875,216.5032958984375,484.02984619140625,186.51852416992188,408.9173583984375,0.7639628052711487
52,25,506.6069641113281,290.339599609375,548.9481811523438,448.466796875,527.777587890625,369.4031982421875,0.4784730076789856
53,1,422.62921142578125,350.9099426269531,482.9823913574219,477.03839111328125,452.8057861328125,413.97418212890625,0.46645140647888184
53,3,512.2703247070312,518.0555419921875,572.1790161132812,700.8236083984375,542.2246704101562,609.4395751953125,0.8653591275215149
53,5,383.91705322265625,429.20086669921875,447.18194580078125,599.7579345703125,415.54949951171875,514.4793701171875,0.7401902675628662
53,11,388.42938232421875,285.00457763671875,453.5997314453125,367.31036376953125,421.0145568847656,326.157470703125,0.5013425350189209
53,12,682.9993286132812,325.7801513671875,754.0299682617188,453.5596923828125,718.5146484375,389.669921875,0.8715232014656067
53,16,763.8626098632812,408.71771240234375,837.1421508789062,560.918701171875,800.5023803710938,484.8182067871094,0.9104200005531311
53,18,841.5706787109375,362.8153991699219,895.7052001953125,484.18841552734375,868.637939453125,423.50189208984375,0.8281266093254089
53,21,1041.62353515625,239.06336975097656,1094.0654296875,330.2047424316406,1067.844482421875,284.6340637207031,0.7769035696983337
53,8,522.4912719726562,407.7536926269531,629.4894409179688,562.6202392578125,575.9903564453125,485.18695068359375,0.7668505907058716
53,2,156.31045532226562,431.4613342285156,244.97052001953125,603.4570922851562,200.64048767089844,517.459228515625,0.8904021978378296
53,9,141.56671142578125,334.61962890625,205.51019287109375,484.14495849609375,173.5384521484375,409.3822937011719,0.6027244329452515
53,25,493.358642578125,303.854248046875,542.2244262695312,450.7676086425781,517.79150390625,377.3109130859375,0.6010373830795288
53,27,1245.1885986328125,491.3586730957031,1277.26953125,682.5072631835938,1261.22900390625,586.9329833984375,0.7915204167366028
54,1,409.64703369140625,347.9141845703125,467.1737976074219,477.9816589355469,438.410400390625,412.94793701171875,0.5093376040458679
54,3,499.09661865234375,517.6271362304688,559.507080078125,700.9918212890625,529.3018798828125,609.3094482421875,0.8771508932113647
54,5,368.1392517089844,432.8323059082031,428.9539794921875,607.619140625,398.546630859375,520.2257080078125,0.8541117310523987
54,11,385.810791015625,295.1343078613281,444.9247131347656,387.0352478027344,415.36773681640625,341.08477783203125,0.43215787410736084
54,12,668.9736938476562,325.2861633300781,741.873291015625,453.0138244628906,705.4234619140625,389.1499938964844,0.8085048198699951
54,16,751.9924926757812,404.0238037109375,825.8124389648438,559.211669921875,788.9024658203125,481.61773681640625,0.8682636618614197
54,18,827.452392578125,359.7864990234375,880.7225952148438,482.16357421875,854.0875244140625,420.97503662109375,0.8417826294898987
54,21,1027.5848388671875,238.50039672851562,1081.1793212890625,329.0378112792969,1054.382080078125,283.76910400390625,0.7749950289726257
54,8,527.4288330078125,408.119873046875,618.0341796875,565.2692260742188,572.7315063476562,486.6945495605469,0.8864736557006836
54,2,139.46588134765625,430.6434631347656,233.90032958984375,603.972412109375,186.68310546875,517.3079223632812,0.8563050031661987
54,9,124.9275131225586,359.2359924316406,193.29637145996094,483.7031555175781,159.1119384765625,421.4695739746094,0.42247313261032104
54,25,480.81072998046875,312.656982421875,536.12109375,450.82745361328125,508.4659118652344,381.7422180175781,0.4765789210796356
54,27,1229.8363037109375,484.18310546875,1274.5916748046875,682.0324096679688,1252.2139892578125,583.1077880859375,0.8345823287963867
55,1,395.6855163574219,343.4998474121094,452.5298767089844,478.4320983886719,424.1076965332031,410.9659729003906,0.5627506971359253
55,3,485.88018798828125,517.4855346679688,546.1315307617188,701.1333618164062,516.005859375,609.3094482421875,0.86971515417099
55,5,351.1258850097656,435.96527099609375,412.3158874511719,614.1646728515625,381.72088623046875,525.06494140625,0.869762122631073
55,12,654.5291137695312,324.50396728515625,728.6482543945312,452.1483154296875,691.5886840820312,388.3261413574219,0.8646114468574524
55,16,742.97021484375,400.2523498535156,813.76953125,553.7186889648438,778.369873046875,476.98553466796875,0.8819507956504822
55,18,811.1874389648438,355.22003173828125,865.1854248046875,478.8865661621094,838.1864013671875,417.05328369140625,0.7084146738052368
55,21,1013.998779296875,237.25250244140625,1066.793701171875,328.2662658691406,1040.396240234375,282.7593994140625,0.7251582741737366
55,8,526.0369262695312,407.81622314453125,606.6204223632812,565.57958984375,566.3286743164062,486.6979064941406,0.8800460696220398
55,2,120.32257080078125,431.4035339355469,221.12075805664062,605.8491821289062,170.72166442871094,518.6263427734375,0.891685426235199
55,25,465.1165771484375,315.7389831542969,519.186279296875,451.3955993652344,492.15142822265625,383.5672912597656,0.7577221393585205
55,27,1215.3271484375,480.056884765625,1268.8660888671875,677.468994140625,1242.0966796875,578.762939453125,0.8429245948791504
56,3,471.82452392578125,517.3275756835938,531.8251953125,700.2966918945312,501.8248596191406,608.8121337890625,0.8804618120193481
56,5,333.7022705078125,438.2669372558594,396.9961242675781,616.7613525390625,365.34918212890625,527.51416015625,0.8729413747787476
56,12,640.3652954101562,322.50445556640625,715.6974487304688,451.5934753417969,678.0313720703125,387.0489501953125,0.8400800228118896
56,16,734.9599609375,396.1545104980469,801.62109375,545.5704956054688,768.29052734375,470.86248779296875,0.8369585871696472
56,18,800.9319458007812,350.37237548828125,850.9412841796875,473.1378173828125,825.9366455078125,411.7550964355469,0.5758401155471802
56,21,999.286376953125,235.42771911621094,1051.8905029296875,326.9986572265625,1025.58837890625,281.21319580078125,0.7686711549758911
56,8,518.225830078125,406.6566467285156,593.6744995117188,565.3429565429688,555.9501953125,485.99981689453125,0.8246886134147644
56,2,100.18106842041016,434.6676025390625,206.26870727539062,606.6073608398438,153.22488403320312,520.637451171875,0.8495092988014221
56,25,453.1120910644531,316.4059753417969,509.21142578125,452.2286682128906,481.1617431640625,384.31732177734375,0.6054753661155701
56,27,1198.85498046875,477.9200439453125,1258.693359375,673.254150390625,1228.774169921875,575.5870971679688,0.8297051787376404
56,9,97.66190338134766,345.3980712890625,148.6258087158203,466.8456115722656,123.14385986328125,406.121826171875,0.45058104395866394
57,3,457.2826232910156,516.7061767578125,517.6346435546875,700.0992431640625,487.4586181640625,608.4027099609375,0.8379250764846802
57,5,316.9817810058594,439.4553527832031,381.29681396484375,616.33837890625,349.1392822265625,527.8968505859375,0.6221892237663269
57,12,634.39794921875,318.9323425292969,701.5283813476562,450.5594177246094,667.963134765625,384.7458801269531,0.8234813213348389
57,16,725.100830078125,393.6390686035156,789.7724609375,538.6004028320312,757.4366455078125,466.1197509765625,0.6866441965103149
57,18,784.8638305664062,345.4116516113281,837.6544189453125,466.8896179199219,811.2591552734375,406.150634765625,0.40668821334838867
57,21,984.8067016601562,233.96812438964844,1037.057373046875,326.04327392578125,1010.9320068359375,280.0057067871094,0.8247941136360168
57,8,502.7825622558594,404.66802978515625,585.666259765625,564.9312744140625,544.2244262695312,484.7996520996094,0.8483134508132935
57,2,79.93103790283203,435.9156799316406,189.76263427734375,607.3826904296875,134.84683227539062,521.649169921875,0.8752701282501221
57,25,438.46240234375,316.19622802734375,498.0213928222656,453.9995422363281,468.24188232421875,385.097900390625,0.7801921367645264
57,27,1184.3536376953125,476.4464111328125,1245.9293212890625,670.8455810546875,1215.1414794921875,573.64599609375,0.8148549795150757
57,1,364.48870849609375,326.1768493652344,426.330810546875,479.78790283203125,395.4097595214844,402.98236083984375,0.5705140233039856
58,3,442.92236328125,516.7089233398438,505.3247985839844,700.3345947265625,474.12359619140625,608.521728515625,0.8152462840080261
58,5,296.8177795410156,440.9064025878906,364.7872009277344,617.486328125,330.802490234375,529.1963500976562,0.8562435507774353
58,12,623.7660522460938,314.5820617675781,685.849609375,449.5356140136719,654.807861328125,382.058837890625,0.8436758518218994
58,16,711.425048828125,392.1628112792969,778.2858276367188,535.460693359375,744.85546875,463.811767578125,0.8293271064758301
58,18,771.4682006835938,341.7294921875,824.5230712890625,461.1207275390625,797.99560546875,401.42510986328125,0.579828143119812
58,21,970.2847900390625,233.24478149414062,1022.2947998046875,324.4429931640625,996.289794921875,278.8438720703125,0.6879382729530334
58,8,491.48468017578125,401.56024169921875,578.6369018554688,564.45849609375,535.060791015625,483.0093688964844,0.8640417456626892
58,2,59.874366760253906,435.9271240234375,171.33897399902344,607.55224609375,115.60667419433594,521.7396850585938,0.8448790311813354
58,25,426.2380676269531,315.169677734375,486.4348449707031,453.9689025878906,456.3364562988281,384.56927490234375,0.6031892895698547
58,27,1167.25,474.3410339355469,1229.5574951171875,669.2754516601562,1198.40380859375,571.8082275390625,0.8285024762153625
58,1,351.7008361816406,322.55181884765625,405.4209289550781,480.96844482421875,378.5608825683594,401.7601318359375,0.708145797252655
59,3,427.8414001464844,516.7337036132812,488.1802673339844,700.8284912109375,458.0108337402344,608.7811279296875,0.8541077971458435
59,5,277.7886962890625,442.2142028808594,347.4486389160156,619.3922119140625,312.61865234375,530.80322265625,0.8703137636184692
59,12,609.5590209960938,311.20745849609375,668.5272216796875,444.349365234375,639.0430908203125,377.7784118652344,0.8433091044425964
59,16,695.1414184570312,391.7283630371094,771.7070922851562,530.0738525390625,733.4242553710938,460.901123046875,0.8622841238975525
59,18,758.451904296875,338.0253601074219,810.0662231445312,456.97235107421875,784.259033203125,397.49884033203125,0.47718149423599243
59,21,954.6260986328125,232.2207794189453,1006.4629516601562,323.0515441894531,980.5445556640625,277.63616943359375,0.7939106822013855
59,8,485.0847473144531,397.979736328125,569.8651733398438,563.6396484375,527.4749755859375,480.8096923828125,0.9037803411483765
59,2,40.11063003540039,436.085693359375,152.29176330566406,609.918701171875,96.2011947631836,523.002197265625,0.8285359740257263
59,25,414.89910888671875,313.91326904296875,474.55029296875,453.3765563964844,444.7247009277344,383.6448974609375,0.6824612617492676
59,27,1151.594482421875,473.2844543457031,1212.779052734375,669.14013671875,1182.186767578125,571.2122802734375,0.5951549410820007
59,1,340.1710510253906,322.7655029296875,397.46099853515625,483.61993408203125,368.8160400390625,403.1927185058594,0.7411326766014099
60,3,411.287109375,517.3506469726562,472.3475036621094,701.8506469726562,441.81732177734375,609.6006469726562,0.8439459204673767
60,5,256.1669616699219,444.47625732421875,330.26947021484375,623.9120483398438,293.21820068359375,534.1941528320312,0.8842967748641968
60,12,594.8875732421875,308.73907470703125,650.0576171875,441.5390625,622.4725952148438,375.1390686035156,0.670862078666687
60,16,678.7455444335938,390.77935791015625,760.7920532226562,527.10009765625,719.768798828125,458.9397277832031,0.8993650674819946
60,18,746.965087890625,334.1143493652344,795.0430297851562,449.9049987792969,771.0040283203125,392.0096740722656,0.4868435263633728
60,21,938.5223999023438,232.38352966308594,989.8425903320312,322.0909729003906,964.1824951171875,277.23724365234375,0.6547690629959106
60,8,485.552978515625,394.5924072265625,561.0803833007812,566.6965942382812,523.316650390625,480.6445007324219,0.9154493808746338
60,2,19.18758773803711,436.05657958984375,133.85348510742188,611.0464477539062,76.52053833007812,523.551513671875,0.8425275683403015
60,25,399.9034729003906,313.4446105957031,459.9598388671875,454.28955078125,429.931640625,383.8670654296875,0.7229323983192444
60,27,1133.6966552734375,471.8116455078125,1193.03857421875,667.2819213867188,1163.36767578125,569.5467529296875,0.8162897229194641
60,1,326.4543762207031,325.34332275390625,381.7931823730469,484.2703857421875,354.123779296875,404.8068542480469,0.41769182682037354
60,28,54.60686492919922,380.63629150390625,109.51350402832031,482.5510559082031,82.0601806640625,431.59368896484375,0.5544794201850891
60,9,23.039501190185547,341.5927429199219,66.82981872558594,459.8781433105469,44.934661865234375,400.7354431152344,0.4997806251049042
61,3,394.4092712402344,517.8146362304688,456.0600891113281,702.9295654296875,425.23468017578125,610.3720703125,0.8308807015419006
61,5,234.8048858642578,448.83697509765625,313.3449401855469,626.57958984375,274.0749206542969,537.708251953125,0.8759790062904358
61,12,578.3974609375,307.0099182128906,633.1294555664062,439.7637023925781,605.763427734375,373.3868103027344,0.7821013331413269
61,16,661.3392333984375,389.8374938964844,753.0247192382812,526.7740478515625,707.1820068359375,458.3057861328125,0.8978897929191589
61,18,738.488525390625,329.6038818359375,780.4485473632812,425.0848083496094,759.468505859375,377.3443603515625,0.5863177180290222
61,21,920.935302734375,232.90011596679688,971.91943359375,321.2149353027344,946.4273681640625,277.0575256347656,0.6926809549331665
61,8,483.5804748535156,390.7893371582031,552.1078491210938,563.346435546875,517.8441772460938,477.06787109375,0.8879210352897644
61,2,0.6479151248931885,435.8164978027344,114.98680114746094,613.4339599609375,57.817359924316406,524.625244140625,0.7235158681869507
61,25,383.53765869140625,312.8623046875,443.78851318359375,454.9840393066406,413.6630859375,383.92315673828125,0.7591167092323303
61,27,1115.8341064453125,470.33050537109375,1174.676025390625,665.1368408203125,1145.255126953125,567.733642578125,0.8264199495315552
61,1,310.32763671875,328.0003662109375,369.57470703125,484.34771728515625,339.951171875,406.1740417480469,0.5778100490570068
62,3,376.7748107910156,518.6204833984375,438.5229797363281,704.1270751953125,407.6488952636719,611.373779296875,0.8387770056724548
62,5,214.25559997558594,453.8614807128906,296.4949035644531,634.3246459960938,255.375244140625,544.0930786132812,0.8674044609069824
62,12,555.9588623046875,306.1213073730469,616.6090698242188,436.4132080078125,586.283935546875,371.26727294921875,0.8415930867195129
62,16,643.8616333007812,389.4211730957031,745.79541015625,526.255859375,694.8284912109375,457.8385009765625,0.8939502835273743
62,18,723.569580078125,323.8244934082031,768.48291015625,412.6817321777344,746.0262451171875,368.25311279296875,0.4664202928543091
62,8,477.5938415527344,388.8638000488281,540.5719604492188,560.9066162109375,509.0828857421875,474.88519287109375,0.8857649564743042
62,2,0.0,431.96942138671875,91.58149719238281,613.3707885742188,45.790748596191406,522.6701049804688,0.45216605067253113
62,25,366.4444885253906,312.6543273925781,425.5533752441406,454.8653869628906,395.9989318847656,383.7598571777344,0.7662251591682434
62,27,1097.919189453125,469.2383117675781,1155.068603515625,662.4813842773438,1126.493896484375,565.85986328125,0.8235707879066467
62,1,292.0858154296875,329.22857666015625,350.3284606933594,485.65203857421875,321.2071533203125,407.4403076171875,0.5298352837562561
62,28,19.388498306274414,375.710205078125,70.49248504638672,496.9925842285156,44.94049072265625,436.35137939453125,0.5048388838768005
63,3,358.62548828125,518.9009399414062,421.4315185546875,704.7606811523438,390.02850341796875,611.830810546875,0.8516835570335388
63,5,194.8760528564453,459.4107971191406,279.3536376953125,641.6727905273438,237.11483764648438,550.5418090820312,0.8999472260475159
63,12,534.6325073242188,305.41522216796875,602.9098510742188,431.7467041015625,568.7711791992188,368.5809631347656,0.5206562876701355
63,16,626.2335205078125,387.717529296875,735.04638671875,526.692626953125,680.6399536132812,457.205078125,0.8941169381141663
63,18,708.5118408203125,316.9410705566406,757.1424560546875,407.4294738769531,732.8271484375,362.1852722167969,0.5686231851577759
63,8,468.8451843261719,387.64556884765625,527.8585815429688,560.2481689453125,498.35186767578125,473.9468688964844,0.9035623669624329
63,25,348.266357421875,313.66912841796875,408.7239685058594,454.37847900390625,378.49517822265625,384.0238037109375,0.7867818474769592
63,27,1078.4654541015625,467.87164306640625,1136.0528564453125,659.0936279296875,1107.2591552734375,563.482666015625,0.855783998966217
63,1,274.2032165527344,329.6168212890625,329.39111328125,487.0129089355469,301.79718017578125,408.31488037109375,0.5548180937767029
63,28,0.3291802406311035,372.6015625,48.58973693847656,499.0211486816406,24.45945930480957,435.81134033203125,0.7362056374549866
63,21,885.56103515625,231.46780395507812,936.2902221679688,319.7906799316406,910.9256591796875,275.6292419433594,0.504410445690155
64,3,339.8530578613281,519.5116577148438,403.8063659667969,705.8295288085938,371.8297119140625,612.6705932617188,0.850357711315155
64,5,176.56968688964844,464.7408447265625,261.5187072753906,648.2900390625,219.044189453125,556.5154418945312,0.8740224838256836
64,12,519.0096435546875,305.8952941894531,589.0208740234375,427.5952453613281,554.0152587890625,366.7452697753906,0.7708752155303955
64,16,608.2980346679688,334.4254455566406,739.0730590820312,524.2803955078125,673.685546875,429.3529052734375,0.7669951915740967
64,8,460.08966064453125,388.0488586425781,516.7466430664062,559.8359985351562,488.41815185546875,473.94244384765625,0.8644358515739441
64,25,329.6843566894531,314.2402038574219,391.3816833496094,453.15142822265625,360.53302001953125,383.69580078125,0.7031019330024719
64,27,1059.594482421875,466.17559814453125,1118.110595703125,657.5623168945312,1088.8525390625,561.8689575195312,0.8455019593238831
64,1,255.04205322265625,329.0718078613281,310.3739318847656,488.4670104980469,282.7080078125,408.7694091796875,0.7005202770233154
64,28,0.0,368.3475036621094,26.934486389160156,502.5678405761719,13.467243194580078,435.4576721191406,0.5946013331413269
64,29,1108.8983154296875,675.9177856445312,1166.529296875,719.260986328125,1137.7138671875,697.58935546875,0.5130645632743835
64,21,866.6132202148438,231.55816650390625,916.7880249023438,318.9512634277344,891.7006225585938,275.25469970703125,0.6825464963912964
65,3,321.1883850097656,520.4946899414062,386.7683410644531,706.4993896484375,353.9783630371094,613.4970703125,0.8572975993156433
65,5,159.47589111328125,468.2048645019531,241.9537353515625,651.6238403320312,200.71481323242188,559.9143676757812,0.904045045375824
65,12,504.9833068847656,305.97454833984375,574.2214965820312,423.64080810546875,539.6024169921875,364.80767822265625,0.8337534070014954
65,16,590.4947509765625,299.958251953125,738.123046875,522.1699829101562,664.3088989257812,411.0641174316406,0.7446879744529724
65,8,450.2058410644531,390.76690673828125,511.9009704589844,560.163818359375,481.05340576171875,475.4653625488281,0.8766739368438721
65,25,310.7438659667969,314.6586608886719,377.2881774902344,455.3475646972656,344.0160217285156,385.00311279296875,0.7089470028877258
65,27,1039.5391845703125,464.8243103027344,1100.181884765625,654.7510375976562,1069.860595703125,559.7876586914062,0.8625481128692627
65,1,235.95445251464844,328.2602233886719,291.2821960449219,489.2371520996094,263.6183166503906,408.7486877441406,0.7442883849143982
65,29,1090.6221923828125,674.1696166992188,1147.0411376953125,719.1525268554688,1118.8316650390625,696.6610717773438,0.4701130986213684
65,21,849.071533203125,231.68893432617188,898.50537109375,318.1947021484375,873.7884521484375,274.94183349609375,0.6092644929885864
66,3,302.8883972167969,521.732666015625,368.84161376953125,707.6099853515625,335.864990234375,614.6713256835938,0.6199890971183777
66,5,141.5059356689453,469.0454406738281,220.95774841308594,653.7586059570312,181.23184204101562,561.4020385742188,0.8880341053009033
66,12,489.2586669921875,306.29742431640625,558.482421875,417.63201904296875,523.8705444335938,361.9647216796875,0.8566567897796631
66,16,578.3596801757812,342.72552490234375,701.5425415039062,518.1946411132812,639.9511108398438,430.4600830078125,0.8698102235794067
66,8,439.1300048828125,394.1392517089844,511.4599609375,561.3587036132812,475.29498291015625,477.74896240234375,0.8998312950134277
66,25,295.29412841796875,314.8088073730469,365.3926696777344,459.8756103515625,330.3433837890625,387.34222412109375,0.8251522183418274
66,27,1020.8507080078125,463.9004821777344,1080.8270263671875,655.6036376953125,1050.8388671875,559.7520751953125,0.8429144024848938
66,1,216.90245056152344,327.9003601074219,275.17840576171875,490.49554443359375,246.04043579101562,409.19793701171875,0.7161721587181091
66,29,1072.322998046875,672.7831420898438,1127.00244140625,719.5546264648438,1099.6627197265625,696.1688842773438,0.5498055219650269
66,21,830.6993408203125,231.65667724609375,879.555419921875,317.934814453125,855.1273803710938,274.7957458496094,0.6632810235023499
67,3,284.1107177734375,523.0022583007812,350.6285400390625,709.469482421875,317.36962890625,616.23583984375,0.8520256280899048
67,5,123.20276641845703,468.7409362792969,199.80711364746094,657.1053466796875,161.50494384765625,562.9231567382812,0.869981050491333
67,12,471.74761962890625,305.6855163574219,539.9695434570312,412.8881530761719,505.85858154296875,359.2868347167969,0.8035504817962646
67,16,574.2896728515625,361.8148193359375,678.9472045898438,514.9972534179688,626.618408203125,438.4060363769531,0.8846397399902344
67,8,428.4714660644531,398.5001525878906,510.541259765625,562.8310546875,469.50634765625,480.66558837890625,0.8924261927604675
67,25,278.935302734375,316.2384338378906,354.4166564941406,461.8553771972656,316.67596435546875,389.0469055175781,0.47727444767951965
67,27,1002.5119018554688,463.019287109375,1061.3677978515625,655.4127807617188,1031.9398193359375,559.216064453125,0.8350163698196411
67,1,196.5303497314453,328.8506774902344,256.1832580566406,492.1573791503906,226.3568115234375,410.5040283203125,0.6760354042053223
67,29,1053.0892333984375,671.3802490234375,1108.962158203125,719.9247436523438,1081.025634765625,695.6524658203125,0.5403414368629456
67,21,812.7205200195312,231.72219848632812,861.61083984375,317.9273986816406,837.1656494140625,274.8247985839844,0.6860948801040649
67,30,1145.116455078125,673.0240478515625,1203.5994873046875,719.848388671875,1174.35791015625,696.4362182617188,0.5468296408653259
67,31,1202.8126220703125,667.6182861328125,1265.9256591796875,719.7523803710938,1234.369140625,693.685302734375,0.4377884566783905
67,32,934.7625732421875,673.5972900390625,993.853271484375,719.5440673828125,964.3079223632812,696.5706787109375,0.5497215986251831
67,18,644.6283569335938,276.05438232421875,714.862548828125,388.1998596191406,679.7454833984375,332.12713623046875,0.5065462589263916
68,3,266.49957275390625,524.81640625,332.2947692871094,710.6371459960938,299.39715576171875,617.726806640625,0.8058500289916992
68,5,103.76131439208984,467.7881774902344,178.63796997070312,656.5875244140625,141.19964599609375,562.1878662109375,0.8987944722175598
68,12,454.9330139160156,303.9255065917969,522.3193359375,408.6819763183594,488.62615966796875,356.3037414550781,0.7109968066215515
68,16,574.3693237304688,365.1702880859375,665.365966796875,513.5204467773438,619.86767578125,439.3453674316406,0.8798571228981018
68,8,417.9646301269531,402.5441589355469,509.49017333984375,562.8968505859375,463.7274169921875,482.72052001953125,0.9074803590774536
68,25,261.5043029785156,316.8595886230469,343.1874694824219,464.8795471191406,302.34588623046875,390.86956787109375,0.7566913366317749
68,27,986.585205078125,462.2339172363281,1042.508544921875,653.4774169921875,1014.546875,557.8556518554688,0.8453883528709412
68,1,176.89346313476562,330.48626708984375,236.23126220703125,494.9635925292969,206.56236267089844,412.72491455078125,0.6995600461959839
68,29,1035.1954345703125,670.21484375,1091.103271484375,720.0,1063.1494140625,695.107421875,0.42976927757263184
68,21,795.7493286132812,231.3136749267578,844.79296875,317.4639587402344,820.2711181640625,274.3888244628906,0.7083361744880676
68,31,1185.12744140625,666.3544921875,1250.390869140625,719.7830810546875,1217.7591552734375,693.0687866210938,0.40609031915664673
68,32,916.3199462890625,672.6176147460938,976.5558471679688,719.6262817382812,946.4378662109375,696.1219482421875,0.4758807122707367
68,18,624.29736328125,288.9583740234375,703.7228393554688,385.67645263671875,664.0101318359375,337.3174133300781,0.5427669286727905
69,3,249.3791046142578,525.8184204101562,315.3841857910156,712.3541259765625,282.38165283203125,619.0863037109375,0.7930670976638794
69,5,86.41285705566406,466.95111083984375,159.37583923339844,656.5770263671875,122.89434814453125,561.7640380859375,0.8813806176185608
69,12,445.0008239746094,301.8992004394531,507.2511291503906,402.9095153808594,476.1259765625,352.40435791015625,0.7936517596244812
69,16,575.6221313476562,362.3943786621094,655.57177734375,512.8839111328125,615.596923828125,437.63916015625,0.8772618770599365
69,8,404.3076171875,405.6175231933594,507.1344909667969,564.3985595703125,455.7210693359375,485.008056640625,0.9096899628639221
69,25,245.7595672607422,324.9955749511719,332.48455810546875,467.2137451171875,289.1220703125,396.10467529296875,0.7641521096229553
69,27,969.8297119140625,461.52001953125,1025.5927734375,652.3106689453125,997.7112426757812,556.9153442382812,0.8276675939559937
69,1,158.912109375,332.9041748046875,222.067138671875,498.8626708984375,190.4896240234375,415.8834228515625,0.701568067073822
69,21,779.5084838867188,230.91156005859375,828.740234375,317.61767578125,804.1243896484375,274.2646179199219,0.6280879974365234
69,31,1167.732666015625,664.1922607421875,1232.8865966796875,719.7071533203125,1200.3095703125,691.94970703125,0.5388477444648743
69,32,900.1068725585938,671.76123046875,959.9890747070312,719.501220703125,930.0479736328125,695.6312255859375,0.4315531551837921
69,18,605.7578125,294.5765075683594,697.64111328125,385.5685729980469,651.699462890625,340.0725402832031,0.6507258415222168
70,3,233.57766723632812,527.3822631835938,300.19635009765625,713.9341430664062,266.88702392578125,620.658203125,0.7943968176841736
70,5,68.847412109375,465.49322509765625,141.29702758789062,656.4412841796875,105.07221984863281,560.96728515625,0.8646233677864075
70,12,438.7680969238281,298.83465576171875,499.84344482421875,400.89776611328125,469.3057861328125,349.8662109375,0.8250168561935425
70,16,573.9354858398438,361.4407958984375,646.0704956054688,511.739990234375,610.0029907226562,436.59039306640625,0.8623127937316895
70,8,390.8589172363281,405.7953186035156,502.8342590332031,566.1102294921875,446.8465881347656,485.9527587890625,0.8877884149551392
70,25,231.80484008789062,328.34088134765625,321.1792907714844,472.19244384765625,276.4920654296875,400.26666259765625,0.7395738959312439
70,27,956.203857421875,460.9023132324219,1011.4154663085938,651.3881225585938,983.8096923828125,556.1452026367188,0.8156886100769043
70,1,142.48350524902344,335.145751953125,208.02040100097656,503.0720520019531,175.251953125,419.10888671875,0.6778480410575867
70,21,765.1093139648438,230.48182678222656,814.3759765625,318.55059814453125,789.74267578125,274.5162048339844,0.6940802335739136
70,31,1151.5123291015625,662.6849975585938,1216.2965087890625,719.70751953125,1183.9044189453125,691.1962890625,0.6122856736183167
70,18,590.2384033203125,296.3392333984375,691.2302856445312,385.8746337890625,640.734375,341.10693359375,0.573713481426239
70,33,1228.02099609375,419.706787109375,1276.6221923828125,583.4337768554688,1252.321533203125,501.5702819824219,0.7626952528953552
70,29,1003.2964477539062,668.2279663085938,1058.66650390625,720.0,1030.9814453125,694.114013671875,0.46779653429985046
71,3,220.24378967285156,528.366455078125,287.5524597167969,716.33056640625,253.89813232421875,622.3485107421875,0.7952847480773926
71,5,55.73038101196289,464.6811218261719,126.40938568115234,655.4711303710938,91.06988525390625,560.0761108398438,0.8655005693435669
71,12,436.729248046875,296.4495849609375,494.853515625,398.44610595703125,465.7913818359375,347.4478454589844,0.4844248592853546
71,16,571.8005981445312,361.36004638671875,639.9420166015625,507.2774963378906,605.871337890625,434.31878662109375,0.8920614719390869
71,8,380.4127197265625,403.5668640136719,495.090576171875,567.1951904296875,437.75164794921875,485.38104248046875,0.8806071281433105
71,25,219.4262237548828,328.5894470214844,308.4736328125,479.4519348144531,263.9499206542969,404.02069091796875,0.8157381415367126
71,27,943.7090454101562,461.08465576171875,998.069091796875,650.2457275390625,970.8890380859375,555.6651611328125,0.7550017833709717
71,1,128.4732666015625,335.8135986328125,194.47763061523438,508.7767639160156,161.47544860839844,422.295166015625,0.6679506897926331
71,21,753.6970825195312,230.30825805664062,801.0715942382812,317.8827209472656,777.3843383789062,274.0954895019531,0.49948394298553467
71,31,1138.173095703125,661.9987182617188,1204.44775390625,719.941650390625,1171.3104248046875,690.97021484375,0.6228418946266174
71,18,570.7973022460938,293.98724365234375,683.9710693359375,386.518798828125,627.3841552734375,340.2530212402344,0.5159327387809753
71,33,1215.9114990234375,418.23040771484375,1270.5992431640625,582.80859375,1243.25537109375,500.5195007324219,0.7802263498306274
71,34,1084.7437744140625,230.0577392578125,1128.7718505859375,311.8903503417969,1106.7578125,270.97406005859375,0.43506696820259094
71,29,991.3884887695312,667.6246337890625,1046.265869140625,719.9686279296875,1018.8271484375,693.796630859375,0.6157931089401245
71,30,1079.4815673828125,668.3045654296875,1140.710205078125,719.8787841796875,1110.095947265625,694.0916748046875,0.5162762403488159
71,32,874.8757934570312,672.0455932617188,933.0167846679688,719.0776977539062,903.9462890625,695.5616455078125,0.5283476114273071
72,3,209.62384033203125,529.1439819335938,277.9466247558594,717.6050415039062,243.7852325439453,623.37451171875,0.8311911225318909
72,5,47.93539047241211,463.2311706542969,116.28227996826172,653.93505859375,82.10883331298828,558.5831298828125,0.8982701301574707
72,12,436.364013671875,295.7463073730469,490.60821533203125,396.64971923828125,463.4861145019531,346.197998046875,0.6676058769226074
72,16,571.8142700195312,361.0983581542969,637.32763671875,500.240478515625,604.5709228515625,430.66943359375,0.8130530118942261
72,8,377.7982482910156,402.1053466796875,488.5799560546875,568.5313110351562,433.1890869140625,485.3183288574219,0.9028104543685913
72,25,214.362548828125,328.85980224609375,299.8899230957031,483.5321044921875,257.126220703125,406.1959533691406,0.8263640403747559
72,27,937.310302734375,460.6009826660156,989.3240966796875,650.4859619140625,963.3171997070312,555.54345703125,0.863861083984375
72,1,118.83160400390625,345.0549621582031,179.29547119140625,513.4063110351562,149.06353759765625,429.23065185546875,0.5675984621047974
72,21,745.7113647460938,229.81106567382812,792.9047241210938,318.60430908203125,769.3080444335938,274.20770263671875,0.5689105987548828
72,31,1130.5980224609375,661.4532470703125,1194.354248046875,720.0,1162.47607421875,690.7266235351562,0.706753671169281
72,33,1206.3966064453125,417.9687194824219,1263.36181640625,581.9937744140625,1234.879150390625,499.98126220703125,0.8390446901321411
72,34,1076.2628173828125,229.97518920898438,1119.5501708984375,311.0418395996094,1097.906494140625,270.5085144042969,0.7110233306884766
72,29,983.3048706054688,666.9923706054688,1037.817138671875,719.9618530273438,1010.56103515625,693.4771118164062,0.6546435356140137
72,30,1072.085205078125,667.3123779296875,1131.3389892578125,720.0,1101.712158203125,693.6561889648438,0.6870244145393372
72,11,193.88255310058594,329.8281555175781,258.8071594238281,449.94635009765625,226.3448486328125,389.88726806640625,0.4885789752006531
73,3,204.92401123046875,529.8989868164062,272.5914611816406,718.47314453125,238.7577362060547,624.18603515625,0.8922338485717773
73,5,43.60919952392578,462.4232177734375,111.23296356201172,653.518310546875,77.42108154296875,557.9707641601562,0.9110104441642761
73,12,437.387939453125,296.66455078125,485.82208251953125,395.26806640625,461.6050109863281,345.96630859375,0.6958841681480408
73,16,574.8121337890625,361.1303405761719,638.6459350585938,495.044677734375,606.72900390625,428.0875244140625,0.8891345262527466
73,8,383.9677734375,405.7744445800781,483.8830871582031,569.6907348632812,433.9254150390625,487.73260498046875,0.9080028533935547
73,25,216.3591766357422,328.1458740234375,294.4266052246094,484.96209716796875,255.39288330078125,406.5539855957031,0.8314647674560547
73,27,933.6998901367188,460.7402038574219,984.4840087890625,651.3577270507812,959.0919189453125,556.0489501953125,0.8820345401763916
73,1,112.60435485839844,350.8304138183594,160.0778045654297,516.3197631835938,136.34107971191406,433.5750732421875,0.5419965982437134
73,21,740.919921875,228.99935913085938,788.6181030273438,320.6060791015625,764.76904296875,274.802734375,0.827039361000061
73,31,1126.3712158203125,661.1884765625,1189.2042236328125,720.0,1157.7877197265625,690.59423828125,0.7205508351325989
73,33,1202.377197265625,418.218994140625,1258.9044189453125,581.5802612304688,1230.640869140625,499.8996276855469,0.8391622304916382
73,29,979.3723754882812,667.093017578125,1033.1617431640625,720.0,1006.26708984375,693.5465087890625,0.6390135288238525
73,11,191.58132934570312,331.9358825683594,257.91888427734375,452.26275634765625,224.75010681152344,392.09930419921875,0.6181807518005371
73,18,560.4682006835938,302.659423828125,679.1163330078125,385.0729675292969,619.792236328125,343.8662109375,0.5784158706665039
73,32,864.13037109375,673.2710571289062,918.2369995117188,719.3079833984375,891.1837158203125,696.28955078125,0.5183102488517761
74,3,202.1896514892578,530.5538940429688,269.2747497558594,718.4269409179688,235.73220825195312,624.4904174804688,0.8927012085914612
74,5,44.21999740600586,461.5665588378906,110.37591552734375,654.1784057617188,77.29795837402344,557.8724975585938,0.9134541153907776
74,12,441.81280517578125,297.1023864746094,487.9836120605469,396.68267822265625,464.898193359375,346.89251708984375,0.7931899428367615
74,16,580.2044067382812,362.12359619140625,648.6521606445312,495.39385986328125,614.4282836914062,428.75872802734375,0.8790773749351501
74,8,401.4388122558594,404.9898376464844,493.0018615722656,571.9209594726562,447.2203369140625,488.45538330078125,0.8520683646202087
74,25,226.63978576660156,326.8536682128906,293.58087158203125,485.2482604980469,260.1103210449219,406.05096435546875,0.8236784934997559
74,27,933.0569458007812,461.32537841796875,983.1485595703125,650.3464965820312,958.102783203125,555.8359375,0.8814747333526611
74,1,109.31275177001953,351.34857177734375,156.72076416015625,517.7711791992188,133.01675415039062,434.55987548828125,0.5915636420249939
74,21,739.1612548828125,228.7880096435547,787.1641845703125,321.8429870605469,763.1627197265625,275.31549072265625,0.8601723313331604
74,31,1124.681396484375,661.3984375,1187.9117431640625,720.0,1156.296630859375,690.69921875,0.7309908866882324
74,33,1201.7247314453125,418.4065246582031,1257.337890625,581.6968383789062,1229.53125,500.05169677734375,0.8442606925964355
74,29,978.3566284179688,667.038330078125,1031.8140869140625,720.0,1005.0853271484375,693.5191650390625,0.7321611642837524
74,11,190.56234741210938,332.62310791015625,259.31878662109375,452.8825988769531,224.94056701660156,392.75286865234375,0.597989022731781
74,18,562.1160278320312,314.37030029296875,680.9522705078125,385.7973937988281,621.5341796875,350.0838623046875,0.4475383162498474
74,32,861.9578247070312,673.7007446289062,916.0689697265625,719.7952270507812,889.013427734375,696.7479858398438,0.6240814328193665
74,34,1069.094482421875,229.43905639648438,1113.38037109375,303.2781066894531,1091.2374267578125,266.35858154296875,0.7009381651878357
74,30,1066.2381591796875,668.1317138671875,1124.9033203125,720.0,1095.57080078125,694.0658569335938,0.6858267784118652
75,3,198.7327423095703,531.0040283203125,266.6833190917969,718.7684936523438,232.70803833007812,624.88623046875,0.876957893371582
75,5,45.446556091308594,461.0785827636719,110.41104888916016,654.5426025390625,77.92880249023438,557.8106079101562,0.9133371710777283
75,12,447.02099609375,296.6344909667969,491.9375915527344,398.91455078125,469.47930908203125,347.7745361328125,0.8397330045700073
75,16,586.261962890625,364.2795715332031,664.0917358398438,494.26361083984375,625.1768798828125,429.2716064453125,0.9099113941192627
75,8,410.9555969238281,404.9006652832031,502.67510986328125,575.2610473632812,456.81536865234375,490.08087158203125,0.8034448623657227
75,25,239.20387268066406,326.61273193359375,296.3161926269531,485.2112731933594,267.7600402832031,405.9119873046875,0.8498714566230774
75,27,932.947021484375,461.81640625,984.6259155273438,649.7430419921875,958.7864990234375,555.7797241210938,0.8882701992988586
75,1,106.35005187988281,351.1331787109375,156.9901123046875,519.3431396484375,131.67007446289062,435.2381591796875,0.6580982804298401
75,21,737.857177734375,228.3863067626953,785.6119995117188,322.28839111328125,761.734619140625,275.33734130859375,0.8388597965240479
75,31,1123.5706787109375,661.9683837890625,1187.2125244140625,720.0,1155.3916015625,690.9841918945312,0.7252181172370911
75,33,1200.8309326171875,418.4821472167969,1256.1109619140625,582.2477416992188,1228.470947265625,500.36492919921875,0.8490328788757324
75,29,977.6002197265625,666.8414306640625,1030.7750244140625,720.0,1004.1876220703125,693.4207153320312,0.6947430372238159
75,11,189.2198944091797,331.93170166015625,261.8789978027344,452.69097900390625,225.5494384765625,392.31134033203125,0.6743667125701904
75,32,860.1239624023438,674.2471313476562,914.37158203125,719.72607421875,887.247802734375,696.986572265625,0.6307754516601562
75,34,1066.3360595703125,230.5789794921875,1112.31201171875,301.4578552246094,1089.323974609375,266.0184326171875,0.6692132353782654
75,30,1065.6749267578125,668.8574829101562,1123.87841796875,719.9701538085938,1094.776611328125,694.413818359375,0.6686482429504395
76,3,193.81410217285156,531.3024291992188,263.60589599609375,719.1126098632812,228.70999145507812,625.20751953125,0.885143518447876
76,5,45.287227630615234,460.9085998535156,109.35774993896484,654.3422241210938,77.3224868774414,557.6254272460938,0.9066238403320312
76,12,452.4066162109375,294.1767272949219,496.08056640625,406.4443664550781,474.24359130859375,350.310546875,0.8325722217559814
76,16,590.3070068359375,364.6352844238281,677.985595703125,494.23602294921875,634.1463012695312,429.4356689453125,0.9200780987739563
76,8,418.08642578125,403.87921142578125,510.1024169921875,576.0917358398438,464.09442138671875,489.9854736328125,0.8882005214691162
76,25,248.0318603515625,326.8840026855469,299.55670166015625,484.47406005859375,273.7942810058594,405.67901611328125,0.8509204983711243
76,27,931.5242309570312,462.3019104003906,985.0975952148438,648.3529052734375,958.3109130859375,555.327392578125,0.8116387724876404
76,1,103.01009368896484,342.2138366699219,160.7082977294922,519.9884643554688,131.85919189453125,431.10113525390625,0.7198395133018494
76,21,734.96484375,226.97335815429688,783.2498779296875,322.30096435546875,759.1073608398438,274.63714599609375,0.8460705280303955
76,31,1120.854736328125,662.3577880859375,1184.476806640625,720.0,1152.665771484375,691.1788940429688,0.7461565732955933
76,33,1198.336181640625,418.206787109375,1253.919189453125,581.9037475585938,1226.127685546875,500.0552673339844,0.8482977747917175
76,29,975.0294799804688,666.5045166015625,1028.688720703125,719.9347534179688,1001.859130859375,693.2196044921875,0.6493012309074402
76,11,186.48617553710938,329.9954833984375,261.744140625,452.6552429199219,224.1151580810547,391.32537841796875,0.7593307495117188
76,32,858.1885986328125,674.0112915039062,912.3682861328125,719.4780883789062,885.2784423828125,696.7446899414062,0.567841112613678
76,34,1059.2562255859375,231.63316345214844,1109.093505859375,300.1554260253906,1084.1748046875,265.894287109375,0.507160484790802
76,30,1063.8782958984375,669.0775146484375,1120.7764892578125,719.8710327148438,1092.327392578125,694.4742431640625,0.674763560295105
77,3,188.68060302734375,531.4822998046875,258.1244812011719,718.9523315429688,223.4025421142578,625.21728515625,0.8866473436355591
77,5,42.1363525390625,461.51806640625,107.35487365722656,655.4815673828125,74.74561309814453,558.4998168945312,0.8862506747245789
77,12,456.7142028808594,290.72344970703125,498.9588623046875,410.24072265625,477.8365478515625,350.4820861816406,0.8488069772720337
77,16,591.6654663085938,365.327880859375,685.25048828125,493.7857971191406,638.4580078125,429.55682373046875,0.9281715154647827
77,8,420.7097473144531,401.0376281738281,516.5699462890625,575.0701293945312,468.63983154296875,488.05389404296875,0.8904584050178528
77,25,249.942626953125,327.6888732910156,300.7698974609375,485.07568359375,275.35626220703125,406.38226318359375,0.8685651421546936
77,27,927.7127685546875,462.4064636230469,983.770751953125,649.6566772460938,955.7417602539062,556.0315551757812,0.627070426940918
77,1,97.46692657470703,338.8646240234375,153.10968017578125,520.5938720703125,125.28829956054688,429.729248046875,0.7495032548904419
77,21,730.5974731445312,226.05404663085938,779.1091918945312,322.49371337890625,754.8533325195312,274.27386474609375,0.8571629524230957
77,31,1117.682861328125,662.1770629882812,1179.703857421875,719.8543701171875,1148.693359375,691.0157470703125,0.7252705097198486
77,33,1193.6593017578125,418.0593566894531,1249.1717529296875,582.8857421875,1221.41552734375,500.4725341796875,0.8530355095863342
77,29,970.6864624023438,665.5025634765625,1023.69384765625,719.6434326171875,997.190185546875,692.572998046875,0.5975774526596069
77,11,183.26409912109375,325.6220397949219,260.6344909667969,452.5577392578125,221.9492950439453,389.08990478515625,0.7490845322608948
77,32,854.3360595703125,673.8401489257812,909.6384887695312,719.5904541015625,881.9873046875,696.71533203125,0.49190768599510193
77,30,1059.46044921875,668.5671997070312,1116.80859375,719.693115234375,1088.134521484375,694.130126953125,0.6743720173835754
78,3,181.47509765625,532.539306640625,251.29302978515625,719.0386352539062,216.38406372070312,625.7889404296875,0.8897531628608704
78,5,37.19384765625,462.4746398925781,105.67646789550781,655.9824829101562,71.4351577758789,559.2285766601562,0.888534426689148
78,12,446.7171325683594,288.6313781738281,500.3573913574219,418.984375,473.5372619628906,353.807861328125,0.7587632536888123
78,16,591.8916625976562,365.58001708984375,686.0535278320312,493.6866455078125,638.9725952148438,429.6333312988281,0.932518482208252
78,8,422.4029541015625,403.4064636230469,521.32666015625,577.3422241210938,471.86480712890625,490.37432861328125,0.8997465372085571
78,25,251.01950073242188,329.27777099609375,305.8688659667969,487.33319091796875,278.4441833496094,408.30548095703125,0.8776326179504395
78,27,923.7987670898438,462.9299621582031,979.9387817382812,649.9949951171875,951.8687744140625,556.4624633789062,0.8906589150428772
78,1,88.88232421875,337.6240234375,146.2844696044922,520.2998046875,117.5833969116211,428.9619140625,0.8003365993499756
78,21,724.75244140625,225.68753051757812,774.27294921875,323.0218811035156,749.5126953125,274.3547058105469,0.8836211562156677
78,31,1112.1600341796875,661.6630249023438,1174.8160400390625,719.9764404296875,1143.488037109375,690.8197021484375,0.7282479405403137
78,33,1187.619384765625,417.82421875,1243.8658447265625,582.7113037109375,1215.74267578125,500.26776123046875,0.8355596661567688
78,29,964.8837280273438,665.4262084960938,1018.6309814453125,719.8627319335938,991.75732421875,692.6444702148438,0.6353721022605896
78,11,180.14114379882812,322.4935607910156,257.7950134277344,452.5589599609375,218.96807861328125,387.5262451171875,0.48737937211990356
78,32,849.9445190429688,674.1234130859375,904.849365234375,719.5714721679688,877.39697265625,696.847412109375,0.5180348753929138
78,30,1054.9483642578125,668.2533569335938,1111.49365234375,719.6887817382812,1083.220947265625,693.9710693359375,0.6435085535049438
78,34,1039.9202880859375,231.7593994140625,1098.5948486328125,298.67877197265625,1069.257568359375,265.2190856933594,0.7312083840370178
79,3,174.04588317871094,532.7744140625,245.06869506835938,719.0507202148438,209.55728149414062,625.91259765625,0.8799768090248108
79,5,32.75398254394531,462.6328125,105.66028594970703,656.1300659179688,69.20713806152344,559.3814697265625,0.8770923614501953
79,12,447.5810546875,286.654052734375,507.4084777832031,414.4855041503906,477.4947509765625,350.56976318359375,0.8412764668464661
79,16,589.2816772460938,365.5505065917969,684.5823364257812,493.7176818847656,636.9320068359375,429.63409423828125,0.9119051098823547
79,8,422.2701721191406,409.101806640625,526.439697265625,583.7831420898438,474.35491943359375,496.4424743652344,0.8478779792785645
79,25,252.2761993408203,331.34423828125,312.8328552246094,489.9768981933594,282.5545349121094,410.66058349609375,0.8435011506080627
79,27,919.1002197265625,463.248046875,977.0361938476562,651.4154663085938,948.0682373046875,557.331787109375,0.8942971229553223
79,1,81.87251281738281,336.9824523925781,141.7593994140625,519.90380859375,111.81595611572266,428.443115234375,0.759650707244873
79,21,719.9818115234375,225.8139190673828,769.4214477539062,322.8332824707031,744.70166015625,274.3236083984375,0.8966615796089172
79,31,1106.1204833984375,661.3009643554688,1170.3682861328125,719.9036254882812,1138.244384765625,690.602294921875,0.722852349281311
79,33,1182.5103759765625,417.44873046875,1237.5980224609375,581.66357421875,1210.05419921875,499.55615234375,0.837448000907898
79,29,959.9554443359375,665.32958984375,1013.63671875,719.7960205078125,986.7960815429688,692.5628051757812,0.6317195892333984
79,11,179.78378295898438,320.0851135253906,257.5653381347656,451.0662536621094,218.674560546875,385.57568359375,0.8302904367446899
79,32,844.69775390625,673.9232788085938,900.6505126953125,719.4412841796875,872.6741333007812,696.6822509765625,0.4984123706817627
79,30,1049.346435546875,668.4705810546875,1105.94140625,719.6366577148438,1077.6439208984375,694.0535888671875,0.6844286918640137
79,34,1032.04150390625,231.7438507080078,1092.3851318359375,298.9529113769531,1062.21337890625,265.348388671875,0.7386846542358398
80,3,170.20404052734375,533.2278442382812,241.30136108398438,719.0394897460938,205.75270080566406,626.1336669921875,0.9188951849937439
80,5,29.16352653503418,462.2615051269531,107.18655395507812,657.2818603515625,68.17504119873047,559.7716674804688,0.8587455749511719
80,12,455.9317932128906,283.091796875,508.462890625,414.0467224121094,482.19732666015625,348.56927490234375,0.7493507266044617
80,16,587.7584228515625,363.8433837890625,683.4667358398438,493.7328796386719,635.612548828125,428.78814697265625,0.7408101558685303
80,8,425.51312255859375,414.9506530761719,530.8585815429688,587.5133056640625,478.18585205078125,501.23199462890625,0.8609631657600403
80,25,253.4441375732422,332.6933288574219,314.7717590332031,491.667236328125,284.1079406738281,412.1802978515625,0.8618162274360657
80,27,916.9583740234375,463.89239501953125,975.4317626953125,651.9970703125,946.195068359375,557.9447021484375,0.8812122941017151
80,1,76.88742065429688,335.8522033691406,129.13088989257812,520.3834838867188,103.0091552734375,428.11785888671875,0.763662576675415
80,21,716.9879150390625,225.1800537109375,766.52587890625,322.8193054199219,741.7568969726562,273.99969482421875,0.8876285552978516
80,31,1103.2218017578125,661.0803833007812,1165.4453125,719.9617309570312,1134.33349609375,690.5210571289062,0.7739245891571045
80,33,1178.9866943359375,417.23358154296875,1234.6707763671875,581.9844970703125,1206.8287353515625,499.6090393066406,0.8620894551277161
80,29,957.0711669921875,664.8313598632812,1010.1210327148438,719.8721313476562,983.5960693359375,692.3517456054688,0.6850648522377014
80,11,182.88316345214844,316.0483703613281,258.9244689941406,449.17578125,220.90380859375,382.612060546875,0.8834599852561951
80,32,841.6476440429688,673.8974609375,897.2486572265625,719.4934692382812,869.4481201171875,696.6954345703125,0.5308614373207092
80,30,1045.5450439453125,668.3530883789062,1102.7530517578125,719.6781005859375,1074.1490478515625,694.015625,0.7035463452339172
81,3,169.18930053710938,533.6346435546875,240.64849853515625,719.1403198242188,204.9188995361328,626.387451171875,0.9157321453094482
81,5,28.961591720581055,461.27276611328125,113.20576477050781,654.0497436523438,71.08367919921875,557.6612548828125,0.8951288461685181
81,12,463.835693359375,275.7167663574219,515.6031494140625,414.66351318359375,489.71942138671875,345.19012451171875,0.7308768630027771
81,16,591.0523681640625,361.86444091796875,681.570556640625,493.3092041015625,636.3114624023438,427.5868225097656,0.6378882527351379
81,8,427.107421875,421.4532165527344,540.0414428710938,590.075927734375,483.5744323730469,505.76458740234375,0.9013253450393677
81,25,256.802978515625,334.0640563964844,315.7629089355469,492.5081481933594,286.282958984375,413.2861022949219,0.8784908652305603
81,27,918.995361328125,464.8653259277344,976.513427734375,652.5127563476562,947.75439453125,558.6890258789062,0.8814840912818909
81,1,75.65894317626953,335.06719970703125,121.7272720336914,519.8051147460938,98.69310760498047,427.4361572265625,0.7652493119239807
81,21,716.678955078125,224.6834259033203,766.3627319335938,323.0485534667969,741.5208740234375,273.8659973144531,0.8930256366729736
81,31,1103.2532958984375,661.2551879882812,1165.0380859375,720.0,1134.145751953125,690.6275634765625,0.772563636302948
81,33,1178.7664794921875,417.374755859375,1234.8782958984375,582.2633056640625,1206.8223876953125,499.81903076171875,0.8557916283607483
81,29,957.1376953125,664.8988647460938,1009.5775146484375,719.9285888671875,983.3576049804688,692.4136962890625,0.6791489124298096
81,11,189.22975158691406,313.6737060546875,258.331298828125,448.5513610839844,223.780517578125,381.112548828125,0.8583579063415527
81,32,841.8280639648438,674.0576782226562,896.7938232421875,719.7984008789062,869.3109130859375,696.9280395507812,0.5450441837310791
81,30,1045.282958984375,668.6091918945312,1102.4197998046875,719.7443237304688,1073.851318359375,694.1767578125,0.7050131559371948
82,3,169.6958770751953,533.9153442382812,241.24916076660156,719.0457763671875,205.47251892089844,626.4805908203125,0.9153033494949341
82,5,31.073589324951172,459.9522705078125,117.79320526123047,650.0479125976562,74.43339538574219,555.0001220703125,0.9090248942375183
82,12,471.9639587402344,262.86328125,528.510986328125,411.7417297363281,500.23748779296875,337.302490234375,0.7710676789283752
82,16,597.1500244140625,360.4508056640625,681.282470703125,494.4639892578125,639.2162475585938,427.4573974609375,0.8308575749397278
82,8,430.5019836425781,425.390625,552.0443115234375,592.583984375,491.27313232421875,508.9873046875,0.9002107977867126
82,25,262.4317626953125,334.585693359375,316.4964904785156,493.39678955078125,289.464111328125,413.9912414550781,0.8729056119918823
82,27,922.5587158203125,465.81231689453125,978.415771484375,653.7562866210938,950.4872436523438,559.7843017578125,0.8778228759765625
82,1,75.90447235107422,333.8586120605469,119.39828491210938,514.3206787109375,97.65138244628906,424.08966064453125,0.6681779623031616
82,21,717.757568359375,224.05184936523438,767.8978881835938,323.6415710449219,742.8277587890625,273.8467102050781,0.8879870772361755
82,31,1104.3609619140625,661.9044189453125,1167.2724609375,720.0,1135.816650390625,690.9522094726562,0.6565937995910645
82,33,1180.310791015625,417.7464904785156,1236.13427734375,582.23291015625,1208.2225341796875,499.98968505859375,0.8387506604194641
82,29,958.2514038085938,665.3485107421875,1011.5238647460938,720.0,984.8876342773438,692.6742553710938,0.6420844793319702
82,11,197.7835693359375,311.82403564453125,259.5885009765625,447.33612060546875,228.68603515625,379.580078125,0.8393329977989197
82,32,842.8406372070312,674.5585327148438,897.272705078125,719.9170532226562,870.056640625,697.23779296875,0.5224325656890869
82,30,1047.193359375,669.0448608398438,1103.6844482421875,719.9122924804688,1075.43896484375,694.4785766601562,0.6911938190460205
83,3,170.1859130859375,534.0220947265625,242.26023864746094,719.1229248046875,206.22308349609375,626.572509765625,0.9162614345550537
83,5,34.276641845703125,458.084228515625,119.92989349365234,645.4532470703125,77.103271484375,551.7687377929688,0.9050055742263794
83,12,476.45513916015625,257.8688049316406,539.9639282226562,402.14794921875,508.20953369140625,330.00836181640625,0.7919220924377441
83,16,604.2291870117188,360.5909729003906,683.9846801757812,496.2492370605469,644.10693359375,428.42010498046875,0.8572536706924438
83,8,441.7897033691406,428.0813903808594,559.9452514648438,595.44189453125,500.86749267578125,511.76165771484375,0.8540414571762085
83,25,270.5765075683594,334.5382995605469,321.2418518066406,492.7755126953125,295.9091796875,413.65692138671875,0.8572189807891846
83,27,922.9309692382812,466.79754638671875,981.0424194335938,654.6067504882812,951.9866943359375,560.7021484375,0.876793622970581
83,1,76.14183807373047,332.2628479003906,120.55536651611328,514.9674072265625,98.34860229492188,423.6151123046875,0.7147175073623657
83,21,719.291259765625,223.94595336914062,769.7357788085938,324.2962646484375,744.5135498046875,274.12109375,0.8910691738128662
83,31,1106.3616943359375,662.9102172851562,1170.411865234375,720.0,1138.38671875,691.455078125,0.7357457280158997
83,33,1182.526611328125,417.814453125,1238.4801025390625,583.0402221679688,1210.50341796875,500.4273376464844,0.8357175588607788
83,29,959.711669921875,666.3624877929688,1013.1066284179688,720.0,986.4091796875,693.1812744140625,0.5044317841529846
83,11,206.75404357910156,310.85491943359375,263.79217529296875,447.17193603515625,235.27310180664062,379.013427734375,0.8737995028495789
83,32,843.8633422851562,675.1365966796875,897.1812133789062,720.0,870.5222778320312,697.5682983398438,0.4059029817581177
83,30,1049.6177978515625,669.686279296875,1105.6776123046875,720.0,1077.647705078125,694.8431396484375,0.6337155699729919
83,34,1029.87744140625,238.94520568847656,1090.9185791015625,298.48321533203125,1060.39794921875,268.7142028808594,0.6522850394248962
84,3,171.177001953125,534.125244140625,243.65138244628906,719.28662109375,207.4141845703125,626.7059326171875,0.9110507369041443
84,5,38.60687255859375,456.44146728515625,120.73676300048828,638.6613159179688,79.67181396484375,547.5513916015625,0.6329285502433777
84,12,485.02459716796875,256.9669189453125,554.4501342773438,402.9014892578125,519.7373657226562,329.9342041015625,0.7831813097000122
84,16,609.0447387695312,360.0158996582031,692.0006713867188,496.9284973144531,650.522705078125,428.4721984863281,0.9104093313217163
84,8,458.4107971191406,431.00958251953125,563.01708984375,591.768310546875,510.71392822265625,511.3889465332031,0.8998340964317322
84,25,277.2867736816406,335.4405822753906,328.1235046386719,492.0604248046875,302.70513916015625,413.75048828125,0.8560143113136292
84,27,924.09716796875,467.84393310546875,983.1547241210938,655.4014282226562,953.6259765625,561.6226806640625,0.8805072903633118
84,1,76.85306549072266,343.8656311035156,122.81139373779297,507.5765380859375,99.83222961425781,425.7210693359375,0.6369935274124146
84,21,720.7650146484375,223.182861328125,771.0865478515625,324.3727111816406,745.92578125,273.77777099609375,0.8872608542442322
84,31,1109.289794921875,663.3500366210938,1172.738037109375,720.0,1141.013916015625,691.675048828125,0.7463995218276978
84,33,1184.8079833984375,417.9517822265625,1241.2510986328125,583.7615966796875,1213.029541015625,500.856689453125,0.8455433249473572
84,29,961.2890625,666.9719848632812,1015.005859375,720.0,988.1474609375,693.4859619140625,0.5936648845672607
84,11,215.16265869140625,310.58062744140625,270.06195068359375,446.40850830078125,242.6123046875,378.49456787109375,0.8637206554412842
84,30,1052.4619140625,669.856689453125,1108.346435546875,720.0,1080.4041748046875,694.9283447265625,0.6315748691558838
84,38,1030.3946533203125,134.78724670410156,1063.6307373046875,185.47897338867188,1047.0126953125,160.13311767578125,0.4160071313381195
84,34,1031.655029296875,240.15611267089844,1092.4970703125,298.3099365234375,1062.0760498046875,269.2330322265625,0.6434820890426636
85,3,172.59857177734375,534.6959228515625,245.40151977539062,719.6325073242188,209.0000457763672,627.1641845703125,0.8883512020111084
85,5,43.82530975341797,453.367431640625,121.90840148925781,635.41748046875,82.86685180664062,544.3924560546875,0.8983311057090759
85,12,492.03411865234375,256.73779296875,572.0505981445312,405.51922607421875,532.0423583984375,331.1285095214844,0.7592357993125916
85,16,612.8637084960938,359.9722595214844,700.0440673828125,497.1907653808594,656.453857421875,428.5815124511719,0.9056351780891418
85,8,468.3845520019531,434.1718444824219,566.1320190429688,590.6494750976562,517.25830078125,512.41064453125,0.9143284559249878
85,25,283.9079895019531,336.8318786621094,337.0455322265625,493.8240051269531,310.47674560546875,415.32794189453125,0.8350380063056946
85,27,929.1312255859375,469.3531799316406,987.1093139648438,656.0206909179688,958.1202392578125,562.6869506835938,0.8959665894508362
85,1,80.94721221923828,353.0411071777344,124.39582824707031,504.51531982421875,102.67152404785156,428.7781982421875,0.6698241233825684
85,21,723.06494140625,222.3034210205078,773.6253662109375,324.7966613769531,748.3451538085938,273.550048828125,0.8892123699188232
85,31,1112.6221923828125,664.0316772460938,1175.9986572265625,720.0,1144.3104248046875,692.015869140625,0.7444128394126892
85,33,1187.23388671875,418.3033447265625,1244.5313720703125,584.5099487304688,1215.882568359375,501.4066467285156,0.8415476679801941
85,29,963.8456420898438,666.7800903320312,1016.9441528320312,720.0,990.3948974609375,693.3900146484375,0.6876180768013
85,11,219.7498779296875,311.5745544433594,274.54376220703125,446.25152587890625,247.14682006835938,378.91302490234375,0.8155049085617065
85,30,1056.832275390625,670.4248046875,1111.0919189453125,720.0,1083.962158203125,695.21240234375,0.6442978382110596
85,34,1034.55224609375,241.30189514160156,1095.1143798828125,297.36566162109375,1064.833251953125,269.3337707519531,0.5059645175933838
86,3,175.29885864257812,534.8766479492188,248.46722412109375,719.3269653320312,211.88304138183594,627.101806640625,0.9033189415931702
86,5,49.850135803222656,449.8093566894531,121.85380554199219,631.8407592773438,85.85197448730469,540.8250732421875,0.9005025625228882
86,12,501.7565002441406,271.1891784667969,587.7144775390625,406.9195861816406,544.7354736328125,339.05438232421875,0.8882451057434082
86,16,616.5457763671875,360.0295715332031,705.9908447265625,497.5941467285156,661.268310546875,428.8118591308594,0.8080386519432068
86,8,473.9454345703125,436.4267272949219,569.0637817382812,589.4779663085938,521.504638671875,512.9523315429688,0.9151489734649658
86,25,291.1023254394531,338.5621643066406,351.8664245605469,495.3188171386719,321.484375,416.94049072265625,0.842211902141571
86,27,932.9469604492188,470.13568115234375,992.4567260742188,656.5885009765625,962.7018432617188,563.362060546875,0.8691442012786865
86,1,84.5918960571289,357.8100891113281,128.46078491210938,505.3565673828125,106.52633666992188,431.58331298828125,0.7252700328826904
86,21,725.8850708007812,222.00794982910156,776.921142578125,325.2685852050781,751.403076171875,273.6382751464844,0.8821123838424683
86,31,1117.060302734375,664.9328002929688,1179.7315673828125,720.0,1148.39599609375,692.4664306640625,0.7157667875289917
86,33,1191.372314453125,418.91693115234375,1248.4439697265625,585.0983276367188,1219.908203125,502.00762939453125,0.849666953086853
86,29,967.669189453125,666.8545532226562,1020.36328125,720.0,994.0162353515625,693.42724609375,0.6661483645439148
86,11,223.8048553466797,312.9785461425781,279.12225341796875,446.19805908203125,251.46356201171875,379.58831787109375,0.8776776790618896
86,30,1060.5760498046875,671.1044311523438,1114.5328369140625,720.0,1087.554443359375,695.55224609375,0.652727484703064
86,34,1037.077392578125,241.86676025390625,1099.510986328125,297.07061767578125,1068.294189453125,269.46868896484375,0.4931555688381195
86,38,1037.427490234375,134.4861602783203,1070.8372802734375,185.2545623779297,1054.13232421875,159.870361328125,0.42070624232292175
87,3,181.34877014160156,535.367919921875,253.455322265625,719.2900390625,217.40203857421875,627.3289794921875,0.8926258683204651
87,5,56.66380310058594,447.3460998535156,127.85447692871094,629.1701049804688,92.25914001464844,538.2581176757812,0.8960896730422974
87,12,510.6980895996094,286.09515380859375,600.6422119140625,407.2834167480469,555.670166015625,346.68927001953125,0.8648046851158142
87,16,621.5676879882812,359.864501953125,710.6016235351562,498.2052001953125,666.0846557617188,429.03485107421875,0.8917897939682007
87,8,478.199951171875,436.8434143066406,573.024658203125,589.7078857421875,525.6123046875,513.275634765625,0.9189119935035706
87,25,299.73193359375,341.3072509765625,364.6810607910156,497.2746887207031,332.20648193359375,419.29095458984375,0.8917046189308167
87,27,942.0216674804688,470.4784240722656,999.65380859375,657.7289428710938,970.8377685546875,564.1036987304688,0.8155442476272583
87,1,88.17225646972656,360.7895202636719,133.73121643066406,503.8748779296875,110.95173645019531,432.33221435546875,0.6980953216552734
87,21,730.8754272460938,221.72535705566406,780.7608642578125,324.68328857421875,755.818115234375,273.2043151855469,0.88386070728302
87,31,1121.936767578125,666.2381591796875,1184.6484375,720.0,1153.2926025390625,693.1190795898438,0.6606153249740601
87,33,1197.5128173828125,419.487548828125,1254.162353515625,585.633056640625,1225.837646484375,502.560302734375,0.8720131516456604
87,29,971.9273681640625,668.0335693359375,1025.2938232421875,720.0,998.610595703125,694.0167846679688,0.6241190433502197
87,11,229.6377410888672,316.21331787109375,286.4378967285156,446.4280700683594,258.0378112792969,381.3206787109375,0.8550323843955994
87,30,1065.3743896484375,672.51318359375,1119.477294921875,720.0,1092.42578125,696.256591796875,0.6196849346160889
87,34,1042.12939453125,243.75059509277344,1104.287109375,298.7554626464844,1073.208251953125,271.2530212402344,0.6324042081832886
87,39,675.458251953125,356.6089172363281,771.3352661132812,415.0845947265625,723.396728515625,385.84674072265625,0.499146968126297
88,3,186.603515625,535.875732421875,258.3922424316406,719.4246826171875,222.4978790283203,627.6502075195312,0.8953354358673096
88,5,63.477027893066406,446.0531921386719,133.72169494628906,627.5916748046875,98.599365234375,536.8224487304688,0.8868738412857056
88,12,521.5897216796875,294.4514465332031,610.0762939453125,408.2493896484375,565.8330078125,351.35040283203125,0.8562880754470825
88,16,626.3925170898438,360.8730773925781,715.8544311523438,498.4118347167969,671.1234741210938,429.6424560546875,0.9132375121116638
88,8,481.5721740722656,433.7805480957031,578.1338500976562,590.1587524414062,529.85302734375,511.96966552734375,0.9123275279998779
88,25,308.4774475097656,344.5510559082031,373.15594482421875,500.3065185546875,340.81671142578125,422.42877197265625,0.9108583331108093
88,27,953.5181884765625,471.6259765625,1008.5270385742188,658.8909912109375,981.0225830078125,565.2584838867188,0.8955433368682861
88,1,94.88072204589844,363.35430908203125,153.80897521972656,514.7245483398438,124.3448486328125,439.0394287109375,0.5895659327507019
88,21,736.5722045898438,221.73388671875,786.2219848632812,324.8963623046875,761.3970947265625,273.31512451171875,0.850821852684021
88,31,1128.0084228515625,667.8665161132812,1191.6260986328125,720.0,1159.8172607421875,693.9332275390625,0.6572519540786743
88,33,1203.6571044921875,420.0549621582031,1261.238525390625,587.0392456054688,1232.44775390625,503.547119140625,0.8574890494346619
88,29,978.1381225585938,668.9871215820312,1031.257080078125,720.0,1004.6976318359375,694.4935302734375,0.62972092628479
88,11,240.31533813476562,317.74176025390625,297.06500244140625,445.90875244140625,268.690185546875,381.82525634765625,0.8909015655517578
88,30,1073.2557373046875,673.5775146484375,1125.0513916015625,720.0,1099.153564453125,696.7887573242188,0.5970786213874817
88,34,1050.284423828125,245.32887268066406,1110.947998046875,299.97955322265625,1080.6162109375,272.6542053222656,0.6185364723205566
88,39,680.4600830078125,362.2333984375,784.4891967773438,413.19256591796875,732.474609375,387.7129821777344,0.7408899068832397
89,3,191.70150756835938,536.1712646484375,263.8624267578125,719.2350463867188,227.78196716308594,627.703125,0.8873491883277893
89,5,70.59180450439453,443.5263366699219,140.4625701904297,627.7039794921875,105.52719116210938,535.6151733398438,0.8678191304206848
89,12,532.3639526367188,298.3739013671875,617.9769287109375,408.2820739746094,575.17041015625,353.3280029296875,0.8576810956001282
89,16,631.8016357421875,361.61737060546875,722.06201171875,499.5,676.9318237304688,430.5586853027344,0.9292585849761963
89,8,485.80615234375,428.84967041015625,583.2756958007812,588.9411010742188,534.5408935546875,508.8953857421875,0.9075974225997925
89,25,317.83148193359375,346.4710388183594,381.0313415527344,501.27532958984375,349.431396484375,423.8731689453125,0.8854691386222839
89,27,963.7050170898438,473.0729675292969,1017.4083862304688,660.821533203125,990.5567016601562,566.947265625,0.8897780776023865
89,1,102.78412628173828,364.3901672363281,166.90574645996094,526.246337890625,134.84494018554688,445.3182373046875,0.5514712333679199
89,21,742.8248901367188,221.7891082763672,793.1691284179688,325.89544677734375,767.9970092773438,273.84228515625,0.8624690175056458
89,31,1136.5714111328125,668.8848876953125,1198.7156982421875,720.0,1167.6435546875,694.4424438476562,0.5565110445022583
89,33,1211.7164306640625,421.2862243652344,1270.66357421875,588.8746337890625,1241.18994140625,505.0804443359375,0.8089442849159241
89,29,984.1563110351562,670.7881469726562,1037.4573974609375,720.0,1010.806884765625,695.39404296875,0.6157397627830505
89,11,250.83746337890625,318.8248596191406,307.173583984375,443.57763671875,279.0055236816406,381.20123291015625,0.8686886429786682
89,30,1080.439208984375,675.1837158203125,1132.04052734375,720.0,1106.2398681640625,697.5918579101562,0.6008756756782532
89,34,1058.371337890625,247.9271697998047,1118.608154296875,301.6761779785156,1088.48974609375,274.8016662597656,0.6347004175186157
89,39,692.924560546875,365.2397155761719,802.2848510742188,411.01800537109375,747.604736328125,388.12884521484375,0.6759902238845825
90,3,197.98980712890625,536.7752075195312,269.34515380859375,719.1339721679688,233.66748046875,627.95458984375,0.8718975186347961
90,5,78.29377746582031,444.7052917480469,148.67453002929688,627.8856201171875,113.4841537475586,536.2954711914062,0.9021192193031311
90,12,542.1680297851562,302.2256774902344,624.406005859375,407.6346740722656,583.2869873046875,354.93017578125,0.8622837066650391
90,16,638.8867797851562,362.7912292480469,729.5700073242188,500.27691650390625,684.2283935546875,431.5340576171875,0.9176098704338074
90,8,490.7100830078125,423.96563720703125,588.5263061523438,586.6829223632812,539.6181640625,505.32427978515625,0.9031875133514404
90,25,325.31854248046875,347.06805419921875,387.4601745605469,501.69036865234375,356.38934326171875,424.37921142578125,0.8943220973014832
90,27,974.3086547851562,474.0110778808594,1026.784423828125,662.3878173828125,1000.5465087890625,568.199462890625,0.8969828486442566
90,1,110.65502166748047,364.286376953125,162.8459930419922,522.154296875,136.75050354003906,443.2203369140625,0.6208769679069519
90,21,749.7398071289062,222.06239318847656,800.4263305664062,326.511474609375,775.0830688476562,274.28692626953125,0.8626237511634827
90,31,1144.2745361328125,671.5484008789062,1206.607666015625,720.0,1175.441162109375,695.774169921875,0.47581517696380615
90,33,1219.8525390625,423.1062316894531,1278.79443359375,590.56591796875,1249.323486328125,506.8360595703125,0.7993595600128174
90,29,992.5919189453125,672.2744140625,1044.697998046875,719.8618774414062,1018.6449584960938,696.068115234375,0.5974205136299133
90,11,259.57208251953125,320.0357666015625,320.3287353515625,443.4810485839844,289.9504089355469,381.7584228515625,0.8735280632972717
90,34,1067.1949462890625,249.07154846191406,1126.4625244140625,302.8159484863281,1096.8287353515625,275.9437561035156,0.6883101463317871
90,39,706.5685424804688,364.94342041015625,815.9166870117188,408.96734619140625,761.2426147460938,386.95538330078125,0.749267578125
90,41,85.1826400756836,328.3839111328125,129.957275390625,468.2740783691406,107.56996154785156,398.3289794921875,0.7021427750587463
91,3,204.72213745117188,537.6732788085938,275.2823791503906,719.4346923828125,240.00225830078125,628.553955078125,0.8923193216323853
91,5,86.40238189697266,442.3586120605469,156.03041076660156,628.6013793945312,121.21640014648438,535.47998046875,0.8400284647941589
91,12,550.2335815429688,305.2124938964844,631.7158203125,409.6391906738281,590.9747314453125,357.42584228515625,0.8442782163619995
91,16,645.4146118164062,363.1939697265625,736.005126953125,501.4048767089844,690.7098388671875,432.2994384765625,0.9056419134140015
91,8,495.96490478515625,420.9206237792969,588.632080078125,584.6159057617188,542.2984619140625,502.76824951171875,0.9047220349311829
91,25,333.9876708984375,347.1667785644531,394.66754150390625,500.9187927246094,364.3276062011719,424.04278564453125,0.8746635913848877
91,27,984.176025390625,475.4607849121094,1036.8115234375,664.5281982421875,1010.4937744140625,569.9945068359375,0.8900338411331177
91,1,118.936279296875,364.0837707519531,165.49197387695312,510.16082763671875,142.21412658691406,437.122314453125,0.4240097105503082
91,21,757.1511840820312,223.35621643066406,808.3543090820312,328.2122802734375,782.7527465820312,275.78424072265625,0.8490458726882935
91,31,1153.1368408203125,673.7728881835938,1214.9564208984375,720.0,1184.046630859375,696.886474609375,0.47618672251701355
91,33,1228.93115234375,425.7581787109375,1280.0,593.0555419921875,1254.465576171875,509.4068603515625,0.8106912970542908
91,29,999.7081298828125,674.4970703125,1052.6142578125,719.716552734375,1026.1611328125,697.1068115234375,0.6147485971450806
91,11,268.7076110839844,321.4515075683594,331.6109924316406,444.7332458496094,300.1593017578125,383.0923767089844,0.795671284198761
91,34,1076.510009765625,251.03729248046875,1135.0966796875,304.88232421875,1105.8033447265625,277.9598083496094,0.4959999918937683
91,39,718.4197998046875,362.3184509277344,837.54052734375,407.546875,777.9801635742188,384.93267822265625,0.7685264945030212
91,41,87.01283264160156,329.66766357421875,136.06129455566406,470.36859130859375,111.53706359863281,400.01812744140625,0.633327305316925
91,30,1098.1741943359375,679.5748901367188,1144.73486328125,720.0,1121.45458984375,699.7874755859375,0.4107200503349304
92,3,212.65150451660156,539.3328247070312,283.68865966796875,719.947998046875,248.17007446289062,629.640380859375,0.8863313794136047
92,5,95.93108367919922,443.5168151855469,166.88803100585938,629.7422485351562,131.40956115722656,536.6295166015625,0.8426122069358826
92,12,558.5930786132812,303.39495849609375,640.7857055664062,412.57244873046875,599.6893920898438,357.98370361328125,0.8115955591201782
92,16,654.1819458007812,364.2154541015625,743.3949584960938,503.48974609375,698.7884521484375,433.85260009765625,0.911604642868042
92,8,501.8822021484375,420.04583740234375,586.2377319335938,584.2014770507812,544.0599365234375,502.1236572265625,0.9173892140388489
92,25,341.9757385253906,348.89208984375,406.3133544921875,498.2493896484375,374.14453125,423.57073974609375,0.8602971434593201
92,27,995.9892578125,478.9858093261719,1054.760009765625,667.1787109375,1025.3746337890625,573.082275390625,0.8571586608886719
92,1,129.54660034179688,363.8191223144531,188.50546264648438,517.5281372070312,159.02603149414062,440.67364501953125,0.41372230648994446
92,21,766.164306640625,225.11729431152344,817.0276489257812,330.3755187988281,791.595947265625,277.74639892578125,0.833335280418396
92,31,1162.9952392578125,677.3038330078125,1224.3353271484375,720.0,1193.665283203125,698.6519165039062,0.46787407994270325
92,33,1239.6514892578125,428.32916259765625,1280.0,596.7278442382812,1259.82568359375,512.5285034179688,0.7469683289527893
92,29,1011.170654296875,677.3185424804688,1062.0892333984375,720.0,1036.6298828125,698.6593017578125,0.5800777077674866
92,11,278.211181640625,325.68988037109375,342.6835632324219,446.75775146484375,310.4473876953125,386.22381591796875,0.7242196202278137
92,34,1085.82373046875,253.99269104003906,1146.297607421875,307.2142028808594,1116.0606689453125,280.60345458984375,0.4606209695339203
92,39,733.620849609375,354.8454895019531,845.50634765625,407.8940124511719,789.5635986328125,381.3697509765625,0.7518674731254578
92,41,91.74330139160156,332.3692321777344,143.17095947265625,470.5455017089844,117.4571304321289,401.4573669433594,0.6909619569778442
93,3,220.5713653564453,543.2622680664062,294.15826416015625,720.0,257.36480712890625,631.631103515625,0.895076334476471
93,5,107.34683990478516,447.2437744140625,178.62425231933594,631.7142333984375,142.9855499267578,539.47900390625,0.8953306674957275
93,12,570.4594116210938,302.8846435546875,650.656494140625,415.8289489746094,610.5579833984375,359.3568115234375,0.8304092288017273
93,16,663.842041015625,366.2655334472656,751.104736328125,506.612548828125,707.473388671875,436.43902587890625,0.8990596532821655
93,8,509.5280456542969,421.75982666015625,586.6934814453125,584.6795043945312,548.1107788085938,503.21966552734375,0.9175440669059753
93,25,352.9396667480469,352.4139404296875,425.31402587890625,499.61627197265625,389.1268310546875,426.0151062011719,0.8700835108757019
93,27,1007.6535034179688,483.5873107910156,1073.56591796875,672.22216796875,1040.6097412109375,577.9047241210938,0.8922721147537231
93,21,776.8018798828125,228.3905487060547,827.7178955078125,332.92242431640625,802.2598876953125,280.656494140625,0.8400904536247253
93,29,1028.4429931640625,681.8384399414062,1070.8154296875,720.0,1049.629150390625,700.919189453125,0.43934181332588196
93,11,289.71575927734375,330.7922058105469,355.6235656738281,449.5365295410156,322.669677734375,390.16436767578125,0.6322625875473022
93,34,1098.771240234375,257.853271484375,1157.338623046875,311.6627197265625,1128.054931640625,284.75799560546875,0.6842828392982483
93,39,749.8676147460938,354.7373046875,859.1343383789062,410.2762145996094,804.5009765625,382.50677490234375,0.5954389572143555
93,41,100.59320068359375,335.4908142089844,154.6655731201172,472.15081787109375,127.62938690185547,403.82080078125,0.6738415360450745
94,3,229.94403076171875,548.5046997070312,304.4007873535156,720.0,267.17242431640625,634.2523193359375,0.9063510298728943
94,5,121.4540786743164,449.4090881347656,189.49034118652344,635.4860229492188,155.4722137451172,542.4475708007812,0.8615270853042603
94,12,582.091552734375,304.70703125,662.44677734375,420.93450927734375,622.2691650390625,362.8207702636719,0.8509321808815002
94,16,674.546875,370.1742858886719,760.2850952148438,512.3101806640625,717.416015625,441.24224853515625,0.9090357422828674
94,8,516.5204467773438,427.5699462890625,593.78662109375,586.2194213867188,555.153564453125,506.8946838378906,0.9177907109260559
94,25,364.76763916015625,358.34991455078125,444.7934265136719,505.16656494140625,404.780517578125,431.75823974609375,0.8823044300079346
94,27,1021.5117797851562,489.9066162109375,1095.5625,679.3731079101562,1058.537109375,584.639892578125,0.8751804232597351
94,21,789.0263671875,233.724365234375,840.3628540039062,339.916259765625,814.694580078125,286.8203125,0.7180291414260864
94,11,302.91162109375,336.9542541503906,366.92559814453125,456.05242919921875,334.9186096191406,396.50335693359375,0.8307706117630005
94,34,1113.7193603515625,262.2489013671875,1171.274169921875,317.6440734863281,1142.496826171875,289.94647216796875,0.6225663423538208
94,39,767.586181640625,354.3135070800781,877.1224975585938,415.199462890625,822.3543701171875,384.7564697265625,0.5138348937034607
94,41,113.08887481689453,340.2810974121094,166.2033233642578,476.3118591308594,139.64610290527344,408.2964782714844,0.7034704685211182
94,1,152.30348205566406,366.511962890625,201.8382110595703,486.74029541015625,177.0708465576172,426.6261291503906,0.4737671911716461
95,3,239.57276916503906,555.1337280273438,317.3673095703125,720.0,278.47003173828125,637.56689453125,0.88878333568573
95,5,135.69239807128906,454.8787841796875,202.1434783935547,639.83642578125,168.91793823242188,547.3576049804688,0.8824408650398254
95,12,596.101318359375,308.0616760253906,675.9982299804688,427.0217590332031,636.0498046875,367.5417175292969,0.7756658792495728
95,16,686.0949096679688,374.68255615234375,769.0123901367188,519.7525634765625,727.5536499023438,447.2175598144531,0.8831948637962341
95,8,520.1193237304688,435.08941650390625,604.3012084960938,592.4708251953125,562.2102661132812,513.7801513671875,0.9087676405906677
95,25,375.3227233886719,366.56463623046875,460.3392028808594,512.1586303710938,417.8309631347656,439.36163330078125,0.8634529113769531
95,27,1036.443359375,497.65911865234375,1119.00439453125,688.298583984375,1077.723876953125,592.9788818359375,0.9137159585952759
95,11,315.3681640625,345.34912109375,379.305419921875,462.258056640625,347.3367919921875,403.8035888671875,0.8066176176071167
95,34,1131.087646484375,267.2358093261719,1186.7056884765625,325.1705017089844,1158.896728515625,296.2031555175781,0.5408955216407776
95,41,128.05902099609375,345.9810485839844,179.63177490234375,482.33172607421875,153.84539794921875,414.1563720703125,0.6707368493080139
95,1,166.39700317382812,369.56597900390625,229.65577697753906,523.1380004882812,198.02639770507812,446.35198974609375,0.4892132878303528
96,3,251.55197143554688,561.6304931640625,329.86883544921875,720.0,290.71038818359375,640.8152465820312,0.8885453343391418
96,5,153.66307067871094,460.6067810058594,217.85324096679688,644.6591186523438,185.75814819335938,552.6329345703125,0.863808274269104
96,12,611.722900390625,312.3357849121094,690.0767211914062,434.5094909667969,650.8997802734375,373.4226379394531,0.9027050733566284
96,16,698.077392578125,378.831298828125,778.0684204101562,527.0850830078125,738.0728759765625,452.95819091796875,0.8552852869033813
96,8,522.3092651367188,443.4118347167969,617.89208984375,600.5026245117188,570.1007080078125,521.9572143554688,0.9174386858940125
96,25,385.6545104980469,375.6997985839844,475.53662109375,519.9966430664062,430.5955810546875,447.84820556640625,0.8778021931648254
96,27,1051.1307373046875,506.05499267578125,1141.489013671875,696.3495483398438,1096.309814453125,601.2022705078125,0.9080416560173035
96,11,325.5634460449219,352.6046447753906,391.7757568359375,470.6796875,358.66961669921875,411.64215087890625,0.8081676363945007
96,34,1149.5487060546875,273.2890930175781,1203.722412109375,332.8946228027344,1176.635498046875,303.09185791015625,0.47635015845298767
96,41,143.1900634765625,351.953125,196.58157348632812,489.8081359863281,169.8858184814453,420.880615234375,0.621105968952179
96,39,805.3367309570312,382.56646728515625,933.0494384765625,430.8876953125,869.193115234375,406.7270812988281,0.4474056363105774
97,3,263.169677734375,568.44091796875,341.0440979003906,720.0,302.10687255859375,644.220458984375,0.8939297199249268
97,5,170.4107666015625,464.3075256347656,233.6024169921875,647.544189453125,202.006591796875,555.9258422851562,0.8883557915687561
97,12,632.8070068359375,315.6060791015625,704.3200073242188,439.85321044921875,668.5634765625,377.7296447753906,0.857900857925415
97,16,709.1763916015625,383.6810302734375,785.7227783203125,533.948486328125,747.4495849609375,458.81475830078125,0.8932779431343079
97,8,524.0101318359375,450.7062683105469,632.54638671875,607.4564819335938,578.2782592773438,529.0813598632812,0.9072346091270447
97,25,396.06695556640625,384.2255859375,489.9091796875,525.590087890625,442.9880676269531,454.9078369140625,0.8929678797721863
97,27,1066.7796630859375,514.3026733398438,1162.005126953125,705.09912109375,1114.392333984375,609.700927734375,0.9203010201454163
97,11,332.4739990234375,359.62786865234375,406.20770263671875,478.883544921875,369.3408508300781,419.2557067871094,0.8071768283843994
97,34,1168.056884765625,278.2021179199219,1220.3115234375,340.1097717285156,1194.1842041015625,309.15594482421875,0.6865054368972778
97,41,159.74949645996094,357.68060302734375,212.5919952392578,495.6488342285156,186.17074584960938,426.66473388671875,0.6889678239822388
97,39,825.6693725585938,390.7999267578125,957.912353515625,437.3074035644531,891.7908935546875,414.05364990234375,0.42802950739860535
97,21,832.1372680664062,252.31201171875,883.689697265625,355.1631164550781,857.9134521484375,303.737548828125,0.44711992144584656
97,1,197.45458984375,379.1109313964844,261.6164245605469,525.3131713867188,229.53550720214844,452.2120361328125,0.5614275336265564
98,3,272.749267578125,574.8114013671875,350.5296936035156,720.0,311.63946533203125,647.4057006835938,0.8711090683937073
98,5,186.25563049316406,467.71044921875,249.8893280029297,643.69482421875,218.07247924804688,555.70263671875,0.8458170294761658
98,12,652.8594360351562,319.5686950683594,719.1525268554688,447.9918212890625,686.0059814453125,383.7802734375,0.8178561329841614
98,16,720.3190307617188,387.8621520996094,791.6168823242188,539.75439453125,755.9679565429688,463.80828857421875,0.881459653377533
98,8,528.2125244140625,457.29937744140625,646.119384765625,612.88525390625,587.1659545898438,535.09228515625,0.8813110589981079
98,25,405.0837707519531,390.1164855957031,503.9624938964844,532.2810668945312,454.52313232421875,461.19879150390625,0.8581933975219727
98,27,1081.865234375,522.2669067382812,1181.2464599609375,712.9725341796875,1131.555908203125,617.6197509765625,0.9110204577445984
98,11,336.2267761230469,365.2718811035156,422.7857360839844,488.48193359375,379.5062561035156,426.87689208984375,0.7639294266700745
98,34,1185.1485595703125,281.6170959472656,1236.8642578125,346.94512939453125,1211.00634765625,314.2811279296875,0.6444887518882751
98,41,174.33970642089844,362.4463195800781,256.8749694824219,503.7994384765625,215.60733032226562,433.12286376953125,0.4700898230075836
98,21,846.260009765625,258.14337158203125,898.7102661132812,360.71875,872.485107421875,309.4310607910156,0.45233750343322754
98,1,215.6532440185547,383.1663818359375,279.2601623535156,517.2615356445312,247.45669555664062,450.2139587402344,0.44499844312667847
99,3,284.68621826171875,580.4569091796875,357.8114929199219,720.0,321.24884033203125,650.2284545898438,0.8340803384780884
99,5,200.2356719970703,469.4598693847656,265.4327087402344,640.53857421875,232.83419799804688,554.9992065429688,0.7930783033370972
99,12,676.3294067382812,322.2452697753906,733.4705810546875,454.4512939453125,704.9000244140625,388.3482666015625,0.8227888345718384
99,16,731.4473876953125,392.03924560546875,796.3956298828125,545.2081909179688,763.9215087890625,468.62371826171875,0.8436726927757263
99,8,536.5623168945312,461.3775634765625,660.2945556640625,616.68212890625,598.428466796875,539.0298461914062,0.8728287816047668
99,25,415.5108337402344,394.2472229003906,517.4677124023438,537.4766235351562,466.4892578125,465.8619384765625,0.8448694944381714
99,27,1099.9442138671875,529.7490234375,1198.4058837890625,718.8993530273438,1149.175048828125,624.32421875,0.8941447734832764
99,11,342.3726806640625,370.31549072265625,434.77337646484375,494.0692138671875,388.5730285644531,432.1923522949219,0.8260483741760254
99,34,1203.29296875,285.8521423339844,1254.0911865234375,351.654296875,1228.692138671875,318.75323486328125,0.5908605456352234
99,41,188.43458557128906,366.76422119140625,258.79852294921875,505.8019104003906,223.61654663085938,436.2830810546875,0.5574133396148682
99,1,230.038330078125,387.14996337890625,295.6778564453125,533.521484375,262.85809326171875,460.3357238769531,0.40657174587249756
100,3,297.073974609375,585.5264282226562,365.00714111328125,719.8260498046875,331.0405578613281,652.67626953125,0.8136410713195801
100,5,212.36776733398438,470.8394470214844,286.3797607421875,640.43359375,249.37376403808594,555.6365356445312,0.7880890369415283
100,12,696.8240356445312,324.34564208984375,748.7886962890625,460.2429504394531,722.806396484375,392.2943115234375,0.5801148414611816
100,16,743.28759765625,395.7973327636719,800.9989624023438,550.4622802734375,772.143310546875,473.12982177734375,0.6528058648109436
100,8,546.6231079101562,463.3008728027344,675.1032104492188,620.7459106445312,610.8631591796875,542.0233764648438,0.8964051008224487
100,25,429.1493835449219,396.74322509765625,532.8067016601562,539.5103149414062,480.97802734375,468.12677001953125,0.8985454440116882
100,27,1122.989013671875,536.7991333007812,1215.30517578125,720.0,1169.1470947265625,628.3995361328125,0.9015581011772156
100,11,351.694580078125,374.3253173828125,446.3458557128906,499.980224609375,399.02020263671875,437.15277099609375,0.8378507494926453
100,34,1222.3125,290.42724609375,1273.489990234375,357.498046875,1247.9012451171875,323.962646484375,0.47724029421806335
101,3,312.92474365234375,588.7222290039062,375.9485168457031,718.7940063476562,344.4366455078125,653.7581176757812,0.8266457319259644
101,5,232.079833984375,469.8498840332031,301.7601013183594,640.8764038085938,266.91998291015625,555.3631591796875,0.7695057988166809
101,12,715.89404296875,327.0624084472656,760.9888305664062,453.7061767578125,738.44140625,390.38427734375,0.7168824076652527
101,16,737.7369384765625,399.44293212890625,806.9918212890625,553.7554321289062,772.3643798828125,476.59918212890625,0.8265417814254761
101,8,561.1431274414062,465.0419921875,684.517333984375,622.3926391601562,622.8302001953125,543.71728515625,0.8792612552642822
101,25,445.2249450683594,398.5600280761719,548.1480712890625,543.2865600585938,496.6865234375,470.92327880859375,0.8670476675033569
101,27,1143.5477294921875,541.5905151367188,1231.07861328125,720.0,1187.313232421875,630.7952880859375,0.9142618179321289
101,11,365.50262451171875,377.0528259277344,461.8754577636719,503.29571533203125,413.68902587890625,440.17425537109375,0.7982781529426575
101,34,1242.824462890625,294.3293151855469,1280.0,363.6594543457031,1261.4122314453125,328.994384765625,0.5948175191879272
101,39,917.401611328125,412.3834228515625,1028.66748046875,460.93109130859375,973.0345458984375,436.6572570800781,0.44679421186447144
102,3,327.68157958984375,588.2339477539062,390.0535888671875,717.5821533203125,358.8675842285156,652.9080810546875,0.8186946511268616
102,5,254.26904296875,470.7413024902344,321.40728759765625,637.427490234375,287.8381652832031,554.0844116210938,0.7074472308158875
102,12,731.573486328125,330.8085021972656,774.1206665039062,449.2798156738281,752.8470458984375,390.0441589355469,0.6972317099571228
102,16,750.8316040039062,402.07879638671875,818.3828125,554.9092407226562,784.607177734375,478.4940185546875,0.8347929120063782
102,8,576.9031372070312,465.2662048339844,685.8042602539062,620.5026245117188,631.3536987304688,542.8843994140625,0.7752526998519897
102,25,460.9132995605469,400.28759765625,555.8214111328125,543.4742431640625,508.36737060546875,471.88092041015625,0.8313842415809631
102,27,1161.3031005859375,544.0537719726562,1244.5001220703125,720.0,1202.901611328125,632.02685546875,0.8800963759422302
102,11,380.1551208496094,379.06695556640625,474.9219665527344,506.1404724121094,427.5385437011719,442.60369873046875,0.7683426141738892
102,39,939.4843139648438,415.597900390625,1042.5504150390625,463.7319641113281,991.017333984375,439.6649169921875,0.6023864150047302
102,21,907.5175170898438,277.2594299316406,963.211669921875,382.142333984375,935.3646240234375,329.70086669921875,0.7557973265647888
102,1,284.1169738769531,393.0064697265625,347.7813415527344,526.6320190429688,315.94915771484375,459.8192443847656,0.43703731894493103
103,3,341.2970275878906,586.560546875,404.07470703125,717.0203247070312,372.68585205078125,651.7904052734375,0.8533734679222107
103,5,274.3209533691406,470.1513977050781,339.6408386230469,635.890869140625,306.98089599609375,553.0211181640625,0.8101106882095337
103,12,747.1864013671875,331.3936462402344,788.1485595703125,446.8161926269531,767.66748046875,389.10491943359375,0.5931965112686157
103,16,762.5103759765625,403.6105651855469,831.4625244140625,555.6665649414062,796.9864501953125,479.6385498046875,0.8134376406669617
103,8,588.5523071289062,463.9037170410156,683.8377075195312,616.484375,636.1950073242188,540.1940307617188,0.8840357065200806
103,27,1177.10986328125,545.3048706054688,1257.3992919921875,720.0,1217.254638671875,632.6524658203125,0.9001899361610413
103,11,396.80364990234375,381.3976745605469,480.63848876953125,505.42059326171875,438.7210693359375,443.40911865234375,0.830935001373291
103,39,950.1729736328125,416.4108581542969,1053.862548828125,465.9815368652344,1002.0177612304688,441.1961975097656,0.4615084230899811
103,21,921.4031372070312,281.1609802246094,977.382080078125,383.3829345703125,949.392578125,332.27197265625,0.8234038352966309
104,3,355.96075439453125,583.5331420898438,417.840576171875,716.5899047851562,386.9006652832031,650.0615234375,0.8557475209236145
104,5,293.18182373046875,470.0528259277344,354.0588684082031,632.454833984375,323.620361328125,551.2538452148438,0.7533570528030396
104,12,760.913330078125,332.5476989746094,802.5316162109375,444.2868347167969,781.7224731445312,388.4172668457031,0.5902823209762573
104,16,780.17529296875,404.37384033203125,844.7965698242188,555.0697021484375,812.4859619140625,479.7217712402344,0.9070532321929932
104,8,586.530029296875,459.79827880859375,680.1100463867188,621.6279907226562,633.320068359375,540.713134765625,0.8516543507575989
104,27,1191.5858154296875,544.8013305664062,1270.4022216796875,719.2297973632812,1230.9940185546875,632.0155639648438,0.8984782695770264
104,11,413.1178283691406,383.64349365234375,486.2750244140625,505.4246826171875,449.6964111328125,444.5340881347656,0.7927514910697937
104,39,961.8583374023438,415.3606872558594,1065.2298583984375,466.0954284667969,1013.5440673828125,440.7280578613281,0.4654885232448578
104,21,933.9852905273438,282.84344482421875,990.3076782226562,385.2577819824219,962.146484375,334.05059814453125,0.8395894169807434
104,25,481.114990234375,402.97821044921875,558.5923461914062,543.3373413085938,519.8536376953125,473.15777587890625,0.8432848453521729
104,1,322.6708068847656,380.8219909667969,379.4998779296875,515.4004516601562,351.0853271484375,448.1112060546875,0.47032469511032104
105,3,369.5265808105469,579.0214233398438,430.9474182128906,716.6732788085938,400.23699951171875,647.8473510742188,0.8551884889602661
105,5,310.8623352050781,468.148681640625,368.4684143066406,631.4078369140625,339.6653747558594,549.7782592773438,0.8043152093887329
105,12,772.7299194335938,334.4311828613281,816.0760498046875,436.8131408691406,794.4029541015625,385.6221618652344,0.5928211212158203
105,16,787.3001708984375,405.2732849121094,858.2291870117188,554.9126586914062,822.7646484375,480.09295654296875,0.8900644183158875
105,8,596.7012939453125,455.3414306640625,676.0884399414062,614.2857666015625,636.3948974609375,534.8135986328125,0.8522956967353821
105,27,1207.427490234375,545.0191040039062,1280.0,718.9589233398438,1243.7137451171875,631.989013671875,0.8597897291183472
105,11,429.2644348144531,385.3381042480469,492.5004577636719,504.9278564453125,460.8824462890625,445.13299560546875,0.8207430839538574
105,21,946.4971313476562,285.2225036621094,1002.5982666015625,385.64056396484375,974.5477294921875,335.4315185546875,0.8308984041213989
105,43,3.732046365737915,406.30517578125,59.522117614746094,519.0020751953125,31.62708282470703,462.65362548828125,0.6906754970550537
105,25,487.3477478027344,403.3846130371094,554.5385131835938,541.5684204101562,520.943115234375,472.47650146484375,0.7932697534561157
105,1,340.3504638671875,389.3079528808594,400.75750732421875,523.2551879882812,370.5539855957031,456.28155517578125,0.5166729092597961
106,3,383.76763916015625,576.1749267578125,443.2679748535156,716.5884399414062,413.517822265625,646.3817138671875,0.8561803102493286
106,5,327.2611999511719,466.9873352050781,384.4722900390625,629.333251953125,355.86676025390625,548.1602783203125,0.7818042635917664
106,12,782.7290649414062,336.10076904296875,829.9932861328125,444.73809814453125,806.3612060546875,390.41943359375,0.48611998558044434
106,16,791.2781372070312,406.45574951171875,870.032470703125,554.5252075195312,830.6552734375,480.490478515625,0.8863521814346313
106,8,606.9403076171875,449.86383056640625,674.0327758789062,610.1554565429688,640.486572265625,530.0096435546875,0.8977470993995667
106,27,1225.8497314453125,545.3200073242188,1280.0,718.6115112304688,1252.9248046875,631.9657592773438,0.8414195775985718
106,11,444.2894287109375,387.0186462402344,500.1004333496094,503.7728271484375,472.1949462890625,445.395751953125,0.8395835161209106
106,21,957.68115234375,287.4079284667969,1013.2923583984375,386.3273620605469,985.4867553710938,336.8676452636719,0.8170812726020813
106,43,18.6735782623291,404.0528564453125,81.27435302734375,516.4048461914062,49.97396469116211,460.2288513183594,0.6213003396987915
106,25,499.59002685546875,401.78717041015625,560.4036254882812,539.95703125,529.996826171875,470.8721008300781,0.8508227467536926
106,39,986.018798828125,409.3220520019531,1087.37548828125,467.8458251953125,1036.6971435546875,438.58392333984375,0.6363348960876465
107,3,395.89825439453125,574.6282348632812,454.1692199707031,716.6469116210938,425.03375244140625,645.6375732421875,0.8016127347946167
107,5,341.63983154296875,465.517578125,397.81988525390625,621.7304077148438,369.7298583984375,543.6240234375,0.7693006992340088
107,12,791.1650390625,337.7462158203125,840.663818359375,434.52679443359375,815.9144287109375,386.1365051269531,0.604134202003479
107,16,795.4678955078125,407.13995361328125,880.08935546875,553.7794189453125,837.7786254882812,480.4596862792969,0.9112226366996765
107,8,612.2304077148438,443.7621154785156,678.4763793945312,607.677001953125,645.3533935546875,525.7195434570312,0.8997582197189331
107,27,1243.021728515625,543.8821411132812,1280.0,718.3515625,1261.5108642578125,631.1168212890625,0.8280511498451233
107,11,459.1370544433594,389.0393981933594,508.5409851074219,503.35394287109375,483.8390197753906,446.1966552734375,0.7985050082206726
107,21,968.1998901367188,288.83013916015625,1023.1209106445312,386.87322998046875,995.660400390625,337.8516845703125,0.8717855215072632
107,43,43.34419631958008,402.48345947265625,114.58960723876953,513.3292846679688,78.96690368652344,457.9063720703125,0.5202151536941528
107,25,511.804443359375,399.8294982910156,570.3089599609375,537.4891967773438,541.0567016601562,468.65936279296875,0.6108359098434448
107,39,998.5594482421875,412.46636962890625,1095.823974609375,466.9165954589844,1047.191650390625,439.69146728515625,0.47767743468284607
107,1,372.5096435546875,385.21490478515625,432.4662780761719,521.1791381835938,402.48797607421875,453.197021484375,0.5386222004890442
108,3,407.25079345703125,572.6918334960938,464.56475830078125,716.7950439453125,435.90777587890625,644.743408203125,0.7847964763641357
108,5,354.5946960449219,464.25567626953125,433.241943359375,620.2002563476562,393.9183349609375,542.2279663085938,0.7578371167182922
108,12,800.84814453125,340.4400329589844,852.0211181640625,431.8053283691406,826.4346313476562,386.1226806640625,0.5881688594818115
108,16,801.6748657226562,410.36212158203125,889.9459228515625,552.7183837890625,845.8104248046875,481.5402526855469,0.8855009078979492
108,8,619.113525390625,438.7297668457031,682.6757202148438,601.9157104492188,650.8946533203125,520.32275390625,0.9018541574478149
108,27,1256.6005859375,564.85205078125,1280.0,718.26953125,1268.30029296875,641.560791015625,0.5684666037559509
108,11,471.8131103515625,390.4227600097656,519.1036376953125,502.57952880859375,495.4583740234375,446.50115966796875,0.7354654669761658
108,21,978.6780395507812,289.7868347167969,1032.9149169921875,387.8514404296875,1005.7965087890625,338.81915283203125,0.8203800320625305
108,43,62.71653366088867,400.6209716796875,130.88552856445312,511.1240234375,96.80103302001953,455.87249755859375,0.6953562498092651
108,25,511.51116943359375,396.9593200683594,577.4384155273438,537.2833251953125,544.4747924804688,467.121337890625,0.8425552248954773
108,46,3.4098904132843018,486.37451171875,69.41068267822266,641.6732788085938,36.41028594970703,564.02392578125,0.7795113325119019
108,1,387.9911804199219,385.3082580566406,448.3320007324219,523.0883178710938,418.1615905761719,454.19830322265625,0.5188003778457642
109,3,417.6182861328125,571.2919311523438,473.67962646484375,717.0759887695312,445.6489562988281,644.1839599609375,0.7922537922859192
109,5,367.1589660644531,464.0093078613281,443.8115234375,613.9252319335938,405.4852294921875,538.96728515625,0.6408447623252869
109,16,808.6671752929688,407.87408447265625,896.0009155273438,551.4466552734375,852.3340454101562,479.6603698730469,0.8782317638397217
109,8,625.271240234375,435.1985168457031,687.3659057617188,595.2568969726562,656.318603515625,515.2277221679688,0.8981794714927673
109,11,482.5604248046875,391.3816833496094,526.49951171875,503.58544921875,504.52996826171875,447.48358154296875,0.7156299352645874
109,21,987.8968505859375,290.79132080078125,1041.07763671875,387.3629455566406,1014.4872436523438,339.0771484375,0.857684850692749
109,43,85.6728515625,398.6181640625,154.93797302246094,509.1097412109375,120.30541229248047,453.86395263671875,0.6982101202011108
109,25,512.185546875,394.6808166503906,581.34033203125,535.62548828125,546.762939453125,465.15313720703125,0.7454249858856201
109,46,4.661706924438477,483.6221618652344,66.49363708496094,641.1259765625,35.57767105102539,562.3740844726562,0.8201529383659363
109,1,403.29522705078125,385.6263732910156,462.13922119140625,521.721923828125,432.71722412109375,453.67413330078125,0.7664248943328857
110,3,426.8330993652344,569.3140869140625,481.80548095703125,717.134765625,454.31927490234375,643.2244262695312,0.8027544021606445
110,5,378.98419189453125,462.554443359375,443.45379638671875,612.405029296875,411.218994140625,537.479736328125,0.7939959168434143
110,16,816.44482421875,411.049560546875,898.68359375,550.1008911132812,857.564208984375,480.5752258300781,0.8522711396217346
110,8,628.955810546875,434.18878173828125,690.7852783203125,588.679931640625,659.8705444335938,511.4343566894531,0.9169021844863892
110,11,492.94140625,391.12646484375,534.0323486328125,502.90557861328125,513.4868774414062,447.0160217285156,0.552035927772522
110,21,996.21630859375,292.204833984375,1049.1756591796875,388.83123779296875,1022.6959838867188,340.5180358886719,0.7543541193008423
110,43,105.79329681396484,397.25262451171875,172.3494873046875,507.71136474609375,139.07139587402344,452.48199462890625,0.8196011781692505
110,25,513.038818359375,392.9877014160156,581.7869262695312,529.46533203125,547.412841796875,461.22650146484375,0.6408970355987549
110,46,2.839939594268799,482.59228515625,61.86323547363281,638.6314697265625,32.35158920288086,560.6118774414062,0.5402595400810242
110,1,417.25201416015625,386.04510498046875,474.67120361328125,521.2823486328125,445.96160888671875,453.6637268066406,0.775786817073822
110,39,1050.1033935546875,408.1629638671875,1112.2088623046875,469.0518798828125,1081.1561279296875,438.607421875,0.6228907108306885
111,3,434.9419860839844,566.995361328125,489.6785583496094,717.337646484375,462.3102722167969,642.16650390625,0.8664972186088562
111,5,389.1957702636719,461.6984558105469,447.9410705566406,609.2247314453125,418.56842041015625,535.4616088867188,0.8385838866233826
111,16,824.1162109375,413.85955810546875,899.2598876953125,549.22509765625,861.6880493164062,481.5423278808594,0.8159913420677185
111,8,629.7369384765625,435.1593017578125,693.117919921875,584.4364624023438,661.4274291992188,509.7978820800781,0.9209728837013245
111,11,498.9079284667969,390.4645690917969,541.9488525390625,503.46990966796875,520.4284057617188,446.96722412109375,0.6870396137237549
111,21,1004.0037841796875,294.3294372558594,1056.269775390625,389.3323669433594,1030.13671875,341.8309020996094,0.8667967319488525
111,43,124.66493225097656,396.469970703125,189.72120666503906,506.3034362792969,157.1930694580078,451.38671875,0.8026080131530762
111,25,516.1505126953125,392.8946838378906,580.5051879882812,523.6636352539062,548.327880859375,458.2791748046875,0.6596384048461914
111,46,1.4381954669952393,450.16790771484375,71.34703063964844,635.9180297851562,36.39261245727539,543.04296875,0.8094244003295898
111,1,429.9622497558594,386.6160583496094,485.7007141113281,518.2276611328125,457.83148193359375,452.421875,0.7303882241249084
111,12,829.14794921875,344.9783020019531,878.5201416015625,440.515869140625,853.8340454101562,392.7470703125,0.5685087442398071
112,3,442.9362487792969,565.0706787109375,497.54400634765625,717.6557006835938,470.2401123046875,641.3631591796875,0.8639509081840515
112,5,398.7734069824219,461.5623779296875,453.5116882324219,606.1898803710938,426.1425476074219,533.8760986328125,0.8247637152671814
112,16,832.5448608398438,415.7643127441406,899.1611938476562,549.90673828125,865.85302734375,482.83551025390625,0.857521653175354
112,8,631.932373046875,436.91571044921875,692.4119262695312,583.133544921875,662.172119140625,510.0246276855469,0.9062643051147461
112,21,1011.587158203125,296.2487487792969,1063.9847412109375,390.3416442871094,1037.785888671875,343.2951965332031,0.8438716530799866
112,43,144.45132446289062,396.6084899902344,206.76321411132812,504.82147216796875,175.60726928710938,450.7149658203125,0.8699373006820679
112,25,517.5425415039062,392.4162902832031,579.2164916992188,518.4105834960938,548.3795166015625,455.4134521484375,0.5190592408180237
112,46,5.369248390197754,465.6630554199219,83.61807250976562,633.5907592773438,44.49365997314453,549.6268920898438,0.8550528287887573
112,1,441.77392578125,385.4602966308594,494.16949462890625,516.3658447265625,467.9717102050781,450.9130859375,0.7806193232536316
112,12,836.6515502929688,346.9006652832031,892.8059692382812,456.8267517089844,864.728759765625,401.86370849609375,0.45514118671417236
112,39,1054.6607666015625,405.0182189941406,1127.7685546875,471.172607421875,1091.214599609375,438.09539794921875,0.6989496946334839
113,3,449.47979736328125,564.1260986328125,506.098876953125,718.89599609375,477.7893371582031,641.5110473632812,0.8838596940040588
113,5,407.2921447753906,459.3900451660156,460.98040771484375,604.48583984375,434.13629150390625,531.9379272460938,0.8333194851875305
113,16,842.1737060546875,419.5181884765625,903.6443481445312,551.8811645507812,872.9090576171875,485.6996765136719,0.40643200278282166
113,8,629.21923828125,439.2266540527344,690.0341796875,581.1263427734375,659.626708984375,510.176513671875,0.9176516532897949
113,21,1020.946044921875,298.00189208984375,1073.467041015625,391.6116943359375,1047.20654296875,344.8067932128906,0.8547115325927734
113,43,163.9036865234375,397.3777160644531,220.46754455566406,502.5730285644531,192.18560791015625,449.9753723144531,0.7849664092063904
113,46,3.8730480670928955,473.8138427734375,92.79662322998047,631.9664306640625,48.334835052490234,552.89013671875,0.9099658131599426
113,1,453.0309753417969,379.78424072265625,502.6689453125,517.9473266601562,477.8499755859375,448.86578369140625,0.7366529703140259
113,12,844.2847900390625,350.21844482421875,904.2430419921875,464.61993408203125,874.263916015625,407.419189453125,0.47569817304611206
113,39,1062.5078125,403.86077880859375,1135.729248046875,470.9383544921875,1099.1185302734375,437.3995666503906,0.6419682502746582
113,11,518.7802734375,388.2807922363281,560.2847290039062,509.07330322265625,539.532470703125,448.67706298828125,0.48411738872528076
114,3,456.7626953125,562.78515625,514.8147583007812,719.482421875,485.7887268066406,641.1337890625,0.8740958571434021
114,5,416.600830078125,458.7266845703125,470.63800048828125,603.74267578125,443.6194152832031,531.2346801757812,0.8430504202842712
114,16,849.2386474609375,418.80133056640625,911.14990234375,555.7450561523438,880.1942749023438,487.273193359375,0.6841148138046265
114,8,622.153076171875,440.9183349609375,690.7181396484375,581.0482788085938,656.4356079101562,510.9833068847656,0.9308616518974304
114,21,1031.3316650390625,299.4391174316406,1083.671142578125,391.2297668457031,1057.50146484375,345.3344421386719,0.7934518456459045
114,43,184.7913818359375,399.06024169921875,235.6090850830078,500.04205322265625,210.20022583007812,449.5511474609375,0.8318498134613037
114,46,5.121833324432373,477.5381774902344,96.91194152832031,634.72802734375,51.01688766479492,556.1331176757812,0.8944612145423889
114,1,463.05078125,357.8323974609375,508.3462829589844,514.2775268554688,485.69854736328125,436.0549621582031,0.6962760090827942
114,12,850.9252319335938,354.74542236328125,916.298583984375,468.4442443847656,883.6119384765625,411.5948486328125,0.7251988053321838
114,25,532.3028564453125,389.9478759765625,589.805908203125,517.107421875,561.0543823242188,453.52764892578125,0.7239959239959717
115,3,464.4674072265625,561.9955444335938,521.491455078125,719.2140502929688,492.97943115234375,640.6047973632812,0.8671594858169556
115,5,425.1106872558594,458.2911376953125,480.0703125,603.9033813476562,452.59051513671875,531.0972900390625,0.8800642490386963
115,16,853.1490478515625,419.3966369628906,912.5987548828125,558.4750366210938,882.8739013671875,488.93585205078125,0.8281038403511047
115,8,616.0985717773438,441.6448059082031,693.2386474609375,579.0518188476562,654.6685791015625,510.34832763671875,0.9106496572494507
115,21,1042.4310302734375,301.4658203125,1094.395263671875,391.7911376953125,1068.4130859375,346.62847900390625,0.8215175867080688
115,43,202.56988525390625,400.27227783203125,251.83677673339844,498.7873840332031,227.20333862304688,449.52984619140625,0.7422325015068054
115,46,9.499916076660156,479.1202087402344,92.30844116210938,635.4439086914062,50.904178619384766,557.2820434570312,0.8268696069717407
115,1,471.56982421875,334.1296691894531,521.5526733398438,510.0004577636719,496.5612487792969,422.0650634765625,0.6486930847167969
115,12,857.328369140625,359.8184509277344,927.1838989257812,471.677490234375,892.256103515625,415.74798583984375,0.8051225543022156
115,25,542.3753051757812,387.78192138671875,597.0576782226562,516.6414184570312,569.7164916992188,452.211669921875,0.40384361147880554
115,39,1090.0411376953125,404.1952819824219,1171.6884765625,472.2364807128906,1130.86474609375,438.21588134765625,0.6783618927001953
115,11,541.0748901367188,380.7533874511719,585.4946899414062,516.1908569335938,563.2847900390625,448.47210693359375,0.5228990912437439
116,3,473.9164123535156,561.2554321289062,529.1946411132812,719.6113891601562,501.5555419921875,640.4334106445312,0.8645680546760559
116,5,430.0680847167969,457.64569091796875,487.570556640625,602.5891723632812,458.8193359375,530.117431640625,0.8595581650733948
116,16,853.6781616210938,420.9071960449219,919.98828125,560.8616333007812,886.833251953125,490.8843994140625,0.516768753528595
116,8,615.9284057617188,442.1712951660156,696.5196533203125,578.476318359375,656.2239990234375,510.32379150390625,0.9129088521003723
116,21,1053.790771484375,302.75225830078125,1105.6102294921875,393.1261291503906,1079.700439453125,347.939208984375,0.8272130489349365
116,43,219.30322265625,401.3420715332031,267.0262451171875,502.4385070800781,243.16473388671875,451.8902893066406,0.7486048340797424
116,46,17.306669235229492,481.72418212890625,91.6387939453125,635.873046875,54.47273254394531,558.798583984375,0.8248053789138794
116,1,481.91357421875,342.4462890625,534.0069580078125,505.21868896484375,507.96026611328125,423.8324890136719,0.5265160202980042
116,12,859.1383056640625,363.90325927734375,938.2975463867188,471.08843994140625,898.7178955078125,417.495849609375,0.725184440612793
116,25,552.6582641601562,385.24127197265625,603.426513671875,517.0743408203125,578.0423583984375,451.1578063964844,0.6094318628311157
116,39,1101.7498779296875,405.2939453125,1187.8834228515625,472.0111389160156,1144.816650390625,438.65252685546875,0.7090273499488831
117,3,482.7880859375,559.9268798828125,538.1089477539062,719.2470703125,510.4485168457031,639.5869750976562,0.8463340997695923
117,5,431.3687438964844,456.9421691894531,495.722412109375,600.80322265625,463.54559326171875,528.8726806640625,0.8733416199684143
117,16,864.8863525390625,428.5798034667969,940.0016479492188,564.1531372070312,902.4439697265625,496.366455078125,0.6030346751213074
117,8,621.100830078125,442.33843994140625,702.4099731445312,577.7559204101562,661.75537109375,510.04718017578125,0.9091470241546631
117,21,1066.308837890625,304.902099609375,1117.9991455078125,392.7939147949219,1092.154052734375,348.8480224609375,0.8059199452400208
117,43,235.3921661376953,401.83013916015625,285.0667724609375,500.1075744628906,260.2294616699219,450.9688720703125,0.7157224416732788
117,46,22.64275360107422,482.92913818359375,95.50143432617188,635.6119384765625,59.07209396362305,559.2705078125,0.7269384264945984
117,1,490.322265625,316.2316589355469,547.2409057617188,502.4793701171875,518.7816162109375,409.35552978515625,0.4912637770175934
117,12,857.739990234375,366.3705749511719,949.6663208007812,471.33648681640625,903.703125,418.853515625,0.7883836030960083
117,25,563.393798828125,369.1519775390625,609.6920776367188,517.3060913085938,586.54296875,443.2290344238281,0.7334116101264954
117,39,1120.055908203125,406.46697998046875,1203.643310546875,473.8564147949219,1161.849609375,440.16168212890625,0.7495795488357544
117,47,2.207127332687378,579.5770263671875,38.601226806640625,718.3958129882812,20.404176712036133,648.9864501953125,0.7887210845947266
117,48,54.83821487426758,428.50927734375,120.84300231933594,556.0466918945312,87.84060668945312,492.2779846191406,0.5689713954925537
118,3,492.10107421875,559.1318359375,548.4353637695312,718.6500854492188,520.2681884765625,638.8909912109375,0.8754401206970215
118,5,436.812744140625,456.7886047363281,504.0130310058594,600.0120239257812,470.41290283203125,528.4003295898438,0.8877065181732178
118,16,873.7367553710938,430.06005859375,938.9177856445312,566.232666015625,906.3272705078125,498.1463623046875,0.7402623891830444
118,8,630.1715698242188,442.91815185546875,708.2328491210938,577.6302490234375,669.2022094726562,510.2742004394531,0.9014060497283936
118,21,1077.6024169921875,305.6814270019531,1130.9190673828125,394.8917236328125,1104.2607421875,350.28656005859375,0.7825906276702881
118,43,250.719482421875,402.28680419921875,305.9374694824219,503.06884765625,278.3284912109375,452.6778259277344,0.7215455770492554
118,46,26.711315155029297,483.3447265625,103.6792984008789,631.301025390625,65.19530487060547,557.3228759765625,0.7725433111190796
118,12,861.2412719726562,367.1469421386719,959.5228881835938,472.4625549316406,910.382080078125,419.80474853515625,0.8046848773956299
118,25,574.3529663085938,357.1293640136719,617.0902709960938,518.1060791015625,595.7216186523438,437.61773681640625,0.7120195031166077
118,39,1127.523681640625,407.06256103515625,1219.28662109375,476.26177978515625,1173.4051513671875,441.66217041015625,0.5271300077438354
118,47,4.363584995269775,577.531005859375,50.85422897338867,718.2933349609375,27.60890769958496,647.9121704101562,0.8598487377166748
118,48,61.972042083740234,430.17230224609375,113.61369323730469,558.6053466796875,87.7928695678711,494.3888244628906,0.6074865460395813
119,3,500.1097106933594,558.9007568359375,557.9728393554688,718.43359375,529.041259765625,638.6671752929688,0.8763139247894287
119,5,445.05865478515625,457.0510559082031,512.2409057617188,599.532470703125,478.6497802734375,528.291748046875,0.9014647603034973
119,16,883.4021606445312,430.5722351074219,946.15478515625,567.0239868164062,914.7784423828125,498.798095703125,0.4257526993751526
119,8,640.7472534179688,442.6670837402344,714.258544921875,576.6737670898438,677.5029296875,509.67041015625,0.9071524143218994
119,21,1089.627197265625,306.1357727050781,1144.6199951171875,395.7120056152344,1117.12353515625,350.92388916015625,0.7896274328231812
119,43,264.63836669921875,402.4042663574219,322.5189208984375,504.9475402832031,293.5786437988281,453.6759033203125,0.7395135164260864
119,46,30.672616958618164,483.2752990722656,114.13709259033203,630.1459350585938,72.40485382080078,556.7106323242188,0.7631458640098572
119,12,866.106201171875,364.90777587890625,965.23046875,472.0298767089844,915.6683349609375,418.46881103515625,0.8173980712890625
119,25,581.7759399414062,328.4425048828125,626.4944458007812,516.9877319335938,604.1351928710938,422.7151184082031,0.5084475874900818
119,39,1140.942626953125,407.1650695800781,1234.1209716796875,482.2948303222656,1187.53173828125,444.7299499511719,0.7085645794868469
119,47,4.740688800811768,576.0499877929688,63.89558792114258,718.582763671875,34.318138122558594,647.31640625,0.8760711550712585
119,48,66.16382598876953,429.5567321777344,118.70813751220703,563.1883544921875,92.43598175048828,496.37255859375,0.5084877610206604
119,1,510.6067810058594,307.1037292480469,558.0858154296875,483.47760009765625,534.3463134765625,395.2906494140625,0.600041925907135
120,3,509.3410339355469,558.5460205078125,567.0053100585938,718.6056518554688,538.1731567382812,638.5758056640625,0.8178607821464539
120,5,454.1820983886719,456.9913330078125,520.9158325195312,599.8670043945312,487.5489501953125,528.42919921875,0.882017195224762
120,16,894.04443359375,432.4885559082031,957.829833984375,568.5648803710938,925.9371337890625,500.5267333984375,0.7270830869674683
120,8,651.8636474609375,441.6221618652344,721.3381958007812,576.8114013671875,686.6009521484375,509.216796875,0.9164800643920898
120,21,1101.114990234375,306.9608459472656,1154.857177734375,395.7841491699219,1127.986083984375,351.37249755859375,0.7801691293716431
120,43,276.6798400878906,402.7103271484375,337.43878173828125,507.5019836425781,307.059326171875,455.10614013671875,0.7788625359535217
120,46,33.65624237060547,483.9871520996094,107.96793365478516,628.922607421875,70.81208801269531,556.4548950195312,0.823017954826355
120,12,868.4673461914062,363.6730041503906,966.1383666992188,471.633544921875,917.3028564453125,417.65325927734375,0.7936936020851135
120,25,589.61962890625,315.0,635.4649658203125,511.40985107421875,612.5422973632812,413.2049255371094,0.5236310362815857
120,39,1154.4215087890625,407.86041259765625,1247.5341796875,486.1217956542969,1200.977783203125,446.9910888671875,0.6659641265869141
120,47,11.920269966125488,575.88134765625,76.10778045654297,718.3463745117188,44.0140266418457,647.1138916015625,0.8530299067497253
120,48,71.11737823486328,429.1453857421875,128.30718994140625,567.3159790039062,99.7122802734375,498.2306823730469,0.7568628191947937
120,1,520.1083984375,293.6459655761719,567.7257080078125,484.3355407714844,543.9170532226562,388.9907531738281,0.467347115278244
121,3,518.6124877929688,559.1439208984375,576.6416015625,718.805419921875,547.6270751953125,638.9746704101562,0.8210473656654358
121,5,464.16741943359375,457.0347900390625,530.3883056640625,599.6265258789062,497.2778625488281,528.3306884765625,0.8956109285354614
121,16,893.3605346679688,433.0884094238281,959.464599609375,569.876708984375,926.41259765625,501.4825439453125,0.6636268496513367
121,8,662.157958984375,439.55438232421875,729.1051025390625,577.33935546875,695.6315307617188,508.4468688964844,0.9004149436950684
121,21,1113.7293701171875,308.2510986328125,1167.7227783203125,396.28851318359375,1140.72607421875,352.2698059082031,0.7407280802726746
121,43,288.6504821777344,402.7143859863281,349.1556091308594,508.8313903808594,318.9030456542969,455.77288818359375,0.8086388111114502
121,46,36.413578033447266,486.29168701171875,112.45103454589844,629.2586059570312,74.43230438232422,557.775146484375,0.4860755503177643
121,12,871.9090576171875,361.90081787109375,943.6234130859375,469.55169677734375,907.7662353515625,415.72625732421875,0.7664401531219482
121,25,601.248291015625,307.4076843261719,644.3336181640625,506.4102783203125,622.7909545898438,406.90899658203125,0.6605251431465149
121,39,1166.2542724609375,407.4528503417969,1260.380126953125,488.91949462890625,1213.317138671875,448.1861572265625,0.5891357064247131
121,47,6.504924774169922,576.5888671875,87.79209899902344,718.4827270507812,47.14851379394531,647.5357666015625,0.5891342163085938
121,48,76.2802734375,428.29937744140625,139.35433959960938,567.7081909179688,107.81730651855469,498.0037841796875,0.7579163908958435
122,3,526.9634399414062,559.8462524414062,585.6699829101562,718.6174926757812,556.3167114257812,639.2318725585938,0.8319379091262817
122,5,474.52178955078125,456.00384521484375,539.7719116210938,599.4596557617188,507.1468505859375,527.7317504882812,0.8753916621208191
122,16,899.293212890625,433.785400390625,965.1791381835938,570.4545288085938,932.2362060546875,502.1199645996094,0.830452561378479
122,8,673.4813842773438,437.6059875488281,737.9034423828125,578.3157958984375,705.6923828125,507.96087646484375,0.8705275654792786
122,21,1125.2762451171875,309.594970703125,1179.6590576171875,398.24139404296875,1152.4676513671875,353.9181823730469,0.714759111404419
122,43,302.3975830078125,402.5877990722656,361.14312744140625,509.044189453125,331.7703552246094,455.81597900390625,0.8171620965003967
122,46,13.545882225036621,488.75897216796875,109.41236114501953,646.7581176757812,61.479122161865234,567.758544921875,0.8105570673942566
122,12,874.5542602539062,360.0306396484375,932.3477172851562,463.1589050292969,903.4509887695312,411.59478759765625,0.8256723880767822
122,25,609.4489135742188,303.1424560546875,654.09033203125,500.9474182128906,631.7696533203125,402.044921875,0.6401145458221436
122,39,1176.4486083984375,407.5191345214844,1271.5595703125,491.3371887207031,1224.004150390625,449.42816162109375,0.7553577423095703
122,47,26.903100967407227,573.735107421875,103.6818618774414,718.5929565429688,65.29248046875,646.1640625,0.6399875283241272
122,48,84.53133392333984,426.8470153808594,148.25454711914062,564.8070068359375,116.3929443359375,495.8270263671875,0.7870242595672607
122,1,542.2066650390625,284.69427490234375,583.529541015625,479.66839599609375,562.8681030273438,382.18133544921875,0.40668946504592896
123,3,535.5222778320312,559.8857421875,594.7940063476562,718.7672119140625,565.1581420898438,639.3264770507812,0.8924453854560852
123,5,484.9793395996094,454.7341003417969,550.0923461914062,600.55712890625,517.5358276367188,527.6456298828125,0.9001731276512146
123,16,909.0193481445312,434.3145751953125,973.1823120117188,571.69140625,941.100830078125,503.00299072265625,0.8830961585044861
123,8,683.87646484375,436.06646728515625,747.4766845703125,578.21826171875,715.6765747070312,507.1423645019531,0.9135321974754333
123,21,1137.3966064453125,310.9219970703125,1191.042724609375,399.4821472167969,1164.2197265625,355.20208740234375,0.7266316413879395
123,43,315.9134826660156,401.8828125,373.024169921875,509.09979248046875,344.46881103515625,455.4913024902344,0.8570713996887207
123,46,9.848566055297852,490.52740478515625,102.03927612304688,653.3057250976562,55.94392013549805,571.9165649414062,0.7992023229598999
123,12,878.0299682617188,358.64715576171875,932.336181640625,466.2950439453125,905.18310546875,412.4710998535156,0.8459287285804749
123,25,619.2222900390625,302.21331787109375,663.6085815429688,495.0733642578125,641.4154052734375,398.6433410644531,0.6456884741783142
123,39,1185.0233154296875,406.7137451171875,1280.0,492.4659118652344,1232.51171875,449.58984375,0.7590104937553406
123,47,44.78976821899414,573.8792114257812,113.93798828125,719.0404663085938,79.36387634277344,646.4598388671875,0.7881062030792236
123,48,92.6301040649414,425.9089660644531,155.4117431640625,565.1109619140625,124.02091979980469,495.50994873046875,0.8531911969184875
123,1,551.1981811523438,312.5141906738281,591.923583984375,489.65411376953125,571.5609130859375,401.08416748046875,0.41017472743988037
124,3,544.3692626953125,560.43408203125,604.0225219726562,718.6632080078125,574.1959228515625,639.5486450195312,0.8787548542022705
124,5,495.0201416015625,453.0897216796875,559.762451171875,600.2498168945312,527.3912963867188,526.6697998046875,0.9156142473220825
124,16,928.2332763671875,436.1337585449219,981.0595092773438,573.2847900390625,954.6463623046875,504.70928955078125,0.7021746635437012
124,8,689.0575561523438,435.32049560546875,756.3893432617188,575.46044921875,722.7234497070312,505.3904724121094,0.8875269293785095
124,21,1148.3829345703125,310.9987487792969,1202.2322998046875,400.1882629394531,1175.3076171875,355.593505859375,0.7480620741844177
124,43,331.04583740234375,401.04638671875,384.80157470703125,509.1405029296875,357.9237060546875,455.09344482421875,0.8200432658195496
124,46,15.644227981567383,490.60809326171875,100.99555969238281,655.0462036132812,58.31989288330078,572.8271484375,0.8688720464706421
124,12,882.692626953125,358.13653564453125,934.5917358398438,474.4345397949219,908.6422119140625,416.2855224609375,0.8430787324905396
124,25,627.7088623046875,300.3828125,672.6895141601562,492.05267333984375,650.19921875,396.2177429199219,0.5970365405082703
124,39,1194.6796875,408.0996398925781,1280.0,491.8999328613281,1237.33984375,449.9997863769531,0.8070744872093201
124,47,60.025787353515625,572.4689331054688,124.67810821533203,719.0186157226562,92.35194396972656,645.7437744140625,0.8854682445526123
124,48,103.12261199951172,424.6973876953125,161.4408721923828,564.8908081054688,132.28173828125,494.7940979003906,0.811689555644989
125,3,552.5726318359375,560.7628784179688,612.1886596679688,718.8350219726562,582.380615234375,639.7989501953125,0.846550464630127
125,5,503.6676940917969,451.0879821777344,570.396728515625,600.3218994140625,537.0322265625,525.7049560546875,0.8774100542068481
125,16,942.3275756835938,438.95751953125,989.5701293945312,574.710205078125,965.9488525390625,506.8338623046875,0.7350395321846008
125,8,691.3132934570312,435.0016174316406,765.1158447265625,574.2161254882812,728.214599609375,504.60888671875,0.8972375988960266
125,21,1158.467041015625,312.0472106933594,1212.7537841796875,401.2432861328125,1185.6103515625,356.645263671875,0.7192873954772949
125,43,345.3895263671875,398.7036437988281,396.3412780761719,509.3601989746094,370.86541748046875,454.03192138671875,0.8188857436180115
125,46,25.86574935913086,489.19158935546875,103.16690063476562,653.7619018554688,64.51632690429688,571.4767456054688,0.865619957447052
125,12,886.1593017578125,357.4181823730469,936.202880859375,479.1979064941406,911.1810913085938,418.30804443359375,0.8799688220024109
125,25,633.5944213867188,303.4534912109375,683.43994140625,489.03521728515625,658.5172119140625,396.2443542480469,0.5662904381752014
125,39,1202.83203125,407.6667785644531,1280.0,489.8752746582031,1241.416015625,448.7710266113281,0.7425510287284851
125,47,71.50535583496094,571.5477294921875,135.63180541992188,718.710205078125,103.5685806274414,645.1289672851562,0.8471648693084717
125,48,114.73102569580078,422.665771484375,165.3106689453125,563.7346801757812,140.02084350585938,493.2002258300781,0.8573057055473328
125,1,565.9208984375,320.6712341308594,609.8466796875,477.35498046875,587.8837890625,399.01312255859375,0.5186017155647278
126,3,560.2343139648438,560.3917846679688,620.0049438476562,718.57666015625,590.11962890625,639.4842529296875,0.8915181159973145
126,5,511.8934020996094,450.0921630859375,580.01416015625,599.81298828125,545.9537963867188,524.9525756835938,0.8725658655166626
126,16,951.472900390625,441.7154235839844,997.7337036132812,577.1004028320312,974.603271484375,509.40789794921875,0.8716660141944885
126,8,694.6232299804688,436.13433837890625,773.3775634765625,576.1004028320312,734.0003662109375,506.11737060546875,0.9110279679298401
126,21,1169.2080078125,312.5101013183594,1224.694091796875,401.8760681152344,1196.9510498046875,357.1930847167969,0.6582289338111877
126,43,358.5593566894531,395.9849853515625,406.8816223144531,508.5422058105469,382.7204895019531,452.26361083984375,0.8803183436393738
126,46,36.79349899291992,485.6389465332031,107.85669708251953,652.171142578125,72.3250961303711,568.905029296875,0.865662693977356
126,12,888.6721801757812,357.72869873046875,937.5905151367188,482.1912536621094,913.13134765625,419.9599609375,0.8924641609191895
126,47,81.8648910522461,570.657958984375,145.70089721679688,719.0037841796875,113.78289794921875,644.8308715820312,0.8854929804801941
126,48,125.3695068359375,420.1156311035156,172.1037139892578,562.090576171875,148.73660278320312,491.10308837890625,0.8504843711853027
127,3,567.51318359375,560.2681884765625,628.127197265625,719.4749145507812,597.8201904296875,639.87158203125,0.9114838242530823
127,5,519.1139526367188,450.05206298828125,591.5693969726562,599.8740844726562,555.3416748046875,524.9630737304688,0.8998425006866455
127,16,960.5584106445312,444.0423889160156,1006.0625610351562,579.1634521484375,983.3104858398438,511.6029052734375,0.8953282833099365
127,8,699.8988647460938,438.157958984375,783.9277954101562,577.2075805664062,741.913330078125,507.6827697753906,0.9233065247535706
127,21,1180.6246337890625,312.01727294921875,1235.7415771484375,402.0001525878906,1208.18310546875,357.00872802734375,0.7120084166526794
127,43,370.7429504394531,393.8609313964844,416.6893310546875,507.7411193847656,393.71612548828125,450.801025390625,0.8494196534156799
127,46,40.85015869140625,483.2491760253906,113.00980377197266,651.2780151367188,76.92997741699219,567.2636108398438,0.889789879322052
127,12,889.5859985351562,358.605224609375,939.1438598632812,484.27386474609375,914.3649291992188,421.4395446777344,0.9022586345672607
127,47,93.0403823852539,570.4417114257812,155.01580810546875,719.782470703125,124.02809143066406,645.112060546875,0.8989040851593018
127,48,134.7435302734375,418.59979248046875,179.67227172851562,562.6024780273438,157.20790100097656,490.60113525390625,0.7098690867424011
127,41,575.18798828125,369.09954833984375,622.072998046875,495.9711608886719,598.6304931640625,432.53533935546875,0.41861486434936523
127,39,1220.5467529296875,408.9053039550781,1280.0,503.5188903808594,1250.2734375,456.21209716796875,0.5408743023872375
127,1,581.5191040039062,318.0605163574219,642.5303955078125,482.231201171875,612.0247802734375,400.1458740234375,0.4817337989807129
128,3,575.824462890625,560.4089965820312,636.4783935546875,719.6221923828125,606.1514282226562,640.015625,0.8877706527709961
128,5,525.6954956054688,450.6063232421875,605.6331787109375,599.6591186523438,565.664306640625,525.1326904296875,0.8925800323486328
128,16,969.8516235351562,446.2611083984375,1014.05859375,580.3165283203125,991.955078125,513.288818359375,0.8655005693435669
128,8,707.6568603515625,440.8343811035156,794.3525390625,577.8145141601562,751.0046997070312,509.324462890625,0.8969141244888306
128,21,1191.2711181640625,312.0708923339844,1246.4656982421875,402.21685791015625,1218.868408203125,357.14385986328125,0.7333763241767883
128,43,384.1688537597656,391.7316589355469,427.55731201171875,507.3708801269531,405.86309814453125,449.55126953125,0.8402858972549438
128,46,38.97879409790039,481.5466613769531,117.78379821777344,650.390380859375,78.38129425048828,565.968505859375,0.8888304829597473
128,12,887.0309448242188,360.4919738769531,939.6033325195312,485.7802429199219,913.317138671875,423.1361083984375,0.8900942802429199
128,47,103.38762664794922,569.4488525390625,165.15037536621094,719.8651733398438,134.2689971923828,644.656982421875,0.8751657605171204
128,48,142.64869689941406,417.2604675292969,188.30332946777344,561.8499755859375,165.47601318359375,489.55523681640625,0.8404828310012817
128,41,581.3447875976562,372.0210876464844,630.2099609375,496.0821838378906,605.77734375,434.0516357421875,0.6291172504425049
128,39,1228.693603515625,410.51458740234375,1280.0,495.8658447265625,1254.3468017578125,453.1902160644531,0.6836399435997009
128,1,588.8284912109375,331.2904357910156,647.5398559570312,487.9798889160156,618.1842041015625,409.6351623535156,0.4329313337802887
128,25,654.7059936523438,319.10418701171875,709.0875854492188,465.9483337402344,681.8967895507812,392.5262451171875,0.49208706617355347
129,3,584.0516967773438,559.2141723632812,644.2494506835938,719.1533813476562,614.1505737304688,639.1837768554688,0.8648068308830261
129,5,532.7684936523438,451.7604064941406,617.2146606445312,600.367431640625,574.9915771484375,526.0639038085938,0.8603358864784241
129,16,976.9915771484375,448.60113525390625,1021.61865234375,580.1862182617188,999.3051147460938,514.3936767578125,0.884581446647644
129,8,715.5259399414062,442.9688720703125,803.125244140625,577.3953857421875,759.3255615234375,510.18212890625,0.9017990827560425
129,21,1199.9593505859375,311.6177062988281,1257.347900390625,404.73980712890625,1228.653564453125,358.17877197265625,0.756754994392395
129,43,396.06573486328125,389.2923583984375,437.9328918457031,506.715576171875,416.99932861328125,448.00396728515625,0.8365616202354431
129,46,38.19324493408203,479.9656066894531,122.71910095214844,648.9027099609375,80.4561767578125,564.4341430664062,0.8853470087051392
129,12,881.2825317382812,363.1206970214844,938.7583618164062,488.2344970703125,910.0204467773438,425.6776123046875,0.8762180209159851
129,47,113.90347290039062,567.8355712890625,175.2561492919922,719.2138671875,144.57980346679688,643.5247192382812,0.9010063409805298
129,48,147.521484375,415.0728759765625,196.6847381591797,558.0758666992188,172.10311889648438,486.5743713378906,0.8528279066085815
129,41,594.6339721679688,356.1521911621094,640.938232421875,494.84759521484375,617.7861328125,425.4998779296875,0.7130764126777649
129,25,664.5263061523438,322.1787414550781,717.9591674804688,467.3346862792969,691.2427368164062,394.7567138671875,0.5713958740234375
130,3,589.9973754882812,559.6307983398438,650.0805053710938,718.6956787109375,620.0389404296875,639.1632080078125,0.9210493564605713
130,5,538.9124755859375,454.1605529785156,627.0245361328125,599.64892578125,582.968505859375,526.9047241210938,0.879936933517456
130,16,982.9661254882812,450.25732421875,1028.550537109375,580.581298828125,1005.75830078125,515.4193115234375,0.881430447101593
130,8,722.1275024414062,444.3751220703125,809.7872314453125,577.071044921875,765.9573974609375,510.72308349609375,0.9170740842819214
130,21,1207.2557373046875,310.370849609375,1265.154296875,406.3179626464844,1236.205078125,358.34442138671875,0.7724642753601074
130,43,405.86907958984375,388.70123291015625,446.64398193359375,505.81610107421875,426.25653076171875,447.2586669921875,0.841743528842926
130,46,36.30192565917969,480.4308776855469,125.53999328613281,650.5233764648438,80.92095947265625,565.4771118164062,0.8837642669677734
130,12,881.916259765625,368.4072570800781,935.458740234375,490.4308776855469,908.6875,429.4190673828125,0.8410771489143372
130,47,121.73316955566406,567.2332763671875,183.0104217529297,718.9462890625,152.37179565429688,643.0897827148438,0.9058384895324707
130,48,149.57736206054688,413.7823486328125,202.69366455078125,558.7835693359375,176.13551330566406,486.282958984375,0.8670793175697327
130,41,603.325927734375,354.7010498046875,648.1589965820312,496.68170166015625,625.742431640625,425.6913757324219,0.6784366965293884
130,25,676.5968017578125,322.0373840332031,723.0787963867188,470.61700439453125,699.8377685546875,396.32720947265625,0.4315505921840668
130,39,1242.4937744140625,410.8117370605469,1280.0,478.9827880859375,1261.246826171875,444.89727783203125,0.5166565775871277
131,5,543.3195190429688,455.6252136230469,634.3377075195312,599.3026733398438,588.82861328125,527.4639282226562,0.8807426691055298
131,16,983.3081665039062,450.1729431152344,1033.56884765625,580.4674682617188,1008.4384765625,515.3201904296875,0.8911001086235046
131,8,726.6760864257812,443.9056701660156,814.8387451171875,577.2344360351562,770.7574462890625,510.570068359375,0.9270480275154114
131,21,1212.7864990234375,310.2132873535156,1269.6124267578125,406.8088684082031,1241.199462890625,358.5110778808594,0.8129889965057373
131,43,412.33209228515625,389.1462707519531,451.4050598144531,506.2131652832031,431.86859130859375,447.6797180175781,0.8473513722419739
131,46,32.874088287353516,482.0782470703125,125.5879135131836,652.9306640625,79.23100280761719,567.5044555664062,0.8990141749382019
131,12,882.0986938476562,372.1922302246094,933.3665771484375,490.6871032714844,907.732666015625,431.4396667480469,0.8865876793861389
131,47,127.71841430664062,566.2114868164062,187.74835205078125,718.9886474609375,157.73338317871094,642.60009765625,0.6257091760635376
131,48,148.43710327148438,413.2969970703125,206.45025634765625,559.1355590820312,177.4436798095703,486.2162780761719,0.9068948030471802
131,41,609.98046875,360.00262451171875,652.8316650390625,502.87677001953125,631.4060668945312,431.439697265625,0.6939778327941895
131,25,679.5365600585938,326.50067138671875,726.1058959960938,490.63226318359375,702.8212280273438,408.56646728515625,0.5484318137168884
131,39,1244.0665283203125,408.5332946777344,1280.0,475.5434265136719,1262.033203125,442.0383605957031,0.6130887269973755
132,5,543.9293823242188,454.9065246582031,635.130859375,598.324462890625,589.5301513671875,526.615478515625,0.8884552717208862
132,16,975.1571044921875,449.93994140625,1033.2725830078125,579.1923217773438,1004.21484375,514.566162109375,0.8117722868919373
132,8,726.9066772460938,441.7670593261719,815.2606201171875,576.135009765625,771.0836181640625,508.9510498046875,0.9146485924720764
132,21,1212.65478515625,309.27581787109375,1269.3848876953125,406.6349792480469,1241.019775390625,357.95538330078125,0.7921688556671143
132,43,413.9530334472656,390.6418762207031,453.20263671875,508.90301513671875,433.57781982421875,449.7724609375,0.8477303385734558
132,46,25.6514892578125,484.5869140625,121.17376708984375,653.8013916015625,73.41262817382812,569.1941528320312,0.8755694031715393
132,12,876.228759765625,372.44927978515625,928.5201416015625,490.3659362792969,902.3744506835938,431.4075927734375,0.7814716100692749
132,47,128.795166015625,565.2491455078125,188.46945190429688,718.784912109375,158.63230895996094,642.0170288085938,0.900705873966217
132,48,144.3430938720703,412.86517333984375,206.1501007080078,557.1671142578125,175.24659729003906,485.0161437988281,0.8888121247291565
132,41,609.4037475585938,368.091796875,653.5872192382812,508.1995849609375,631.4954833984375,438.14569091796875,0.7313929200172424
132,25,679.1965942382812,332.5329284667969,723.9957885742188,504.76275634765625,701.59619140625,418.6478271484375,0.6419419050216675
132,39,1240.4200439453125,405.26934814453125,1278.396728515625,471.8197326660156,1259.408447265625,438.5445556640625,0.4931025803089142
132,3,592.7510986328125,558.5292358398438,653.918701171875,718.7576904296875,623.3348999023438,638.6434326171875,0.9140955209732056
133,5,539.682861328125,452.4753723144531,637.4198608398438,597.1932373046875,588.5513916015625,524.8342895507812,0.809967577457428
133,16,974.5582885742188,448.660888671875,1026.898681640625,577.6630859375,1000.728515625,513.1619873046875,0.6427972316741943
133,8,721.9057006835938,437.865966796875,810.4827880859375,575.7456665039062,766.1942138671875,506.8058166503906,0.895180344581604
133,21,1207.947021484375,308.3526916503906,1264.105712890625,404.8752746582031,1236.0263671875,356.6139831542969,0.809744119644165
133,43,410.2921447753906,392.97802734375,449.699462890625,509.1793212890625,429.99578857421875,451.07867431640625,0.84493488073349
133,46,10.405269622802734,488.4473571777344,111.60606384277344,654.3377685546875,61.00566864013672,571.392578125,0.8954825401306152
133,12,864.04248046875,371.3370361328125,918.1504516601562,489.18316650390625,891.096435546875,430.2601013183594,0.7038217186927795
133,47,123.40853881835938,564.1181640625,183.91497802734375,718.3270263671875,153.66175842285156,641.2225952148438,0.8988678455352783
133,48,136.3704071044922,413.02825927734375,199.65188598632812,555.104248046875,168.01113891601562,484.0662536621094,0.8578308820724487
133,41,604.9066772460938,375.2734069824219,647.9710083007812,507.2694396972656,626.4388427734375,441.27142333984375,0.7016528844833374
133,25,674.4462280273438,337.3507385253906,719.454833984375,510.0275573730469,696.9505615234375,423.68914794921875,0.7159865498542786
133,39,1228.8116455078125,402.7919921875,1276.1387939453125,494.1801452636719,1252.4752197265625,448.486083984375,0.6204257011413574
133,3,587.8256225585938,559.2806396484375,648.4266357421875,718.157958984375,618.1260986328125,638.7192993164062,0.8793344497680664
134,5,531.7992553710938,449.1708679199219,636.7904052734375,595.95849609375,584.2947998046875,522.564697265625,0.8510032296180725
134,16,960.8441162109375,444.70404052734375,1016.6987915039062,576.0594482421875,988.771484375,510.3817443847656,0.8181209564208984
134,8,715.4080810546875,432.3217468261719,803.1324462890625,573.9694213867188,759.270263671875,503.14556884765625,0.9003061652183533
134,21,1199.4111328125,307.5718994140625,1254.9150390625,401.9656982421875,1227.1630859375,354.768798828125,0.7379557490348816
134,43,403.24468994140625,395.7468566894531,443.50933837890625,508.8257751464844,423.37701416015625,452.28631591796875,0.8453444242477417
134,46,0.0,493.0464782714844,98.1398696899414,654.1281127929688,49.0699348449707,573.5872802734375,0.898323118686676
134,12,849.5845947265625,368.6309814453125,905.7944946289062,488.1235046386719,877.6895751953125,428.37725830078125,0.8607841730117798
134,47,114.38396453857422,564.2467651367188,175.83111572265625,718.4613037109375,145.1075439453125,641.35400390625,0.8911969661712646
134,48,126.3166275024414,412.960205078125,190.45083618164062,555.08544921875,158.38372802734375,484.0228271484375,0.8741626143455505
134,41,595.9839477539062,377.640625,640.1395263671875,504.9198303222656,618.061767578125,441.28021240234375,0.6828895211219788
134,25,664.2697143554688,353.496337890625,711.455810546875,511.6814270019531,687.86279296875,432.5888671875,0.776155412197113
134,39,1215.4329833984375,398.7029724121094,1274.3505859375,500.4539794921875,1244.891845703125,449.5784912109375,0.8010817170143127
134,3,580.3706665039062,558.3391723632812,639.8795166015625,718.3242797851562,610.1251220703125,638.3317260742188,0.8726898431777954
135,5,524.715576171875,445.12591552734375,629.0619506835938,592.9542236328125,576.8887939453125,519.0400390625,0.8091390132904053
135,16,955.8938598632812,440.06451416015625,1006.9102783203125,573.9127807617188,981.402099609375,506.9886474609375,0.8561939597129822
135,8,711.7653198242188,427.27606201171875,795.1468505859375,570.3722534179688,753.4560546875,498.82415771484375,0.9203461408615112
135,43,394.9854431152344,397.57275390625,436.96502685546875,507.65850830078125,415.9752197265625,452.6156311035156,0.790923535823822
135,46,0.0,496.9302062988281,85.75012969970703,654.40771484375,42.875064849853516,575.6689453125,0.9151748418807983
135,12,835.0089111328125,365.48883056640625,898.2388916015625,486.52606201171875,866.6239013671875,426.0074462890625,0.8496384024620056
135,47,104.92496490478516,563.4611206054688,167.3446044921875,718.1937255859375,136.13478088378906,640.827392578125,0.8912087082862854
135,48,116.79427337646484,411.6977844238281,180.810791015625,554.8121948242188,148.8025360107422,483.2550048828125,0.8936320543289185
135,41,587.9368286132812,377.3849792480469,633.135498046875,505.04180908203125,610.5361328125,441.21337890625,0.7070761919021606
135,25,654.731201171875,366.5268859863281,702.8970947265625,511.2068786621094,678.8141479492188,438.86688232421875,0.6320809125900269
135,39,1194.8660888671875,340.0058288574219,1264.72705078125,501.8170471191406,1229.796630859375,420.91143798828125,0.588897168636322
135,3,572.2442016601562,556.628173828125,632.055908203125,717.5457763671875,602.1500244140625,637.0869750976562,0.9022265076637268
135,52,554.5660400390625,357.81793212890625,596.6609497070312,470.94647216796875,575.613525390625,414.3822021484375,0.6451940536499023
136,5,519.6325073242188,445.7304992675781,624.384765625,591.318603515625,572.0086669921875,518.5245361328125,0.8597729802131653
136,16,947.4230346679688,435.3304138183594,997.5310668945312,570.8179321289062,972.47705078125,503.07415771484375,0.8661118149757385
136,8,711.1997680664062,422.4804992675781,788.6795654296875,566.1376342773438,749.939697265625,494.30908203125,0.925652265548706
136,43,388.3830871582031,398.0262145996094,430.86297607421875,506.3760986328125,409.623046875,452.201171875,0.8880510330200195
136,46,0.0,500.54974365234375,74.86045837402344,655.082275390625,37.43022918701172,577.8160400390625,0.9101539850234985
136,12,821.4996948242188,362.9378967285156,897.8827514648438,484.54742431640625,859.6912231445312,423.74267578125,0.8093744516372681
136,47,97.4799575805664,562.1082153320312,158.8769989013672,718.150634765625,128.17848205566406,640.12939453125,0.9054105877876282
136,48,109.48692321777344,408.9568176269531,173.77134704589844,552.439208984375,141.62913513183594,480.697998046875,0.9003852009773254
136,41,580.4656982421875,375.93878173828125,624.553955078125,502.831298828125,602.5098266601562,439.3850402832031,0.7843901515007019
136,25,647.212158203125,373.66021728515625,695.9376831054688,510.4349365234375,671.574951171875,442.0475769042969,0.7224680185317993
136,39,1182.201171875,362.010498046875,1267.0213623046875,500.9259948730469,1224.611328125,431.46826171875,0.44987091422080994
136,3,565.2437744140625,554.95068359375,625.173828125,716.7835083007812,595.2088012695312,635.8670654296875,0.9112109541893005
136,52,544.3994750976562,353.39874267578125,584.9378662109375,470.10736083984375,564.668701171875,411.7530517578125,0.7145676016807556
136,21,1182.9217529296875,302.7785339355469,1237.28173828125,398.4820251464844,1210.101806640625,350.6302795410156,0.7177666425704956
137,5,519.3255615234375,444.22039794921875,615.2146606445312,587.1060180664062,567.2701416015625,515.6632080078125,0.8731270432472229
137,16,940.2848510742188,431.9051208496094,990.8858032226562,567.3925170898438,965.5853271484375,499.6488037109375,0.8533850908279419
137,8,713.5051879882812,419.1959228515625,786.3734130859375,563.1187744140625,749.9393310546875,491.1573486328125,0.9241470098495483
137,43,383.6393737792969,398.2157897949219,426.07794189453125,505.2260437011719,404.858642578125,451.7209167480469,0.8516771793365479
137,46,0.0,505.4177551269531,66.36708068847656,658.0131225585938,33.18354034423828,581.7154541015625,0.8692705631256104
137,12,809.984130859375,361.11376953125,898.8128662109375,481.9734802246094,854.3984985351562,421.54364013671875,0.8529579639434814
137,47,91.1453628540039,560.4707641601562,153.1364288330078,718.0667724609375,122.14089965820312,639.268798828125,0.8997889161109924
137,48,104.94584655761719,405.4416198730469,168.9700164794922,547.3349609375,136.9579315185547,476.3883056640625,0.8841938376426697
137,41,573.9169921875,373.48779296875,616.1329956054688,493.0795593261719,595.0250244140625,433.28369140625,0.6496944427490234
137,25,642.721923828125,377.97381591796875,691.0203247070312,512.8955688476562,666.87109375,445.4346923828125,0.7259422540664673
137,39,1174.0498046875,369.58209228515625,1251.1175537109375,498.5582580566406,1212.583740234375,434.0701904296875,0.7146531939506531
137,3,559.9905395507812,552.7449951171875,620.100830078125,716.8519287109375,590.045654296875,634.7984619140625,0.8940798044204712
137,52,536.1224365234375,349.7875061035156,575.3671264648438,457.9250793457031,555.7447509765625,403.8562927246094,0.5190175771713257
137,21,1179.048828125,300.606201171875,1231.1458740234375,395.904052734375,1205.097412109375,348.255126953125,0.7529755234718323
138,5,522.716552734375,443.2393493652344,604.2296752929688,582.5761108398438,563.47314453125,512.90771484375,0.8566159009933472
138,16,934.86767578125,427.87384033203125,986.149169921875,562.808349609375,960.5084228515625,495.3410949707031,0.7635757327079773
138,8,714.8828735351562,417.6253356933594,787.0568237304688,560.0465087890625,750.9698486328125,488.8359375,0.9199461340904236
138,43,379.71307373046875,397.8018493652344,422.90557861328125,503.6023864746094,401.309326171875,450.7021179199219,0.84653240442276
138,46,0.0,509.28643798828125,61.25552749633789,652.14892578125,30.627763748168945,580.7176513671875,0.8228418827056885
138,12,800.2965698242188,359.14801025390625,893.4866333007812,481.29620361328125,846.8916015625,420.22210693359375,0.8031867146492004
138,47,87.04129028320312,559.391845703125,149.16087341308594,717.9668579101562,118.10108184814453,638.6793212890625,0.9058050513267517
138,48,102.2999496459961,401.5921936035156,166.7053680419922,543.2396240234375,134.50265502929688,472.4158935546875,0.8867733478546143
138,41,568.5687866210938,370.55145263671875,609.0364990234375,488.5838928222656,588.8026123046875,429.56768798828125,0.6451364755630493
138,25,639.7861938476562,378.02105712890625,687.8909912109375,511.3683776855469,663.838623046875,444.6947021484375,0.810083270072937
138,39,1166.352783203125,370.5030517578125,1236.541015625,495.8412780761719,1201.4468994140625,433.17218017578125,0.7595454454421997
138,3,557.2843627929688,549.6056518554688,616.34912109375,716.4707641601562,586.8167724609375,633.0382080078125,0.9022249579429626
138,52,529.04736328125,345.33782958984375,566.2356567382812,455.276123046875,547.6414794921875,400.3069763183594,0.4814019501209259
138,21,1173.9322509765625,298.6339416503906,1226.5589599609375,394.3622741699219,1200.24560546875,346.49810791015625,0.6771103739738464
139,5,527.71875,439.6892395019531,599.4500122070312,579.0282592773438,563.5843505859375,509.3587646484375,0.8865190148353577
139,16,928.8584594726562,424.8359680175781,981.9421997070312,558.1691284179688,955.4003295898438,491.5025634765625,0.889102578163147
139,8,714.45068359375,417.14923095703125,791.00830078125,559.2083740234375,752.7294921875,488.1788024902344,0.9115080833435059
139,43,376.66497802734375,395.9136047363281,420.5458679199219,501.2300109863281,398.60540771484375,448.5718078613281,0.844194769859314
139,46,0.0,510.42718505859375,58.48137664794922,650.342529296875,29.24068832397461,580.3848876953125,0.6930693984031677
139,12,790.4141845703125,356.52911376953125,877.87548828125,482.3646545410156,834.1448364257812,419.4468994140625,0.5961551070213318
139,47,83.66873931884766,557.5811767578125,145.2980194091797,717.9885864257812,114.48338317871094,637.784912109375,0.9145751595497131
139,48,100.11109161376953,398.0135803222656,165.08383178710938,539.5192260742188,132.5974578857422,468.76641845703125,0.8951207399368286
139,41,564.4520263671875,368.0368957519531,600.7568359375,465.39031982421875,582.6044311523438,416.713623046875,0.5456178188323975
139,25,637.4757690429688,375.1285095214844,685.8524169921875,509.9452209472656,661.6640625,442.536865234375,0.7762631177902222
139,39,1156.7781982421875,368.68304443359375,1226.183349609375,493.2709655761719,1191.480712890625,430.97698974609375,0.7365716695785522
139,3,554.2762451171875,547.3043823242188,613.1585693359375,715.35302734375,583.7174072265625,631.3287353515625,0.8707118630409241
139,52,521.6970825195312,341.5337219238281,559.1305541992188,462.1736755371094,540.413818359375,401.85369873046875,0.7411566376686096
139,21,1171.91259765625,296.2215881347656,1223.6630859375,390.98748779296875,1197.787841796875,343.60455322265625,0.7189568877220154
140,5,532.9347534179688,436.92596435546875,595.8671875,576.76806640625,564.4010009765625,506.8470153808594,0.8736853003501892
140,16,921.7522583007812,422.6979064941406,978.85009765625,555.0100708007812,950.3011474609375,488.85400390625,0.9006268978118896
140,8,712.3734130859375,417.66571044921875,794.5470581054688,558.7831420898438,753.460205078125,488.22442626953125,0.9017947316169739
140,43,373.8118591308594,393.3329772949219,417.2520751953125,498.6358947753906,395.531982421875,445.98443603515625,0.858561098575592
140,46,0.0,509.1182556152344,57.13508605957031,652.7208251953125,28.567543029785156,580.9195556640625,0.8655210137367249
140,12,780.6630249023438,357.7381286621094,862.8339233398438,483.7864074707031,821.7484741210938,420.76226806640625,0.8502265214920044
140,47,80.4058609008789,555.4448852539062,141.63609313964844,717.9905395507812,111.02098083496094,636.7177124023438,0.9151129722595215
140,48,98.49449157714844,395.5449523925781,164.40199279785156,534.404296875,131.4482421875,464.974609375,0.8945344090461731
140,41,559.5693969726562,365.6999206542969,596.0487060546875,457.3139343261719,577.80908203125,411.5069274902344,0.6084047555923462
140,25,633.977783203125,372.1158447265625,683.2380981445312,507.6260986328125,658.60791015625,439.8709716796875,0.7115390300750732
140,39,1148.5238037109375,368.31658935546875,1215.16357421875,487.72198486328125,1181.84375,428.019287109375,0.7778366804122925
140,3,551.4800415039062,545.0081176757812,610.6966552734375,714.3825073242188,581.08837890625,629.6953125,0.8685219287872314
140,52,514.5216674804688,338.16375732421875,555.1475830078125,455.28924560546875,534.8345947265625,396.72650146484375,0.7190159559249878
140,21,1168.32958984375,292.7403869628906,1219.5277099609375,387.1459655761719,1193.9287109375,339.94317626953125,0.7280793786048889
141,5,537.1092529296875,431.96453857421875,593.0858764648438,572.2054443359375,565.0975341796875,502.0849914550781,0.8803369998931885
141,16,916.8278198242188,421.0271301269531,975.3837280273438,552.8805541992188,946.1057739257812,486.953857421875,0.917606770992279
141,8,709.4752807617188,419.022216796875,797.759521484375,558.6713256835938,753.617431640625,488.8467712402344,0.8822317719459534
141,43,371.2945861816406,389.9761657714844,414.04022216796875,496.1307373046875,392.66741943359375,443.053466796875,0.8566967844963074
141,46,0.0,505.8386535644531,57.79978942871094,652.625732421875,28.89989471435547,579.232177734375,0.8938289284706116
141,12,774.7555541992188,358.6553039550781,846.7647705078125,483.3794860839844,810.7601318359375,421.01739501953125,0.7333759665489197
141,47,76.88961029052734,553.6220703125,138.83236694335938,718.0061645507812,107.86099243164062,635.8140869140625,0.8980998992919922
141,48,97.04611206054688,394.4712219238281,168.12240600585938,533.6724243164062,132.58425903320312,464.07183837890625,0.9072655439376831
141,41,554.3377075195312,362.58709716796875,593.4848022460938,453.05322265625,573.9112548828125,407.8201599121094,0.41540998220443726
141,25,630.8801879882812,369.0906982421875,681.1156005859375,505.09600830078125,655.9979248046875,437.0933532714844,0.7295003533363342
141,39,1136.331787109375,367.8672790527344,1203.84033203125,487.6113586425781,1170.0860595703125,427.73931884765625,0.8496577143669128
141,3,548.958740234375,542.1896362304688,607.9110717773438,712.3643798828125,578.4349365234375,627.2769775390625,0.8757222294807434
141,52,501.39178466796875,335.4544982910156,550.4989013671875,457.7264099121094,525.9453125,396.5904541015625,0.8289268612861633
141,21,1164.2325439453125,289.56494140625,1216.8748779296875,384.6218566894531,1190.5537109375,337.0933837890625,0.8100674152374268
142,5,529.3348999023438,429.6590576171875,591.7257690429688,567.6589965820312,560.5303344726562,498.6590270996094,0.90570467710495
142,16,912.2564697265625,419.8266296386719,972.91748046875,550.3037109375,942.5869750976562,485.065185546875,0.8882089853286743
142,8,707.0359497070312,420.9988708496094,800.302734375,560.7682495117188,753.6693115234375,490.883544921875,0.9004203677177429
142,43,368.5744323730469,386.7038269042969,411.25799560546875,494.1348876953125,389.91619873046875,440.41937255859375,0.865849494934082
142,46,0.0,501.52691650390625,59.49945831298828,649.9545288085938,29.74972915649414,575.74072265625,0.8797394633293152
142,12,776.4165649414062,360.25762939453125,839.8401489257812,482.8735046386719,808.1283569335938,421.5655517578125,0.6372475624084473
142,47,74.168701171875,551.4962768554688,136.4897003173828,717.7399291992188,105.3292007446289,634.6181030273438,0.8856223821640015
142,48,94.77426147460938,394.3948669433594,174.05616760253906,530.3638916015625,134.41522216796875,462.37939453125,0.9276758432388306
142,41,550.9900512695312,361.6135559082031,592.0881958007812,450.6811218261719,571.5391235351562,406.1473388671875,0.6326495409011841
142,25,629.6658325195312,366.6565246582031,680.1422119140625,503.98828125,654.904052734375,435.3223876953125,0.7152120471000671
142,39,1119.3900146484375,367.8290710449219,1192.0040283203125,489.2148132324219,1155.697021484375,428.5219421386719,0.8606926798820496
142,3,546.5451049804688,540.4891357421875,605.9950561523438,709.4052734375,576.2700805664062,624.9472045898438,0.8586404323577881
142,52,490.2555847167969,333.2613830566406,545.4226684570312,458.7542419433594,517.839111328125,396.0078125,0.8265377283096313
142,21,1159.2957763671875,287.6215515136719,1214.25244140625,382.1209716796875,1186.774169921875,334.87127685546875,0.8223275542259216
143,5,520.6386108398438,427.8514709472656,590.6849365234375,562.652587890625,555.6617431640625,495.25201416015625,0.8585079312324524
143,16,907.8687133789062,419.8106689453125,971.7505493164062,547.9468383789062,939.8096313476562,483.8787536621094,0.7517322897911072
143,8,705.6099243164062,421.4449768066406,801.0108032226562,561.6121826171875,753.3103637695312,491.528564453125,0.8834027647972107
143,43,365.6610107421875,383.2578430175781,407.71673583984375,492.5104675292969,386.6888732910156,437.8841552734375,0.8224578499794006
143,46,0.0,497.5797119140625,62.11185073852539,647.0367431640625,31.055925369262695,572.3082275390625,0.8846613764762878
143,12,773.6603393554688,360.7970886230469,835.1193237304688,480.9749450683594,804.3898315429688,420.8860168457031,0.8497925400733948
143,47,71.8910903930664,549.5160522460938,137.96551513671875,718.0283203125,104.92829895019531,633.772216796875,0.8694681525230408
143,48,92.43373107910156,394.8939514160156,179.2516632080078,528.7316284179688,135.8426971435547,461.81280517578125,0.9208104610443115
143,41,548.2018432617188,362.25323486328125,587.563720703125,446.94952392578125,567.8828125,404.60137939453125,0.4218885004520416
143,25,626.0707397460938,364.5181884765625,681.4556274414062,503.1756896972656,653.76318359375,433.846923828125,0.6808558702468872
143,39,1106.9278564453125,367.4991455078125,1185.764892578125,488.73382568359375,1146.346435546875,428.1164855957031,0.8884559869766235
143,3,545.008544921875,538.9210205078125,604.17919921875,707.2169799804688,574.5938720703125,623.0689697265625,0.8540704250335693
143,52,482.9582824707031,332.0309753417969,543.87451171875,458.06646728515625,513.4163818359375,395.0487060546875,0.8132135272026062
143,21,1156.781982421875,285.72528076171875,1212.0504150390625,380.9987487792969,1184.416259765625,333.36199951171875,0.8327191472053528
144,5,514.5576782226562,424.6398620605469,590.2767333984375,557.6939697265625,552.417236328125,491.16693115234375,0.8723157644271851
144,16,904.0734252929688,420.6121826171875,971.9471435546875,545.8534545898438,938.01025390625,483.2328186035156,0.8820120096206665
144,8,704.6834716796875,421.43365478515625,800.6852416992188,560.6801147460938,752.684326171875,491.056884765625,0.8845767974853516
144,43,363.01971435546875,379.4877014160156,405.1830139160156,491.0243225097656,384.10137939453125,435.2560119628906,0.5523554086685181
144,46,0.0,493.919677734375,65.14189910888672,645.3372802734375,32.57094955444336,569.6284790039062,0.8811786770820618
144,12,768.6248779296875,360.63037109375,833.4274291992188,478.6754455566406,801.026123046875,419.65289306640625,0.8712794780731201
144,47,70.2479476928711,547.9026489257812,137.7491912841797,718.2028198242188,103.99856567382812,633.052734375,0.8785730004310608
144,48,90.77252197265625,395.61236572265625,182.22381591796875,527.8728637695312,136.4981689453125,461.74261474609375,0.9228677749633789
144,25,624.6544799804688,364.33172607421875,683.6824340820312,501.1869812011719,654.16845703125,432.75933837890625,0.560181200504303
144,39,1098.471923828125,367.3839416503906,1180.7628173828125,487.13629150390625,1139.617431640625,427.2601318359375,0.8873026371002197
144,3,543.3644409179688,537.3999633789062,602.911865234375,706.5143432617188,573.13818359375,621.9571533203125,0.6461085081100464
144,52,476.9413146972656,330.78558349609375,540.8517456054688,455.1770935058594,508.89654541015625,392.9813232421875,0.8213905692100525
144,21,1154.5870361328125,283.24224853515625,1210.651611328125,379.679931640625,1182.619384765625,331.4610900878906,0.8394506573677063
145,5,511.61614990234375,422.5205993652344,589.41796875,554.380126953125,550.51708984375,488.45037841796875,0.8299736976623535
145,16,904.9661865234375,421.27496337890625,971.76904296875,543.5303344726562,938.3676147460938,482.40264892578125,0.9056076407432556
145,8,703.2429809570312,420.999267578125,799.254150390625,558.9624633789062,751.24853515625,489.9808654785156,0.861575186252594
145,43,360.6244201660156,376.08343505859375,402.1474914550781,489.5951843261719,381.3859558105469,432.83929443359375,0.8901978731155396
145,46,0.0,490.146728515625,68.31053161621094,644.7271118164062,34.15526580810547,567.4368896484375,0.859901487827301
145,12,762.3582763671875,359.79522705078125,832.1600952148438,476.8429260253906,797.2591552734375,418.319091796875,0.6208623647689819
145,47,68.28590393066406,546.8863525390625,136.63394165039062,718.7877197265625,102.45992279052734,632.8370361328125,0.88346928358078
145,48,89.6224594116211,394.99920654296875,182.23187255859375,527.2410278320312,135.9271697998047,461.1201171875,0.9195124506950378
145,25,636.9472045898438,364.74560546875,689.6727294921875,497.5655517578125,663.3099365234375,431.15557861328125,0.5764985680580139
145,39,1093.13134765625,366.2534484863281,1173.858154296875,485.30926513671875,1133.4947509765625,425.7813720703125,0.8712323904037476
145,3,541.4409790039062,535.7767944335938,600.9100952148438,705.7442016601562,571.175537109375,620.760498046875,0.8860735297203064
145,52,472.083984375,329.4493408203125,536.0426025390625,453.3066101074219,504.06329345703125,391.37799072265625,0.8385422229766846
145,21,1152.428466796875,281.09979248046875,1207.82177734375,377.58154296875,1180.1251220703125,329.3406677246094,0.838046133518219
146,5,509.77642822265625,418.9115905761719,589.1234130859375,552.8320922851562,549.449951171875,485.871826171875,0.8555946946144104
146,16,908.6477661132812,423.0815734863281,969.8165893554688,538.8065185546875,939.232177734375,480.94403076171875,0.8905532956123352
146,8,704.5576782226562,419.6760559082031,796.8499755859375,557.7078857421875,750.703857421875,488.69195556640625,0.859645664691925
146,43,357.26641845703125,372.7987365722656,398.6650695800781,488.5604553222656,377.96575927734375,430.6795959472656,0.8845428228378296
146,46,0.0,486.06231689453125,70.93023681640625,644.0008544921875,35.465118408203125,565.0316162109375,0.8497937321662903
146,12,755.042236328125,357.671142578125,830.1021728515625,474.1979064941406,792.5722045898438,415.93450927734375,0.7812994718551636
146,47,66.17520141601562,546.0872192382812,134.89820861816406,718.7700805664062,100.53670501708984,632.4286499023438,0.8936154842376709
146,48,91.47075653076172,393.5196838378906,181.01438903808594,526.7617797851562,136.24256896972656,460.1407470703125,0.8923493027687073
146,25,643.5250854492188,365.0671081542969,691.6155395507812,495.58978271484375,667.5703125,430.32843017578125,0.6143179535865784
146,39,1090.5142822265625,365.79058837890625,1164.7889404296875,480.42364501953125,1127.651611328125,423.10711669921875,0.8625027537345886
146,3,539.4938354492188,534.7510986328125,598.8515625,704.5877075195312,569.1727294921875,619.66943359375,0.8918911218643188
146,52,468.5206298828125,329.2049865722656,533.5724487304688,452.4563903808594,501.0465393066406,390.8306884765625,0.8177246451377869
146,21,1149.378173828125,279.23809814453125,1204.2686767578125,376.5860900878906,1176.823486328125,327.912109375,0.8360021710395813
147,5,509.5673828125,418.032470703125,588.1201782226562,552.09326171875,548.84375,485.0628662109375,0.8286882638931274
147,16,910.1453247070312,425.2000427246094,968.5526123046875,535.5440673828125,939.3489990234375,480.3720703125,0.858282208442688
147,8,708.3556518554688,419.0929260253906,795.3382568359375,556.9422607421875,751.846923828125,488.017578125,0.8490539193153381
147,43,354.21368408203125,369.6216125488281,395.5437927246094,487.57177734375,374.87872314453125,428.5966796875,0.8611745238304138
147,46,0.0,482.10797119140625,75.42999267578125,641.65234375,37.714996337890625,561.880126953125,0.8471828699111938
147,12,747.9135131835938,354.3826599121094,827.3804931640625,473.346435546875,787.64697265625,413.86456298828125,0.7344341278076172
147,47,64.92373657226562,545.4978637695312,133.73020935058594,718.81689453125,99.32697296142578,632.1573486328125,0.8670424818992615
147,48,95.49015808105469,391.73126220703125,179.69766235351562,526.365966796875,137.59390258789062,459.0486145019531,0.7804409861564636
147,25,646.9961547851562,365.08221435546875,693.4391479492188,493.7940368652344,670.2176513671875,429.4381103515625,0.6808717250823975
147,39,1088.477294921875,365.5543212890625,1152.8924560546875,477.57525634765625,1120.684814453125,421.5647888183594,0.7875389456748962
147,3,537.9219360351562,533.295654296875,596.9398803710938,703.133056640625,567.430908203125,618.21435546875,0.8898951411247253
147,52,466.35052490234375,328.47381591796875,528.6727905273438,450.37225341796875,497.51165771484375,389.42303466796875,0.821510910987854
147,21,1147.6702880859375,277.22900390625,1202.23486328125,375.270751953125,1174.95263671875,326.2498779296875,0.8419882655143738
147,11,628.4891357421875,365.0013732910156,667.9927368164062,496.1341247558594,648.240966796875,430.5677490234375,0.5782691240310669
147,41,537.4521484375,354.69989013671875,576.3844604492188,445.6144104003906,556.9183349609375,400.15716552734375,0.6646661162376404
148,5,511.1557312011719,416.91259765625,587.3478393554688,551.7564086914062,549.2517700195312,484.3345031738281,0.8612182140350342
148,16,909.7604370117188,427.2469177246094,967.5174560546875,534.0300903320312,938.638916015625,480.63848876953125,0.8738510012626648
148,8,714.14892578125,417.2157897949219,794.3439331054688,556.9799194335938,754.2464599609375,487.09783935546875,0.8611941337585449
148,43,352.1744384765625,366.7913818359375,392.2612609863281,484.1367492675781,372.21783447265625,425.46405029296875,0.8223627209663391
148,46,0.0,478.31329345703125,80.50175476074219,628.561767578125,40.250877380371094,553.4375,0.8544871211051941
148,12,741.579833984375,351.8351135253906,822.9720458984375,471.3499755859375,782.2759399414062,411.592529296875,0.7383899092674255
148,47,61.980403900146484,544.4732666015625,132.45851135253906,718.8856201171875,97.2194595336914,631.679443359375,0.8609750270843506
148,48,102.31689453125,389.15069580078125,190.3926239013672,525.1248168945312,146.35476684570312,457.13775634765625,0.8658008575439453
148,25,645.4474487304688,364.4652099609375,695.4505004882812,493.7466125488281,670.448974609375,429.10589599609375,0.6240921020507812
148,39,1079.6737060546875,365.3611145019531,1140.750732421875,476.67108154296875,1110.212158203125,421.01611328125,0.7856385707855225
148,3,537.073486328125,532.8185424804688,596.0823974609375,701.4092407226562,566.5779418945312,617.1138916015625,0.8913727402687073
148,52,464.88983154296875,327.4367980957031,527.8550415039062,450.9577941894531,496.3724365234375,389.1972961425781,0.8515439629554749
148,21,1146.46630859375,275.7030334472656,1200.677734375,374.1351013183594,1173.572021484375,324.9190673828125,0.8251374363899231
148,41,535.3189086914062,351.83624267578125,572.3302612304688,442.53753662109375,553.8245849609375,397.1868896484375,0.667778730392456
149,5,513.591796875,415.49163818359375,586.3284301757812,551.6249389648438,549.9600830078125,483.55828857421875,0.8700070381164551
149,16,904.3259887695312,429.5169982910156,966.478271484375,532.33203125,935.402099609375,480.92449951171875,0.8590099215507507
149,8,720.9863891601562,415.5552978515625,793.3145751953125,556.12744140625,757.1505126953125,485.84136962890625,0.8393292427062988
149,43,350.150146484375,363.77215576171875,393.2286376953125,476.55755615234375,371.68939208984375,420.16485595703125,0.8226824402809143
149,46,0.03611179441213608,473.5172424316406,85.26602172851562,619.987060546875,42.651065826416016,546.7521362304688,0.8598081469535828
149,12,736.431884765625,347.9204406738281,816.4605102539062,463.445556640625,776.4461669921875,405.6829833984375,0.5412532687187195
149,47,60.777000427246094,542.4842529296875,131.12899780273438,718.6243286132812,95.9530029296875,630.5543212890625,0.8723468780517578
149,48,111.088623046875,386.0959167480469,194.31765747070312,525.0942993164062,152.70314025878906,455.5950927734375,0.8768757581710815
149,25,644.73388671875,363.24945068359375,698.948974609375,492.4288330078125,671.8414306640625,427.8391418457031,0.6217870712280273
149,39,1060.0787353515625,364.7398986816406,1132.504638671875,476.829833984375,1096.291748046875,420.78485107421875,0.8368661999702454
149,3,536.3386840820312,533.007568359375,595.4697875976562,699.891845703125,565.9042358398438,616.44970703125,0.8884832262992859
149,52,464.24493408203125,325.6574401855469,524.6871948242188,450.4840393066406,494.466064453125,388.07073974609375,0.8550552129745483
149,21,1145.028076171875,274.9740905761719,1199.3934326171875,372.7727355957031,1172.210693359375,323.8734130859375,0.6909704804420471
149,41,533.5752563476562,349.2857360839844,570.4918823242188,439.75628662109375,552.0335693359375,394.52099609375,0.7293802499771118
150,5,515.9801025390625,413.43731689453125,585.7411499023438,551.2161254882812,550.860595703125,482.32672119140625,0.893263041973114
150,16,894.1273803710938,431.8330078125,965.88427734375,530.8706665039062,930.005859375,481.3518371582031,0.8477849364280701
150,8,724.1005249023438,412.2201843261719,793.5040893554688,554.646240234375,758.8023071289062,483.4332275390625,0.8560554385185242
150,43,347.83282470703125,360.87249755859375,394.2037353515625,476.28948974609375,371.0182800292969,418.58099365234375,0.8264502286911011
150,46,0.11943696439266205,469.2661437988281,91.56752014160156,631.7631225585938,45.84347915649414,550.5146484375,0.8504297733306885
150,12,730.520751953125,346.21673583984375,811.3006591796875,458.7701416015625,770.9107055664062,402.4934387207031,0.509190559387207
150,47,60.229774475097656,540.7836303710938,130.23324584960938,718.5291137695312,95.23150634765625,629.6563720703125,0.8625921010971069
150,48,122.13768768310547,383.3469543457031,194.52035522460938,522.880859375,158.3290252685547,453.1138916015625,0.8593957424163818
150,25,644.111083984375,362.13665771484375,700.343017578125,491.70269775390625,672.22705078125,426.919677734375,0.7072553634643555
150,39,1052.463623046875,364.6410217285156,1126.4378662109375,474.8641357421875,1089.45068359375,419.7525634765625,0.8283153772354126
150,3,535.3165283203125,532.0348510742188,594.8748168945312,698.5008544921875,565.095703125,615.267822265625,0.8821331262588501
150,52,464.3221435546875,322.4393310546875,517.8521728515625,447.8297119140625,491.087158203125,385.134521484375,0.8535848259925842
150,21,1143.5955810546875,272.6794738769531,1198.3399658203125,371.6253356933594,1170.9677734375,322.15240478515625,0.8048325777053833
150,41,532.2657470703125,347.3916320800781,567.5130004882812,438.5130920410156,549.889404296875,392.9523620605469,0.6447023749351501
151,5,518.5125732421875,411.0335693359375,584.4390869140625,550.5433959960938,551.475830078125,480.7884826660156,0.6653342843055725
151,16,881.3796997070312,434.2530822753906,966.182861328125,529.2756958007812,923.78125,481.764404296875,0.8737898468971252
151,8,724.2699584960938,410.28973388671875,792.6827392578125,554.1944580078125,758.476318359375,482.2420959472656,0.8930156826972961
151,43,343.1676025390625,357.98529052734375,392.9826354980469,478.19873046875,368.07513427734375,418.0920104980469,0.8627629280090332
151,46,0.0,465.9237060546875,96.91724395751953,633.5296630859375,48.458621978759766,549.7266845703125,0.839169979095459
151,12,724.0739135742188,344.9134826660156,804.779541015625,456.7832336425781,764.4267578125,400.8483581542969,0.5998572111129761
151,47,59.04036331176758,539.1494140625,129.2368621826172,718.7072143554688,94.13861083984375,628.9283447265625,0.858993649482727
151,48,134.92950439453125,380.5533142089844,191.66676330566406,519.5724487304688,163.29812622070312,450.0628662109375,0.8561087250709534
151,25,640.8023681640625,360.9552307128906,698.8406372070312,490.2846984863281,669.821533203125,425.6199645996094,0.5894630551338196
151,39,1047.596923828125,364.4099426269531,1120.7122802734375,473.03302001953125,1084.154541015625,418.72149658203125,0.8425511717796326
151,3,533.911376953125,530.44970703125,593.2517700195312,697.5297241210938,563.58154296875,613.98974609375,0.9027508497238159
151,52,463.3705139160156,319.17767333984375,512.6647338867188,445.3862609863281,488.01763916015625,382.281982421875,0.8503089547157288
151,21,1142.352294921875,271.14556884765625,1196.490234375,370.6028747558594,1169.4212646484375,320.87420654296875,0.8123122453689575
151,41,531.4411010742188,346.8103332519531,564.754150390625,438.0616760253906,548.09765625,392.4360046386719,0.6357280015945435
152,5,530.1822509765625,408.55877685546875,582.469970703125,549.72900390625,556.3261108398438,479.1438903808594,0.7264130711555481
152,16,867.5003662109375,435.93890380859375,966.0470581054688,527.1371459960938,916.773681640625,481.53802490234375,0.826169490814209
152,8,722.6168212890625,409.3208923339844,792.56396484375,552.9542236328125,757.5903930664062,481.1375732421875,0.9146113991737366
152,43,335.7489318847656,355.9177551269531,390.4212341308594,478.2989501953125,363.0850830078125,417.10833740234375,0.8449989557266235
152,46,0.0,463.12158203125,100.91302490234375,634.6397094726562,50.456512451171875,548.880615234375,0.7338530421257019
152,12,716.2066040039062,342.20477294921875,799.19287109375,455.5825500488281,757.69970703125,398.8936767578125,0.7818729877471924
152,47,56.08290100097656,537.2604370117188,127.08698272705078,718.8606567382812,91.58494567871094,628.060546875,0.8002488017082214
152,48,142.9674530029297,378.41717529296875,190.7880096435547,518.1818237304688,166.8777313232422,448.29949951171875,0.8766650557518005
152,25,628.5812377929688,358.7362365722656,691.1649169921875,491.760498046875,659.873046875,425.24835205078125,0.5169321894645691
152,39,1040.719482421875,363.1800537109375,1114.3570556640625,474.6905822753906,1077.538330078125,418.935302734375,0.7818444967269897
152,3,532.4661865234375,527.964599609375,592.192138671875,696.4345092773438,562.3291625976562,612.1995849609375,0.8956892490386963
152,52,460.5670166015625,314.2026672363281,509.1895751953125,443.2491455078125,484.8782958984375,378.72589111328125,0.8583438396453857
152,21,1140.9600830078125,268.9139099121094,1194.6842041015625,368.4708557128906,1167.8221435546875,318.6923828125,0.8253025412559509
152,41,529.427734375,347.034423828125,563.2351684570312,440.28759765625,546.3314208984375,393.6610107421875,0.45791053771972656
153,5,525.4638061523438,404.7008361816406,579.912109375,548.0128784179688,552.68798828125,476.35687255859375,0.7713474035263062
153,16,855.007080078125,437.96856689453125,965.49072265625,525.6218872070312,910.2489013671875,481.79522705078125,0.6880284547805786
153,8,719.5491333007812,408.2901306152344,792.7941284179688,551.9308471679688,756.171630859375,480.1104736328125,0.8812951445579529
153,43,327.4324035644531,355.50933837890625,386.9102783203125,477.7404479980469,357.17132568359375,416.6248779296875,0.8791514039039612
153,12,710.2783813476562,340.3649597167969,796.8101806640625,454.62152099609375,753.5443115234375,397.49322509765625,0.7897011041641235
153,48,145.11863708496094,377.1999816894531,191.83901977539062,516.7557373046875,168.47882080078125,446.97784423828125,0.8839029669761658
153,25,623.440673828125,356.67303466796875,686.0535278320312,492.2919616699219,654.7470703125,424.48248291015625,0.7245945334434509
153,39,1036.3516845703125,360.8781433105469,1108.6766357421875,474.9295654296875,1072.51416015625,417.90386962890625,0.8736830949783325
153,3,530.5419921875,526.2562866210938,590.755126953125,695.6475830078125,560.6485595703125,610.951904296875,0.873762845993042
153,52,457.6351013183594,311.165771484375,506.9967346191406,440.6996154785156,482.31591796875,375.93267822265625,0.840196430683136
153,21,1140.3175048828125,267.3204040527344,1194.3341064453125,366.36041259765625,1167.3258056640625,316.84039306640625,0.8149434924125671
153,41,524.5078735351562,348.6802062988281,560.4882202148438,470.19366455078125,542.498046875,409.43695068359375,0.5757231712341309
154,5,525.8912353515625,404.998046875,577.7780151367188,546.5069580078125,551.8345947265625,475.75250244140625,0.7917327284812927
154,16,862.6713256835938,439.27630615234375,964.95068359375,524.8339233398438,913.81103515625,482.05511474609375,0.7269448637962341
154,8,716.7398071289062,405.8269958496094,793.37109375,550.890869140625,755.055419921875,478.35894775390625,0.8878772854804993
154,43,319.7933044433594,355.6694641113281,382.9886474609375,477.1373596191406,351.3909912109375,416.4034118652344,0.8716443181037903
154,12,705.2077026367188,338.5170593261719,794.515869140625,453.4570007324219,749.86181640625,395.9870300292969,0.6001182794570923
154,48,144.0620880126953,376.5631408691406,201.87277221679688,515.6448364257812,172.96743774414062,446.10400390625,0.9011436104774475
154,25,617.9754028320312,356.1008605957031,683.100830078125,493.13763427734375,650.5380859375,424.6192626953125,0.7173389196395874
154,39,1029.87890625,357.4298400878906,1104.4190673828125,474.4916076660156,1067.14892578125,415.9607238769531,0.7599031925201416
154,3,529.1511840820312,525.0042724609375,588.8925170898438,694.6239013671875,559.0218505859375,609.8140869140625,0.8631550073623657
154,52,453.70404052734375,309.941650390625,504.4066467285156,439.4859924316406,479.05535888671875,374.71380615234375,0.8798440098762512
154,21,1139.990478515625,265.9435729980469,1193.7490234375,364.6013488769531,1166.8697509765625,315.2724609375,0.8200792074203491
154,41,523.7325439453125,350.7844543457031,557.0530395507812,482.6386413574219,540.392822265625,416.7115478515625,0.605137050151825
154,47,49.8372688293457,533.39990234375,121.30535125732422,717.5396728515625,85.5713119506836,625.4697875976562,0.666109025478363
155,5,531.3662109375,404.9942321777344,576.3965454101562,544.7814331054688,553.88134765625,474.8878173828125,0.7830569744110107
155,16,858.8082275390625,438.89935302734375,968.46240234375,524.5513916015625,913.6353149414062,481.7253723144531,0.7464796304702759
155,8,714.9723510742188,403.328369140625,792.2791748046875,549.6695556640625,753.625732421875,476.49896240234375,0.82906574010849
155,43,313.6938171386719,355.4218444824219,377.0020751953125,475.893310546875,345.34796142578125,415.6575927734375,0.8688287138938904
155,12,701.1068725585938,337.22991943359375,773.727294921875,451.0390930175781,737.4171142578125,394.134521484375,0.7592739462852478
155,48,142.7104034423828,376.093994140625,207.27621459960938,514.5396118164062,174.99331665039062,445.3168029785156,0.9061670899391174
155,25,615.3914184570312,354.94207763671875,682.005615234375,497.9195251464844,648.698486328125,426.4307861328125,0.4468833804130554
155,39,1029.43994140625,353.6801452636719,1100.287109375,473.4017333984375,1064.863525390625,413.54095458984375,0.8345527648925781
155,3,527.7964477539062,523.8009033203125,587.3839111328125,693.390869140625,557.5902099609375,608.5958862304688,0.8802078366279602
155,52,449.61627197265625,308.56439208984375,501.63201904296875,438.5376281738281,475.6241455078125,373.551025390625,0.8571456074714661
155,21,1139.9058837890625,263.7384338378906,1193.66845703125,363.3266296386719,1166.787109375,313.53253173828125,0.8152845501899719
155,41,523.0885620117188,351.66143798828125,554.7945556640625,490.90460205078125,538.9415283203125,421.28302001953125,0.7577247023582458
155,47,47.45357131958008,533.396240234375,118.95574188232422,718.143310546875,83.20465850830078,625.769775390625,0.49992191791534424
156,5,532.40869140625,403.8893737792969,575.65478515625,542.48779296875,554.03173828125,473.1885986328125,0.7760152816772461
156,16,851.2586669921875,437.4286193847656,975.5481567382812,523.984375,913.4034423828125,480.70648193359375,0.6853944063186646
156,8,713.489501953125,401.04510498046875,787.9823608398438,547.9290161132812,750.7359619140625,474.487060546875,0.9187765121459961
156,43,310.6283874511719,354.7503662109375,370.73748779296875,474.38934326171875,340.68292236328125,414.5698547363281,0.8922913670539856
156,12,698.2075805664062,335.372802734375,762.9669189453125,446.2364501953125,730.5872802734375,390.80462646484375,0.7430634498596191
156,48,142.37152099609375,375.2451477050781,208.9215087890625,512.728759765625,175.64651489257812,443.9869384765625,0.9076274633407593
156,25,615.4827270507812,357.16583251953125,670.7376708984375,500.64996337890625,643.1102294921875,428.90789794921875,0.7201887965202332
156,39,1028.6417236328125,349.2232666015625,1096.161376953125,471.2923889160156,1062.401611328125,410.2578125,0.8373794555664062
156,3,526.6683349609375,522.5243530273438,586.212158203125,692.3587646484375,556.4402465820312,607.4415283203125,0.8870766758918762
156,52,443.2530822753906,307.13458251953125,498.80230712890625,436.99835205078125,471.0277099609375,372.06646728515625,0.870078444480896
156,21,1140.172119140625,261.6212463378906,1193.4976806640625,361.27850341796875,1166.8349609375,311.44989013671875,0.8166525959968567
156,41,520.953857421875,350.8736877441406,554.7339477539062,494.495849609375,537.8438720703125,422.68475341796875,0.7115228772163391
156,47,45.24248504638672,534.9624633789062,116.6151123046875,717.9546508789062,80.92880249023438,626.4585571289062,0.8487573266029358
156,58,63.43816375732422,447.2072448730469,136.86695861816406,585.2919311523438,100.15255737304688,516.2495727539062,0.5578336715698242
157,5,531.6883544921875,402.0671691894531,575.4081420898438,541.5419311523438,553.5482177734375,471.8045654296875,0.8026154637336731
157,16,834.376953125,436.63140869140625,980.1112060546875,522.670166015625,907.2440795898438,479.6507873535156,0.6492791175842285
157,8,712.353271484375,399.58642578125,785.4545288085938,546.1322631835938,748.9039306640625,472.8593444824219,0.9048284888267517
157,43,308.40789794921875,354.033935546875,367.08489990234375,472.7663269042969,337.74639892578125,413.400146484375,0.8909114003181458
157,12,695.896728515625,332.6004638671875,757.454345703125,427.6051025390625,726.675537109375,380.102783203125,0.8326614499092102
157,48,143.69070434570312,373.538818359375,207.7561492919922,512.7207641601562,175.72341918945312,443.1297912597656,0.8933477997779846
157,25,617.2346801757812,354.5509948730469,676.7957763671875,503.53472900390625,647.0152587890625,429.0428466796875,0.6736682653427124
157,39,1026.190185546875,345.13299560546875,1092.8206787109375,469.8764343261719,1059.50537109375,407.50469970703125,0.8506900072097778
157,3,525.584228515625,521.42919921875,585.04443359375,691.1629638671875,555.3143310546875,606.2960815429688,0.8760395050048828
157,52,436.9513244628906,306.3281555175781,496.1127014160156,436.3510437011719,466.5320129394531,371.339599609375,0.8789833188056946
157,21,1140.3155517578125,259.5829162597656,1193.6202392578125,359.58544921875,1166.9678955078125,309.58416748046875,0.8335960507392883
157,41,518.0726928710938,348.5045471191406,554.6642456054688,495.6864929199219,536.3684692382812,422.09552001953125,0.6379380226135254
157,47,43.688106536865234,532.8389282226562,114.29712677001953,717.6270751953125,78.99261474609375,625.2330322265625,0.8641640543937683
157,58,65.04891967773438,441.18902587890625,139.8529052734375,585.5197143554688,102.45091247558594,513.3543701171875,0.700893223285675
158,5,531.1836547851562,400.41741943359375,574.358642578125,540.1844482421875,552.7711181640625,470.3009338378906,0.8263861536979675
158,16,816.7614135742188,435.831787109375,980.0691528320312,519.4581298828125,898.415283203125,477.64495849609375,0.6522946357727051
158,8,710.0498046875,395.3197326660156,784.407958984375,544.28076171875,747.2288818359375,469.80023193359375,0.895235002040863
158,43,305.5301208496094,352.47418212890625,363.5233459472656,470.92938232421875,334.5267333984375,411.7017822265625,0.8797919154167175
158,12,693.8455200195312,328.7029724121094,754.0560302734375,418.5320129394531,723.9508056640625,373.61749267578125,0.8042844533920288
158,48,148.0124969482422,370.5042419433594,206.16319274902344,509.8310852050781,177.0878448486328,440.16766357421875,0.8853062391281128
158,25,616.8624877929688,354.49395751953125,678.2283935546875,503.1423645019531,647.54541015625,428.81817626953125,0.869949221611023
158,39,1022.9119262695312,341.09490966796875,1088.97021484375,466.6693115234375,1055.9410400390625,403.8821105957031,0.8149497509002686
158,3,524.7030029296875,519.1483764648438,584.2952880859375,690.0722045898438,554.4991455078125,604.6102905273438,0.8724184632301331
158,52,431.53515625,305.0634460449219,492.66680908203125,435.0650634765625,462.1009826660156,370.06427001953125,0.8986431956291199
158,21,1140.00341796875,256.895751953125,1194.0206298828125,358.4162292480469,1167.011962890625,307.656005859375,0.8428003787994385
158,41,514.9404296875,346.39105224609375,554.0001220703125,494.64739990234375,534.4702758789062,420.51922607421875,0.7219969034194946
158,47,41.402523040771484,530.50048828125,111.69259643554688,714.9609375,76.54756164550781,622.730712890625,0.8554065227508545
158,58,67.19576263427734,434.1387023925781,144.4178466796875,585.6791381835938,105.80680847167969,509.908935546875,0.7204886078834534
159,5,531.7142333984375,398.90582275390625,573.191650390625,538.7361450195312,552.4529418945312,468.82098388671875,0.7622122764587402
159,16,824.2959594726562,434.9728088378906,975.79443359375,513.3622436523438,900.045166015625,474.16754150390625,0.7755993604660034
159,8,709.0114135742188,392.1945495605469,784.137939453125,542.5878295898438,746.57470703125,467.39117431640625,0.8973805904388428
159,43,300.1786804199219,351.2623291015625,354.9152526855469,469.8529052734375,327.5469665527344,410.5576171875,0.8462027907371521
159,12,692.2520141601562,323.2925720214844,751.0359497070312,433.4897766113281,721.6439819335938,378.39117431640625,0.8059046864509583
159,48,154.3442840576172,367.3689880371094,203.86947631835938,507.8489990234375,179.10687255859375,437.6090087890625,0.8719906210899353
159,25,616.8591918945312,351.7938232421875,679.510986328125,502.3150329589844,648.18505859375,427.054443359375,0.8525995016098022
159,39,1017.6802368164062,338.38604736328125,1085.867919921875,465.70172119140625,1051.7740478515625,402.04388427734375,0.7766666412353516
159,3,522.7044067382812,517.0904541015625,583.461669921875,689.31494140625,553.0830078125,603.2026977539062,0.8579689860343933
159,52,426.84124755859375,303.6470031738281,489.0732421875,433.837646484375,457.9572448730469,368.7423095703125,0.880263090133667
159,21,1139.7813720703125,253.92465209960938,1194.7510986328125,356.4775695800781,1167.2662353515625,305.20111083984375,0.8483729958534241
159,41,512.0361328125,343.6714782714844,558.0614624023438,493.1698913574219,535.048828125,418.4206848144531,0.6603788733482361
159,47,38.73381805419922,529.2305908203125,110.20307922363281,712.0208740234375,74.46844482421875,620.625732421875,0.8467050194740295
159,58,68.57593536376953,428.35986328125,148.5006561279297,594.7252197265625,108.53829956054688,511.54254150390625,0.8717355132102966
160,5,529.9412231445312,396.4741516113281,572.4686889648438,537.672119140625,551.2049560546875,467.0731201171875,0.7940959334373474
160,16,825.458984375,434.3108215332031,969.7741088867188,513.3324584960938,897.6165771484375,473.8216552734375,0.8086023926734924
160,8,705.5946655273438,389.6985778808594,784.310546875,540.7796630859375,744.95263671875,465.2391357421875,0.8896182179450989
160,43,293.3297119140625,350.9717712402344,347.4410705566406,468.36669921875,320.3853759765625,409.66925048828125,0.8668297529220581
160,12,690.5831298828125,318.296875,748.2828979492188,438.03094482421875,719.4329833984375,378.1639099121094,0.8248752355575562
160,48,159.47149658203125,364.58502197265625,201.56553649902344,502.174072265625,180.51852416992188,433.3795471191406,0.8382408618927002
160,25,617.2783203125,350.527587890625,681.5913696289062,500.58758544921875,649.434814453125,425.5575866699219,0.6837620735168457
160,39,1016.1769409179688,337.4615783691406,1080.491943359375,467.5114440917969,1048.33447265625,402.48651123046875,0.7764644026756287
160,3,521.4581298828125,515.4260864257812,581.7025146484375,687.2402954101562,551.580322265625,601.3331909179688,0.8541519045829773
160,52,421.492431640625,301.1148681640625,484.85736083984375,431.96832275390625,453.1748962402344,366.5415954589844,0.8830573558807373
160,21,1139.573486328125,250.7781219482422,1194.4088134765625,354.5255432128906,1166.9912109375,302.6518249511719,0.853190541267395
160,41,508.88372802734375,339.4820251464844,546.6165161132812,489.51934814453125,527.7501220703125,414.50067138671875,0.7785606384277344
160,47,35.927642822265625,527.507080078125,108.2742691040039,710.6497802734375,72.1009521484375,619.0784301757812,0.8423009514808655
160,58,70.88826751708984,424.3717346191406,153.40577697753906,590.2796020507812,112.14701843261719,507.32568359375,0.8943761587142944
161,5,529.27685546875,394.46575927734375,572.2737426757812,535.9734497070312,550.7752685546875,465.2196044921875,0.7754834890365601
161,16,822.015869140625,435.4953918457031,965.3253173828125,511.5372314453125,893.6705932617188,473.51629638671875,0.815702497959137
161,8,698.387451171875,389.2264099121094,784.7904052734375,540.1016845703125,741.5889282226562,464.6640625,0.8985409140586853
161,43,284.71392822265625,350.7782897949219,341.6593322753906,466.8663635253906,313.1866455078125,408.82232666015625,0.8542447090148926
161,12,689.371826171875,314.10015869140625,745.4555053710938,438.0111389160156,717.4136962890625,376.0556640625,0.7681334614753723
161,48,161.35789489746094,362.3551940917969,203.80006408691406,498.2502136230469,182.5789794921875,430.3027038574219,0.8562542200088501
161,25,616.8350830078125,349.8478698730469,684.9771728515625,498.65283203125,650.9061279296875,424.2503662109375,0.7064802050590515
161,39,1015.8176879882812,337.3547668457031,1077.140625,470.23822021484375,1046.4791259765625,403.7965087890625,0.8811131715774536
161,3,520.3157958984375,512.1904907226562,580.4910278320312,685.5433349609375,550.4034423828125,598.866943359375,0.8320497274398804
161,52,418.5051574707031,299.1310729980469,480.31024169921875,429.66754150390625,449.40771484375,364.3992919921875,0.887811541557312
161,21,1139.3251953125,248.45278930664062,1194.926513671875,352.18560791015625,1167.1258544921875,300.3192138671875,0.8435600996017456
161,41,501.2008972167969,335.9234313964844,541.8710327148438,485.73126220703125,521.5359497070312,410.82733154296875,0.7227432727813721
161,47,33.66056823730469,526.2227172851562,107.19528198242188,710.0802001953125,70.42792510986328,618.1514892578125,0.8316419720649719
161,58,72.93321228027344,421.8556823730469,157.5014190673828,590.0240478515625,115.21731567382812,505.93988037109375,0.8865942358970642
162,5,528.8853759765625,393.2422790527344,572.1718139648438,534.1690673828125,550.528564453125,463.7056884765625,0.7879509925842285
162,16,817.4110107421875,438.0541076660156,961.8863525390625,509.5815734863281,889.648681640625,473.8178405761719,0.8222371935844421
162,8,692.744140625,390.57568359375,784.938720703125,540.2225341796875,738.8414306640625,465.39910888671875,0.8922755122184753
162,43,276.0503234863281,351.52587890625,336.8949279785156,466.7159729003906,306.4726257324219,409.12091064453125,0.8805561661720276
162,12,688.1998901367188,310.90155029296875,742.8053588867188,433.48358154296875,715.5026245117188,372.19256591796875,0.7899417877197266
162,48,162.6516876220703,360.9744873046875,207.60208129882812,503.9530029296875,185.12689208984375,432.4637451171875,0.8611598610877991
162,25,616.738525390625,349.1658020019531,687.2793579101562,499.36175537109375,652.0089111328125,424.2637939453125,0.7320864200592041
162,39,1006.9881591796875,339.17218017578125,1076.5797119140625,472.1159362792969,1041.783935546875,405.64404296875,0.891076385974884
162,3,518.7681274414062,510.68389892578125,579.4853515625,684.8819580078125,549.126708984375,597.782958984375,0.8445942997932434
162,52,415.6942138671875,296.95465087890625,476.2738342285156,427.9281311035156,445.9840087890625,362.44140625,0.86148601770401
162,21,1139.3277587890625,246.1675262451172,1195.2086181640625,350.13665771484375,1167.2681884765625,298.152099609375,0.8265268802642822
162,41,493.5938415527344,333.0108947753906,542.3271484375,486.9073791503906,517.9605102539062,409.9591369628906,0.7659318447113037
162,47,31.504941940307617,525.35888671875,105.04043579101562,709.859619140625,68.27268981933594,617.6092529296875,0.8173097372055054
162,58,75.47713470458984,421.1455383300781,160.342529296875,595.7340698242188,117.90983581542969,508.4398193359375,0.8731151223182678
163,5,528.8878173828125,392.349365234375,571.9927978515625,533.7792358398438,550.4403076171875,463.0643005371094,0.7913699150085449
163,16,812.437255859375,440.65167236328125,958.5355834960938,508.99176025390625,885.4864501953125,474.82171630859375,0.7932955622673035
163,8,689.3181762695312,393.6715393066406,785.177001953125,541.0294799804688,737.24755859375,467.35052490234375,0.8867671489715576
163,43,270.1522521972656,353.1234436035156,333.8451232910156,467.2303771972656,301.9986877441406,410.1769104003906,0.8935641050338745
163,12,684.125732421875,308.6571044921875,741.750732421875,431.3036804199219,712.938232421875,369.98040771484375,0.7072082757949829
163,48,164.0784454345703,361.40240478515625,213.00820922851562,504.5149230957031,188.5433349609375,432.95867919921875,0.8401145935058594
163,25,616.9760131835938,349.3542175292969,687.5676879882812,501.94464111328125,652.2718505859375,425.6494140625,0.8056644201278687
163,39,996.6265869140625,342.51214599609375,1077.737548828125,472.5922546386719,1037.18212890625,407.55218505859375,0.881352961063385
163,3,517.8734741210938,510.61138916015625,578.80517578125,684.7498168945312,548.33935546875,597.6806030273438,0.8544096946716309
163,52,413.599365234375,296.2791442871094,473.5374450683594,427.20599365234375,443.56842041015625,361.7425537109375,0.8623467087745667
163,21,1140.0455322265625,244.67425537109375,1195.83544921875,348.883544921875,1167.9404296875,296.7789001464844,0.8022326827049255
163,41,484.6531066894531,332.3959655761719,542.2329711914062,489.55596923828125,513.4430541992188,410.9759521484375,0.7663632035255432
163,47,28.634119033813477,525.2140502929688,107.64070892333984,709.9119873046875,68.13741302490234,617.56298828125,0.8340584635734558
163,58,78.08024597167969,422.49700927734375,164.3253631591797,598.001953125,121.20280456542969,510.2494812011719,0.8633952140808105
164,5,528.5750122070312,392.0968322753906,572.349853515625,533.5051879882812,550.46240234375,462.801025390625,0.7981460094451904
164,16,809.6500854492188,443.8405456542969,956.0045776367188,508.8037414550781,882.8273315429688,476.3221435546875,0.8070195913314819
164,8,686.097900390625,395.572265625,785.460205078125,545.0467529296875,735.779052734375,470.30950927734375,0.8870185613632202
164,43,266.7926940917969,354.2671813964844,332.21502685546875,468.1435852050781,299.50384521484375,411.20538330078125,0.8789592981338501
164,12,682.57373046875,306.9896545410156,740.6123657226562,426.1649475097656,711.593017578125,366.5773010253906,0.7521543502807617
164,48,165.38214111328125,363.2577819824219,219.82542419433594,508.1910400390625,192.60379028320312,435.72442626953125,0.8430423140525818
164,25,617.0828857421875,349.81024169921875,690.8370971679688,503.52545166015625,653.9599609375,426.6678466796875,0.8394472599029541
164,39,987.7509155273438,346.8719787597656,1078.906005859375,473.1668395996094,1033.3284912109375,410.0194091796875,0.8802981972694397
164,3,517.068115234375,511.6107482910156,577.8702392578125,685.4526977539062,547.4691772460938,598.53173828125,0.8593751788139343
164,52,412.2418212890625,295.0531311035156,471.75,427.0868225097656,441.99591064453125,361.0699768066406,0.8380467295646667
164,21,1141.05322265625,243.83143615722656,1196.9677734375,348.6615295410156,1169.010498046875,296.2464904785156,0.8244385123252869
164,41,475.66748046875,333.74725341796875,543.5365600585938,492.2710266113281,509.6020202636719,413.0091552734375,0.687135636806488
164,47,26.223522186279297,525.0824584960938,107.0562515258789,709.7255249023438,66.63988494873047,617.4039916992188,0.8234151601791382
164,58,80.45260620117188,425.47662353515625,169.1907501220703,599.93603515625,124.8216781616211,512.706298828125,0.8464122414588928
165,5,529.12255859375,392.39727783203125,573.1383056640625,534.2218017578125,551.1304321289062,463.3095397949219,0.8002042174339294
165,16,807.9125366210938,447.0160827636719,952.8009643554688,508.0342712402344,880.3567504882812,477.5251770019531,0.7978674173355103
165,8,683.2554321289062,396.3041687011719,785.5545043945312,548.2730102539062,734.4049682617188,472.28857421875,0.8850749731063843
165,43,265.6134948730469,355.15673828125,330.9049377441406,468.78790283203125,298.25921630859375,411.9723205566406,0.8675594329833984
165,12,680.3839111328125,306.0862121582031,738.591552734375,423.16650390625,709.4877319335938,364.6263427734375,0.7350817918777466
165,48,166.83091735839844,366.2959899902344,225.8704833984375,510.9520568847656,196.3507080078125,438.6240234375,0.8642498850822449
165,25,617.8344116210938,350.46209716796875,690.1581420898438,504.0800476074219,653.9962768554688,427.27105712890625,0.5043784379959106
165,39,980.7000122070312,350.526611328125,1079.8656005859375,474.0335388183594,1030.2828369140625,412.28009033203125,0.8773549199104309
165,3,516.8475341796875,511.8752136230469,577.4826049804688,686.9089965820312,547.1650390625,599.39208984375,0.8667907118797302
165,52,411.34375,292.494140625,470.7557373046875,427.31268310546875,441.04974365234375,359.9034118652344,0.7934053540229797
165,21,1141.989013671875,243.81227111816406,1198.5479736328125,348.5452880859375,1170.2685546875,296.17877197265625,0.8330058455467224
165,41,469.19482421875,335.2947082519531,535.6112670898438,493.77349853515625,502.4030456542969,414.53411865234375,0.6100846529006958
165,47,24.853967666625977,525.4884643554688,106.93781280517578,712.86767578125,65.89588928222656,619.1781005859375,0.832643449306488
165,58,83.45174407958984,430.22991943359375,173.8009033203125,600.0818481445312,128.62632751464844,515.1558837890625,0.8681107759475708
166,5,530.9932250976562,392.92205810546875,574.4445190429688,535.3804931640625,552.7188720703125,464.1512756347656,0.7935357689857483
166,16,807.3547973632812,448.8611145019531,950.9334106445312,507.422119140625,879.1441040039062,478.1416015625,0.8023475408554077
166,43,264.7891845703125,355.5443115234375,329.32806396484375,469.8645324707031,297.0586242675781,412.70440673828125,0.8369787931442261
166,12,678.7383422851562,305.9412841796875,736.9940795898438,422.948486328125,707.8662109375,364.44488525390625,0.7576317191123962
166,48,167.60775756835938,370.27099609375,228.9882049560547,512.9170532226562,198.2979736328125,441.5940246582031,0.8760184645652771
166,25,618.4869384765625,354.2231140136719,673.6217651367188,505.2002868652344,646.0543212890625,429.7117004394531,0.7109581232070923
166,39,974.784912109375,352.99688720703125,1080.323486328125,475.10589599609375,1027.55419921875,414.0513916015625,0.8790854811668396
166,3,516.9841918945312,510.9872741699219,577.783447265625,688.2598876953125,547.3837890625,599.6235961914062,0.8597272634506226
166,52,410.1732482910156,293.68798828125,468.60260009765625,428.1716003417969,439.387939453125,360.9298095703125,0.8123044371604919
166,21,1143.9339599609375,244.05299377441406,1200.6307373046875,348.521728515625,1172.2823486328125,296.287353515625,0.8244491815567017
166,41,465.04229736328125,339.0606384277344,529.0746459960938,497.129638671875,497.0584716796875,418.09515380859375,0.8286541700363159
166,47,24.135175704956055,526.0865478515625,100.49026489257812,713.5618286132812,62.312721252441406,619.82421875,0.8388966917991638
166,58,86.62600708007812,434.7815246582031,176.44964599609375,601.5321655273438,131.53782653808594,518.1568603515625,0.8832578659057617
166,60,582.5805053710938,179.4476318359375,625.1895141601562,322.7709045410156,603.885009765625,251.10926818847656,0.40318983793258667
167,5,531.4751586914062,393.4373779296875,575.8842163085938,535.3651733398438,553.6796875,464.4012756347656,0.7962580323219299
167,16,807.1390380859375,448.78350830078125,949.8402099609375,506.2988586425781,878.4896240234375,477.54119873046875,0.7713269591331482
167,43,263.54022216796875,355.5199279785156,326.4373474121094,470.87158203125,294.98876953125,413.19573974609375,0.8061004877090454
167,12,675.047607421875,305.8967590332031,733.92724609375,422.4665832519531,704.4874267578125,364.1816711425781,0.6903918385505676
167,48,167.84619140625,374.2256164550781,230.92108154296875,513.6218872070312,199.38363647460938,443.92376708984375,0.8803614974021912
167,25,618.8026123046875,355.4798889160156,669.791748046875,506.3412780761719,644.2971801757812,430.91058349609375,0.7440243363380432
167,39,973.561767578125,354.0781555175781,1079.41943359375,475.3831787109375,1026.4906005859375,414.73065185546875,0.8667089343070984
167,3,516.947021484375,512.277099609375,578.0659790039062,689.6358642578125,547.5064697265625,600.9564819335938,0.8693265318870544
167,52,408.84210205078125,295.86883544921875,462.7108459472656,429.2463684082031,435.7764892578125,362.5576171875,0.8198472261428833
167,21,1145.51025390625,244.29525756835938,1201.8984375,348.8696594238281,1173.704345703125,296.58245849609375,0.7941197156906128
167,41,462.7760925292969,342.99530029296875,525.9296875,500.78594970703125,494.3529052734375,421.890625,0.8379087448120117
167,47,23.336042404174805,526.891357421875,97.07201385498047,715.8101806640625,60.20402908325195,621.3507690429688,0.8575534224510193
167,58,89.48535919189453,438.729248046875,176.7296142578125,605.4240112304688,133.10748291015625,522.07666015625,0.8957030177116394
167,8,685.8826904296875,397.5623474121094,781.8712158203125,550.8740844726562,733.876953125,474.21820068359375,0.8657075762748718
168,5,532.0117797851562,394.144287109375,576.65576171875,536.5844116210938,554.333740234375,465.3643493652344,0.7824787497520447
168,16,807.739013671875,446.99871826171875,949.3499755859375,507.1434020996094,878.5444946289062,477.071044921875,0.7690116167068481
168,43,261.4103088378906,355.2792053222656,321.2218017578125,471.8033447265625,291.3160400390625,413.541259765625,0.8271151781082153
168,12,674.7012329101562,306.30242919921875,730.4547729492188,421.25543212890625,702.5780029296875,363.7789306640625,0.6179865002632141
168,48,168.38233947753906,376.69073486328125,230.6728057861328,515.36376953125,199.52757263183594,446.0272521972656,0.8871418833732605
168,25,619.2354125976562,355.86407470703125,669.5733032226562,507.52923583984375,644.4043579101562,431.6966552734375,0.7888107299804688
168,39,972.8783569335938,354.75909423828125,1076.8218994140625,475.7434997558594,1024.85009765625,415.25128173828125,0.8913693428039551
168,3,516.7337646484375,513.538818359375,578.0934448242188,691.37939453125,547.41357421875,602.4591064453125,0.8783562779426575
168,52,407.0773010253906,296.6307373046875,455.8650817871094,430.5672302246094,431.47119140625,363.5989990234375,0.8149346709251404
168,21,1147.4886474609375,244.49551391601562,1203.5234375,349.1432189941406,1175.506103515625,296.8193664550781,0.8197342753410339
168,41,462.5575866699219,343.71917724609375,524.8964233398438,503.6062927246094,493.72698974609375,423.6627197265625,0.8222991824150085
168,47,22.348125457763672,528.135009765625,94.79281616210938,717.6359252929688,58.570472717285156,622.885498046875,0.8621142506599426
168,58,92.3104019165039,441.2019348144531,175.94200134277344,607.075927734375,134.12620544433594,524.138916015625,0.904293954372406
168,8,685.8541259765625,398.7878723144531,775.1113891601562,552.2861328125,730.4827880859375,475.5369873046875,0.871256947517395
169,5,532.5453491210938,395.615234375,577.6279296875,537.8718872070312,555.086669921875,466.7435607910156,0.8133701086044312
169,16,809.3999633789062,444.95477294921875,950.125,507.2488708496094,879.762451171875,476.101806640625,0.8039373755455017
169,43,258.08758544921875,354.82177734375,313.25848388671875,472.7987365722656,285.67303466796875,413.81024169921875,0.8557780981063843
169,12,675.212646484375,307.0985107421875,727.4671020507812,419.4124450683594,701.33984375,363.2554931640625,0.6273024082183838
169,48,170.71469116210938,377.5957336425781,228.64730834960938,517.3299560546875,199.68099975585938,447.46282958984375,0.8802207708358765
169,25,620.366943359375,355.2182922363281,666.380126953125,508.7620849609375,643.37353515625,431.99017333984375,0.8084875345230103
169,39,974.3880615234375,354.854736328125,1072.1767578125,475.4638366699219,1023.2824096679688,415.1593017578125,0.909084677696228
169,3,517.0540771484375,514.306640625,578.6600952148438,692.7749633789062,547.8570556640625,603.540771484375,0.8810721039772034
169,52,404.8480224609375,296.7755126953125,450.35687255859375,431.8072204589844,427.6024475097656,364.2913818359375,0.8151289820671082
169,21,1149.502197265625,245.08062744140625,1205.7440185546875,350.6430969238281,1177.623046875,297.86187744140625,0.8157781958580017
169,41,464.69757080078125,346.42376708984375,524.8401489257812,505.7516174316406,494.76885986328125,426.08770751953125,0.8403702974319458
169,47,21.59874725341797,529.53076171875,93.58001708984375,719.0302734375,57.58938217163086,624.280517578125,0.8689237236976624
169,58,92.86402130126953,442.8236999511719,175.34388732910156,608.5272827148438,134.1039581298828,525.6754760742188,0.9099498987197876
169,8,686.347900390625,398.7777099609375,766.783447265625,553.3301391601562,726.565673828125,476.0539245605469,0.8689935803413391
170,5,533.0017700195312,397.1181945800781,578.4019165039062,538.3844604492188,555.7018432617188,467.7513427734375,0.8194879293441772
170,16,812.2237548828125,442.5408020019531,951.371337890625,507.4832458496094,881.7975463867188,475.01202392578125,0.8007182478904724
170,43,254.8533172607422,354.5518493652344,305.1753845214844,473.9127502441406,280.01434326171875,414.2322998046875,0.8913832306861877
170,12,676.1119995117188,307.3650817871094,725.7532348632812,417.18145751953125,700.9326171875,362.27325439453125,0.5931501984596252
170,48,172.2008514404297,377.7330322265625,226.7307586669922,518.5126342773438,199.46580505371094,448.1228332519531,0.875810980796814
170,25,622.1025390625,354.4658203125,666.7516479492188,510.3485107421875,644.4271240234375,432.40716552734375,0.8292484879493713
170,39,976.459228515625,355.0068054199219,1065.63818359375,477.02728271484375,1021.0487060546875,416.01702880859375,0.9038109183311462
170,3,517.35693359375,516.9880981445312,579.45068359375,694.4736938476562,548.40380859375,605.7308959960938,0.8845087289810181
170,52,401.71990966796875,297.19287109375,447.58648681640625,432.8377990722656,424.6531982421875,365.01531982421875,0.8467673063278198
170,21,1151.3240966796875,246.26437377929688,1209.2711181640625,352.1833190917969,1180.297607421875,299.2238464355469,0.8367745280265808
170,41,469.5260314941406,353.4082336425781,526.5535888671875,507.4744873046875,498.039794921875,430.44134521484375,0.8689137697219849
170,47,20.856487274169922,530.9393310546875,91.92781066894531,719.5108032226562,56.39215087890625,625.22509765625,0.8778009414672852
170,58,90.07624816894531,443.76025390625,173.7841796875,612.809326171875,131.93020629882812,528.2847900390625,0.9076454639434814
170,8,688.237060546875,398.0605163574219,759.0501098632812,555.4822998046875,723.6435546875,476.77142333984375,0.8829938769340515
171,5,533.1145629882812,397.8248596191406,579.3242797851562,539.1148071289062,556.2194213867188,468.4698486328125,0.8297442197799683
171,16,816.5401611328125,440.2057189941406,953.0300903320312,507.3804626464844,884.78515625,473.7930908203125,0.8072600364685059
171,43,251.1479949951172,354.4898376464844,301.2722473144531,474.3960876464844,276.2101135253906,414.4429626464844,0.8867468237876892
171,12,676.1861572265625,306.20928955078125,726.3387451171875,411.97955322265625,701.262451171875,359.09442138671875,0.5869298577308655
171,48,171.79071044921875,376.9068298339844,225.1563720703125,519.164306640625,198.47354125976562,448.03558349609375,0.8716954588890076
171,25,624.0989379882812,353.6050109863281,664.6710815429688,511.5066223144531,644.385009765625,432.5558166503906,0.8399639129638672
171,39,978.516845703125,354.4772644042969,1058.3643798828125,477.31964111328125,1018.4406127929688,415.8984375,0.895707905292511
171,3,517.8130493164062,519.0216674804688,580.007080078125,695.7401733398438,548.9100341796875,607.3809204101562,0.8859382271766663
171,52,398.584716796875,296.5106201171875,445.32135009765625,433.6523132324219,421.9530334472656,365.08148193359375,0.8774423003196716
171,21,1153.8505859375,246.90255737304688,1210.853759765625,352.7867736816406,1182.3521728515625,299.84466552734375,0.8423680663108826
171,41,474.8145751953125,359.3172302246094,528.1608276367188,508.7900390625,501.4877014160156,434.05364990234375,0.8686356544494629
171,47,20.18163299560547,531.8702392578125,91.26283264160156,719.3720703125,55.722232818603516,625.6211547851562,0.8764379024505615
171,58,84.95848846435547,444.3623046875,172.46530151367188,614.28515625,128.71189880371094,529.32373046875,0.9047019481658936
171,8,689.3477783203125,394.75262451171875,756.309814453125,557.4635009765625,722.8287963867188,476.1080627441406,0.8952961564064026
172,5,533.296630859375,398.4151916503906,580.4944458007812,541.8926391601562,556.8955078125,470.1539306640625,0.8382731676101685
172,16,820.9879150390625,437.3255615234375,955.4891967773438,508.6513366699219,888.238525390625,472.98846435546875,0.7869584560394287
172,43,247.41134643554688,354.66168212890625,299.8578186035156,474.82598876953125,273.63458251953125,414.74383544921875,0.8802074193954468
172,12,674.5331420898438,330.4945983886719,721.0512084960938,444.49554443359375,697.7921752929688,387.49505615234375,0.5472803115844727
172,48,171.14093017578125,376.2052001953125,224.22503662109375,519.7698364257812,197.6829833984375,447.9875183105469,0.8693906664848328
172,25,626.5614624023438,352.6431884765625,665.7127075195312,511.93218994140625,646.1370849609375,432.2876892089844,0.8108568787574768
172,39,980.4381713867188,353.4872741699219,1050.4678955078125,478.6946716308594,1015.4530029296875,416.0909729003906,0.8898838758468628
172,3,518.1220092773438,520.0069580078125,580.3240356445312,696.5543212890625,549.2230224609375,608.2806396484375,0.8904263973236084
172,52,393.2982482910156,297.0908203125,443.01092529296875,434.3179626464844,418.15460205078125,365.70440673828125,0.879485547542572
172,21,1155.9263916015625,246.48562622070312,1213.1116943359375,353.6083068847656,1184.51904296875,300.0469665527344,0.8442763090133667
172,41,478.802490234375,362.02520751953125,530.4796752929688,509.2769470214844,504.6410827636719,435.65106201171875,0.8428905010223389
172,47,19.89573860168457,532.4407958984375,92.14036560058594,719.0728759765625,56.01805114746094,625.7568359375,0.8601449131965637
172,58,86.04010009765625,444.4189147949219,175.2113494873047,613.2380981445312,130.625732421875,528.8284912109375,0.8402412533760071
172,8,690.4857177734375,393.662353515625,755.9160766601562,559.167724609375,723.200927734375,476.4150390625,0.9008529782295227
173,5,533.1796875,398.8951416015625,581.6101684570312,543.741455078125,557.3948974609375,471.31829833984375,0.8369524478912354
173,16,824.1878051757812,434.5066833496094,958.0047607421875,509.946533203125,891.0963134765625,472.22662353515625,0.8396398425102234
173,43,241.59120178222656,355.802734375,297.988037109375,475.10003662109375,269.78961181640625,415.4513854980469,0.843899667263031
173,48,170.70069885253906,375.9862365722656,223.657958984375,520.4369506835938,197.1793212890625,448.21160888671875,0.8570998907089233
173,25,628.7808837890625,352.285888671875,669.2086791992188,512.487548828125,648.9947509765625,432.38671875,0.813265860080719
173,39,981.6845703125,352.52825927734375,1043.704345703125,480.271484375,1012.6944580078125,416.3998718261719,0.9008526802062988
173,3,518.2264404296875,520.362060546875,580.3911743164062,696.9782104492188,549.308837890625,608.670166015625,0.8851510286331177
173,52,386.88287353515625,298.9015197753906,440.4215393066406,434.6609191894531,413.6522216796875,366.7812194824219,0.8942004442214966
173,21,1157.2176513671875,246.63601684570312,1215.1981201171875,354.0133972167969,1186.2078857421875,300.32470703125,0.8557725548744202
173,41,479.9163513183594,362.96612548828125,532.4691162109375,509.2298583984375,506.1927490234375,436.0979919433594,0.8170639276504517
173,47,19.364038467407227,532.7861938476562,94.77149200439453,718.9412231445312,57.06776428222656,625.8637084960938,0.8680708408355713
173,58,85.08882904052734,444.6690673828125,184.01316833496094,613.9512939453125,134.55099487304688,529.3101806640625,0.8981450200080872
173,8,690.9658203125,390.70819091796875,755.6132202148438,559.1201171875,723.28955078125,474.9141540527344,0.9055188298225403
173,62,589.2999267578125,400.1114196777344,613.301025390625,542.3287353515625,601.3004760742188,471.2200927734375,0.503288984298706
174,5,531.9722900390625,399.0329895019531,582.8438110351562,544.6450805664062,557.4080810546875,471.83905029296875,0.8319430351257324
174,16,826.364013671875,431.4950256347656,959.7183837890625,510.2453918457031,893.0411987304688,470.8702087402344,0.8452222943305969
174,43,231.98648071289062,357.5643615722656,292.3702087402344,475.5776672363281,262.1783447265625,416.5710144042969,0.8313061594963074
174,48,170.46395874023438,376.45062255859375,222.29432678222656,521.837890625,196.379150390625,449.1442565917969,0.8446105122566223
174,25,631.114013671875,352.230712890625,670.8748168945312,509.3315734863281,650.994384765625,430.7811279296875,0.8379538059234619
174,39,981.2704467773438,351.1527404785156,1039.679443359375,482.6174621582031,1010.4749755859375,416.8851013183594,0.9079976677894592
174,3,518.2042846679688,520.3494262695312,580.4490966796875,697.30078125,549.32666015625,608.8250732421875,0.8884490728378296
174,52,378.7404479980469,300.1236877441406,437.86297607421875,434.416748046875,408.30169677734375,367.27020263671875,0.9000842571258545
174,21,1158.419189453125,245.94126892089844,1216.5966796875,353.7614440917969,1187.5079345703125,299.8513488769531,0.8449756503105164
174,41,480.6551208496094,362.9260559082031,534.0018310546875,508.9260559082031,507.3284912109375,435.9260559082031,0.7906031012535095
174,47,18.790441513061523,533.223876953125,99.39604949951172,718.9598999023438,59.09324645996094,626.0919189453125,0.8821144104003906
174,58,86.53069305419922,443.73187255859375,194.49169921875,609.06494140625,140.51119995117188,526.3984375,0.8204176425933838
174,8,691.140869140625,387.973388671875,755.1812744140625,556.526611328125,723.1610717773438,472.25,0.9041480422019958
174,12,674.6959228515625,308.6980285644531,729.5663452148438,445.9437561035156,702.131103515625,377.3208923339844,0.5818208456039429
175,5,529.542236328125,399.09112548828125,583.09033203125,545.1544799804688,556.3162841796875,472.122802734375,0.8229881525039673
175,16,828.747802734375,428.43231201171875,961.6045532226562,512.1141967773438,895.1761474609375,470.27325439453125,0.8206697702407837
175,43,219.87196350097656,359.63287353515625,290.435546875,475.69390869140625,255.15374755859375,417.66339111328125,0.8074568510055542
175,48,170.13406372070312,377.743896484375,220.10252380371094,521.3649291992188,195.1182861328125,449.5544128417969,0.842576801776886
175,25,631.9739379882812,352.1739807128906,674.6618041992188,505.34661865234375,653.31787109375,428.76031494140625,0.8482279777526855
175,39,980.981689453125,350.1824645996094,1038.065185546875,484.27557373046875,1009.5234375,417.22900390625,0.8964970707893372
175,3,517.9415283203125,520.4094848632812,580.2822265625,697.7056884765625,549.1118774414062,609.0576171875,0.8871634602546692
175,52,372.5279235839844,301.0926818847656,435.2321472167969,434.432861328125,403.8800354003906,367.76275634765625,0.9109585285186768
175,21,1160.5419921875,245.17222595214844,1217.84423828125,352.9181823730469,1189.193115234375,299.0451965332031,0.8345900177955627
175,41,480.7105407714844,359.87847900390625,536.3363037109375,508.8020935058594,508.5234375,434.34027099609375,0.7974693775177002
175,47,17.253623962402344,533.4473266601562,102.70304107666016,719.16259765625,59.97833251953125,626.304931640625,0.8870614171028137
175,58,90.22758483886719,441.6318664550781,194.2021942138672,596.5567016601562,142.2148895263672,519.0942993164062,0.8404651880264282
175,8,691.4410400390625,389.8124084472656,753.9583740234375,553.8812866210938,722.69970703125,471.84686279296875,0.9066857099533081
175,12,676.5166015625,302.3407287597656,733.0814208984375,410.1497802734375,704.7990112304688,356.2452392578125,0.5585901737213135
176,5,529.81494140625,398.9970397949219,583.3401489257812,545.4055786132812,556.5775146484375,472.2012939453125,0.828249454498291
176,16,830.422119140625,426.4261779785156,962.6061401367188,512.9959106445312,896.51416015625,469.7110595703125,0.8369969129562378
176,43,208.3665313720703,361.6929016113281,284.0321350097656,476.09228515625,246.1993408203125,418.892578125,0.8013307452201843
176,48,170.09698486328125,379.62554931640625,219.13491821289062,520.7764892578125,194.61595153808594,450.2010192871094,0.8245575428009033
176,25,632.8886108398438,352.3725891113281,678.1204833984375,503.5848693847656,655.5045166015625,427.9787292480469,0.8413869142532349
176,39,980.5601196289062,350.1235046386719,1036.68408203125,486.0197448730469,1008.6220703125,418.0716247558594,0.8917148113250732
176,3,517.6463623046875,520.5480346679688,580.23876953125,698.4801635742188,548.9425659179688,609.5140991210938,0.8860129117965698
176,52,368.0777282714844,302.135009765625,432.0555419921875,434.2674560546875,400.066650390625,368.20123291015625,0.9251939058303833
176,21,1161.91650390625,244.84414672851562,1219.2086181640625,353.1807556152344,1190.5625,299.012451171875,0.8328375816345215
176,41,480.7737121582031,354.9602355957031,536.90087890625,508.6545715332031,508.8372802734375,431.8074035644531,0.8128460645675659
176,47,16.32468605041504,533.559814453125,99.91661834716797,719.135986328125,58.12065124511719,626.347900390625,0.8652225732803345
176,58,84.11132049560547,439.5791320800781,192.24618530273438,610.99951171875,138.1787567138672,525.289306640625,0.8414594531059265
176,8,689.7337646484375,390.4271240234375,752.1527099609375,552.4651489257812,720.9432373046875,471.4461364746094,0.9126104712486267
176,12,679.5022583007812,299.06365966796875,736.674072265625,397.1727600097656,708.088134765625,348.11822509765625,0.6133213043212891
177,5,530.2566528320312,398.0658874511719,583.739013671875,545.167236328125,556.997802734375,471.6165771484375,0.8203962445259094
177,16,833.9489135742188,425.760498046875,965.0189208984375,512.5977172851562,899.48388671875,469.1791076660156,0.8335484266281128
177,43,202.70526123046875,362.61944580078125,279.74853515625,476.202880859375,241.22689819335938,419.4111633300781,0.6067495346069336
177,48,169.8996124267578,381.3370361328125,218.456787109375,528.7833251953125,194.17819213867188,455.0601806640625,0.7904341220855713
177,25,634.313232421875,352.3888244628906,681.6117553710938,503.7571105957031,657.9625244140625,428.0729675292969,0.8415766358375549
177,39,981.5362548828125,350.990966796875,1036.4400634765625,487.0046081542969,1008.9881591796875,418.997802734375,0.8975874185562134
177,3,517.6764526367188,520.537841796875,580.3768920898438,699.2417602539062,549.0266723632812,609.8897705078125,0.8897449374198914
177,52,365.3529357910156,303.136962890625,429.0863037109375,434.40838623046875,397.2196044921875,368.7726745605469,0.9164211750030518
177,21,1163.8616943359375,244.04928588867188,1221.3895263671875,353.3496398925781,1192.6256103515625,298.699462890625,0.8454118371009827
177,41,481.4831848144531,349.9646301269531,539.2709350585938,508.5270690917969,510.3770751953125,429.245849609375,0.7759003639221191
177,47,15.19782829284668,533.775390625,108.994140625,719.1835327148438,62.095985412597656,626.4794921875,0.8421230912208557
177,58,86.9468002319336,439.0649108886719,189.299072265625,613.75146484375,138.12294006347656,526.408203125,0.8354953527450562
177,8,686.378662109375,387.508544921875,750.3231811523438,551.2474365234375,718.3509521484375,469.37799072265625,0.9165673851966858
177,12,683.3740844726562,296.1187438964844,741.4171752929688,406.07965087890625,712.3956298828125,351.09918212890625,0.43054333329200745
178,5,528.8360595703125,395.207275390625,583.387939453125,545.1343994140625,556.1119995117188,470.17083740234375,0.8184366226196289
178,16,835.7714233398438,425.5956115722656,968.1881103515625,513.2879638671875,901.979736328125,469.4417724609375,0.8042744994163513
178,43,202.1316680908203,362.8398132324219,277.2379455566406,476.3641357421875,239.684814453125,419.60198974609375,0.7911293506622314
178,48,169.60272216796875,383.1814270019531,217.6079864501953,535.5095825195312,193.6053466796875,459.34552001953125,0.7985356450080872
178,25,635.5534057617188,352.62237548828125,684.5072021484375,503.84613037109375,660.0302734375,428.2342529296875,0.8344137072563171
178,39,983.046142578125,352.3607482910156,1036.259033203125,487.0401306152344,1009.652587890625,419.700439453125,0.894522488117218
178,3,517.7356567382812,520.814208984375,580.5242309570312,699.7333984375,549.1299438476562,610.2738037109375,0.8933639526367188
178,52,363.42132568359375,303.7011413574219,426.9817810058594,434.5574035644531,395.2015380859375,369.1292724609375,0.9066965579986572
178,21,1165.62158203125,242.61619567871094,1224.059326171875,353.18133544921875,1194.8404541015625,297.8987731933594,0.8543947339057922
178,41,482.6274108886719,345.14703369140625,541.0935668945312,508.8360290527344,511.8604736328125,426.99151611328125,0.7757074236869812
178,47,14.097953796386719,533.9599609375,114.56627655029297,719.2784423828125,64.33211517333984,626.6192016601562,0.8757856488227844
178,58,88.35750579833984,438.9673156738281,180.685791015625,598.8253784179688,134.5216522216797,518.8963623046875,0.832567572593689
178,8,683.69677734375,387.7428283691406,749.5929565429688,549.3292846679688,716.6448974609375,468.53607177734375,0.9223999977111816
178,12,682.9434204101562,294.1278076171875,744.4151000976562,419.7108154296875,713.6792602539062,356.9193115234375,0.6712273955345154
178,60,585.5254516601562,178.7430877685547,628.7517700195312,324.9305725097656,607.1386108398438,251.83682250976562,0.4001747965812683
179,5,526.8997192382812,396.81402587890625,582.6835327148438,544.827392578125,554.7916259765625,470.8207092285156,0.798289954662323
179,16,837.1324462890625,426.35498046875,969.7315063476562,514.81982421875,903.4320068359375,470.58740234375,0.787425696849823
179,43,201.61524963378906,363.9704895019531,275.7808837890625,476.60736083984375,238.69805908203125,420.2889404296875,0.7696665525436401
179,48,168.93128967285156,384.75836181640625,216.84994506835938,536.53271484375,192.890625,460.6455383300781,0.7615894079208374
179,25,636.79443359375,352.60491943359375,688.1510620117188,504.3278503417969,662.4727783203125,428.46636962890625,0.8058041930198669
179,39,984.1826782226562,353.6638488769531,1036.89892578125,489.263916015625,1010.540771484375,421.4638671875,0.900786280632019
179,3,517.7857055664062,521.4100952148438,580.6506958007812,700.9742431640625,549.2182006835938,611.192138671875,0.8915414214134216
179,52,362.3210144042969,304.1733703613281,423.7784423828125,434.9719543457031,393.04974365234375,369.5726623535156,0.8804029822349548
179,21,1167.9615478515625,242.2655029296875,1226.4576416015625,353.5238952636719,1197.2095947265625,297.89471435546875,0.8453313112258911
179,41,484.32086181640625,345.9513244628906,542.2671508789062,507.8429870605469,513.2940063476562,426.89715576171875,0.7099068760871887
179,47,12.423113822937012,534.8563842773438,116.68126678466797,719.2164916992188,64.55219268798828,627.0364379882812,0.8871443271636963
179,58,87.68289947509766,440.32763671875,177.7352294921875,598.142578125,132.7090606689453,519.235107421875,0.8565232753753662
179,8,678.218017578125,391.6372985839844,750.0728759765625,548.4968872070312,714.1454467773438,470.06707763671875,0.8974353075027466
179,12,689.6781616210938,292.52984619140625,747.7568359375,416.9325866699219,718.717529296875,354.731201171875,0.7075710892677307
180,5,525.2893676757812,400.5105895996094,582.3341674804688,545.9906616210938,553.811767578125,473.2506103515625,0.7628453373908997
180,16,840.3154907226562,427.9239501953125,973.8484497070312,517.0248413085938,907.0819702148438,472.4743957519531,0.8028398752212524
180,43,200.3169708251953,365.117919921875,274.69091796875,477.3218994140625,237.50393676757812,421.21990966796875,0.7272806763648987
180,48,169.6872100830078,386.8129577636719,218.20846557617188,525.9057006835938,193.94784545898438,456.35931396484375,0.6667782664299011
180,25,637.5257568359375,352.5627746582031,692.8800048828125,505.2875671386719,665.202880859375,428.9251708984375,0.7830978035926819
180,39,987.0064697265625,355.26031494140625,1037.0887451171875,492.1781311035156,1012.047607421875,423.71923828125,0.8810761570930481
180,3,518.019775390625,522.0762939453125,581.0604248046875,702.2960815429688,549.5401000976562,612.1861572265625,0.8945703506469727
180,52,362.19073486328125,304.2136535644531,419.3356018066406,435.8202209472656,390.76318359375,370.0169372558594,0.8638388514518738
180,21,1170.6690673828125,242.198974609375,1229.27490234375,353.4458923339844,1199.971923828125,297.82244873046875,0.8451868295669556
180,41,486.09161376953125,349.87677001953125,555.6467895507812,506.5906066894531,520.8692016601562,428.23370361328125,0.7680038213729858
180,47,11.234511375427246,535.749267578125,118.06363677978516,719.0673217773438,64.6490707397461,627.4083251953125,0.8932989835739136
180,58,87.19757843017578,440.8778991699219,190.04852294921875,592.1787719726562,138.623046875,516.5283203125,0.8225640654563904
180,8,674.426025390625,390.61309814453125,751.1727294921875,548.3187255859375,712.7993774414062,469.4659118652344,0.8708334565162659
180,12,693.0089721679688,289.7547912597656,750.28759765625,426.8047790527344,721.6483154296875,358.27978515625,0.42438334226608276
181,5,525.4407958984375,404.5736999511719,581.90283203125,545.8444213867188,553.6718139648438,475.20904541015625,0.7692333459854126
181,16,842.8268432617188,428.3495178222656,977.1470336914062,519.3546752929688,909.9869384765625,473.85211181640625,0.8374477624893188
181,43,204.08114624023438,365.32525634765625,273.1050109863281,476.6587829589844,238.59307861328125,420.99200439453125,0.6775047779083252
181,48,171.00665283203125,387.7287902832031,220.94642639160156,519.8569946289062,195.97653198242188,453.79290771484375,0.6840112805366516
181,25,638.0966186523438,351.8740234375,696.1619873046875,504.9498291015625,667.1292724609375,428.41192626953125,0.8056495189666748
181,39,990.04296875,356.9795837402344,1038.093505859375,493.9470520019531,1014.0682373046875,425.46331787109375,0.8773947358131409
181,3,518.546630859375,522.7723999023438,581.6483764648438,704.027587890625,550.0975341796875,613.4000244140625,0.8926719427108765
181,52,362.1823425292969,303.8483581542969,415.942626953125,435.9413146972656,389.0625,369.89483642578125,0.8528072834014893
181,21,1172.8017578125,242.29127502441406,1232.3511962890625,352.9720458984375,1202.576416015625,297.63165283203125,0.8439463376998901
181,41,489.76446533203125,351.76611328125,560.0830078125,505.65582275390625,524.9237060546875,428.7109680175781,0.7683880925178528
181,47,10.746866226196289,536.2012329101562,119.77349090576172,718.5730590820312,65.26017761230469,627.3871459960938,0.8978285789489746
181,58,86.76287078857422,441.0865478515625,192.20877075195312,592.031982421875,139.48582458496094,516.5592651367188,0.8509020209312439
181,8,672.737060546875,389.6358642578125,752.218994140625,548.0764770507812,712.47802734375,468.8561706542969,0.8732548356056213
181,12,698.4723510742188,285.5235595703125,752.8651123046875,445.6961669921875,725.668701171875,365.60986328125,0.4659607708454132
182,5,525.3831176757812,406.29974365234375,582.3002319335938,546.1376342773438,553.8416748046875,476.21868896484375,0.7282345294952393
182,16,847.0386962890625,428.4661865234375,980.33935546875,521.9811401367188,913.6890258789062,475.2236633300781,0.8437008857727051
182,43,204.79827880859375,365.0174560546875,269.0543518066406,477.8936767578125,236.9263153076172,421.45556640625,0.6705061793327332
182,48,173.93203735351562,387.55633544921875,222.84555053710938,514.3089599609375,198.3887939453125,450.9326477050781,0.627106785774231
182,25,638.0641479492188,351.0921936035156,697.8775634765625,504.7593078613281,667.9708251953125,427.9257507324219,0.7762632966041565
182,39,992.7411499023438,358.0678405761719,1039.3150634765625,495.10479736328125,1016.028076171875,426.5863037109375,0.8588466048240662
182,3,519.2734375,523.520263671875,582.8685913085938,705.4916381835938,551.071044921875,614.5059814453125,0.891223669052124
182,52,362.2807312011719,302.9150085449219,413.8485107421875,436.2192687988281,388.06463623046875,369.567138671875,0.8111171722412109
182,21,1175.47314453125,241.46456909179688,1234.999755859375,352.3367614746094,1205.2364501953125,296.9006652832031,0.8212242126464844
182,41,493.8734436035156,348.6838073730469,561.5883178710938,504.5576477050781,527.7308959960938,426.6207275390625,0.8149413466453552
182,47,10.27585506439209,536.5707397460938,121.1487045288086,718.26220703125,65.7122802734375,627.41650390625,0.8985987305641174
182,58,87.21612548828125,440.1006164550781,202.37425231933594,591.5787353515625,144.79519653320312,515.8396606445312,0.7472449541091919
182,8,672.3197631835938,389.33343505859375,753.4179077148438,548.2527465820312,712.8688354492188,468.7930908203125,0.8762458562850952
182,12,702.9481201171875,278.5281677246094,754.2826538085938,435.1611022949219,728.6153564453125,356.8446350097656,0.4343165457248688
183,5,509.4053039550781,407.1953125,583.2174682617188,547.4561767578125,546.3114013671875,477.32574462890625,0.8013071417808533
183,16,851.9906005859375,428.6161193847656,983.5392456054688,524.0443115234375,917.764892578125,476.3302001953125,0.856721818447113
183,43,202.7949981689453,364.2296142578125,263.12786865234375,478.7799987792969,232.96142578125,421.50482177734375,0.6100455522537231
183,25,638.1465454101562,350.8192443847656,698.1589965820312,504.44427490234375,668.1527709960938,427.63177490234375,0.7405163645744324
183,39,995.5413208007812,359.3694763183594,1040.6961669921875,495.6962585449219,1018.1187744140625,427.5328674316406,0.8500475883483887
183,3,520.0765991210938,524.1720581054688,583.9219360351562,706.4017944335938,551.999267578125,615.2869262695312,0.8912822008132935
183,52,362.5612487792969,302.25018310546875,412.05303955078125,436.21185302734375,387.30712890625,369.23101806640625,0.7891424298286438
183,21,1178.5458984375,240.962646484375,1238.2630615234375,352.4618225097656,1208.404541015625,296.71221923828125,0.8395475745201111
183,41,498.42779541015625,349.55316162109375,562.7084350585938,502.2879333496094,530.568115234375,425.9205322265625,0.7698662877082825
183,47,10.2777099609375,537.1599731445312,121.90750885009766,718.1717529296875,66.09260559082031,627.6658935546875,0.9053555727005005
183,58,88.79216766357422,438.5519104003906,220.75802612304688,589.8616333007812,154.7751007080078,514.206787109375,0.8476290106773376
183,8,672.5265502929688,388.8661804199219,754.4712524414062,548.6634521484375,713.4989013671875,468.76483154296875,0.8848474025726318
183,12,708.009033203125,274.2617492675781,757.5629272460938,432.39068603515625,732.7860107421875,353.32623291015625,0.5795368552207947
184,5,507.4420471191406,407.89947509765625,584.253662109375,550.1050415039062,545.8478393554688,479.00225830078125,0.8352253437042236
184,16,856.2273559570312,428.7035827636719,985.8861083984375,525.2980346679688,921.0567626953125,477.00079345703125,0.838948667049408
184,43,200.96206665039062,362.58807373046875,252.32872009277344,475.0230712890625,226.6453857421875,418.8055725097656,0.5177221298217773
184,25,638.1912841796875,350.5652160644531,696.2250366210938,504.4559631347656,667.2081298828125,427.5105895996094,0.7838249206542969
184,39,997.5452880859375,359.7987060546875,1042.236572265625,496.2519226074219,1019.8909301757812,428.02532958984375,0.8517827987670898
184,3,521.0181274414062,524.153564453125,584.5404052734375,706.8488159179688,552.779296875,615.501220703125,0.8884772658348083
184,52,362.90350341796875,301.54522705078125,410.9877014160156,436.1603088378906,386.94561767578125,368.852783203125,0.7968475222587585
184,21,1180.87353515625,240.5438690185547,1241.940673828125,352.87310791015625,1211.4071044921875,296.70849609375,0.8508382439613342
184,41,501.7886962890625,349.2230224609375,561.85400390625,498.7697448730469,531.8213500976562,423.99639892578125,0.7630879282951355
184,47,9.967545509338379,537.5498657226562,121.77987670898438,718.0672607421875,65.87371063232422,627.80859375,0.9112930297851562
184,58,94.6312255859375,435.46136474609375,231.2681884765625,589.3400268554688,162.94970703125,512.4006958007812,0.8746410608291626
184,8,672.9492797851562,389.85516357421875,754.6882934570312,549.5808715820312,713.8187866210938,469.718017578125,0.8886654376983643
184,12,710.2088623046875,268.2096252441406,762.3714599609375,433.30584716796875,736.2901611328125,350.75775146484375,0.7414902448654175
185,5,514.718505859375,408.737060546875,585.1524658203125,550.8479614257812,549.9354858398438,479.7925109863281,0.7973729968070984
185,16,857.7435302734375,428.67724609375,989.0315551757812,526.1690673828125,923.3875732421875,477.42315673828125,0.8563394546508789
185,43,202.22006225585938,360.75347900390625,245.20166015625,476.80712890625,223.7108612060547,418.7803039550781,0.6116077899932861
185,25,638.1320190429688,349.7565612792969,695.5144653320312,504.86639404296875,666.8232421875,427.31146240234375,0.7646949291229248
185,39,999.016845703125,359.85626220703125,1043.770263671875,496.805908203125,1021.3935546875,428.3310852050781,0.8525678515434265
185,3,521.347412109375,524.3973388671875,584.7285766601562,707.5767822265625,553.0379638671875,615.987060546875,0.8894367814064026
185,52,363.1932678222656,300.50885009765625,410.2024841308594,436.20611572265625,386.6978759765625,368.35748291015625,0.7912110686302185
185,21,1182.4395751953125,240.34014892578125,1243.8465576171875,353.2688293457031,1213.14306640625,296.80450439453125,0.8693947196006775
185,41,501.0704650878906,348.5912170410156,558.4571533203125,494.7984619140625,529.7637939453125,421.69482421875,0.8300521969795227
185,47,9.584900856018066,537.8493041992188,122.45429229736328,718.0269165039062,66.01959991455078,627.9381103515625,0.9076634049415588
185,58,102.78968048095703,431.8942565917969,237.83505249023438,589.4093017578125,170.31236267089844,510.65179443359375,0.8811796307563782
185,8,673.2037963867188,390.02459716796875,753.967529296875,550.2866821289062,713.585693359375,470.1556396484375,0.8913226127624512
185,12,713.6312866210938,266.012451171875,766.3239135742188,423.37872314453125,739.9776000976562,344.6955871582031,0.6057819724082947
186,5,520.330810546875,409.2370300292969,585.1493530273438,551.9208984375,552.7401123046875,480.5789794921875,0.8454904556274414
186,16,861.24462890625,429.0944519042969,991.487548828125,525.3084106445312,926.3660888671875,477.201416015625,0.8362493515014648
186,25,638.701416015625,349.07855224609375,696.6174926757812,505.3564453125,667.659423828125,427.2174987792969,0.8095092177391052
186,39,1000.5294799804688,358.62994384765625,1045.7579345703125,497.0278015136719,1023.1436767578125,427.828857421875,0.8567118644714355
186,3,521.3837890625,524.6337280273438,584.6981201171875,708.0803833007812,553.0409545898438,616.3570556640625,0.8959344029426575
186,52,362.9239501953125,299.29522705078125,408.9989318847656,436.4455871582031,385.96142578125,367.87042236328125,0.8223816156387329
186,21,1184.8028564453125,240.23329162597656,1245.451904296875,352.9664001464844,1215.12744140625,296.599853515625,0.8760980367660522
186,41,498.9236145019531,348.6700439453125,557.3321533203125,493.869873046875,528.1278686523438,421.26995849609375,0.8325717449188232
186,47,8.905734062194824,538.2997436523438,120.60043334960938,718.0513916015625,64.75308227539062,628.175537109375,0.9120374917984009
186,58,115.5205078125,429.96807861328125,242.6894989013672,590.3884887695312,179.10501098632812,510.17828369140625,0.8764559626579285
186,8,673.5095825195312,389.9250183105469,753.30908203125,551.0702514648438,713.4093017578125,470.49761962890625,0.8682839870452881
186,12,717.2734985351562,270.3935241699219,769.2455444335938,423.2950744628906,743.259521484375,346.84429931640625,0.481998085975647
186,60,590.8221435546875,175.3323211669922,634.660400390625,324.6950988769531,612.7412719726562,250.01370239257812,0.41351574659347534
187,5,522.8914184570312,409.80963134765625,584.7738647460938,553.3964233398438,553.8326416015625,481.60302734375,0.8524394631385803
187,16,863.2440795898438,429.46221923828125,993.2838745117188,524.4964599609375,928.2639770507812,476.9793395996094,0.8212196826934814
187,25,639.2520141601562,348.94146728515625,697.568115234375,505.9900207519531,668.4100341796875,427.46575927734375,0.7981750965118408
187,39,1002.5484619140625,356.8648681640625,1049.665771484375,497.0946044921875,1026.107177734375,426.979736328125,0.8150613903999329
187,3,521.5519409179688,525.8473510742188,584.6821899414062,708.7160034179688,553.1170654296875,617.2816772460938,0.8977470993995667
187,52,362.6976318359375,298.0272521972656,408.7797546386719,436.8192138671875,385.73870849609375,367.4232177734375,0.8361336588859558
187,21,1186.618896484375,239.48239135742188,1247.25244140625,352.8271179199219,1216.9356689453125,296.1547546386719,0.8759680390357971
187,41,496.9201965332031,349.90484619140625,555.75,484.7447509765625,526.3350830078125,417.3247985839844,0.8254632949829102
187,47,8.075003623962402,538.8966064453125,119.26512908935547,718.077392578125,63.670066833496094,628.4869995117188,0.9109044075012207
187,58,133.43722534179688,429.0761413574219,245.5294647216797,591.0682983398438,189.48333740234375,510.07220458984375,0.8892778754234314
187,8,673.9930419921875,389.3160400390625,750.9353637695312,551.9957885742188,712.4642333984375,470.6559143066406,0.8271448612213135
187,12,722.7364501953125,275.4304504394531,772.40478515625,425.4962463378906,747.5706176757812,350.4633483886719,0.6941219568252563
188,5,523.5280151367188,410.33319091796875,584.0872192382812,554.9044799804688,553.8076171875,482.61883544921875,0.8665566444396973
188,16,864.708984375,429.2315368652344,994.780029296875,522.6688232421875,929.7445068359375,475.9501953125,0.8573509454727173
188,25,640.4930419921875,348.53680419921875,699.3358764648438,506.2253112792969,669.9144287109375,427.38104248046875,0.7911162972450256
188,39,1004.1697387695312,354.73675537109375,1053.0479736328125,497.39324951171875,1028.60888671875,426.06500244140625,0.8349219560623169
188,3,521.9269409179688,525.8624267578125,584.8402709960938,709.5671997070312,553.3836059570312,617.71484375,0.897403359413147
188,52,362.779296875,297.34002685546875,408.76220703125,437.1012878417969,385.770751953125,367.22064208984375,0.830145001411438
188,21,1188.048095703125,239.3497772216797,1248.8133544921875,352.79083251953125,1218.4306640625,296.0703125,0.8765566945075989
188,41,495.4188232421875,352.0837097167969,554.705810546875,481.2056579589844,525.0623168945312,416.6446838378906,0.8234838843345642
188,47,7.699059009552002,539.2399291992188,118.26358795166016,718.1153564453125,62.9813232421875,628.6776123046875,0.9094330072402954
188,58,154.5843048095703,429.30548095703125,248.45071411132812,591.4471435546875,201.51751708984375,510.3763122558594,0.8745630979537964
188,8,674.7394409179688,388.68841552734375,744.552978515625,552.1618041992188,709.646240234375,470.42510986328125,0.844749391078949
188,12,719.7981567382812,259.2401428222656,776.3905639648438,431.9290466308594,748.0943603515625,345.5845947265625,0.7985509037971497
188,43,169.9991912841797,357.9015808105469,234.06289672851562,486.5342102050781,202.03103637695312,422.2178955078125,0.6060541272163391
188,60,591.1478881835938,174.24139404296875,634.8822631835938,324.0011291503906,613.0150756835938,249.1212615966797,0.40239211916923523
189,5,520.7534790039062,410.5632629394531,583.4302978515625,561.6207275390625,552.0919189453125,486.09197998046875,0.8567872643470764
189,16,862.4673461914062,428.91339111328125,996.2753295898438,522.196044921875,929.371337890625,475.5547180175781,0.8080452084541321
189,25,642.7250366210938,348.0505676269531,702.4222412109375,506.6691589355469,672.5736083984375,427.35986328125,0.7453135251998901
189,39,1005.9478759765625,352.7911071777344,1055.964111328125,497.9404296875,1030.9560546875,425.36578369140625,0.845231294631958
189,3,521.86865234375,526.5231323242188,585.1530151367188,709.88720703125,553.5108642578125,618.2052001953125,0.8827604055404663
189,52,361.32623291015625,297.81793212890625,408.5849914550781,438.1351318359375,384.95562744140625,367.9765319824219,0.8415606021881104
189,21,1189.673095703125,239.59336853027344,1250.476318359375,352.97711181640625,1220.07470703125,296.2852478027344,0.8704618811607361
189,41,486.9986877441406,354.24627685546875,551.9103393554688,476.42987060546875,519.4545288085938,415.33807373046875,0.7977432012557983
189,47,7.579785346984863,539.6627197265625,116.86327362060547,718.265380859375,62.22153091430664,628.9640502929688,0.9060892462730408
189,58,176.31385803222656,429.661376953125,251.7629852294922,591.2543334960938,214.03842163085938,510.4578552246094,0.8286101222038269
189,8,674.2477416992188,388.6014099121094,738.5259399414062,552.513671875,706.3868408203125,470.55755615234375,0.7984028458595276
189,12,709.9450073242188,253.25839233398438,780.556396484375,435.55645751953125,745.250732421875,344.40740966796875,0.8397449851036072
189,43,159.2852020263672,359.2147521972656,231.15162658691406,525.279541015625,195.21841430664062,442.24713134765625,0.5920659899711609
190,5,515.9674072265625,412.10919189453125,582.5331420898438,567.6827392578125,549.250244140625,489.8959655761719,0.8517885804176331
190,16,859.662353515625,428.6885986328125,997.4769287109375,522.18408203125,928.5696411132812,475.43634033203125,0.8436670303344727
190,25,644.5634765625,347.82733154296875,704.3569946289062,507.9693603515625,674.460205078125,427.8983459472656,0.7230048775672913
190,39,1007.43212890625,350.9208068847656,1058.4742431640625,498.3594055175781,1032.953125,424.6401062011719,0.8447605967521667
190,3,521.5809326171875,526.6380615234375,585.4732666015625,710.8843994140625,553.527099609375,618.76123046875,0.8771921396255493
190,52,360.1369934082031,299.56097412109375,408.9241943359375,441.57061767578125,384.53057861328125,370.5657958984375,0.8514894247055054
190,21,1191.824951171875,239.9678497314453,1252.4197998046875,353.1460876464844,1222.122314453125,296.5569763183594,0.8658847212791443
190,41,476.57122802734375,355.9808349609375,545.07763671875,474.49639892578125,510.8244323730469,415.2386169433594,0.8087241053581238
190,47,8.174074172973633,540.0147094726562,116.36042022705078,718.3794555664062,62.26724624633789,629.1970825195312,0.9079975485801697
190,58,185.58969116210938,432.2262268066406,256.3485412597656,590.3997192382812,220.9691162109375,511.31298828125,0.8191789388656616
190,8,673.29150390625,389.704345703125,731.2940063476562,553.0869140625,702.292724609375,471.3956298828125,0.7166802883148193
190,12,711.0224609375,264.7728576660156,784.9823608398438,438.6484375,748.00244140625,351.71063232421875,0.8953438401222229
190,43,152.44015502929688,383.4881286621094,225.08602905273438,540.0557861328125,188.76309204101562,461.77197265625,0.7371551394462585
191,5,511.899169921875,413.80889892578125,581.5985107421875,571.7154541015625,546.7488403320312,492.7621765136719,0.8536497950553894
191,16,861.2979125976562,428.0951232910156,998.9633178710938,521.44873046875,930.130615234375,474.77191162109375,0.8453660607337952
191,25,647.3312377929688,347.4153137207031,705.5581665039062,510.6201477050781,676.4447021484375,429.0177307128906,0.6507274508476257
191,39,1011.4133911132812,350.7326965332031,1061.4840087890625,499.6946716308594,1036.44873046875,425.21368408203125,0.836419403553009
191,3,522.2865600585938,527.1998901367188,585.9338989257812,711.2089233398438,554.1102294921875,619.2044067382812,0.8951818943023682
191,52,358.2929382324219,302.0519104003906,410.51611328125,443.7793884277344,384.404541015625,372.9156494140625,0.8345322608947754
191,21,1193.5482177734375,239.77931213378906,1254.004638671875,353.45855712890625,1223.7763671875,296.6189270019531,0.8688093423843384
191,41,465.9903564453125,357.7889099121094,548.6445922851562,475.565673828125,507.3174743652344,416.67730712890625,0.8534600734710693
191,47,9.199973106384277,540.1403198242188,116.267578125,718.3707275390625,62.7337760925293,629.2554931640625,0.9104118943214417
191,58,196.70472717285156,435.6752624511719,263.1476135253906,591.2680053710938,229.92617797851562,513.4716186523438,0.8526548147201538
191,8,660.3101806640625,387.2540588378906,724.6404418945312,553.3209228515625,692.475341796875,470.2874755859375,0.6442168354988098
191,12,713.4599609375,270.0172424316406,789.291748046875,441.8442687988281,751.3758544921875,355.9307556152344,0.8858525156974792
191,43,149.90211486816406,398.0173645019531,224.34298706054688,545.8770141601562,187.12255859375,471.94720458984375,0.7577450275421143
192,5,507.0803527832031,415.4285888671875,581.0842895507812,576.2989501953125,544.0823364257812,495.86376953125,0.8708803057670593
192,16,864.5765380859375,426.7826232910156,999.0004272460938,521.3699340820312,931.7884521484375,474.0762939453125,0.8566975593566895
192,25,649.3684692382812,347.7809753417969,704.2059936523438,512.4672241210938,676.7872314453125,430.12408447265625,0.5710570216178894
192,39,1017.6444091796875,352.5262756347656,1065.108154296875,502.42559814453125,1041.376220703125,427.4759521484375,0.8349604606628418
192,3,522.985107421875,528.1693115234375,586.7352294921875,711.680908203125,554.8601684570312,619.9251098632812,0.8962092399597168
192,52,357.2215270996094,305.24822998046875,413.4360656738281,444.4706726074219,385.32879638671875,374.85943603515625,0.8584116697311401
192,21,1194.8822021484375,239.5058135986328,1255.6256103515625,353.9632873535156,1225.25390625,296.73455810546875,0.8792448043823242
192,41,456.407470703125,360.3999938964844,549.4234619140625,477.07281494140625,502.91546630859375,418.73638916015625,0.8470038771629333
192,47,11.039241790771484,540.2449340820312,115.89054870605469,718.0933227539062,63.46489715576172,629.1691284179688,0.9139189720153809
192,58,206.6613311767578,439.1506652832031,272.8057556152344,592.4098510742188,239.73355102539062,515.7802734375,0.8256088495254517
192,8,656.063232421875,384.8704528808594,721.1264038085938,553.0718994140625,688.5948486328125,468.97119140625,0.7111769318580627
192,12,715.822998046875,274.3492736816406,793.61376953125,446.0266418457031,754.7183837890625,360.1879577636719,0.8789995908737183
193,5,503.6750793457031,418.0955505371094,580.5164794921875,580.0933227539062,542.0957641601562,499.09442138671875,0.884162425994873
193,16,870.4943237304688,425.4636535644531,998.8345947265625,521.4288940429688,934.6644287109375,473.4462890625,0.8607010245323181
193,25,651.0436401367188,347.93914794921875,701.721923828125,514.3759155273438,676.3828125,431.15753173828125,0.4476699233055115
193,39,1022.5224609375,354.816650390625,1068.689208984375,504.9437255859375,1045.6058349609375,429.88018798828125,0.8246675133705139
193,3,524.5133056640625,528.2452392578125,587.7931518554688,712.09228515625,556.1531982421875,620.1687622070312,0.9017472267150879
193,52,358.2152404785156,308.0682678222656,415.8451843261719,444.4170837402344,387.03021240234375,376.24267578125,0.8659787774085999
193,21,1196.0980224609375,239.15115356445312,1256.9207763671875,354.21209716796875,1226.5093994140625,296.681640625,0.8897350430488586
193,41,451.0705261230469,363.27545166015625,541.8551635742188,477.6809387207031,496.46282958984375,420.47821044921875,0.838285505771637
193,47,12.822979927062988,540.0987548828125,116.44222259521484,717.8911743164062,64.63259887695312,628.9949951171875,0.9186097979545593
193,58,214.94007873535156,441.8930969238281,292.8636474609375,595.380615234375,253.90185546875,518.6368408203125,0.833504855632782
193,8,657.1033935546875,382.7469482421875,718.975830078125,552.5623168945312,688.0396118164062,467.6546325683594,0.7371800541877747
193,12,718.4449462890625,279.6449890136719,797.6371459960938,450.0618896484375,758.041015625,364.85345458984375,0.8645269870758057
193,48,172.47576904296875,370.8226623535156,228.1693115234375,468.9272766113281,200.32254028320312,419.8749694824219,0.6324291825294495
193,43,151.31500244140625,410.6222839355469,230.9757080078125,549.8251953125,191.14535522460938,480.2237548828125,0.7241243124008179
194,5,501.26727294921875,420.887451171875,580.396240234375,585.91845703125,540.831787109375,503.4029541015625,0.8942405581474304
194,16,878.530517578125,424.3985290527344,997.3870849609375,521.26611328125,937.9588012695312,472.83233642578125,0.8737308979034424
194,39,1026.299072265625,358.1859130859375,1072.0860595703125,508.1600646972656,1049.192626953125,433.1729736328125,0.8430045247077942
194,3,525.9810791015625,527.929443359375,589.0631103515625,711.9929809570312,557.5220947265625,619.961181640625,0.906882107257843
194,52,361.8793640136719,309.5765075683594,417.64349365234375,444.6288146972656,389.76141357421875,377.1026611328125,0.8555426597595215
194,21,1197.26708984375,239.18983459472656,1258.126708984375,354.40966796875,1227.6968994140625,296.79974365234375,0.8958867788314819
194,41,449.310791015625,364.8609313964844,539.1903076171875,477.7994384765625,494.25054931640625,421.3302001953125,0.8513639569282532
194,47,14.97731876373291,539.7730102539062,117.46968078613281,717.9561767578125,66.22350311279297,628.8646240234375,0.9182409644126892
194,58,222.5608367919922,444.6418151855469,309.1131286621094,599.5021362304688,265.83697509765625,522.0719604492188,0.8593832850456238
194,8,660.5822143554688,382.090576171875,717.5792236328125,552.3123779296875,689.0806884765625,467.20147705078125,0.8234449028968811
194,12,723.0798950195312,282.1499328613281,802.7359008789062,457.50018310546875,762.9078979492188,369.8250732421875,0.8930613398551941
194,48,173.3683624267578,371.22998046875,228.5332794189453,468.14642333984375,200.95082092285156,419.6882019042969,0.6676383018493652
194,43,153.96041870117188,415.80889892578125,236.52845764160156,551.136962890625,195.24444580078125,483.4729309082031,0.7684296369552612
194,60,596.177490234375,173.1627197265625,641.9931030273438,324.3441467285156,619.0853271484375,248.75343322753906,0.4666418731212616
195,5,500.9747314453125,423.9668273925781,581.9619750976562,592.5219116210938,541.4683837890625,508.244384765625,0.8929001092910767
195,16,888.9869384765625,423.2481384277344,996.4119262695312,521.9940185546875,942.699462890625,472.62109375,0.878913164138794
195,39,1031.4964599609375,361.4925537109375,1077.714599609375,509.15478515625,1054.60546875,435.32366943359375,0.8398187756538391
195,3,529.1113891601562,527.1565551757812,592.3853759765625,712.1617431640625,560.7484130859375,619.6591796875,0.895707905292511
195,52,367.2385559082031,310.02142333984375,419.943603515625,444.6970520019531,393.591064453125,377.3592529296875,0.877490758895874
195,21,1200.5960693359375,239.58177185058594,1261.1849365234375,354.5209655761719,1230.8905029296875,297.0513610839844,0.8951562643051147
195,41,452.8348388671875,365.39544677734375,541.2051391601562,478.6575927734375,497.0199890136719,422.0265197753906,0.8523433208465576
195,47,18.2923583984375,539.7041625976562,120.09361267089844,718.1239013671875,69.19298553466797,628.9140625,0.9252816438674927
195,58,230.11398315429688,447.09478759765625,321.6882019042969,606.4422607421875,275.9010925292969,526.7685546875,0.8561844229698181
195,8,663.3228759765625,383.6087951660156,717.1400756835938,551.8811645507812,690.2314453125,467.7449951171875,0.8409898281097412
195,12,731.382568359375,280.4064636230469,808.8198852539062,462.0791931152344,770.1011962890625,371.2428283691406,0.864311158657074
195,48,175.8205108642578,371.343017578125,231.27061462402344,472.9849853515625,203.54556274414062,422.16400146484375,0.7147254943847656
195,43,161.23912048339844,415.97515869140625,242.51893615722656,555.6643676757812,201.8790283203125,485.81976318359375,0.7722550630569458
196,5,504.95709228515625,426.802001953125,584.9808959960938,596.0052490234375,544.968994140625,511.40362548828125,0.887553334236145
196,16,902.7686157226562,421.60528564453125,994.73828125,522.7092895507812,948.75341796875,472.15728759765625,0.85765141248703
196,39,1037.8426513671875,364.50506591796875,1086.2908935546875,510.2933349609375,1062.0667724609375,437.3992004394531,0.8244956731796265
196,3,532.7935180664062,526.313720703125,597.539306640625,712.818603515625,565.1663818359375,619.566162109375,0.8980451226234436
196,52,371.2077331542969,308.6739807128906,421.8972473144531,444.9371337890625,396.552490234375,376.8055419921875,0.8567558526992798
196,21,1205.568603515625,239.5320587158203,1267.474853515625,354.5817565917969,1236.521728515625,297.0569152832031,0.8721116185188293
196,41,461.6937561035156,364.9888000488281,542.66259765625,479.32769775390625,502.17816162109375,422.15826416015625,0.8095278143882751
196,47,23.86386489868164,539.4998168945312,124.1365737915039,718.3325805664062,74.0002212524414,628.9161987304688,0.920244038105011
196,58,235.83160400390625,447.96905517578125,331.4102478027344,609.1970825195312,283.62091064453125,528.5830688476562,0.8410278558731079
196,8,662.9382934570312,385.5455322265625,719.3397216796875,552.361328125,691.1390380859375,468.95343017578125,0.8633865118026733
196,12,743.2945556640625,306.2639465332031,817.4210205078125,463.4550476074219,780.3577880859375,384.8594970703125,0.7910314798355103
196,48,181.71206665039062,371.75775146484375,236.48568725585938,476.69329833984375,209.098876953125,424.22552490234375,0.6927509307861328
196,43,172.33367919921875,416.2256164550781,256.3763732910156,558.9456787109375,214.3550262451172,487.58563232421875,0.640414297580719
197,5,511.28375244140625,428.5641784667969,589.50439453125,596.8688354492188,550.39404296875,512.7164916992188,0.8359772562980652
197,16,916.5482788085938,419.6104431152344,994.3949584960938,522.9142456054688,955.4716186523438,471.2623291015625,0.8517969846725464
197,39,1045.8641357421875,367.1961669921875,1096.715087890625,511.9076232910156,1071.28955078125,439.5518798828125,0.8297953605651855
197,3,540.7367553710938,524.5803833007812,604.4597778320312,713.0409545898438,572.5982666015625,618.8106689453125,0.8794360160827637
197,52,375.5741882324219,305.9183654785156,426.6446838378906,443.3462219238281,401.10943603515625,374.6322937011719,0.720485270023346
197,21,1212.3651123046875,239.27264404296875,1274.413818359375,354.0846862792969,1243.389404296875,296.67864990234375,0.8633815050125122
197,41,472.6138916015625,363.37884521484375,544.9180908203125,479.4888610839844,508.7659912109375,421.433837890625,0.7890443801879883
197,47,32.46772766113281,538.1790771484375,129.6112518310547,717.750732421875,81.03948974609375,627.9649047851562,0.9212448000907898
197,58,245.53221130371094,449.4167175292969,339.1009826660156,607.9535522460938,292.31658935546875,528.6851196289062,0.8376795649528503
197,8,662.9281616210938,386.06414794921875,723.4829711914062,552.244873046875,693.20556640625,469.1545104980469,0.8328492045402527
197,12,751.9216918945312,320.01177978515625,825.0925903320312,463.1158447265625,788.5071411132812,391.5638122558594,0.6994875073432922
197,48,189.40133666992188,371.1702880859375,242.82420349121094,482.4493103027344,216.11276245117188,426.809814453125,0.6827064752578735
197,43,187.97860717773438,417.6185302734375,270.17742919921875,567.7413330078125,229.07801818847656,492.679931640625,0.746008574962616
198,5,518.7534790039062,429.5860595703125,596.5328979492188,596.676025390625,557.6431884765625,513.1310424804688,0.7658332586288452
198,16,928.353759765625,417.8549499511719,1000.0414428710938,521.8936157226562,964.1976318359375,469.874267578125,0.8835204839706421
198,39,1054.6802978515625,368.8971252441406,1109.4210205078125,517.3883056640625,1082.0506591796875,443.1427001953125,0.8501136898994446
198,3,548.3759155273438,522.8685913085938,613.161865234375,713.8662109375,580.7689208984375,618.367431640625,0.8753283619880676
198,52,380.8627624511719,301.93829345703125,433.4072570800781,442.7116394042969,407.135009765625,372.324951171875,0.7375252842903137
198,21,1220.849853515625,239.3824462890625,1280.0,352.9661560058594,1250.4249267578125,296.17431640625,0.774819552898407
198,41,485.08734130859375,361.5534362792969,550.396728515625,479.09979248046875,517.7420654296875,420.32659912109375,0.7767458558082581
198,47,40.65771484375,536.136962890625,137.3395233154297,717.3260498046875,88.99861907958984,626.7315063476562,0.9199344515800476
198,58,251.98353576660156,449.7813720703125,348.3645935058594,606.8433837890625,300.174072265625,528.3123779296875,0.8421931862831116
198,8,664.8593139648438,388.7940673828125,730.6029052734375,551.3992309570312,697.7310791015625,470.0966491699219,0.883988618850708
198,12,759.1885375976562,324.1132507324219,832.8998413085938,462.8831481933594,796.044189453125,393.4981994628906,0.8330991864204407
198,48,197.8096160888672,370.2025451660156,250.21202087402344,485.0166015625,224.0108184814453,427.60955810546875,0.6952430009841919
198,43,210.59620666503906,418.5536193847656,283.66619873046875,565.5533447265625,247.13119506835938,492.053466796875,0.646446168422699
199,5,526.8749389648438,430.4571533203125,604.4833374023438,596.1470947265625,565.6791381835938,513.3021240234375,0.8214882016181946
199,16,939.2493896484375,416.3475036621094,1007.79296875,521.1058959960938,973.5211791992188,468.7266845703125,0.8942640423774719
199,39,1064.740478515625,370.8369140625,1122.99609375,520.465576171875,1093.8682861328125,445.6512451171875,0.8499266505241394
199,3,557.6629028320312,523.3011474609375,623.0156860351562,714.7396240234375,590.3392944335938,619.0203857421875,0.9066656827926636
199,52,386.2099609375,298.6590881347656,436.2091064453125,431.0893859863281,411.20953369140625,364.8742370605469,0.7889134287834167
199,21,1230.004150390625,239.23599243164062,1280.0,352.9831848144531,1255.0020751953125,296.1095886230469,0.7973910570144653
199,41,496.9443664550781,359.3084411621094,558.1641845703125,479.8388366699219,527.5542602539062,419.5736389160156,0.823519229888916
199,47,49.94858932495117,534.8102416992188,145.74803161621094,717.3684692382812,97.84831237792969,626.08935546875,0.9121360778808594
199,58,278.72412109375,452.4566955566406,360.5940246582031,604.283935546875,319.6590576171875,528.3703002929688,0.799349844455719
199,8,669.219970703125,385.7171630859375,738.5008544921875,551.3333740234375,703.8604125976562,468.5252685546875,0.8617463707923889
199,12,766.9901733398438,322.6950988769531,841.4688720703125,462.446533203125,804.2294921875,392.57080078125,0.8092111945152283
199,48,206.91384887695312,369.39569091796875,257.61944580078125,485.9994812011719,232.2666473388672,427.69757080078125,0.7853385806083679
199,43,237.55230712890625,421.3553466796875,300.8948669433594,560.690185546875,269.22357177734375,491.02276611328125,0.8126826882362366
200,5,534.2238159179688,431.3201904296875,612.2696533203125,595.5341186523438,573.2467041015625,513.4271240234375,0.8434742093086243
200,16,949.635986328125,415.6314697265625,1016.19384765625,521.1845092773438,982.9149169921875,468.4079895019531,0.885986328125
200,39,1075.2003173828125,373.2449645996094,1136.924560546875,524.7025756835938,1106.0625,448.9737548828125,0.8623966574668884
200,3,566.5523071289062,522.8436279296875,633.2015380859375,714.9456176757812,599.876953125,618.8946533203125,0.8950678110122681
200,52,392.9170837402344,295.73779296875,439.83056640625,433.4083557128906,416.37384033203125,364.57305908203125,0.6314648985862732
200,21,1240.1124267578125,238.081787109375,1280.0,351.95281982421875,1260.05615234375,295.0173034667969,0.7697951793670654
200,41,508.181396484375,356.4175720214844,565.1260986328125,479.953857421875,536.6537475585938,418.18572998046875,0.8346459865570068
200,47,60.04644775390625,533.7183227539062,154.16966247558594,717.795166015625,107.1080551147461,625.7567138671875,0.9250550270080566
200,58,297.6909484863281,455.64398193359375,374.906982421875,599.8759765625,336.2989501953125,527.760009765625,0.8496900200843811
200,8,674.8890991210938,384.6913146972656,746.234130859375,550.7623291015625,710.5616455078125,467.726806640625,0.8707664012908936
200,12,775.761962890625,320.512939453125,849.1818237304688,461.2436218261719,812.471923828125,390.8782958984375,0.8486483693122864
200,48,216.85946655273438,368.4241027832031,266.376220703125,486.0544738769531,241.6178436279297,427.2392883300781,0.8210165500640869
200,43,257.32342529296875,424.9698181152344,318.4110107421875,552.9688110351562,287.8672180175781,488.96929931640625,0.7580188512802124
200,65,815.6719360351562,280.4841003417969,859.1015625,404.64410400390625,837.38671875,342.5640869140625,0.44300761818885803
201,5,543.3032836914062,430.0206604003906,618.96728515625,593.6417846679688,581.13525390625,511.83123779296875,0.7850408554077148
201,16,960.472900390625,414.9937744140625,1025.4520263671875,520.9329833984375,992.9624633789062,467.96337890625,0.8347572088241577
201,39,1086.3243408203125,376.2649230957031,1150.5037841796875,527.5375366210938,1118.4140625,451.9012451171875,0.8198158144950867
201,3,576.2796020507812,521.0140380859375,642.9638671875,715.4754028320312,609.6217041015625,618.2447509765625,0.8775845766067505
201,52,399.2371520996094,292.8970031738281,445.9938049316406,432.75726318359375,422.615478515625,362.8271484375,0.892980694770813
201,21,1250.1947021484375,246.5836944580078,1280.0,351.5580139160156,1265.097412109375,299.07086181640625,0.7327641844749451
201,41,519.2962036132812,353.4523010253906,573.3367919921875,480.58209228515625,546.3165283203125,417.0172119140625,0.8521572947502136
201,47,69.38645935058594,531.8187866210938,162.9370880126953,717.5225830078125,116.16177368164062,624.670654296875,0.9129611849784851
201,58,312.1028137207031,460.0606384277344,396.6357421875,597.3141479492188,354.3692626953125,528.6873779296875,0.8468517065048218
201,8,682.2872314453125,385.6026611328125,753.7291870117188,550.2997436523438,718.0081787109375,467.9512023925781,0.9004102349281311
201,12,782.4940185546875,319.68951416015625,857.5858154296875,458.5668029785156,820.0399169921875,389.128173828125,0.8597633838653564
201,48,227.2753448486328,368.06781005859375,275.87408447265625,485.5819396972656,251.57470703125,426.82489013671875,0.8112888932228088
201,43,271.8966369628906,430.1066589355469,335.5765686035156,549.855224609375,303.7366027832031,489.98095703125,0.7447159290313721
201,65,827.0518188476562,280.8548278808594,874.1630249023438,408.50213623046875,850.607421875,344.678466796875,0.5763481855392456
202,5,551.4768676757812,428.35638427734375,627.070068359375,592.4251708984375,589.2734375,510.3907775878906,0.8141986131668091
202,16,971.2059936523438,413.7194519042969,1033.671875,521.3294677734375,1002.43896484375,467.52447509765625,0.8865014910697937
202,39,1096.6522216796875,378.99908447265625,1162.3409423828125,528.4600219726562,1129.49658203125,453.72955322265625,0.8887783885002136
202,3,586.87353515625,520.8477172851562,656.3483276367188,715.8880615234375,621.6109619140625,618.367919921875,0.9049065709114075
202,52,405.1906433105469,290.1054992675781,452.9281005859375,428.8452453613281,429.05938720703125,359.4753723144531,0.8758681416511536
202,21,1261.12841796875,254.22828674316406,1280.0,351.947265625,1270.564208984375,303.0877685546875,0.6289185881614685
202,41,526.9511108398438,349.2497863769531,578.0076904296875,479.02313232421875,552.4793701171875,414.136474609375,0.8929586410522461
202,47,79.18386840820312,530.067626953125,170.98275756835938,717.49169921875,125.08331298828125,623.7796630859375,0.885049045085907
202,58,325.1139221191406,464.7347717285156,414.47393798828125,597.6304931640625,369.7939453125,531.1826171875,0.8460481762886047
202,8,689.533935546875,386.1217346191406,759.218505859375,549.7359008789062,724.376220703125,467.9288330078125,0.8360043168067932
202,12,790.982177734375,317.1049499511719,869.2505493164062,455.2945556640625,830.1163330078125,386.19976806640625,0.8803894519805908
202,48,237.9749298095703,367.70843505859375,285.98150634765625,483.83428955078125,261.97821044921875,425.7713623046875,0.8123700022697449
202,43,285.5273132324219,436.9422607421875,351.7179260253906,552.3358154296875,318.62261962890625,494.6390380859375,0.4494791030883789
202,65,838.7463989257812,280.26336669921875,891.3912963867188,411.3904724121094,865.06884765625,345.826904296875,0.6710611581802368
203,5,558.5404663085938,426.6824645996094,635.0360717773438,591.2426147460938,596.7882690429688,508.9625244140625,0.8349859714508057
203,16,977.619873046875,411.5146789550781,1042.0264892578125,520.6561889648438,1009.8231811523438,466.08544921875,0.8902183175086975
203,39,1106.833251953125,381.8252868652344,1172.7401123046875,528.5533447265625,1139.78662109375,455.1893310546875,0.892264723777771
203,3,595.7536010742188,523.2003784179688,671.307373046875,716.23681640625,633.530517578125,619.7186279296875,0.8916679620742798
203,52,409.5841979980469,287.6019592285156,458.750732421875,424.52679443359375,434.16748046875,356.06439208984375,0.9056161046028137
203,41,531.7527465820312,345.2009582519531,582.4202880859375,477.7178039550781,557.0865478515625,411.4593811035156,0.859703779220581
203,47,87.63523864746094,528.6388549804688,178.79798889160156,717.9093627929688,133.21661376953125,623.2741088867188,0.9029144644737244
203,58,330.98126220703125,470.2351379394531,424.53741455078125,597.0150756835938,377.75933837890625,533.6251220703125,0.7741799354553223
203,8,696.2981567382812,386.6490783691406,763.5137329101562,547.8970947265625,729.9059448242188,467.2730712890625,0.8268757462501526
203,12,800.8599243164062,317.08367919921875,878.8875732421875,450.4973449707031,839.873779296875,383.79052734375,0.8184484243392944
203,48,247.2915802001953,366.3806457519531,297.5018005371094,482.9198913574219,272.3966979980469,424.6502685546875,0.8196684122085571
203,43,293.1568298339844,442.5457458496094,366.1883239746094,547.6994018554688,329.6725769042969,495.12255859375,0.5841809511184692
203,65,850.2236938476562,280.4818420410156,904.0807495117188,413.68463134765625,877.1522216796875,347.083251953125,0.7539648413658142
204,5,563.9259033203125,425.3690490722656,642.864013671875,590.671875,603.3949584960938,508.02044677734375,0.8683086037635803
204,16,981.4417724609375,408.4486999511719,1049.5653076171875,520.388916015625,1015.5035400390625,464.4188232421875,0.8853544592857361
204,39,1115.0218505859375,384.2838134765625,1180.7083740234375,528.4605102539062,1147.8651123046875,456.3721618652344,0.8780534267425537
204,3,604.3754272460938,523.9457397460938,681.4296264648438,715.0106201171875,642.9025268554688,619.4781494140625,0.8987578749656677
204,52,412.7742614746094,284.0240783691406,462.7528076171875,422.5744323730469,437.7635498046875,353.29925537109375,0.9054566621780396
204,41,535.7415161132812,341.9599914550781,587.6051025390625,483.8045349121094,561.67333984375,412.88226318359375,0.8752231597900391
204,47,95.8735122680664,526.8344116210938,184.7715301513672,717.9117431640625,140.32252502441406,622.373046875,0.9107858538627625
204,58,340.5992431640625,476.5906982421875,431.98492431640625,596.1676635742188,386.2920837402344,536.379150390625,0.808759868144989
204,8,702.9265747070312,384.8153076171875,766.2108764648438,546.1165161132812,734.5687255859375,465.4659118652344,0.8379194140434265
204,12,812.686279296875,317.07061767578125,889.4422607421875,446.1454772949219,851.0642700195312,381.6080322265625,0.6865691542625427
204,48,255.32638549804688,365.3835754394531,309.7268981933594,481.1094665527344,282.5266418457031,423.24652099609375,0.8201394081115723
204,43,296.7713317871094,448.3817443847656,378.8537902832031,549.1392211914062,337.81256103515625,498.760498046875,0.5226621031761169
204,65,859.329833984375,280.441650390625,913.824951171875,412.96759033203125,886.577392578125,346.7046203613281,0.75296950340271
205,5,570.6607055664062,422.7618408203125,648.4017333984375,587.9063720703125,609.53125,505.3341064453125,0.876893162727356
205,16,986.3023071289062,404.06976318359375,1056.6318359375,518.1937866210938,1021.467041015625,461.13177490234375,0.8633936047554016
205,39,1121.1319580078125,385.6979064941406,1187.6263427734375,527.8329467773438,1154.379150390625,456.76544189453125,0.8765344023704529
205,3,610.3820190429688,522.0921630859375,688.459228515625,714.47509765625,649.420654296875,618.2836303710938,0.8857623338699341
205,52,411.7803649902344,279.98712158203125,465.0552978515625,419.8876647949219,438.4178466796875,349.9373779296875,0.914799690246582
205,41,537.5593872070312,339.0610046386719,590.5075073242188,488.9057312011719,564.033447265625,413.9833679199219,0.8722413778305054
205,47,101.3638687133789,525.722900390625,190.94876098632812,718.8215942382812,146.15631103515625,622.272216796875,0.916603147983551
205,58,346.78851318359375,481.0867919921875,438.211181640625,594.6767578125,392.4998474121094,537.8817749023438,0.8343667984008789
205,8,709.105712890625,384.0345764160156,767.6854858398438,545.8330688476562,738.3956298828125,464.933837890625,0.8067834377288818
205,12,821.2736206054688,317.7397766113281,896.747802734375,445.1731262207031,859.0107421875,381.4564514160156,0.6968265771865845
205,48,261.37054443359375,364.9359130859375,319.026611328125,480.1329040527344,290.1985778808594,422.534423828125,0.8534220457077026
205,43,300.8070373535156,452.2588195800781,388.6791076660156,525.953369140625,344.7430725097656,489.1060791015625,0.6523228287696838
205,65,867.5765991210938,280.7771911621094,920.3641967773438,413.2618103027344,893.9703979492188,347.0195007324219,0.790919303894043
206,5,574.4840087890625,419.38690185546875,652.826416015625,585.7576293945312,613.6552124023438,502.572265625,0.8739360570907593
206,16,990.1906127929688,400.9055480957031,1062.20751953125,518.2804565429688,1026.1990966796875,459.593017578125,0.822483479976654
206,39,1125.124755859375,387.9180908203125,1192.072265625,527.6134643554688,1158.5985107421875,457.7657775878906,0.8576462268829346
206,3,614.9307861328125,522.8338623046875,695.3464965820312,713.1773071289062,655.138671875,618.005615234375,0.8737589716911316
206,52,409.1697692871094,276.0527038574219,466.4987487792969,418.1563415527344,437.8342590332031,347.1045227050781,0.884186863899231
206,41,535.2881469726562,337.22808837890625,593.4522705078125,487.53887939453125,564.3702392578125,412.38348388671875,0.8747092485427856
206,47,105.53265380859375,524.1455078125,195.27230834960938,718.956787109375,150.40248107910156,621.5511474609375,0.9116685390472412
206,58,357.076904296875,484.52740478515625,445.5731506347656,593.0585327148438,401.32501220703125,538.79296875,0.8136860132217407
206,8,712.3048095703125,383.2511901855469,766.7987670898438,545.7554321289062,739.5517578125,464.5032958984375,0.8231893181800842
206,12,826.9899291992188,317.8780517578125,901.428955078125,443.6936340332031,864.20947265625,380.78582763671875,0.7468321323394775
206,48,265.6799011230469,363.86846923828125,327.57684326171875,478.9423522949219,296.62835693359375,421.4053955078125,0.8041270971298218
206,43,305.7237243652344,453.8975830078125,395.84515380859375,537.651611328125,350.784423828125,495.77459716796875,0.7037584781646729
206,65,874.0731811523438,280.4494934082031,924.7636108398438,412.81866455078125,899.4183959960938,346.63409423828125,0.8276641368865967
207,5,578.9462280273438,416.2114562988281,661.4634399414062,584.0530395507812,620.204833984375,500.13226318359375,0.8288887739181519
207,16,993.1239013671875,397.7487487792969,1065.173828125,517.1423950195312,1029.14892578125,457.445556640625,0.8254445791244507
207,39,1128.2860107421875,389.68743896484375,1195.6597900390625,526.698486328125,1161.972900390625,458.1929626464844,0.8821302652359009
207,3,618.3392333984375,522.6766357421875,697.563720703125,712.950927734375,657.9514770507812,617.8137817382812,0.9058131575584412
207,52,405.4560852050781,272.842041015625,467.3413391113281,416.0995178222656,436.3987121582031,344.47076416015625,0.8918368816375732
207,41,536.6436767578125,336.1425476074219,596.3275146484375,486.2760925292969,566.485595703125,411.2093200683594,0.8525592088699341
207,47,108.99598693847656,522.6993408203125,198.23837280273438,718.919921875,153.6171875,620.8096313476562,0.9108145833015442
207,58,365.7385559082031,487.8512268066406,453.20556640625,591.1867065429688,409.4720458984375,539.5189819335938,0.7868067026138306
207,8,714.4712524414062,381.7481994628906,765.679443359375,547.161376953125,740.0753173828125,464.45477294921875,0.8430976867675781
207,12,830.2454223632812,317.6671142578125,904.221923828125,442.6709899902344,867.233642578125,380.1690673828125,0.7611126899719238
207,48,268.7994079589844,362.9492492675781,334.60595703125,478.1603698730469,301.70269775390625,420.5548095703125,0.8370506763458252
207,43,309.6131591796875,455.3587951660156,401.9750061035156,541.1340942382812,355.7940673828125,498.2464599609375,0.8080575466156006
207,65,878.3740844726562,280.9764404296875,927.2376708984375,412.1030578613281,902.805908203125,346.53973388671875,0.8005197644233704
208,5,588.4871826171875,413.12933349609375,666.0325317382812,582.298828125,627.2598876953125,497.7140808105469,0.8484443426132202
208,16,994.9437255859375,394.44720458984375,1069.0726318359375,517.2591552734375,1032.0081787109375,455.8531799316406,0.8806499242782593
208,39,1131.8021240234375,389.7563171386719,1199.476806640625,526.2978515625,1165.639404296875,458.027099609375,0.9099565148353577
208,3,621.391357421875,522.1781616210938,701.07275390625,713.0137939453125,661.2320556640625,617.595947265625,0.9094554781913757
208,52,403.2672119140625,271.2489013671875,465.7475891113281,412.7357482910156,434.50738525390625,341.9923095703125,0.9008661508560181
208,41,535.9853515625,335.7539978027344,598.9195556640625,485.5378723144531,567.4524536132812,410.64593505859375,0.8721453547477722
208,47,111.76435852050781,521.7890014648438,200.82403564453125,718.41552734375,156.294189453125,620.102294921875,0.9166131615638733
208,58,372.2292785644531,489.5412902832031,460.9772644042969,590.5636596679688,416.603271484375,540.052490234375,0.7484188675880432
208,8,716.4816284179688,381.3539733886719,766.061767578125,549.5243530273438,741.271728515625,465.43914794921875,0.8247750401496887
208,12,832.9308471679688,315.3876037597656,906.8214721679688,442.2328186035156,869.8761596679688,378.8102111816406,0.7446462512016296
208,48,271.59783935546875,361.9412841796875,341.0732116699219,476.9765930175781,306.33551025390625,419.45892333984375,0.8738462924957275
208,43,313.77642822265625,455.6631164550781,406.0682067871094,544.6865844726562,359.92230224609375,500.17486572265625,0.6988510489463806
208,65,882.7388916015625,280.70806884765625,929.3663940429688,410.8023376464844,906.0526123046875,345.75518798828125,0.8488263487815857
209,5,602.8173828125,411.16058349609375,666.4976806640625,580.9241943359375,634.6575317382812,496.0423889160156,0.8696987628936768
209,16,996.5982666015625,390.7530517578125,1073.0338134765625,517.081787109375,1034.8160400390625,453.91741943359375,0.8900358080863953
209,39,1138.3028564453125,389.49298095703125,1203.0885009765625,526.3854370117188,1170.6956787109375,457.939208984375,0.8910331130027771
209,3,624.3927001953125,523.1084594726562,705.646240234375,712.0319213867188,665.0194702148438,617.5701904296875,0.9074696898460388
209,52,402.8520202636719,270.5682373046875,461.1096496582031,407.65887451171875,431.9808349609375,339.1135559082031,0.8875019550323486
209,41,529.1970825195312,336.3841552734375,599.9048461914062,484.3238525390625,564.5509643554688,410.35400390625,0.9072113037109375
209,47,113.77387237548828,520.93994140625,202.8865509033203,717.313720703125,158.33021545410156,619.1268310546875,0.9094557762145996
209,58,377.15570068359375,490.26641845703125,469.2064514160156,590.2509155273438,423.18109130859375,540.2586669921875,0.7598347663879395
209,8,718.366943359375,380.4656982421875,768.285400390625,551.2908935546875,743.326171875,465.8782958984375,0.811612069606781
209,12,834.1560668945312,312.8975524902344,906.921875,441.73309326171875,870.5389404296875,377.3153076171875,0.8610554337501526
209,48,273.8792419433594,361.5008239746094,349.3780517578125,475.13720703125,311.628662109375,418.31903076171875,0.896082878112793
209,43,318.9993896484375,454.5944519042969,410.2576904296875,549.05615234375,364.6285400390625,501.8253173828125,0.7345133423805237
209,65,886.8803100585938,280.1672668457031,931.6224365234375,410.2132568359375,909.2513427734375,345.19024658203125,0.8626089692115784
210,5,613.3707885742188,409.0316162109375,668.60595703125,579.5245971679688,640.9884033203125,494.2781066894531,0.847981870174408
210,16,999.4136352539062,386.9215393066406,1076.50390625,517.2609252929688,1037.958740234375,452.09124755859375,0.9166168570518494
210,39,1145.0858154296875,388.86712646484375,1206.0120849609375,526.7807006835938,1175.5489501953125,457.82391357421875,0.8901768326759338
210,3,627.7488403320312,523.8658447265625,709.9193115234375,711.7844848632812,668.8341064453125,617.8251953125,0.8928368091583252
210,52,403.0703430175781,271.2495422363281,457.9898986816406,403.6889343261719,430.5301208496094,337.46923828125,0.8900647759437561
210,41,519.3107299804688,337.6028747558594,600.1982421875,482.70013427734375,559.7545166015625,410.1514892578125,0.9076322913169861
210,47,115.0728988647461,520.4814453125,204.73951721191406,716.55078125,159.9062042236328,618.51611328125,0.9072326421737671
210,58,379.1719055175781,489.5274963378906,477.3104553222656,589.9899291992188,428.2411804199219,539.7587280273438,0.7697339057922363
210,8,720.3823852539062,380.2725830078125,770.7279663085938,553.0420532226562,745.55517578125,466.6573181152344,0.8107478618621826
210,12,833.6964721679688,312.2227478027344,906.1317749023438,440.89642333984375,869.9141235351562,376.5595703125,0.8706992864608765
210,48,275.71502685546875,361.2361145019531,352.866943359375,474.5835266113281,314.2909851074219,417.9098205566406,0.8630477786064148
210,43,323.8174743652344,452.6770935058594,411.6331787109375,554.7578125,367.725341796875,503.71746826171875,0.8197548389434814
210,65,892.5734252929688,280.7811279296875,933.7496337890625,410.5233459472656,913.1614990234375,345.6522216796875,0.9038060307502747
211,5,618.5184326171875,407.9020080566406,670.8865356445312,574.7919311523438,644.7025146484375,491.34698486328125,0.8310344219207764
211,16,1002.0120239257812,383.7729187011719,1078.7120361328125,517.7745971679688,1040.362060546875,450.77374267578125,0.91853266954422
211,39,1149.62548828125,388.986083984375,1206.2576904296875,526.84619140625,1177.941650390625,457.9161376953125,0.8777997493743896
211,3,633.8445434570312,523.7843017578125,713.3681640625,712.1513671875,673.6063232421875,617.9678344726562,0.8734524846076965
211,52,403.3595886230469,272.6999816894531,454.52197265625,401.00927734375,428.9407958984375,336.8546142578125,0.8773393034934998
211,41,507.9010009765625,340.04443359375,599.7318115234375,481.8559875488281,553.81640625,410.9501953125,0.9102303385734558
211,47,115.79325866699219,520.322021484375,205.99510192871094,716.3392333984375,160.89418029785156,618.3306274414062,0.9031113982200623
211,58,387.09686279296875,488.0567626953125,485.4539489746094,590.75244140625,436.275390625,539.4046020507812,0.8299410343170166
211,8,720.0862426757812,380.6255798339844,771.4059448242188,554.8113403320312,745.74609375,467.71844482421875,0.8117966651916504
211,12,830.370361328125,310.85821533203125,900.1348876953125,437.8988342285156,865.2526245117188,374.3785400390625,0.7204583883285522
211,48,277.43975830078125,361.5384521484375,355.5290832519531,474.6173400878906,316.48443603515625,418.077880859375,0.8537000417709351
211,43,328.027587890625,450.9920959472656,411.91583251953125,562.1340942382812,369.9717102050781,506.5631103515625,0.8221209645271301
211,65,895.8106689453125,281.32342529296875,935.4249877929688,414.61029052734375,915.6177978515625,347.96685791015625,0.8813402652740479
212,5,621.6477661132812,407.5746765136719,672.9937744140625,562.729736328125,647.32080078125,485.1522216796875,0.865831732749939
212,16,1005.3125,381.6520690917969,1079.3634033203125,517.69140625,1042.337890625,449.6717529296875,0.9030873775482178
212,39,1151.9034423828125,388.5948791503906,1207.5540771484375,526.7857055664062,1179.728759765625,457.6903076171875,0.8733417987823486
212,3,642.3849487304688,522.7776489257812,715.6353759765625,712.6629638671875,679.0101318359375,617.7203369140625,0.8701427578926086
212,52,401.2001953125,271.8740234375,450.8427734375,399.96807861328125,426.021484375,335.9210510253906,0.8701378107070923
212,41,496.6028137207031,342.3768005371094,598.4384765625,481.2983093261719,547.5206298828125,411.8375549316406,0.9181496500968933
212,47,115.80096435546875,520.1513061523438,206.1377410888672,716.1245727539062,160.9693603515625,618.137939453125,0.9000565409660339
212,58,391.72900390625,486.2386169433594,491.0639343261719,590.1694946289062,441.396484375,538.2040405273438,0.8482961654663086
212,8,719.8078002929688,380.86553955078125,770.5034790039062,555.9290161132812,745.1556396484375,468.39727783203125,0.8089213371276855
212,12,824.959228515625,310.5729675292969,890.1697998046875,432.3629455566406,857.5645141601562,371.46795654296875,0.8508923053741455
212,48,278.5808410644531,361.20703125,356.8760986328125,474.92047119140625,317.72845458984375,418.0637512207031,0.8619730472564697
212,43,331.2972717285156,447.8419189453125,410.28729248046875,564.6266479492188,370.79229736328125,506.2342834472656,0.8374946117401123
212,65,896.6402587890625,281.83282470703125,936.5438232421875,420.031005859375,916.592041015625,350.9319152832031,0.8967483043670654
213,5,624.2565307617188,408.4751281738281,675.3895874023438,557.8529663085938,649.8230590820312,483.1640625,0.9027639627456665
213,16,1011.121337890625,379.3480224609375,1078.9671630859375,519.5901489257812,1045.044189453125,449.4690856933594,0.9104720950126648
213,39,1152.856689453125,387.74359130859375,1209.1234130859375,526.4447631835938,1180.989990234375,457.09417724609375,0.686022162437439
213,3,652.5687866210938,521.6346435546875,717.2882690429688,712.967041015625,684.9285278320312,617.3008422851562,0.8752543330192566
213,52,398.44158935546875,270.7688903808594,446.9020080566406,399.70758056640625,422.67181396484375,335.23822021484375,0.8885847330093384
213,41,487.8767395019531,343.6206359863281,595.40576171875,480.318359375,541.6412353515625,411.969482421875,0.9043905138969421
213,47,115.57646942138672,520.078125,206.09146118164062,715.7987670898438,160.83396911621094,617.9384765625,0.9010356664657593
213,58,394.8497009277344,484.3967590332031,494.31036376953125,589.3284912109375,444.58001708984375,536.8626098632812,0.6301291584968567
213,8,719.9479370117188,380.93798828125,769.8218383789062,556.5405883789062,744.8848876953125,468.7392883300781,0.8042151927947998
213,12,817.4279174804688,309.6756591796875,883.3469848632812,429.8531494140625,850.387451171875,369.764404296875,0.8430517911911011
213,48,280.5250244140625,360.186767578125,358.39837646484375,475.3656005859375,319.4617004394531,417.77618408203125,0.86665940284729
213,43,333.6505126953125,443.6427307128906,409.0668029785156,566.5604858398438,371.358642578125,505.10162353515625,0.839773952960968
213,65,895.3049926757812,282.84722900390625,938.68603515625,421.7017517089844,916.9954833984375,352.27447509765625,0.9001628756523132
214,5,625.9541625976562,410.10675048828125,677.582275390625,557.3497924804688,651.7681884765625,483.728271484375,0.9033203125
214,16,1016.4302978515625,378.8753967285156,1077.298828125,521.587158203125,1046.864501953125,450.23126220703125,0.9024703502655029
214,39,1153.2481689453125,387.0304260253906,1210.731689453125,526.1158447265625,1181.989990234375,456.5731201171875,0.8714041709899902
214,3,656.4431762695312,520.4252319335938,720.2730712890625,713.522705078125,688.358154296875,616.9739990234375,0.8910186290740967
214,52,395.7598876953125,269.1387939453125,442.57550048828125,399.678955078125,419.1676940917969,334.40887451171875,0.8807938098907471
214,41,480.7955322265625,343.97491455078125,591.152099609375,481.7186279296875,535.9738159179688,412.8467712402344,0.9137324094772339
214,47,115.14773559570312,520.010009765625,205.72116088867188,715.5843505859375,160.4344482421875,617.7971801757812,0.9087311625480652
214,58,401.27984619140625,481.5841064453125,496.3882141113281,589.1268310546875,448.83404541015625,535.35546875,0.8450173139572144
214,8,719.183837890625,381.3432312011719,767.7373657226562,556.7598876953125,743.4605712890625,469.05157470703125,0.7624146938323975
214,12,810.5487060546875,309.1095886230469,876.2698364257812,428.7065124511719,843.4093017578125,368.9080505371094,0.84320068359375
214,48,283.02545166015625,358.7501525878906,359.9264221191406,475.7801208496094,321.4759521484375,417.26513671875,0.8656225800514221
214,43,336.2088317871094,439.26654052734375,410.01763916015625,566.6825561523438,373.11322021484375,502.97454833984375,0.79753577709198
214,65,893.3195190429688,284.4740905761719,941.1128540039062,422.97845458984375,917.2161865234375,353.72625732421875,0.9198869466781616
215,5,627.15234375,412.1388854980469,679.88916015625,565.5601806640625,653.520751953125,488.84954833984375,0.8574883341789246
215,16,1019.5184936523438,379.30096435546875,1076.4923095703125,524.6408081054688,1048.00537109375,451.97088623046875,0.8878148198127747
215,39,1153.39111328125,386.2904968261719,1212.4163818359375,526.0527954101562,1182.90380859375,456.171630859375,0.8734036684036255
215,3,659.1273803710938,518.2154541015625,723.394775390625,713.1456298828125,691.2611083984375,615.6805419921875,0.8755516409873962
215,52,393.15130615234375,267.04791259765625,437.5556335449219,399.4256286621094,415.35345458984375,333.23675537109375,0.7972897291183472
215,41,477.4643859863281,343.6798095703125,584.5758666992188,482.1109924316406,531.0201416015625,412.8953857421875,0.9152512550354004
215,47,114.62832641601562,520.0061645507812,205.64988708496094,715.5216064453125,160.13909912109375,617.763916015625,0.9060907363891602
215,58,409.9321594238281,478.1410827636719,497.7154846191406,588.6775512695312,453.8238220214844,533.4093017578125,0.7931393980979919
215,8,719.35498046875,380.4632568359375,766.92041015625,556.8324584960938,743.1376953125,468.6478576660156,0.6602528691291809
215,12,803.220458984375,308.0741882324219,871.0256958007812,428.2071228027344,837.123046875,368.1406555175781,0.8570148348808289
215,48,286.001708984375,356.4353332519531,361.1044921875,474.3616638183594,323.5531005859375,415.39849853515625,0.8677403926849365
215,43,337.9875183105469,434.39019775390625,412.5035400390625,561.95556640625,375.24554443359375,498.1728820800781,0.8228726983070374
215,65,892.3364868164062,285.7046813964844,943.348876953125,422.9748840332031,917.8426513671875,354.33978271484375,0.9225530624389648
216,5,628.1600952148438,413.89727783203125,683.366455078125,574.0180053710938,655.7633056640625,493.9576416015625,0.8736011981964111
216,16,1020.5233764648438,378.5433044433594,1077.283447265625,529.073974609375,1048.9034423828125,453.80865478515625,0.8912985920906067
216,39,1153.1595458984375,384.93389892578125,1212.7633056640625,525.3517456054688,1182.96142578125,455.142822265625,0.6587663292884827
216,3,665.5764770507812,517.4351196289062,727.4002685546875,712.4222412109375,696.4884033203125,614.9287109375,0.8697525858879089
216,52,391.3941345214844,265.217041015625,434.3941650390625,399.3175964355469,412.8941650390625,332.267333984375,0.8539848923683167
216,41,475.67193603515625,342.41827392578125,578.7943725585938,482.10125732421875,527.233154296875,412.259765625,0.9083943963050842
216,47,114.38988494873047,519.9082641601562,205.70790100097656,714.989990234375,160.04888916015625,617.4490966796875,0.9100150465965271
216,58,414.87396240234375,474.1114501953125,499.0076599121094,587.583740234375,456.9407958984375,530.8475952148438,0.846946656703949
216,8,716.9156494140625,382.1635437011719,766.2161865234375,556.4378662109375,741.56591796875,469.30072021484375,0.7602439522743225
216,12,799.4402465820312,306.27099609375,868.5366821289062,427.2309265136719,833.9884643554688,366.7509765625,0.8575258851051331
216,48,290.95623779296875,353.953857421875,362.3076477050781,473.68646240234375,326.6319580078125,413.8201599121094,0.8774803876876831
216,43,338.3470153808594,428.60198974609375,415.0328369140625,559.9783935546875,376.68994140625,494.2901916503906,0.8938628435134888
216,65,892.3578491210938,286.9857482910156,947.7678833007812,421.962890625,920.0628662109375,354.47430419921875,0.8898113965988159
217,5,628.5133056640625,414.8564147949219,687.1145629882812,578.3285522460938,657.81396484375,496.59246826171875,0.900863528251648
217,16,1020.4017333984375,377.5898132324219,1078.794921875,530.8900756835938,1049.598388671875,454.23992919921875,0.8804504871368408
217,39,1152.74609375,383.1328125,1212.4024658203125,524.6488647460938,1182.57421875,453.8908386230469,0.8646888136863708
217,3,671.0521240234375,516.8878784179688,733.490478515625,711.9773559570312,702.2713012695312,614.4326171875,0.8734350204467773
217,52,389.27081298828125,263.34747314453125,431.3988342285156,398.7552185058594,410.3348388671875,331.05133056640625,0.8526275157928467
217,41,473.2140197753906,341.0837097167969,571.1417846679688,481.8470458984375,522.1779174804688,411.46539306640625,0.8910400867462158
217,47,113.76632690429688,519.35888671875,205.82594299316406,714.947998046875,159.796142578125,617.1534423828125,0.9047076106071472
217,58,416.0129089355469,470.43133544921875,500.16510009765625,586.2138671875,458.0889892578125,528.3226318359375,0.8603003621101379
217,8,713.7896118164062,382.624267578125,765.342529296875,555.878662109375,739.5660400390625,469.25146484375,0.7787466049194336
217,12,792.6312866210938,304.2236022949219,867.28662109375,426.37701416015625,829.958984375,365.30029296875,0.8352006077766418
217,48,296.8785705566406,350.7022399902344,363.2308349609375,475.2707214355469,330.0546875,412.9864807128906,0.8638883233070374
217,43,336.7298583984375,422.9734191894531,415.9022216796875,557.4688720703125,376.3160400390625,490.22113037109375,0.8746017217636108
217,65,892.0170288085938,287.8212890625,954.0416870117188,421.4938659667969,923.0293579101562,354.6575927734375,0.8925624489784241
218,5,628.4710693359375,415.3229064941406,688.4100952148438,579.7254028320312,658.4405517578125,497.524169921875,0.9071141481399536
218,16,1022.65380859375,377.26812744140625,1079.8392333984375,531.0413208007812,1051.24658203125,454.15472412109375,0.8817416429519653
218,39,1152.12109375,381.9422302246094,1211.348876953125,523.997802734375,1181.7349853515625,452.97003173828125,0.8561034798622131
218,3,674.04248046875,516.8677978515625,739.798095703125,712.0066528320312,706.9202880859375,614.437255859375,0.8762702941894531
218,52,386.012939453125,262.40179443359375,428.9653625488281,397.0957336425781,407.4891357421875,329.748779296875,0.8498979806900024
218,41,471.7524108886719,339.6944580078125,562.4037475585938,480.2361145019531,517.0780639648438,409.96527099609375,0.8878567218780518
218,47,113.15685272216797,518.6544799804688,202.99261474609375,714.3050537109375,158.07473754882812,616.479736328125,0.8914394378662109
218,58,419.39404296875,466.48858642578125,501.52325439453125,585.6598510742188,460.4586486816406,526.07421875,0.782619059085846
218,8,712.1310424804688,383.585693359375,763.4974975585938,557.3280639648438,737.8142700195312,470.4568786621094,0.7588561773300171
218,12,785.990478515625,301.8526611328125,864.4249877929688,425.25030517578125,825.207763671875,363.5514831542969,0.8396829962730408
218,48,301.81072998046875,347.6913146972656,363.9295349121094,474.6130676269531,332.8701171875,411.1521911621094,0.8467133641242981
218,43,333.4996032714844,415.8743896484375,416.77392578125,555.7584228515625,375.13677978515625,485.81640625,0.8875077366828918
218,65,892.9832153320312,288.1805114746094,960.9700927734375,423.4410400390625,926.9766845703125,355.810791015625,0.9009615778923035
219,5,628.768310546875,415.1748046875,688.7136840820312,579.625244140625,658.740966796875,497.4000244140625,0.9088922142982483
219,16,1029.635498046875,377.3597412109375,1082.1094970703125,530.58203125,1055.87255859375,453.97088623046875,0.8429202437400818
219,39,1151.3974609375,381.6138610839844,1210.4031982421875,523.5572509765625,1180.900390625,452.5855712890625,0.8659998774528503
219,3,676.0070190429688,517.12451171875,745.0631713867188,710.9883422851562,710.5350952148438,614.056396484375,0.8893120288848877
219,52,383.5919494628906,262.0545959472656,427.53271484375,394.9217224121094,405.56231689453125,328.4881591796875,0.8104683756828308
219,41,466.04052734375,339.62908935546875,550.8861694335938,478.3062438964844,508.4633483886719,408.9676513671875,0.7619423270225525
219,47,112.79330444335938,518.0502319335938,199.38522338867188,713.7382202148438,156.08926391601562,615.8942260742188,0.8724839091300964
219,58,415.9215087890625,463.5870361328125,501.3807067871094,584.5929565429688,458.651123046875,524.0899658203125,0.6572943925857544
219,8,715.6890869140625,386.9104309082031,762.8760986328125,558.4267578125,739.2825927734375,472.6685791015625,0.6537391543388367
219,12,781.8712768554688,300.0960998535156,858.30419921875,425.3453063964844,820.0877685546875,362.720703125,0.8192817568778992
219,48,307.1304931640625,345.17138671875,363.8872375488281,475.1401062011719,335.50885009765625,410.15576171875,0.8012133240699768
219,43,328.64093017578125,409.302001953125,415.3489074707031,554.241455078125,371.99493408203125,481.771728515625,0.8970835208892822
219,65,896.3407592773438,288.6178894042969,967.5452270507812,428.3305969238281,931.9429931640625,358.4742431640625,0.9024136662483215
220,5,629.0034790039062,413.4643249511719,688.3789672851562,578.8408813476562,658.6912231445312,496.152587890625,0.9112719297409058
220,16,1039.3682861328125,377.3012390136719,1084.0396728515625,530.4301147460938,1061.7039794921875,453.86566162109375,0.8897204399108887
220,39,1150.6998291015625,380.9405517578125,1210.8228759765625,522.9210815429688,1180.7613525390625,451.9308166503906,0.8639166355133057
220,3,676.4522094726562,517.7286376953125,748.782958984375,709.5975341796875,712.6175537109375,613.6630859375,0.8932473063468933
220,52,382.1643981933594,261.83453369140625,426.4614562988281,391.88104248046875,404.31292724609375,326.8577880859375,0.6317926645278931
220,41,461.1533508300781,339.64239501953125,541.3257446289062,481.97943115234375,501.23956298828125,410.8109130859375,0.8228615522384644
220,47,112.61276245117188,517.9766845703125,194.0871124267578,713.318603515625,153.34994506835938,615.6476440429688,0.908206045627594
220,58,426.7537841796875,462.5086364746094,502.2250671386719,583.3502807617188,464.48944091796875,522.929443359375,0.6705700159072876
220,8,716.637939453125,391.3144836425781,762.1861572265625,559.1704711914062,739.4120483398438,475.24249267578125,0.5415737628936768
220,12,771.9358520507812,299.20233154296875,849.387451171875,422.5690002441406,810.66162109375,360.88568115234375,0.8158167600631714
220,48,314.1322937011719,343.28759765625,361.6319274902344,474.337646484375,337.8821105957031,408.8126220703125,0.6420601010322571
220,43,324.31134033203125,403.6684875488281,410.23773193359375,551.56298828125,367.2745361328125,477.61572265625,0.8980807065963745
220,65,899.7431640625,288.7178649902344,972.8546752929688,430.87646484375,936.2989501953125,359.79718017578125,0.9074222445487976
221,5,629.56787109375,411.1533508300781,688.5598754882812,577.4284057617188,659.0638427734375,494.2908935546875,0.9044095277786255
221,16,1043.5440673828125,376.6930847167969,1086.45361328125,530.0994262695312,1064.998779296875,453.396240234375,0.8836618661880493
221,39,1150.2196044921875,380.7223815917969,1212.2711181640625,522.64794921875,1181.245361328125,451.6851806640625,0.885563850402832
221,3,676.5770263671875,518.4728393554688,751.3033447265625,708.4512939453125,713.940185546875,613.4620361328125,0.8806073069572449
221,52,380.8424377441406,261.34515380859375,425.34283447265625,389.5714416503906,403.0926513671875,325.45831298828125,0.793661892414093
221,41,455.35919189453125,342.94329833984375,533.2236328125,484.13140869140625,494.2914123535156,413.537353515625,0.8763741850852966
221,47,112.53462219238281,517.724609375,190.4216766357422,713.1990966796875,151.4781494140625,615.4618530273438,0.9048639535903931
221,58,421.9658508300781,461.34515380859375,501.939453125,583.888916015625,461.95263671875,522.6170654296875,0.8203845620155334
221,8,716.384765625,395.22564697265625,762.4108276367188,558.9164428710938,739.3978271484375,477.071044921875,0.725866973400116
221,12,767.6168212890625,298.3509521484375,837.6641845703125,421.1533203125,802.6405029296875,359.75213623046875,0.7906793355941772
221,48,319.9881286621094,342.7157897949219,361.431396484375,446.1145324707031,340.70977783203125,394.4151611328125,0.561513364315033
221,43,319.8742980957031,402.966796875,399.9495544433594,550.3231201171875,359.91192626953125,476.64495849609375,0.8471131920814514
221,65,903.19677734375,289.7038269042969,976.6751098632812,432.10028076171875,939.9359130859375,360.90203857421875,0.9048846960067749
222,5,631.1133422851562,408.54473876953125,688.0289916992188,575.339599609375,659.5711669921875,491.9421691894531,0.8942676782608032
222,16,1044.7042236328125,375.9698486328125,1089.0965576171875,530.1492919921875,1066.900390625,453.0595703125,0.9011603593826294
222,39,1149.4676513671875,380.87109375,1212.5322265625,522.70703125,1181.0,451.7890625,0.8953437209129333
222,3,676.7742919921875,518.8366088867188,754.2347412109375,707.8186645507812,715.5045166015625,613.32763671875,0.8910101056098938
222,52,378.9660949707031,259.8681640625,424.108154296875,388.24810791015625,401.537109375,324.0581359863281,0.8258247971534729
222,41,442.363037109375,347.9341735839844,525.6942749023438,485.686279296875,484.0286560058594,416.81024169921875,0.8696191310882568
222,47,112.2946548461914,517.718994140625,187.32460021972656,713.01513671875,149.80963134765625,615.3670654296875,0.8849886059761047
222,58,430.5569763183594,461.04449462890625,506.943359375,584.6866455078125,468.75018310546875,522.8656005859375,0.6774275302886963
222,8,716.2290649414062,366.2513427734375,764.2936401367188,559.0098266601562,740.2613525390625,462.6305847167969,0.6804205179214478
222,12,765.0289306640625,299.42498779296875,822.51708984375,418.9973449707031,793.7730102539062,359.211181640625,0.7525187730789185
222,48,322.22979736328125,343.302001953125,363.1404724121094,437.0128479003906,342.68511962890625,390.15740966796875,0.4127104878425598
222,43,316.2080383300781,401.1877136230469,383.8582763671875,549.051513671875,350.03314208984375,475.11962890625,0.8429116606712341
222,65,906.5530395507812,293.19866943359375,978.6718139648438,432.8214416503906,942.6124267578125,363.01007080078125,0.9049031734466553
223,5,632.1771850585938,405.8977966308594,687.2432861328125,571.7186279296875,659.710205078125,488.8082275390625,0.872516930103302
223,16,1043.7965087890625,375.3884582519531,1094.192138671875,530.6864624023438,1068.994384765625,453.0374755859375,0.9064982533454895
223,39,1147.8028564453125,380.4927978515625,1211.242431640625,523.15087890625,1179.522705078125,451.82183837890625,0.8556926250457764
223,3,677.2386474609375,519.4847412109375,755.0642700195312,708.3626708984375,716.1514892578125,613.9237060546875,0.8936652541160583
223,52,375.54248046875,258.6944580078125,422.20947265625,386.0595397949219,398.8759765625,322.37701416015625,0.840172290802002
223,41,432.026123046875,353.55670166015625,520.7451782226562,488.492431640625,476.3856506347656,421.0245666503906,0.8174797296524048
223,47,110.98824310302734,518.0009155273438,183.28929138183594,713.61376953125,147.13876342773438,615.807373046875,0.8921384215354919
223,58,427.932861328125,461.4778137207031,509.25860595703125,586.5462646484375,468.5957336425781,524.0120239257812,0.8015907406806946
223,8,716.270751953125,356.67572021484375,765.2540283203125,558.9782104492188,740.7623901367188,457.82696533203125,0.6588069796562195
223,12,760.3134155273438,300.8196105957031,806.6089477539062,412.4629211425781,783.461181640625,356.6412658691406,0.6779857873916626
223,48,323.673828125,345.4202575683594,366.2248229980469,455.77630615234375,344.9493408203125,400.5982666015625,0.5789145827293396
223,43,310.74609375,399.4292907714844,366.32330322265625,547.2052001953125,338.5346984863281,473.3172607421875,0.819110631942749
223,65,909.178466796875,296.38128662109375,978.1373901367188,433.0313415527344,943.657958984375,364.706298828125,0.912575364112854
224,5,631.0471801757812,403.77978515625,684.0994873046875,567.287353515625,657.5733642578125,485.5335693359375,0.9063996076583862
224,16,1041.0406494140625,374.9719543457031,1097.5828857421875,531.2799072265625,1069.311767578125,453.12591552734375,0.916380763053894
224,39,1144.4952392578125,380.8695373535156,1207.5162353515625,523.3553466796875,1176.0057373046875,452.1124267578125,0.8916775584220886
224,3,677.9011840820312,519.2976684570312,752.544677734375,709.2724609375,715.222900390625,614.2850341796875,0.895960807800293
224,52,369.08404541015625,257.3673400878906,418.734375,382.0558166503906,393.9092102050781,319.7115783691406,0.8343662619590759
224,41,418.4066162109375,359.9947509765625,514.7088012695312,491.9934387207031,466.5577087402344,425.99407958984375,0.8358493447303772
224,47,107.76787567138672,518.1041259765625,178.04893493652344,715.7318115234375,142.9084014892578,616.91796875,0.8970602750778198
224,58,429.9169921875,462.36407470703125,507.874267578125,587.3171997070312,468.8956298828125,524.8406372070312,0.6979967951774597
224,8,713.8284912109375,353.71087646484375,762.3414916992188,558.3593139648438,738.0849609375,456.03509521484375,0.5913865566253662
224,12,752.046875,299.5927429199219,796.1286010742188,419.33721923828125,774.0877685546875,359.4649658203125,0.7499921917915344
224,48,324.1459655761719,347.66693115234375,366.77947998046875,461.4044189453125,345.46270751953125,404.5356750488281,0.6565055847167969
224,43,303.16400146484375,395.5906066894531,361.6502685546875,548.12646484375,332.4071350097656,471.8585205078125,0.8023205399513245
224,65,908.931396484375,299.51416015625,974.793212890625,433.30804443359375,941.8623046875,366.4111022949219,0.9033305048942566
224,60,678.3750610351562,161.7712860107422,722.6083984375,312.98828125,700.49169921875,237.37979125976562,0.46143797039985657
225,5,628.7650146484375,401.9343566894531,679.7940063476562,559.9715576171875,654.279541015625,480.95294189453125,0.8914568424224854
225,16,1038.1468505859375,374.5363464355469,1098.88671875,532.980712890625,1068.516845703125,453.758544921875,0.910323441028595
225,39,1138.784912109375,380.9626770019531,1203.0799560546875,523.1546020507812,1170.932373046875,452.05865478515625,0.9040815830230713
225,3,680.6851196289062,518.3351440429688,749.23828125,712.7473754882812,714.961669921875,615.541259765625,0.8739120364189148
225,52,363.1200866699219,257.8736572265625,414.820556640625,377.497802734375,388.9703369140625,317.68572998046875,0.8123034834861755
225,41,409.9984436035156,363.87353515625,508.28692626953125,493.2196350097656,459.1427001953125,428.54656982421875,0.8049725294113159
225,47,103.28487396240234,518.9559936523438,171.25668334960938,717.0259399414062,137.27078247070312,617.990966796875,0.8871585130691528
225,58,423.5351257324219,462.27935791015625,504.1523132324219,587.2464599609375,463.8437194824219,524.762939453125,0.7309948801994324
225,8,700.4492797851562,376.9571838378906,755.582275390625,559.0084228515625,728.0157470703125,467.9827880859375,0.5327084064483643
225,12,743.7175903320312,299.037841796875,787.2728271484375,421.1227722167969,765.4952392578125,360.080322265625,0.702444851398468
225,48,322.825927734375,350.9109191894531,367.2320556640625,467.1441650390625,345.02899169921875,409.02752685546875,0.7877214550971985
225,43,291.1933288574219,392.0067443847656,345.68841552734375,548.8397216796875,318.44085693359375,470.4232177734375,0.8222916126251221
225,65,906.8323364257812,303.9879455566406,969.995361328125,433.63787841796875,938.413818359375,368.81292724609375,0.8895992040634155
226,5,625.0925903320312,400.85052490234375,676.4112548828125,550.5911865234375,650.751953125,475.7208557128906,0.8515679240226746
226,16,1035.19873046875,374.9912109375,1098.8074951171875,535.593505859375,1067.003173828125,455.2923583984375,0.9051063656806946
226,39,1132.485595703125,380.8792419433594,1197.810546875,522.5652465820312,1165.1480712890625,451.72222900390625,0.9182716608047485
226,3,681.72705078125,516.7669677734375,745.8109130859375,703.8374633789062,713.7689819335938,610.30224609375,0.8716604113578796
226,52,353.89453125,260.36865234375,409.5656433105469,378.4842529296875,381.7301025390625,319.42645263671875,0.834582507610321
226,41,403.6772766113281,364.5808410644531,503.44219970703125,493.3725891113281,453.55975341796875,428.9767150878906,0.8042537569999695
226,47,98.3465347290039,519.5709838867188,164.18423461914062,716.7388916015625,131.265380859375,618.1549072265625,0.9051429629325867
226,58,418.4313659667969,463.4084167480469,502.7790222167969,586.7941284179688,460.6051940917969,525.1012573242188,0.7391660809516907
226,12,732.5382690429688,298.86920166015625,778.4872436523438,421.6531677246094,755.5127563476562,360.26116943359375,0.6422827243804932
226,48,317.1813659667969,353.3477783203125,371.5399169921875,469.8085021972656,344.36065673828125,411.578125,0.7632434964179993
226,43,272.9684143066406,389.6998596191406,332.778564453125,549.9769897460938,302.87347412109375,469.83843994140625,0.8502846360206604
226,65,902.7090454101562,310.0174865722656,964.9761962890625,434.6849060058594,933.8426513671875,372.3511962890625,0.8762133121490479
227,5,617.4851684570312,401.40545654296875,672.2413940429688,546.0853271484375,644.86328125,473.7453918457031,0.8490174412727356
227,16,1033.3131103515625,375.9833984375,1098.007568359375,538.5951538085938,1065.660400390625,457.2892761230469,0.9050168991088867
227,39,1126.0546875,381.8999328613281,1192.0401611328125,521.5989990234375,1159.04736328125,451.74945068359375,0.9126676917076111
227,3,685.7816162109375,515.6077880859375,742.7418823242188,702.494384765625,714.26171875,609.0510864257812,0.8188143372535706
227,52,347.0079650878906,262.8850402832031,404.6142883300781,376.5760498046875,375.8111267089844,319.73052978515625,0.7976865172386169
227,41,399.0268859863281,363.9095153808594,500.9027099609375,493.8263854980469,449.96478271484375,428.8679504394531,0.8024020791053772
227,47,92.20365905761719,519.6514892578125,157.39210510253906,717.0616455078125,124.79788208007812,618.3565673828125,0.8917592167854309
227,58,412.3629455566406,463.15289306640625,501.1043701171875,587.4614868164062,456.733642578125,525.3071899414062,0.8062472939491272
227,12,727.2418823242188,300.1007995605469,770.00439453125,421.32830810546875,748.6231689453125,360.71453857421875,0.5861814022064209
227,48,308.9198303222656,354.8224792480469,375.4870300292969,472.2193298339844,342.20343017578125,413.5209045410156,0.7536702752113342
227,43,252.82443237304688,389.1232604980469,323.6910705566406,551.1292114257812,288.25775146484375,470.126220703125,0.8888509273529053
227,65,900.2855834960938,313.32568359375,960.1054077148438,436.26116943359375,930.1954956054688,374.7934265136719,0.8840777277946472
227,8,685.97900390625,357.431396484375,749.0276489257812,521.9608154296875,717.5032958984375,439.69610595703125,0.43122342228889465
228,5,606.2066650390625,402.25439453125,668.5493774414062,544.9489135742188,637.3780517578125,473.6016540527344,0.891497790813446
228,16,1033.1751708984375,377.18505859375,1098.0230712890625,542.130859375,1065.59912109375,459.657958984375,0.9030896425247192
228,39,1121.0341796875,381.3386535644531,1188.17578125,520.8425903320312,1154.60498046875,451.09063720703125,0.9080316424369812
228,3,686.4094848632812,514.9436645507812,740.9774169921875,700.9957885742188,713.6934814453125,607.9697265625,0.866906464099884
228,52,342.0108642578125,265.24822998046875,402.12396240234375,376.0594787597656,372.0674133300781,320.65386962890625,0.7544518113136292
228,41,401.07159423828125,362.7076110839844,501.3464660644531,493.3169250488281,451.20904541015625,428.01226806640625,0.6733815670013428
228,47,87.95050048828125,519.6249389648438,152.1437225341797,717.044677734375,120.04711151123047,618.3348388671875,0.8960798978805542
228,58,408.22021484375,461.4834289550781,500.41241455078125,588.2300415039062,454.3163146972656,524.8567504882812,0.8264431357383728
228,48,301.8536071777344,355.84228515625,380.7815246582031,474.8584899902344,341.31756591796875,415.35040283203125,0.8466774225234985
228,43,236.92005920410156,389.59136962890625,316.53759765625,549.6925659179688,276.72882080078125,469.6419677734375,0.9112945795059204
228,65,898.1370239257812,315.5689392089844,956.2667236328125,437.24853515625,927.201904296875,376.40875244140625,0.8984410166740417
228,8,677.8978881835938,373.9169921875,743.350830078125,520.0498657226562,710.6243896484375,446.9834289550781,0.5380004644393921
229,5,593.2787475585938,402.3807373046875,665.6383666992188,544.6923217773438,629.4585571289062,473.5365295410156,0.8822933435440063
229,16,1034.32177734375,378.5123596191406,1097.6551513671875,543.4972534179688,1065.988525390625,461.00482177734375,0.8937813639640808
229,39,1116.93310546875,382.4587707519531,1185.021484375,520.584228515625,1150.977294921875,451.521484375,0.9059807658195496
229,3,685.881591796875,513.9385986328125,740.0447387695312,700.7640991210938,712.963134765625,607.351318359375,0.8551449775695801
229,52,338.6237487792969,267.8246765136719,400.844970703125,375.44708251953125,369.734375,321.6358642578125,0.7614830136299133
229,41,427.888427734375,362.51788330078125,503.3299560546875,482.5429992675781,465.60919189453125,422.53045654296875,0.8102814555168152
229,47,84.95833587646484,519.8108520507812,149.10848999023438,717.5302734375,117.03341674804688,618.6705322265625,0.900748610496521
229,58,404.98150634765625,458.4475402832031,499.0193786621094,588.6857299804688,452.00042724609375,523.566650390625,0.8267361521720886
229,48,297.4625549316406,357.784423828125,385.00433349609375,477.1343688964844,341.23345947265625,417.45941162109375,0.8741987347602844
229,43,223.73483276367188,390.2749328613281,311.455810546875,549.321533203125,267.5953369140625,469.7982177734375,0.9169137477874756
229,65,893.8695068359375,317.8597412109375,953.2352905273438,439.9670104980469,923.5523681640625,378.91339111328125,0.8653811812400818
229,8,677.88134765625,386.58306884765625,739.0540771484375,517.525390625,708.4677124023438,452.0542297363281,0.6550453901290894
229,60,657.9290161132812,161.51515197753906,703.1320190429688,312.13043212890625,680.530517578125,236.82278442382812,0.5089346766471863
230,5,581.6373291015625,399.8863830566406,663.3626708984375,544.5392456054688,622.5,472.21282958984375,0.6811341047286987
230,16,1036.5184326171875,379.4285583496094,1096.3013916015625,544.4542236328125,1066.409912109375,461.94140625,0.8988561034202576
230,39,1113.3599853515625,384.3625183105469,1182.7802734375,520.4710693359375,1148.070068359375,452.41680908203125,0.9077180027961731
230,3,684.88037109375,512.9673461914062,741.2130737304688,700.6588745117188,713.0467529296875,606.8131103515625,0.8520583510398865
230,52,338.10693359375,269.4247131347656,400.8268127441406,375.35394287109375,369.46685791015625,322.38934326171875,0.7592002749443054
230,41,440.443359375,363.6907043457031,507.8531799316406,476.32696533203125,474.14825439453125,420.00885009765625,0.8475515842437744
230,47,82.63507080078125,519.8917846679688,146.828125,717.3143920898438,114.73159790039062,618.6030883789062,0.9146109819412231
230,58,403.97216796875,456.9931335449219,497.8885498046875,588.8377685546875,450.93035888671875,522.9154663085938,0.8652210831642151
230,48,293.76617431640625,358.4395751953125,386.69793701171875,478.7065124511719,340.2320556640625,418.57305908203125,0.8755502104759216
230,43,215.45059204101562,390.2716369628906,306.6751708984375,548.15087890625,261.0628662109375,469.21124267578125,0.9290850758552551
230,65,891.0181274414062,319.9927062988281,950.5130004882812,441.76806640625,920.7655639648438,380.88037109375,0.8872559070587158
230,8,674.9154663085938,386.1974792480469,736.3604125976562,525.732421875,705.637939453125,455.9649658203125,0.6853367686271667
231,5,573.914794921875,393.4853210449219,659.6383666992188,544.2847900390625,616.776611328125,468.88507080078125,0.839469313621521
231,16,1038.226318359375,379.38433837890625,1094.880859375,545.9273071289062,1066.5535888671875,462.65582275390625,0.8807034492492676
231,39,1107.1156005859375,386.14263916015625,1180.024169921875,520.6350708007812,1143.56982421875,453.38885498046875,0.8492605686187744
231,3,683.217529296875,511.8934631347656,743.7709350585938,699.24755859375,713.4942626953125,605.5704956054688,0.8792799115180969
231,52,338.07952880859375,269.2796936035156,401.49432373046875,375.3619384765625,369.78692626953125,322.32080078125,0.7898263335227966
231,41,441.60009765625,365.58953857421875,516.353515625,478.5212707519531,478.976806640625,422.055419921875,0.849664568901062
231,47,80.39769744873047,520.0491333007812,144.2117462158203,717.7307739257812,112.30471801757812,618.8899536132812,0.9165545701980591
231,58,401.3185729980469,456.2723388671875,496.2631530761719,588.0664672851562,448.7908630371094,522.16943359375,0.8730238080024719
231,48,290.0372009277344,357.7528076171875,386.70977783203125,479.63165283203125,338.37347412109375,418.6922302246094,0.8647713661193848
231,43,210.6108856201172,389.4166259765625,299.7191162109375,545.0359497070312,255.16500854492188,467.2262878417969,0.9145753979682922
231,65,887.392822265625,320.7705078125,948.2415161132812,444.0740966796875,917.817138671875,382.42230224609375,0.8959479928016663
231,8,678.803466796875,369.1833801269531,734.6334838867188,528.4463500976562,706.718505859375,448.81488037109375,0.45933470129966736
231,12,702.8857421875,303.240966796875,748.403564453125,391.5311279296875,725.6446533203125,347.38604736328125,0.528441309928894
231,60,653.1243286132812,161.75384521484375,698.6297607421875,312.1767883300781,675.8770751953125,236.96531677246094,0.5320276021957397
232,5,570.8196411132812,387.4602966308594,656.2328491210938,544.1163330078125,613.5262451171875,465.788330078125,0.8166094422340393
232,16,1037.7347412109375,383.52685546875,1092.1187744140625,549.5387573242188,1064.9267578125,466.5328063964844,0.865917444229126
232,39,1098.7120361328125,388.7597351074219,1176.1947021484375,521.26123046875,1137.453369140625,455.010498046875,0.8845707178115845
232,3,680.7249755859375,511.7572937011719,743.5973510742188,698.1915283203125,712.1611328125,604.9744262695312,0.8755784630775452
232,52,341.9553527832031,268.42181396484375,401.95977783203125,374.8628845214844,371.95758056640625,321.642333984375,0.7084628939628601
232,41,440.31085205078125,366.2085266113281,523.5615844726562,488.6826171875,481.93621826171875,427.445556640625,0.8618249297142029
232,47,77.2049331665039,520.4639892578125,141.5154571533203,716.8976440429688,109.36019897460938,618.6807861328125,0.9008695483207703
232,58,397.62701416015625,455.6504211425781,491.5881042480469,588.224853515625,444.6075439453125,521.9376220703125,0.7298702001571655
232,48,287.7052001953125,355.712646484375,385.5794982910156,480.14849853515625,336.642333984375,417.9305725097656,0.8488367795944214
232,43,207.64442443847656,386.13568115234375,294.2204284667969,544.667236328125,250.93243408203125,465.4014587402344,0.9161100387573242
232,65,883.728515625,321.4377136230469,945.1911010742188,448.87677001953125,914.4598388671875,385.1572265625,0.859498918056488
232,12,696.1493530273438,303.16571044921875,744.5339965820312,391.2388000488281,720.3416748046875,347.2022705078125,0.44643262028694153
233,5,564.8726196289062,379.1306457519531,652.4402465820312,540.0822143554688,608.6564331054688,459.6064453125,0.8321647047996521
233,16,1035.2608642578125,386.785400390625,1088.61962890625,554.8671875,1061.940185546875,470.8262939453125,0.8555437922477722
233,39,1095.2103271484375,390.767333984375,1171.2108154296875,522.0189208984375,1133.2105712890625,456.39312744140625,0.9017167687416077
233,3,677.1798706054688,511.5668029785156,741.5809326171875,696.9403686523438,709.38037109375,604.2536010742188,0.8826754093170166
233,41,437.9160461425781,365.6039123535156,526.5755615234375,494.5270690917969,482.24578857421875,430.06549072265625,0.8938575983047485
233,47,73.50959014892578,520.7969970703125,138.1389923095703,717.8741455078125,105.82429504394531,619.3355712890625,0.8912886381149292
233,58,394.85467529296875,455.477294921875,488.8321533203125,588.0891723632812,441.8434143066406,521.783203125,0.742572009563446
233,48,286.49749755859375,354.08795166015625,382.6711730957031,480.4747314453125,334.5843505859375,417.2813415527344,0.8771655559539795
233,43,205.6171875,383.7022705078125,286.5354309082031,542.9405517578125,246.07630920410156,463.3214111328125,0.8975114822387695
233,65,880.0209350585938,321.66387939453125,941.3974609375,452.9192810058594,910.709228515625,387.29156494140625,0.7811654806137085
233,8,676.4651489257812,362.3122253417969,731.0362548828125,532.4439086914062,703.750732421875,447.3780517578125,0.6926444172859192
234,5,558.529541015625,370.3721618652344,650.7305297851562,535.3656616210938,604.6300048828125,452.868896484375,0.7533797025680542
234,16,1032.9327392578125,388.8509216308594,1088.0426025390625,557.1021118164062,1060.4876708984375,472.97650146484375,0.858642041683197
234,39,1091.0352783203125,391.3802185058594,1165.10546875,521.77685546875,1128.0703125,456.57855224609375,0.8335704803466797
234,3,675.012451171875,511.8160705566406,739.0593872070312,696.51953125,707.035888671875,604.1677856445312,0.8788483142852783
234,41,436.64752197265625,364.1616516113281,535.69580078125,494.78155517578125,486.1716613769531,429.47161865234375,0.8843342661857605
234,47,69.07656860351562,521.0840454101562,134.75494384765625,718.3228759765625,101.91575622558594,619.7034912109375,0.8984498381614685
234,58,392.5697937011719,454.6827697753906,485.5875549316406,587.3714599609375,439.07867431640625,521.027099609375,0.7659671306610107
234,48,286.8614501953125,353.3055725097656,379.9247131347656,479.9036560058594,333.39306640625,416.6046142578125,0.8734902143478394
234,43,205.1295166015625,379.7637634277344,277.7174072265625,541.6189575195312,241.4234619140625,460.69134521484375,0.9083122611045837
234,65,874.3032836914062,321.66754150390625,936.4034423828125,455.0264587402344,905.3533935546875,388.34698486328125,0.8336887359619141
234,68,1258.4404296875,248.26832580566406,1278.659912109375,342.7901306152344,1268.5501708984375,295.52923583984375,0.6150901317596436
234,8,670.7233276367188,355.08978271484375,727.3477783203125,533.4317016601562,699.0355224609375,444.2607421875,0.6024168133735657
234,52,358.39788818359375,268.5859069824219,402.0630798339844,367.1751708984375,380.23046875,317.88055419921875,0.6214539408683777
235,5,552.74560546875,362.947509765625,648.6575317382812,528.2582397460938,600.7015380859375,445.6028747558594,0.7772966027259827
235,16,1029.8193359375,390.7685546875,1090.9261474609375,561.2494506835938,1060.372802734375,476.0090026855469,0.8771066069602966
235,39,1087.9332275390625,390.5513916015625,1157.9661865234375,521.6910400390625,1122.94970703125,456.1212158203125,0.8900495767593384
235,3,672.0250854492188,512.0513916015625,736.4033813476562,696.609375,704.2142333984375,604.3303833007812,0.8849689960479736
235,41,437.2659606933594,364.1168518066406,541.010986328125,496.4992370605469,489.13848876953125,430.30804443359375,0.8953362107276917
235,47,65.8130111694336,521.4472045898438,131.52662658691406,718.6884155273438,98.66981506347656,620.0678100585938,0.8996724486351013
235,58,392.3882751464844,454.0282897949219,480.49603271484375,586.9305419921875,436.442138671875,520.4794311523438,0.8082680702209473
235,48,288.925537109375,352.7189636230469,376.130615234375,479.0497131347656,332.528076171875,415.88433837890625,0.8820845484733582
235,43,205.0524444580078,376.3230285644531,270.3008117675781,538.827880859375,237.6766357421875,457.575439453125,0.8954130411148071
235,65,866.8253784179688,321.5880432128906,932.2892456054688,455.31988525390625,899.5573120117188,388.4539794921875,0.8501557111740112
235,68,1253.198486328125,245.35646057128906,1278.0242919921875,344.5877380371094,1265.611328125,294.97210693359375,0.6929579377174377
235,8,667.0910034179688,349.7346496582031,722.8909912109375,531.62744140625,694.990966796875,440.6810302734375,0.5896711945533752
235,52,362.6855163574219,269.4629211425781,403.5843505859375,365.0517578125,383.13494873046875,317.25732421875,0.6790013313293457
236,5,547.9276123046875,355.60076904296875,645.5283813476562,521.320068359375,596.72802734375,438.4604187011719,0.8070151805877686
236,16,1026.6529541015625,393.1455383300781,1093.5042724609375,564.628173828125,1060.07861328125,478.8868408203125,0.8997449278831482
236,39,1083.947021484375,388.44891357421875,1148.9036865234375,521.9619750976562,1116.42529296875,455.2054443359375,0.8933506608009338
236,3,668.7279663085938,511.6229248046875,734.0989990234375,696.755615234375,701.4134521484375,604.1892700195312,0.8993273377418518
236,41,454.35205078125,364.6286926269531,542.3267211914062,497.9127502441406,498.3393859863281,431.2707214355469,0.88434237241745
236,47,60.99901580810547,521.6754150390625,128.1735076904297,718.6875,94.58625793457031,620.1814575195312,0.8992196321487427
236,58,384.849365234375,453.1896057128906,475.75689697265625,588.0524291992188,430.3031311035156,520.6210327148438,0.882056713104248
236,48,292.2373962402344,351.8717041015625,372.08697509765625,478.8661193847656,332.16217041015625,415.368896484375,0.8925653696060181
236,43,203.9940185546875,373.33160400390625,264.8061828613281,530.8023071289062,234.4001007080078,452.06695556640625,0.8720608353614807
236,65,860.6098022460938,321.1123046875,927.0948486328125,455.348388671875,893.852294921875,388.2303466796875,0.8716753721237183
236,68,1248.7152099609375,234.44073486328125,1277.9818115234375,344.3329772949219,1263.3485107421875,289.3868408203125,0.7931128144264221
236,8,664.2855834960938,301.0205078125,720.7518310546875,523.4427490234375,692.5186767578125,412.23162841796875,0.6165014505386353
236,52,363.3843994140625,269.70452880859375,406.16339111328125,363.6455993652344,384.7738952636719,316.675048828125,0.7178400158882141
237,5,544.22265625,350.7813720703125,643.4644165039062,514.6013793945312,593.843505859375,432.6913757324219,0.8073407411575317
237,16,1022.581298828125,395.2867126464844,1093.207275390625,566.322998046875,1057.894287109375,480.80487060546875,0.901119589805603
237,39,1076.489013671875,386.2790222167969,1141.34130859375,523.0206909179688,1108.9151611328125,454.64984130859375,0.8745073080062866
237,3,666.322021484375,511.49761962890625,731.8816528320312,697.1485595703125,699.101806640625,604.3231201171875,0.8956958651542664
237,41,469.7814636230469,366.61395263671875,540.6725463867188,498.4902648925781,505.22698974609375,432.5521240234375,0.8336911797523499
237,47,56.36213684082031,521.5870361328125,124.68538665771484,718.7776489257812,90.52375793457031,620.182373046875,0.8982341885566711
237,58,379.5288391113281,452.90399169921875,470.72552490234375,589.1373291015625,425.127197265625,521.0206298828125,0.8842130899429321
237,48,296.8427429199219,350.4966735839844,368.4227294921875,478.6326904296875,332.63275146484375,414.564697265625,0.8878397345542908
237,43,195.52561950683594,373.9954528808594,260.2105712890625,530.7483520507812,227.86810302734375,452.37188720703125,0.870317816734314
237,65,855.208251953125,320.323974609375,921.2396850585938,455.0166931152344,888.2239990234375,387.67034912109375,0.8669542074203491
237,68,1244.611328125,230.7787322998047,1278.17626953125,343.6793518066406,1261.393798828125,287.2290344238281,0.8025009036064148
237,8,659.9896850585938,282.2174377441406,718.126953125,516.9636840820312,689.058349609375,399.590576171875,0.5073264241218567
237,52,362.7448425292969,270.72235107421875,412.3340148925781,362.8728332519531,387.5394287109375,316.797607421875,0.7224847078323364
238,5,543.0571899414062,347.1106262207031,637.64013671875,509.6054382324219,590.3486328125,428.3580322265625,0.7987849712371826
238,16,1018.70654296875,396.8529968261719,1091.03662109375,567.0946655273438,1054.87158203125,481.97381591796875,0.8988373279571533
238,39,1063.364501953125,381.40679931640625,1134.653564453125,523.2450561523438,1099.009033203125,452.325927734375,0.8572638630867004
238,3,663.5020141601562,511.391357421875,729.6549072265625,697.395263671875,696.5784912109375,604.393310546875,0.904765248298645
238,41,482.4732360839844,368.3903503417969,544.0770263671875,499.0614929199219,513.275146484375,433.7259216308594,0.8686452507972717
238,47,52.215511322021484,522.27587890625,121.31596374511719,718.7752685546875,86.76573944091797,620.5255737304688,0.8885286450386047
238,58,374.98297119140625,452.9306335449219,465.8495788574219,589.6942749023438,420.416259765625,521.3124389648438,0.8912918567657471
238,48,303.26025390625,348.57904052734375,365.4395446777344,479.0166320800781,334.34991455078125,413.7978515625,0.8883360624313354
238,43,184.83053588867188,375.1154479980469,256.78253173828125,527.552001953125,220.80653381347656,451.333740234375,0.8852589726448059
238,65,847.91357421875,320.6412048339844,913.7005004882812,455.06719970703125,880.8070068359375,387.85418701171875,0.8994206786155701
238,68,1240.7288818359375,229.74671936035156,1278.4287109375,343.8456726074219,1259.578857421875,286.79620361328125,0.7645372152328491
238,52,360.3078918457031,270.3226318359375,418.3056335449219,368.05224609375,389.3067626953125,319.18743896484375,0.7662656903266907
239,5,541.982177734375,343.9276428222656,634.9839477539062,505.2726135253906,588.4830322265625,424.6001281738281,0.5907681584358215
239,16,1015.9353637695312,398.31549072265625,1088.132080078125,566.807373046875,1052.03369140625,482.5614318847656,0.9092414379119873
239,39,1062.442626953125,378.8698425292969,1126.7032470703125,522.3224487304688,1094.572998046875,450.59613037109375,0.8103657960891724
239,3,660.7919311523438,510.3995361328125,728.8126220703125,697.9182739257812,694.80224609375,604.158935546875,0.9031493067741394
239,41,488.7835998535156,367.8283996582031,560.6732177734375,499.1861877441406,524.7283935546875,433.5072937011719,0.884797990322113
239,47,48.999507904052734,522.542724609375,118.0880355834961,718.97412109375,83.54376983642578,620.7584228515625,0.8947813510894775
239,58,373.5286865234375,453.35137939453125,461.7916259765625,588.5172729492188,417.66015625,520.934326171875,0.8677054047584534
239,48,309.95391845703125,346.79638671875,363.2038269042969,479.61370849609375,336.578857421875,413.2050476074219,0.8668933510780334
239,43,174.8235321044922,378.86846923828125,253.32452392578125,536.4471435546875,214.07403564453125,457.6578063964844,0.9091631174087524
239,65,839.05078125,321.0409851074219,905.5922241210938,457.0976867675781,872.321533203125,389.0693359375,0.8858814239501953
239,68,1236.19921875,230.3082733154297,1278.7303466796875,343.50592041015625,1257.46484375,286.9071044921875,0.7961366176605225
239,52,360.0653991699219,268.1783447265625,422.9355773925781,375.41925048828125,391.50048828125,321.7987976074219,0.7967106103897095
239,8,646.9884643554688,266.0659484863281,709.6911010742188,506.98712158203125,678.3397827148438,386.52655029296875,0.7003824710845947
240,5,541.7412109375,342.9623107910156,632.697265625,503.41552734375,587.21923828125,423.18890380859375,0.7446981072425842
240,16,1013.2756958007812,399.79803466796875,1083.52880859375,566.3365478515625,1048.4022216796875,483.0672912597656,0.8897776007652283
240,39,1049.54248046875,377.76287841796875,1117.1964111328125,518.7447509765625,1083.369384765625,448.2538146972656,0.7887374758720398
240,3,658.4129638671875,511.0668640136719,727.5196533203125,697.9743041992188,692.96630859375,604.5205688476562,0.8901962637901306
240,41,495.0861511230469,365.1971435546875,568.2213134765625,499.0235290527344,531.6537475585938,432.1103515625,0.9068151712417603
240,47,45.84858322143555,523.1580810546875,115.74130249023438,718.8712768554688,80.7949447631836,621.0146484375,0.9051494002342224
240,58,373.17767333984375,453.4414978027344,458.01409912109375,588.49658203125,415.59588623046875,520.9690551757812,0.8718953728675842
240,48,315.1013488769531,346.0209655761719,360.25689697265625,480.38677978515625,337.67913818359375,413.203857421875,0.8591079115867615
240,43,167.7469940185547,382.44488525390625,252.56430053710938,539.8285522460938,210.1556396484375,461.13671875,0.9046328663825989
240,65,831.1214599609375,322.8201904296875,897.0586547851562,460.95550537109375,864.090087890625,391.8878479003906,0.8564199805259705
240,68,1233.23828125,231.06396484375,1279.0872802734375,343.6014709472656,1256.162841796875,287.33270263671875,0.7988306283950806
240,52,361.036865234375,267.282470703125,424.11279296875,382.13983154296875,392.5748291015625,324.7111511230469,0.7859443426132202
240,8,642.0640869140625,267.1597595214844,706.0355834960938,503.7856750488281,674.0498046875,385.47271728515625,0.5803362131118774
241,5,553.1929931640625,343.9395751953125,629.5733642578125,502.3525390625,591.3831787109375,423.14605712890625,0.7009604573249817
241,16,1011.0264282226562,401.8370056152344,1078.69580078125,566.9241943359375,1044.861083984375,484.380615234375,0.8760638236999512
241,39,1046.64013671875,378.58148193359375,1110.3228759765625,517.7635498046875,1078.4814453125,448.1725158691406,0.8641209602355957
241,3,656.4893188476562,510.8556823730469,726.76123046875,697.7999877929688,691.625244140625,604.3278198242188,0.8958892822265625
241,41,501.20184326171875,361.10223388671875,570.9624633789062,499.17120361328125,536.0821533203125,430.13671875,0.8694571852684021
241,47,43.32966613769531,523.675048828125,113.71480560302734,718.5399169921875,78.52223205566406,621.1074829101562,0.9078488945960999
241,58,370.9692687988281,453.6807861328125,454.9972839355469,588.970947265625,412.9832763671875,521.3258666992188,0.5161905288696289
241,48,316.72479248046875,346.2725830078125,359.27349853515625,481.8041076660156,337.9991455078125,414.038330078125,0.8593891263008118
241,43,162.6298065185547,387.30413818359375,253.6245880126953,541.6206665039062,208.127197265625,464.46240234375,0.9033827185630798
241,65,824.2689819335938,326.2500305175781,888.5728759765625,465.6382141113281,856.4208984375,395.9441223144531,0.8852270245552063
241,68,1230.897705078125,231.82199096679688,1279.51025390625,343.4904479980469,1255.2039794921875,287.6562194824219,0.7914019823074341
241,52,369.7589416503906,268.255615234375,424.92462158203125,385.6156921386719,397.341796875,326.9356689453125,0.6790115833282471
241,8,635.8107299804688,267.6803894042969,705.17724609375,502.0272216796875,670.4940185546875,384.85382080078125,0.6844545602798462
242,5,566.6799926757812,345.2378234863281,626.249755859375,502.7490234375,596.46484375,423.993408203125,0.7162936925888062
242,16,1007.4790649414062,404.6205139160156,1072.576416015625,566.7943725585938,1040.0277099609375,485.70745849609375,0.8659048080444336
242,39,1038.881103515625,377.8799133300781,1106.089599609375,519.106689453125,1072.4853515625,448.4932861328125,0.8104513883590698
242,3,654.5469360351562,510.8466491699219,725.6533203125,697.6319580078125,690.10009765625,604.2393188476562,0.9025048017501831
242,41,505.1717834472656,355.5150451660156,570.4024658203125,499.5752258300781,537.787109375,427.5451354980469,0.8609193563461304
242,47,41.314697265625,524.2943725585938,111.4406509399414,718.4380493164062,76.37767028808594,621.3662109375,0.9005983471870422
242,58,366.4767761230469,453.6551208496094,452.0976257324219,589.603515625,409.2872009277344,521.6293334960938,0.8689625263214111
242,48,317.9328918457031,347.30169677734375,360.4571533203125,482.8122253417969,339.19500732421875,415.05694580078125,0.8635687828063965
242,43,159.4649200439453,390.33612060546875,253.80673217773438,542.2033081054688,206.63583374023438,466.26971435546875,0.9104869961738586
242,65,812.6305541992188,330.3546142578125,879.3040161132812,470.96484375,845.96728515625,400.65972900390625,0.9028734564781189
242,68,1228.9146728515625,232.62623596191406,1279.862548828125,343.26226806640625,1254.388671875,287.9442443847656,0.7935895919799805
242,52,383.2395935058594,270.8868408203125,428.51519775390625,386.9415283203125,405.87738037109375,328.9141845703125,0.772193193435669
242,8,633.9155883789062,268.9635314941406,703.9825439453125,501.6719665527344,668.9490966796875,385.3177490234375,0.7428135275840759
243,5,572.0376586914062,346.3602600097656,623.400146484375,504.54571533203125,597.7188720703125,425.4530029296875,0.7541966438293457
243,16,1004.8220825195312,407.5450439453125,1063.33056640625,567.6612548828125,1034.0762939453125,487.6031494140625,0.8239080309867859
243,39,1031.4891357421875,384.1813049316406,1100.765869140625,520.5543212890625,1066.12744140625,452.3677978515625,0.7500913739204407
243,3,653.0235595703125,510.82855224609375,724.0689697265625,697.6297607421875,688.5462646484375,604.2291259765625,0.9169673323631287
243,41,503.9576721191406,332.6098937988281,570.0074462890625,499.4541931152344,536.9825439453125,416.03204345703125,0.8751080632209778
243,47,38.802520751953125,524.6478271484375,108.75408935546875,718.5352172851562,73.77830505371094,621.591552734375,0.8979954123497009
243,58,365.51727294921875,453.9552917480469,448.7419738769531,590.14794921875,407.129638671875,522.0516357421875,0.8108725547790527
243,48,317.69818115234375,348.80328369140625,366.68365478515625,483.08953857421875,342.19091796875,415.9464111328125,0.8860636353492737
243,43,156.94723510742188,391.5259094238281,254.02537536621094,543.4072875976562,205.48629760742188,467.46661376953125,0.9150453805923462
243,65,803.6114501953125,335.4627685546875,871.56201171875,475.2091979980469,837.5867309570312,405.33599853515625,0.8682788610458374
243,68,1226.932861328125,233.298828125,1279.4825439453125,342.7332458496094,1253.207763671875,288.01605224609375,0.8093451857566833
243,52,386.7685546875,272.62823486328125,432.5317687988281,387.0438537597656,409.650146484375,329.8360595703125,0.7790509462356567
243,8,633.9392700195312,271.97393798828125,698.7700805664062,502.34375,666.3546752929688,387.1588439941406,0.7462682127952576
244,5,571.6435546875,349.4402160644531,621.0922241210938,507.4585266113281,596.367919921875,428.4493713378906,0.749481737613678
244,16,1000.2487182617188,411.0751037597656,1057.040283203125,571.5599365234375,1028.64453125,491.3175048828125,0.8316277861595154
244,39,1028.4764404296875,391.35675048828125,1094.70166015625,522.11474609375,1061.589111328125,456.7357482910156,0.7875962853431702
244,3,651.9619140625,510.8062438964844,722.6337890625,697.5386962890625,687.2978515625,604.1724853515625,0.9246505498886108
244,41,505.0497741699219,328.15740966796875,567.4955444335938,500.3546142578125,536.2726440429688,414.2560119628906,0.8610087037086487
244,47,35.87562942504883,525.0828857421875,106.36212921142578,718.37109375,71.11888122558594,621.7269897460938,0.8984262943267822
244,58,369.95819091796875,453.6720275878906,445.04412841796875,590.8700561523438,407.50115966796875,522.2710571289062,0.8060803413391113
244,48,316.7507629394531,350.58599853515625,371.1156005859375,483.3185119628906,343.93316650390625,416.9522705078125,0.8740631937980652
244,43,156.7067413330078,391.7402038574219,254.51217651367188,543.5745239257812,205.60946655273438,467.6573486328125,0.9150482416152954
244,65,798.9893188476562,340.6763000488281,866.8529663085938,478.347412109375,832.921142578125,409.5118408203125,0.8571986556053162
244,68,1224.8968505859375,232.8101348876953,1279.016845703125,342.591552734375,1251.956787109375,287.7008361816406,0.8355000019073486
244,52,386.8504943847656,273.2758483886719,439.5951232910156,388.2142333984375,413.2228088378906,330.74505615234375,0.7655170559883118
244,8,635.3070068359375,272.6308288574219,697.1798095703125,502.7213439941406,666.243408203125,387.67608642578125,0.5795974135398865
245,5,570.2958374023438,354.07269287109375,619.0159301757812,512.228271484375,594.6558837890625,433.1504821777344,0.793990433216095
245,16,996.8001708984375,415.3168029785156,1055.399658203125,575.2020263671875,1026.099853515625,495.2593994140625,0.8611927628517151
245,39,1026.170166015625,396.158935546875,1088.87060546875,521.7120361328125,1057.5203857421875,458.93548583984375,0.8260005712509155
245,3,650.489990234375,510.8221435546875,721.5322875976562,697.5216064453125,686.0111083984375,604.171875,0.9246982336044312
245,41,502.6513366699219,305.69940185546875,573.9539184570312,492.0069274902344,538.3026123046875,398.8531494140625,0.8886842727661133
245,47,33.528289794921875,525.4842529296875,103.61359405517578,718.3410034179688,68.57093811035156,621.91259765625,0.899226725101471
245,58,362.5993957519531,454.0182189941406,442.1217346191406,590.0626220703125,402.3605651855469,522.0404052734375,0.7524837851524353
245,48,314.66888427734375,352.3742370605469,372.08392333984375,484.01043701171875,343.37640380859375,418.19232177734375,0.889098584651947
245,43,157.79954528808594,390.92877197265625,255.33523559570312,542.9952392578125,206.5673828125,466.9620056152344,0.914715588092804
245,65,795.7122802734375,345.05548095703125,863.20458984375,479.56134033203125,829.4584350585938,412.30841064453125,0.8469377756118774
245,68,1222.5499267578125,233.0955047607422,1278.1981201171875,343.12261962890625,1250.3740234375,288.10906982421875,0.8590489029884338
245,52,388.5956115722656,273.264892578125,446.7676696777344,388.9971923828125,417.681640625,331.13104248046875,0.83953458070755
245,8,636.1836547851562,273.5458068847656,693.3352661132812,503.9193115234375,664.7594604492188,388.7325439453125,0.6224021315574646
246,5,564.0529174804688,360.78839111328125,615.9451293945312,517.860107421875,589.9990234375,439.3242492675781,0.8422699570655823
246,16,992.5421752929688,419.6309509277344,1052.94677734375,576.9679565429688,1022.7445068359375,498.2994384765625,0.8107344508171082
246,39,1021.2237548828125,399.5624694824219,1083.392333984375,520.8556518554688,1052.30810546875,460.20904541015625,0.7906866073608398
246,3,648.9590454101562,510.6988525390625,718.6622924804688,697.6299438476562,683.8106689453125,604.1644287109375,0.9105820655822754
246,41,497.65924072265625,292.93939208984375,580.225830078125,479.80853271484375,538.9425048828125,386.37396240234375,0.8764261603355408
246,47,30.432174682617188,525.4475708007812,100.9068374633789,718.4913330078125,65.66950988769531,621.969482421875,0.8997877836227417
246,58,366.3435363769531,454.1330871582031,438.28826904296875,587.8370361328125,402.31591796875,520.9850463867188,0.7919614911079407
246,48,311.5460205078125,353.6236877441406,371.1672058105469,483.56939697265625,341.35662841796875,418.5965576171875,0.8785422444343567
246,43,159.82826232910156,388.8484191894531,255.359619140625,543.2000122070312,207.59393310546875,466.02423095703125,0.9095250964164734
246,65,793.0526733398438,348.403076171875,859.7339477539062,479.6409912109375,826.393310546875,414.02203369140625,0.8256555199623108
246,68,1219.1817626953125,233.70318603515625,1274.7099609375,342.9125061035156,1246.94580078125,288.307861328125,0.8482847213745117
246,52,390.5445251464844,273.3196105957031,460.060546875,394.2905578613281,425.30255126953125,333.8050842285156,0.8332821130752563
246,8,633.75048828125,273.0639343261719,693.8326416015625,505.9489440917969,663.7915649414062,389.5064392089844,0.6649986505508423
247,5,561.6483764648438,368.3760986328125,615.3577880859375,526.9927368164062,588.5030517578125,447.6844177246094,0.8028743863105774
247,16,987.3159790039062,423.797119140625,1051.0260009765625,577.6954956054688,1019.1710205078125,500.7463073730469,0.8050603270530701
247,39,1016.6771850585938,401.88726806640625,1076.7049560546875,519.5604248046875,1046.6910400390625,460.7238464355469,0.7807304859161377
247,3,646.062255859375,511.3774719238281,714.9171142578125,697.38916015625,680.4896850585938,604.38330078125,0.902024507522583
247,41,492.6287536621094,292.45245361328125,586.468017578125,463.39398193359375,539.5484008789062,377.9232177734375,0.747318685054779
247,47,25.74627685546875,525.624267578125,96.3765869140625,718.726318359375,61.061431884765625,622.17529296875,0.89983069896698
247,58,354.81201171875,454.1408386230469,433.8836364746094,589.5059814453125,394.34783935546875,521.8234252929688,0.8737164735794067
247,48,307.4488525390625,354.4776611328125,367.8171081542969,484.3739013671875,337.63299560546875,419.42578125,0.8928427696228027
247,43,161.77734375,387.0653076171875,254.12351989746094,542.8290405273438,207.950439453125,464.9471740722656,0.9005712866783142
247,65,789.0112915039062,350.864013671875,855.4202880859375,480.0101013183594,822.2158203125,415.43707275390625,0.8645599484443665
247,68,1214.52880859375,233.36843872070312,1270.1046142578125,343.3196716308594,1242.316650390625,288.34405517578125,0.8329612612724304
247,52,393.1361083984375,274.0555725097656,472.0574645996094,400.2398376464844,432.5968017578125,337.147705078125,0.8485074043273926
247,8,629.9197998046875,273.6368408203125,691.2601318359375,508.6048583984375,660.5899658203125,391.120849609375,0.6782234311103821
248,5,559.1527099609375,375.41900634765625,619.2745361328125,531.955810546875,589.213623046875,453.6874084472656,0.7266302108764648
248,16,981.0297241210938,427.1988830566406,1044.670166015625,578.1598510742188,1012.8499755859375,502.67938232421875,0.8425509333610535
248,39,1012.3079223632812,402.47137451171875,1070.7265625,522.2236328125,1041.5172119140625,462.3475036621094,0.7900344133377075
248,3,641.7777099609375,511.56756591796875,710.8616943359375,697.9826049804688,676.3197021484375,604.7750854492188,0.9000335335731506
248,41,487.16778564453125,294.3484802246094,570.468017578125,448.3596496582031,528.81787109375,371.35406494140625,0.7846183180809021
248,47,20.37895393371582,526.3573608398438,90.95404815673828,718.800537109375,55.666500091552734,622.5789794921875,0.8840792179107666
248,58,347.7014465332031,454.5689392089844,428.54058837890625,591.537841796875,388.12103271484375,523.0534057617188,0.8756858706474304
248,48,302.88043212890625,355.6220703125,363.843017578125,484.85400390625,333.3617248535156,420.238037109375,0.8885372281074524
248,43,163.9576873779297,385.3613586425781,253.352294921875,540.4548950195312,208.65499877929688,462.90814208984375,0.9040178656578064
248,65,784.9169311523438,353.1215515136719,850.8908081054688,479.9057922363281,817.9038696289062,416.513671875,0.8896962404251099
248,68,1209.8310546875,233.15431213378906,1264.11865234375,342.7082214355469,1236.974853515625,287.9312744140625,0.829297661781311
248,52,395.5486145019531,273.9620361328125,477.5203552246094,404.54754638671875,436.53448486328125,339.2547912597656,0.8250406980514526
248,8,625.4843139648438,276.3338928222656,689.0003662109375,512.1744384765625,657.2423095703125,394.254150390625,0.6104526519775391
249,5,555.850341796875,381.90814208984375,618.4802856445312,534.0181884765625,587.165283203125,457.9631652832031,0.676738440990448
249,16,976.3147583007812,429.4985656738281,1039.3670654296875,577.8634033203125,1007.8409423828125,503.68096923828125,0.8562880754470825
249,39,1008.6697387695312,402.2301330566406,1066.1641845703125,521.1243286132812,1037.4169921875,461.67724609375,0.8188121914863586
249,3,639.1102905273438,511.5644226074219,706.8339233398438,698.36083984375,672.9721069335938,604.962646484375,0.891471266746521
249,41,480.13592529296875,291.0251159667969,569.9740600585938,440.6243896484375,525.0549926757812,365.82476806640625,0.7748782634735107
249,47,15.436402320861816,526.9030151367188,85.89217376708984,718.7804565429688,50.66428756713867,622.8417358398438,0.8995395302772522
249,58,342.8427429199219,455.1333312988281,424.8381042480469,591.5009765625,383.8404235839844,523.317138671875,0.8533613681793213
249,48,298.7632751464844,356.01739501953125,359.5870361328125,485.2221984863281,329.1751708984375,420.61981201171875,0.8773182034492493
249,43,168.0186309814453,384.0821533203125,253.67576599121094,539.2890014648438,210.84719848632812,461.6855773925781,0.9060550332069397
249,65,780.8822631835938,354.1754150390625,847.0139770507812,479.3858947753906,813.9481201171875,416.7806396484375,0.8819583058357239
249,68,1204.833251953125,234.9473419189453,1259.2498779296875,342.7892150878906,1232.04150390625,288.8682861328125,0.8388274908065796
249,52,400.3682556152344,278.4745788574219,480.80352783203125,407.3212890625,440.58587646484375,342.89794921875,0.8725456595420837
249,8,621.689453125,284.7488098144531,687.2921142578125,518.1098022460938,654.4907836914062,401.4293212890625,0.5937639474868774
250,5,552.93310546875,385.3502197265625,608.2088623046875,534.3392333984375,580.5709838867188,459.8447265625,0.6774288415908813
250,16,972.3883056640625,430.2226867675781,1036.2205810546875,577.41259765625,1004.304443359375,503.817626953125,0.8429152965545654
250,39,1006.9401245117188,399.88165283203125,1062.9283447265625,520.117919921875,1034.9342041015625,459.9997863769531,0.7980203032493591
250,3,637.3336791992188,511.722900390625,703.8612670898438,698.4779052734375,670.5974731445312,605.1004028320312,0.8977528214454651
250,41,477.19232177734375,287.7793273925781,579.97314453125,438.57476806640625,528.582763671875,363.17706298828125,0.8259537816047668
250,47,11.498552322387695,527.6981811523438,82.41573333740234,718.3978271484375,46.9571418762207,623.0479736328125,0.9141479134559631
250,58,342.1476745605469,455.23577880859375,421.60906982421875,591.3767700195312,381.87835693359375,523.3062744140625,0.8271149396896362
250,48,295.1604309082031,356.01202392578125,357.02947998046875,485.40020751953125,326.094970703125,420.70611572265625,0.47902634739875793
250,43,173.8998565673828,382.5696105957031,255.0027313232422,537.0238037109375,214.4512939453125,459.79669189453125,0.9112396836280823
250,65,778.1078491210938,354.6835021972656,844.50244140625,479.6820068359375,811.30517578125,417.1827392578125,0.8900672793388367
250,68,1201.165771484375,236.82183837890625,1255.307373046875,343.1302185058594,1228.236572265625,289.97601318359375,0.8312473893165588
250,52,405.4721984863281,280.1277160644531,480.0132141113281,409.72943115234375,442.7427062988281,344.9285888671875,0.8117221593856812
250,8,617.8973999023438,278.54541015625,686.527587890625,521.805419921875,652.2125244140625,400.1754150390625,0.6381170749664307
251,5,551.3970336914062,388.1347961425781,603.9197998046875,533.8097534179688,577.658447265625,460.9722900390625,0.6965851783752441
251,16,969.73974609375,430.12762451171875,1033.8292236328125,577.447998046875,1001.7844848632812,503.7878112792969,0.8490645289421082
251,39,1006.7593383789062,397.176025390625,1061.8907470703125,519.14599609375,1034.3250732421875,458.1610107421875,0.7556695938110352
251,3,635.3870849609375,511.05401611328125,700.5015258789062,698.7276000976562,667.9443359375,604.8908081054688,0.8917399048805237
251,41,481.264404296875,284.53656005859375,581.6361083984375,439.2228088378906,531.4502563476562,361.87969970703125,0.7992932200431824
251,47,8.283658027648926,528.5211791992188,78.99816131591797,718.5394287109375,43.64091110229492,623.5302734375,0.9054405689239502
251,58,338.4929504394531,455.466796875,419.11956787109375,591.6239013671875,378.8062744140625,523.5453491210938,0.8454104661941528
251,48,292.2734680175781,355.81878662109375,355.706298828125,485.9614562988281,323.9898681640625,420.89013671875,0.8808300495147705
251,43,182.68731689453125,381.38824462890625,257.6140441894531,532.4931640625,220.1506805419922,456.9407043457031,0.887089192867279
251,65,775.4710083007812,354.20819091796875,842.3819580078125,479.9747314453125,808.926513671875,417.0914611816406,0.8894029259681702
251,68,1197.8275146484375,237.65908813476562,1251.966796875,342.86468505859375,1224.897216796875,290.26190185546875,0.8341341018676758
251,52,413.36358642578125,282.3291931152344,478.9966125488281,411.54840087890625,446.18011474609375,346.93878173828125,0.814810037612915
251,8,612.3080444335938,275.04229736328125,685.4200439453125,522.45751953125,648.864013671875,398.7499084472656,0.40872687101364136
252,5,548.5647583007812,389.4691467285156,598.3408203125,533.3160400390625,573.4527587890625,461.392578125,0.8307414650917053
252,16,966.0865478515625,429.8476257324219,1028.8798828125,577.3544921875,997.4832153320312,503.60107421875,0.8692141175270081
252,39,1006.6902465820312,394.9331359863281,1060.8309326171875,520.1500854492188,1033.7606201171875,457.5416259765625,0.8031249046325684
252,3,632.8601684570312,511.00946044921875,697.1465454101562,698.788818359375,665.0033569335938,604.899169921875,0.9002051949501038
252,41,488.20721435546875,281.8216857910156,580.7816772460938,440.7354431152344,534.4944458007812,361.278564453125,0.7718210220336914
252,47,3.903616428375244,529.210205078125,74.7885971069336,718.90478515625,39.346107482910156,624.0574951171875,0.9000287055969238
252,58,334.2928466796875,455.4060363769531,416.3629455566406,591.0505981445312,375.327880859375,523.2283325195312,0.8502455949783325
252,48,288.722412109375,355.19769287109375,353.8308410644531,485.82000732421875,321.276611328125,420.50885009765625,0.8919907808303833
252,43,188.94906616210938,380.5484313964844,258.55767822265625,528.8912963867188,223.7533721923828,454.7198486328125,0.8966482281684875
252,65,771.9171142578125,352.79815673828125,838.7344360351562,480.3497619628906,805.3258056640625,416.573974609375,0.8982985019683838
252,68,1194.459228515625,238.1642303466797,1247.9693603515625,342.2637023925781,1221.21435546875,290.2139587402344,0.8365293145179749
252,52,423.02435302734375,284.322998046875,480.12603759765625,412.21197509765625,451.5751953125,348.2674865722656,0.8140036463737488
252,8,611.6159057617188,288.7460632324219,682.1732788085938,520.81103515625,646.8945922851562,404.778564453125,0.6503654718399048
253,5,543.2806396484375,390.7734375,597.2797241210938,534.1614990234375,570.2801513671875,462.46746826171875,0.7507718801498413
253,16,962.9945068359375,429.7950134277344,1022.4171142578125,577.6619873046875,992.705810546875,503.728515625,0.8890529870986938
253,39,1005.5198364257812,393.3526916503906,1059.7264404296875,522.515380859375,1032.6231689453125,457.93402099609375,0.8250795602798462
253,3,629.6104736328125,511.0419616699219,692.8953857421875,698.552001953125,661.2529296875,604.7969970703125,0.9057429432868958
253,41,493.3878479003906,284.3354187011719,578.0010375976562,443.8275451660156,535.6944580078125,364.08148193359375,0.803253173828125
253,47,0.38690879940986633,529.9465942382812,70.77403259277344,719.129638671875,35.58047103881836,624.5380859375,0.9030390381813049
253,58,329.998779296875,455.7358703613281,412.564453125,592.4122314453125,371.2816162109375,524.0740356445312,0.7877563834190369
253,48,285.5444030761719,354.9334716796875,351.0189514160156,486.1532287597656,318.28167724609375,420.5433349609375,0.8996202349662781
253,43,190.23680114746094,380.06982421875,258.15716552734375,527.5488891601562,224.19699096679688,453.8093566894531,0.8970868587493896
253,65,768.6868286132812,351.4393310546875,835.4068603515625,481.031982421875,802.046875,416.23565673828125,0.883934736251831
253,68,1190.2342529296875,238.56842041015625,1244.2071533203125,342.73565673828125,1217.220703125,290.65203857421875,0.8532915115356445
253,52,427.92852783203125,285.42059326171875,481.0149841308594,412.45623779296875,454.47174072265625,348.93841552734375,0.8704633116722107
253,8,610.0640258789062,281.12957763671875,676.9271240234375,521.7962036132812,643.49560546875,401.462890625,0.7329301238059998
253,70,636.136962890625,313.8348693847656,694.9625244140625,439.7642822265625,665.5497436523438,376.799560546875,0.4214230477809906
253,60,584.6617431640625,164.48663330078125,629.7731323242188,289.87152099609375,607.2174072265625,227.1790771484375,0.4048272967338562
254,5,537.8606567382812,391.4041748046875,590.2510375976562,535.3208618164062,564.0558471679688,463.3625183105469,0.8334488272666931
254,16,960.3462524414062,429.7383117675781,1017.1309204101562,576.4049682617188,988.7385864257812,503.0716552734375,0.8205541372299194
254,39,1004.8387451171875,392.52410888671875,1058.0643310546875,525.6838989257812,1031.4515380859375,459.10400390625,0.794633686542511
254,3,625.8233032226562,511.20025634765625,689.4656372070312,698.4568481445312,657.6444702148438,604.8285522460938,0.9142934679985046
254,41,498.2697448730469,287.9117126464844,571.2501220703125,443.3030090332031,534.7599487304688,365.60736083984375,0.7330194711685181
254,47,0.0,530.1061401367188,67.1201400756836,719.2459716796875,33.5600700378418,624.676025390625,0.9094136357307434
254,58,325.6966552734375,455.7862854003906,410.0364685058594,594.9437866210938,367.8665771484375,525.3650512695312,0.8076954483985901
254,48,283.5518798828125,354.3807373046875,348.9137268066406,486.50787353515625,316.2327880859375,420.4443054199219,0.8880934119224548
254,43,190.02394104003906,378.85308837890625,256.8777770996094,531.554931640625,223.45086669921875,455.2040100097656,0.8919603824615479
254,65,765.6087036132812,350.6268615722656,831.701416015625,481.15338134765625,798.655029296875,415.89013671875,0.8610333800315857
254,68,1186.1336669921875,239.45919799804688,1240.146484375,343.0859069824219,1213.14013671875,291.2725524902344,0.8391047120094299
254,52,430.0169372558594,286.15692138671875,487.7126770019531,412.4030456542969,458.86480712890625,349.27996826171875,0.8750854730606079
254,8,605.3858032226562,276.28436279296875,671.0770263671875,520.8640747070312,638.2314453125,398.57421875,0.682102620601654
254,70,629.9663696289062,311.03076171875,696.10107421875,439.8586120605469,663.03369140625,375.4447021484375,0.6371486783027649
255,5,532.3999633789062,390.82550048828125,586.4652709960938,536.1718139648438,559.4326171875,463.4986572265625,0.8502475023269653
255,16,957.1019287109375,429.5981750488281,1010.1251220703125,580.0450439453125,983.613525390625,504.82159423828125,0.8660068511962891
255,39,1003.9431762695312,393.03692626953125,1055.9014892578125,528.6787719726562,1029.92236328125,460.85784912109375,0.7928729057312012
255,3,622.618896484375,511.8704833984375,685.5219116210938,698.378662109375,654.0704345703125,605.1245727539062,0.9161595702171326
255,41,501.08026123046875,291.583740234375,566.4885864257812,441.4399108886719,533.784423828125,366.5118408203125,0.726617693901062
255,47,0.0,530.2811889648438,63.219486236572266,719.2108154296875,31.609743118286133,624.7459716796875,0.905845046043396
255,58,322.5535583496094,455.7934875488281,407.254150390625,594.347412109375,364.90386962890625,525.0704345703125,0.6948126554489136
255,48,281.79315185546875,353.9119873046875,346.83782958984375,487.0533142089844,314.31549072265625,420.482666015625,0.8701384663581848
255,43,188.89817810058594,377.6995849609375,255.28057861328125,533.2542114257812,222.08938598632812,455.4768981933594,0.8898031711578369
255,65,761.1697998046875,350.1149597167969,829.111083984375,481.0647888183594,795.1404418945312,415.5898742675781,0.8485584855079651
255,68,1181.92138671875,241.42153930664062,1235.610595703125,342.77337646484375,1208.7659912109375,292.09747314453125,0.7740250825881958
255,52,431.05987548828125,285.7987365722656,495.78375244140625,412.9042053222656,463.42181396484375,349.3514709472656,0.8908788561820984
255,8,601.6324462890625,274.3545837402344,666.2372436523438,521.4747314453125,633.934814453125,397.9146728515625,0.699972927570343
255,70,629.3753662109375,310.1899719238281,696.85107421875,440.0671691894531,663.1132202148438,375.1285705566406,0.5767551064491272
255,71,576.8491821289062,398.3461608886719,608.1607055664062,540.1091918945312,592.5049438476562,469.2276611328125,0.43986085057258606
256,5,525.4611206054688,391.3500671386719,581.9469604492188,536.1322631835938,553.7040405273438,463.74114990234375,0.7836955189704895
256,16,951.4103393554688,429.73193359375,1003.810791015625,581.6497802734375,977.610595703125,505.69085693359375,0.8686059713363647
256,39,1002.6162109375,394.4433898925781,1053.55859375,533.479248046875,1028.08740234375,463.9613037109375,0.8356302380561829
256,3,618.4470825195312,511.74615478515625,681.2133178710938,698.2171630859375,649.8302001953125,604.981689453125,0.8939735293388367
256,41,501.7281188964844,293.45648193359375,560.6607055664062,438.1537780761719,531.1943969726562,365.80511474609375,0.7912662625312805
256,47,0.0,530.6053466796875,58.10772705078125,719.4110717773438,29.053863525390625,625.0081787109375,0.8741939663887024
256,58,319.6574401855469,456.3060302734375,404.0121154785156,593.8701171875,361.83477783203125,525.0880737304688,0.6759752035140991
256,48,280.3820495605469,353.3948059082031,342.81317138671875,486.76141357421875,311.59759521484375,420.078125,0.900800347328186
256,43,186.23895263671875,376.954833984375,252.3444061279297,534.6099853515625,219.29168701171875,455.78240966796875,0.8860823512077332
256,65,754.1922607421875,349.36505126953125,827.030517578125,481.4962463378906,790.6113891601562,415.4306640625,0.8678167462348938
256,68,1177.8607177734375,241.54901123046875,1230.4617919921875,342.2861328125,1204.1612548828125,291.9175720214844,0.7826904058456421
256,52,430.8883972167969,285.2989196777344,499.1714782714844,414.1688537597656,465.0299377441406,349.73388671875,0.8948493003845215
256,8,597.2451171875,275.2651062011719,655.25830078125,520.134033203125,626.251708984375,397.6995849609375,0.6309270262718201
256,70,627.4796752929688,310.0469970703125,694.736328125,439.91741943359375,661.1080322265625,374.9822082519531,0.7396481037139893
257,5,518.9012451171875,391.51336669921875,578.9796142578125,536.1096801757812,548.9404296875,463.8115234375,0.8308093547821045
257,16,943.2755126953125,429.953857421875,996.795654296875,581.2515869140625,970.0355834960938,505.60272216796875,0.8427093029022217
257,39,997.2044677734375,396.2322998046875,1048.5535888671875,536.1221923828125,1022.8790283203125,466.17724609375,0.8568530082702637
257,3,611.7802124023438,511.44818115234375,675.804931640625,698.52685546875,643.7926025390625,604.987548828125,0.9008609056472778
257,41,499.23626708984375,296.2688293457031,552.765380859375,430.2297668457031,526.0008544921875,363.2492980957031,0.7460677027702332
257,47,0.0,530.5974731445312,52.23629379272461,719.1919555664062,26.118146896362305,624.8947143554688,0.8904838562011719
257,58,312.4438171386719,456.2918701171875,398.5618591308594,594.3853759765625,355.5028381347656,525.338623046875,0.8701469302177429
257,48,278.2739562988281,352.93524169921875,336.0722961425781,486.167236328125,307.1731262207031,419.5512390136719,0.8689767718315125
257,43,182.61915588378906,376.1490478515625,247.11941528320312,534.6873779296875,214.86929321289062,455.418212890625,0.89461749792099
257,65,746.95849609375,348.6546936035156,823.1786499023438,482.7359924316406,785.068603515625,415.6953430175781,0.8790005445480347
257,68,1171.2415771484375,241.82762145996094,1224.106201171875,341.8555603027344,1197.673828125,291.8415832519531,0.7982118129730225
257,52,428.3266296386719,285.7947998046875,497.029052734375,415.166015625,462.6778564453125,350.48040771484375,0.8577296733856201
257,8,581.2814331054688,275.76422119140625,647.3546142578125,520.450439453125,614.3179931640625,398.1073303222656,0.592308759689331
257,70,624.5787353515625,312.5238952636719,690.70166015625,440.5510559082031,657.6401977539062,376.5374755859375,0.7127904295921326
258,5,510.4912414550781,390.74395751953125,569.2972412109375,535.419677734375,539.8942260742188,463.0818176269531,0.8478931784629822
258,16,931.706298828125,429.968017578125,988.534912109375,579.994140625,960.12060546875,504.9810791015625,0.7781452536582947
258,39,988.9567260742188,398.5908203125,1042.50927734375,537.050048828125,1015.7330322265625,467.8204345703125,0.8408792614936829
258,3,603.0577392578125,511.4888916015625,667.047119140625,698.95361328125,635.0524291992188,605.2212524414062,0.8879576921463013
258,41,494.06890869140625,299.5950012207031,545.1864013671875,423.39715576171875,519.627685546875,361.49609375,0.659591794013977
258,47,0.0,531.6449584960938,43.23086166381836,718.9946899414062,21.61543083190918,625.31982421875,0.8795392513275146
258,58,304.8913879394531,456.39794921875,391.0992126464844,593.7886962890625,347.99530029296875,525.0933227539062,0.8398822546005249
258,48,273.97479248046875,353.52166748046875,327.8381652832031,487.3476257324219,300.906494140625,420.43463134765625,0.865536630153656
258,43,176.46835327148438,375.9117736816406,238.94969177246094,533.2012939453125,207.70901489257812,454.5565185546875,0.8961755037307739
258,65,737.7017211914062,348.4532775878906,817.6195068359375,482.5738220214844,777.66064453125,415.5135498046875,0.8990289568901062
258,68,1162.79541015625,240.93759155273438,1214.8841552734375,340.7650451660156,1188.83984375,290.851318359375,0.8213531374931335
258,52,422.5635070800781,285.19281005859375,490.51336669921875,416.5827941894531,456.5384521484375,350.8878173828125,0.8490137457847595
258,8,577.4268798828125,276.09661865234375,642.5823974609375,521.5862426757812,610.004638671875,398.8414306640625,0.7213298678398132
258,70,615.9478149414062,312.92718505859375,683.7001953125,440.5738525390625,649.823974609375,376.7505187988281,0.6832479238510132
259,5,500.0602722167969,390.1195983886719,558.0797119140625,535.0527954101562,529.0700073242188,462.586181640625,0.806215226650238
259,16,919.1434326171875,428.3948974609375,976.9214477539062,579.6839599609375,948.032470703125,504.0394287109375,0.8687344789505005
259,39,977.1829833984375,400.4332275390625,1035.5924072265625,536.3496704101562,1006.3876953125,468.3914489746094,0.8803586959838867
259,3,592.3082885742188,511.3080749511719,656.9979248046875,698.4945068359375,624.653076171875,604.9013061523438,0.8909785151481628
259,41,488.2450866699219,304.8825378417969,532.9544677734375,423.46630859375,510.59979248046875,364.1744384765625,0.7977584600448608
259,47,0.0,532.0548706054688,31.41810417175293,718.5303955078125,15.709052085876465,625.2926025390625,0.8528043031692505
259,58,294.0225524902344,455.8439636230469,381.4410095214844,595.4164428710938,337.7317810058594,525.6301879882812,0.8384652733802795
259,48,266.6853942871094,355.01611328125,318.97625732421875,489.9683837890625,292.830810546875,422.49224853515625,0.8257147669792175
259,43,169.60736083984375,375.1053771972656,228.7656707763672,534.9185791015625,199.1865234375,455.011962890625,0.8877615332603455
259,65,727.8754272460938,348.50604248046875,807.7164916992188,482.47650146484375,767.7959594726562,415.49127197265625,0.8841203451156616
259,68,1150.8997802734375,240.63800048828125,1203.238525390625,339.18701171875,1177.069091796875,289.9125061035156,0.809887170791626
259,52,414.450439453125,284.26641845703125,480.6400146484375,416.0773620605469,447.54522705078125,350.171875,0.8725150227546692
259,8,570.7255249023438,274.8212890625,632.7055053710938,522.2139892578125,601.7155151367188,398.51763916015625,0.6262770891189575
259,70,606.8258056640625,314.5971374511719,673.2940673828125,439.2348327636719,640.0599365234375,376.9159851074219,0.6656031608581543
260,5,487.5194396972656,392.5769958496094,547.2610473632812,535.1442260742188,517.3902587890625,463.860595703125,0.8383188843727112
260,16,908.7369995117188,426.614990234375,963.462646484375,578.7141723632812,936.099853515625,502.6645812988281,0.8160632848739624
260,39,964.4815673828125,400.5254211425781,1026.9305419921875,535.4161376953125,995.7060546875,467.97076416015625,0.85545814037323
260,3,579.09814453125,511.52752685546875,644.9163818359375,698.49462890625,612.0072631835938,605.0111083984375,0.8818030953407288
260,41,479.68572998046875,311.8486633300781,520.8302612304688,421.82696533203125,500.25799560546875,366.83782958984375,0.6708956360816956
260,58,281.54766845703125,455.893310546875,369.4835510253906,594.7222900390625,325.515625,525.3078002929688,0.8631142377853394
260,48,253.65023803710938,358.2889709472656,314.52093505859375,492.01226806640625,284.0855712890625,425.150634765625,0.8160640597343445
260,43,160.74380493164062,375.58880615234375,217.3677215576172,535.7123413085938,189.05575561523438,455.65057373046875,0.86129230260849
260,65,715.6980590820312,347.6727294921875,796.224365234375,481.7530212402344,755.961181640625,414.712890625,0.8763369917869568
260,68,1137.24951171875,240.73269653320312,1190.0919189453125,337.905029296875,1163.670654296875,289.31884765625,0.8075061440467834
260,52,403.5451354980469,283.1168212890625,468.63677978515625,415.2809753417969,436.0909423828125,349.19891357421875,0.8574739694595337
260,8,564.8623046875,318.4486083984375,622.9844970703125,523.93603515625,593.9234008789062,421.19232177734375,0.4875558912754059
260,70,592.121337890625,314.3506164550781,659.86572265625,438.8398742675781,625.9935302734375,376.5952453613281,0.7406616806983948
261,5,471.2822570800781,393.1154479980469,528.4352416992188,535.832275390625,499.8587646484375,464.473876953125,0.7228142619132996
261,16,894.6124877929688,424.2769775390625,945.7821044921875,576.9440307617188,920.197265625,500.6105041503906,0.8572359681129456
261,39,950.3062744140625,399.3090515136719,1015.1234741210938,534.8665771484375,982.71484375,467.08782958984375,0.7178745269775391
261,3,563.4799194335938,511.2746276855469,629.515869140625,697.6065673828125,596.4979248046875,604.4406127929688,0.8658668398857117
261,41,463.9710693359375,317.4985656738281,510.174072265625,415.22393798828125,487.07257080078125,366.36126708984375,0.5875541567802429
261,58,266.5644226074219,455.75347900390625,354.8793029785156,594.079833984375,310.72186279296875,524.9166259765625,0.8025665879249573
261,48,237.53184509277344,361.57110595703125,303.6730651855469,493.3606872558594,270.6024475097656,427.46588134765625,0.7644641995429993
261,43,146.930419921875,375.404296875,203.06057739257812,529.44775390625,174.99549865722656,452.426025390625,0.8491254448890686
261,65,700.1561889648438,346.17095947265625,781.8180541992188,480.46685791015625,740.9871215820312,413.31890869140625,0.9002147316932678
261,68,1119.56884765625,240.20777893066406,1172.4586181640625,335.04864501953125,1146.013671875,287.6282043457031,0.8160338997840881
261,52,389.1275939941406,280.9210510253906,452.6364440917969,412.4784851074219,420.88201904296875,346.69976806640625,0.7732738256454468
261,70,571.933349609375,314.1671142578125,643.5719604492188,439.25872802734375,607.752685546875,376.7129211425781,0.5128307342529297
262,5,453.49127197265625,392.0318908691406,509.6343994140625,539.96337890625,481.5628356933594,465.99761962890625,0.5554897785186768
262,16,878.3754272460938,420.78692626953125,930.2392578125,576.0353393554688,904.307373046875,498.4111328125,0.7753881216049194
262,39,932.5965576171875,397.6823425292969,1002.35498046875,533.6713256835938,967.4757690429688,465.67681884765625,0.8870852589607239
262,3,546.7711791992188,510.6137390136719,613.1041870117188,697.6771850585938,579.9376831054688,604.1454467773438,0.8701979517936707
262,58,248.57969665527344,455.9176940917969,338.27001953125,595.9030151367188,293.42486572265625,525.9103393554688,0.83775395154953
262,48,219.1488037109375,365.7618103027344,288.2655944824219,494.480224609375,253.7071990966797,430.12103271484375,0.8400588631629944
262,43,130.91246032714844,375.6169128417969,186.92872619628906,533.9772338867188,158.92059326171875,454.79705810546875,0.8412757515907288
262,65,684.0355834960938,343.7793273925781,765.6287841796875,479.7649230957031,724.8321533203125,411.7721252441406,0.875337541103363
262,68,1101.07470703125,239.88470458984375,1153.4442138671875,333.44952392578125,1127.259521484375,286.6671142578125,0.7561413645744324
262,52,373.3374328613281,279.1099548339844,435.8471984863281,411.5569152832031,404.5923156738281,345.33343505859375,0.7125749588012695
262,70,547.4693603515625,313.66424560546875,624.38427734375,438.99200439453125,585.9268188476562,376.328125,0.4265873432159424
262,8,535.8005981445312,330.728759765625,596.8912353515625,530.4114379882812,566.345947265625,430.5700988769531,0.5129120945930481
263,5,434.8912048339844,393.46429443359375,491.082275390625,549.1245727539062,462.98675537109375,471.29443359375,0.7021531462669373
263,16,861.7970581054688,417.8069152832031,914.0257568359375,573.833251953125,887.911376953125,495.820068359375,0.8237470984458923
263,39,921.9293823242188,395.6618957519531,988.8382568359375,532.7451782226562,955.3837890625,464.20355224609375,0.857952892780304
263,3,530.0809326171875,510.51141357421875,596.0559692382812,698.0735473632812,563.0684814453125,604.29248046875,0.8650369644165039
263,58,230.50743103027344,456.2342834472656,320.625,597.460205078125,275.56622314453125,526.8472290039062,0.7899249196052551
263,48,201.01089477539062,370.611083984375,270.64459228515625,494.45965576171875,235.82774353027344,432.5353698730469,0.7629643082618713
263,43,114.32610321044922,377.0790100097656,170.06588745117188,538.8001708984375,142.1959991455078,457.9395751953125,0.8756486177444458
263,65,666.15576171875,342.0776062011719,745.6199951171875,477.8045349121094,705.8878784179688,409.9410705566406,0.882986843585968
263,68,1082.420166015625,239.6677703857422,1134.45361328125,331.5645446777344,1108.4368896484375,285.61614990234375,0.7590966820716858
263,52,356.281982421875,278.21612548828125,417.40313720703125,411.75262451171875,386.8425598144531,344.984375,0.751166045665741
263,8,519.8370361328125,341.9572448730469,579.687255859375,533.81298828125,549.7621459960938,437.8851318359375,0.5390052199363708
263,41,427.5157470703125,338.59246826171875,481.486083984375,416.31097412109375,454.50091552734375,377.45172119140625,0.4046207666397095
264,5,418.2508239746094,394.7012023925781,472.3271484375,554.743896484375,445.28900146484375,474.7225341796875,0.6788254976272583
264,16,847.5284423828125,412.212158203125,901.4466552734375,574.3397216796875,874.487548828125,493.27593994140625,0.8278976678848267
264,39,914.3551025390625,393.9466552734375,977.40869140625,532.3648681640625,945.8818969726562,463.15576171875,0.9086097478866577
264,3,514.86962890625,510.7099304199219,580.7008056640625,698.2581787109375,547.7852172851562,604.4840698242188,0.863681435585022
264,58,213.24342346191406,456.9646911621094,304.28070068359375,598.2020263671875,258.7620544433594,527.5833740234375,0.8384103178977966
264,48,184.12374877929688,374.9866943359375,254.3521728515625,495.7740478515625,219.2379608154297,435.38037109375,0.8250563144683838
264,43,97.13693237304688,379.0374755859375,160.29798889160156,541.2227783203125,128.71746826171875,460.130126953125,0.5242241024971008
264,65,650.541748046875,340.0091247558594,727.8226928710938,474.00238037109375,689.1822509765625,407.0057373046875,0.8289516568183899
264,68,1065.4847412109375,239.35610961914062,1117.0804443359375,330.2698974609375,1091.2825927734375,284.81298828125,0.7807872295379639
264,52,341.1944580078125,277.4356384277344,401.350341796875,410.52911376953125,371.27239990234375,343.98236083984375,0.7288190126419067
264,8,503.01605224609375,349.6996154785156,563.7175903320312,539.1597900390625,533.3668212890625,444.4296875,0.6111259460449219
264,70,524.978271484375,311.55517578125,592.6015625,437.808349609375,558.7899169921875,374.6817626953125,0.4046362638473511
265,5,402.4535217285156,394.625,459.1585693359375,558.9148559570312,430.8060302734375,476.7699279785156,0.5991881489753723
265,16,835.487548828125,406.61138916015625,891.3294677734375,573.7474975585938,863.4085083007812,490.179443359375,0.8009326457977295
265,39,904.8961791992188,392.35723876953125,967.0072021484375,531.8814086914062,935.95166015625,462.11932373046875,0.8676780462265015
265,3,501.2361755371094,510.8209533691406,565.34814453125,698.9089965820312,533.2921752929688,604.864990234375,0.8411933183670044
265,58,196.53753662109375,456.8460998535156,288.3355407714844,600.0809936523438,242.43653869628906,528.4635620117188,0.8056851029396057
265,48,168.06918334960938,378.0242004394531,237.73016357421875,495.0306091308594,202.89967346191406,436.52740478515625,0.7104516625404358
265,43,80.1492691040039,381.1891174316406,155.31080627441406,542.9575805664062,117.73004150390625,462.0733642578125,0.8770688772201538
265,65,635.7545776367188,338.5495300292969,714.6151733398438,473.56781005859375,675.1848754882812,406.05865478515625,0.8807331323623657
265,68,1050.5244140625,238.27215576171875,1101.8006591796875,329.6429443359375,1076.16259765625,283.9575500488281,0.8202949166297913
265,52,326.25244140625,277.0722961425781,386.3654479980469,412.94561767578125,356.3089599609375,345.00897216796875,0.6495541930198669
265,8,488.0251770019531,346.29815673828125,549.4769287109375,539.241943359375,518.7510375976562,442.7700500488281,0.49645981192588806
266,5,386.71514892578125,395.76080322265625,442.68475341796875,560.5114135742188,414.699951171875,478.1361083984375,0.7006819844245911
266,16,821.0165405273438,400.4339294433594,881.010498046875,572.30126953125,851.0135498046875,486.36761474609375,0.8518688082695007
266,39,895.8441162109375,390.0641784667969,959.0302734375,531.9861450195312,927.4371948242188,461.025146484375,0.8656444549560547
266,3,486.1277770996094,511.24896240234375,550.8380126953125,699.8427734375,518.48291015625,605.5458984375,0.86493319272995
266,58,180.3140411376953,457.2793273925781,272.00714111328125,602.5313720703125,226.16058349609375,529.9053344726562,0.8264830708503723
266,48,150.23861694335938,379.76593017578125,220.2714080810547,497.52691650390625,185.2550048828125,438.64642333984375,0.7814150452613831
266,43,61.76726531982422,382.8394470214844,145.89898681640625,544.2589111328125,103.8331298828125,463.5491943359375,0.8709521889686584
266,65,621.4891357421875,336.86480712890625,704.1572265625,471.15789794921875,662.8231811523438,404.0113525390625,0.8776929378509521
266,68,1036.6138916015625,236.49575805664062,1087.782470703125,328.82098388671875,1062.1982421875,282.65838623046875,0.7956017255783081
266,52,310.4749450683594,277.3137512207031,370.0326843261719,411.4381103515625,340.2538146972656,344.37591552734375,0.6738608479499817
266,8,474.9111633300781,365.76763916015625,557.222412109375,530.8322143554688,516.0667724609375,448.2999267578125,0.5400129556655884
266,70,501.725341796875,306.15728759765625,561.7394409179688,406.1469421386719,531.732421875,356.152099609375,0.6233938336372375
267,5,367.9574890136719,397.38140869140625,434.7783508300781,562.6192016601562,401.367919921875,480.00030517578125,0.7249030470848083
267,16,805.15087890625,394.56732177734375,868.9837646484375,565.9949951171875,837.0673217773438,480.2811584472656,0.8402382731437683
267,39,886.1842041015625,388.236083984375,951.3491821289062,533.2710571289062,918.7667236328125,460.7535705566406,0.8923551440238953
267,3,470.31097412109375,511.63140869140625,534.8223876953125,701.8818969726562,502.5666809082031,606.7566528320312,0.8523954153060913
267,58,162.0143280029297,457.05364990234375,254.0112762451172,605.5532836914062,208.01280212402344,531.303466796875,0.8109403848648071
267,48,131.4528045654297,380.3356018066406,196.65216064453125,499.12628173828125,164.052490234375,439.73095703125,0.7317656874656677
267,43,41.602718353271484,385.8064270019531,130.21221923828125,546.9268188476562,85.907470703125,466.36663818359375,0.8397032022476196
267,65,606.626953125,335.0770568847656,692.7835083007812,467.8082275390625,649.7052001953125,401.442626953125,0.8870547413825989
267,68,1022.4005737304688,234.20103454589844,1073.4698486328125,328.55316162109375,1047.9351806640625,281.3771057128906,0.7943422198295593
267,52,291.6204833984375,277.9911804199219,352.09234619140625,412.1812744140625,321.8564147949219,345.08624267578125,0.7086478471755981
267,8,471.0184631347656,374.2264099121094,548.7758178710938,525.9028930664062,509.89715576171875,450.06463623046875,0.4876576066017151
267,70,489.2654113769531,304.5204772949219,547.5353393554688,399.2719421386719,518.400390625,351.8962097167969,0.6867603659629822
267,41,358.3221130371094,351.671142578125,425.6457824707031,428.66705322265625,391.98394775390625,390.1690979003906,0.45185089111328125
268,5,348.68157958984375,396.8258361816406,417.48577880859375,563.9242553710938,383.08367919921875,480.37506103515625,0.6896562576293945
268,16,789.5242309570312,388.623291015625,854.8961791992188,559.0859985351562,822.210205078125,473.8546447753906,0.8434355854988098
268,39,867.8873291015625,377.9814758300781,944.249755859375,534.7935180664062,906.0685424804688,456.38751220703125,0.8783968091011047
268,3,450.6282958984375,512.6973876953125,517.8463745117188,704.4697875976562,484.2373352050781,608.5836181640625,0.8535970449447632
268,58,139.67344665527344,457.2884216308594,233.00759887695312,609.2006225585938,186.34051513671875,533.2445068359375,0.7586246132850647
268,48,107.57730865478516,379.4646911621094,175.52000427246094,501.9888916015625,141.5486602783203,440.726806640625,0.6062931418418884
268,43,19.168581008911133,388.360107421875,107.91768646240234,549.75927734375,63.54313278198242,469.0596923828125,0.7910282015800476
268,65,589.5274047851562,331.92523193359375,678.4579467773438,465.9029541015625,633.99267578125,398.9140930175781,0.8799160718917847
268,68,1007.4061889648438,234.01620483398438,1058.52587890625,328.0558166503906,1032.966064453125,281.0360107421875,0.7273960709571838
268,52,270.6954040527344,280.1627197265625,334.3010559082031,420.83087158203125,302.49822998046875,350.4967956542969,0.6267516016960144
268,8,462.52606201171875,376.9161376953125,531.1014404296875,519.5675048828125,496.8137512207031,448.2418212890625,0.5919218063354492
268,70,474.4687194824219,303.6772766113281,532.6849975585938,398.08111572265625,503.57684326171875,350.87921142578125,0.6717681884765625
269,5,326.5909729003906,397.40850830078125,399.4654235839844,565.421875,363.0281982421875,481.4151916503906,0.7398557066917419
269,16,770.7708129882812,384.9279479980469,837.1378784179688,554.6730346679688,803.954345703125,469.80047607421875,0.8646513819694519
269,39,846.555419921875,361.24786376953125,934.57470703125,534.0704956054688,890.5650634765625,447.6591796875,0.9020019173622131
269,3,431.5433044433594,513.1836547851562,498.88983154296875,706.8963623046875,465.216552734375,610.0400390625,0.8780354261398315
269,58,115.72911834716797,458.26287841796875,211.1581268310547,609.8995971679688,163.44361877441406,534.0812377929688,0.7754495143890381
269,48,81.86872100830078,377.5505065917969,150.93975830078125,503.6705017089844,116.40423583984375,440.6105041503906,0.6205222010612488
269,43,0.0,390.46270751953125,83.7802734375,546.7868041992188,41.89013671875,468.624755859375,0.7664815187454224
269,65,570.7319946289062,328.3244934082031,665.242431640625,465.303955078125,617.9871826171875,396.814208984375,0.8575120568275452
269,68,989.3273315429688,233.1640625,1041.4892578125,328.3812561035156,1015.4083251953125,280.77264404296875,0.8194118142127991
269,52,248.90081787109375,281.4641418457031,314.5583190917969,424.74041748046875,281.72955322265625,353.102294921875,0.510007381439209
269,8,449.053955078125,378.0212707519531,507.3800048828125,521.9918212890625,478.21697998046875,450.00653076171875,0.5178132057189941
269,70,456.9714660644531,304.1158142089844,519.837646484375,397.8221435546875,488.404541015625,350.968994140625,0.5655691623687744
270,5,302.3455810546875,399.3934631347656,371.845703125,567.2106323242188,337.09564208984375,483.30206298828125,0.6340087652206421
270,16,753.614013671875,383.213134765625,819.4097290039062,552.0310668945312,786.5118408203125,467.6221008300781,0.8472700119018555
270,39,840.432373046875,359.8990478515625,923.0375366210938,534.6735229492188,881.7349853515625,447.2862854003906,0.8807894587516785
270,3,410.10272216796875,513.6563110351562,478.2914733886719,709.6541137695312,444.19708251953125,611.6552124023438,0.8241926431655884
270,58,90.36793518066406,459.38629150390625,186.20858764648438,612.0004272460938,138.28826904296875,535.693359375,0.6753571629524231
270,48,54.26643371582031,375.8956604003906,119.74278259277344,506.2837219238281,87.00460815429688,441.0896911621094,0.5203723907470703
270,43,0.0,391.9600830078125,57.22044372558594,541.569580078125,28.61022186279297,466.76483154296875,0.5437514185905457
270,65,553.1575317382812,325.0016784667969,650.56201171875,465.830322265625,601.8597412109375,395.416015625,0.872435986995697
270,68,970.7093505859375,233.00503540039062,1022.4661254882812,328.2776794433594,996.5877685546875,280.641357421875,0.7058404088020325
270,52,224.7078399658203,284.0010986328125,290.7827453613281,425.8426818847656,257.74530029296875,354.921875,0.4168946444988251
270,8,430.2818298339844,381.021240234375,486.3196105957031,530.0473022460938,458.30072021484375,455.5342712402344,0.4798174500465393
271,5,275.8839416503906,399.0319519042969,344.7239685058594,570.2322998046875,310.303955078125,484.63214111328125,0.6516527533531189
271,16,736.1355590820312,382.3323059082031,799.5865478515625,551.5963134765625,767.861083984375,466.96429443359375,0.8451897501945496
271,39,837.2308959960938,360.3983154296875,908.5867919921875,535.0619506835938,872.9088134765625,447.7301330566406,0.89644855260849
271,3,386.9493103027344,515.6168212890625,455.2601318359375,712.424072265625,421.104736328125,614.0204467773438,0.7960366010665894
271,58,61.772708892822266,460.6889953613281,160.03231811523438,613.3856201171875,110.90251159667969,537.0372924804688,0.5900185108184814
271,65,540.9923095703125,322.06243896484375,634.6802978515625,466.1961669921875,587.8363037109375,394.1293029785156,0.8751620054244995
271,68,949.8868408203125,230.80003356933594,1001.599853515625,328.1103515625,975.7433471679688,279.4552001953125,0.7948023676872253
271,52,197.75347900390625,286.2095642089844,266.18450927734375,429.9997863769531,231.968994140625,358.10467529296875,0.426098495721817
271,8,390.51751708984375,386.4612121582031,465.7977294921875,540.3029174804688,428.1576232910156,463.382080078125,0.5230615735054016
272,5,247.3979034423828,400.15252685546875,314.5638732910156,573.3924560546875,280.98089599609375,486.7724914550781,0.666714072227478
272,16,712.9488525390625,381.4269104003906,781.4133911132812,551.7454833984375,747.18115234375,466.586181640625,0.8509218692779541
272,39,825.334716796875,363.7839660644531,892.8351440429688,535.0040283203125,859.0849609375,449.39398193359375,0.8651171326637268
272,3,363.960205078125,517.8361206054688,431.8180236816406,714.6202392578125,397.88909912109375,616.2281494140625,0.8350393176078796
272,58,33.27378845214844,462.6029357910156,135.38304138183594,615.4972534179688,84.32841491699219,539.0501098632812,0.6011930704116821
272,65,533.436279296875,319.2613830566406,618.67236328125,466.63800048828125,576.0543212890625,392.94970703125,0.8343244791030884
272,68,928.1503295898438,227.65525817871094,980.2769165039062,325.5829772949219,954.213623046875,276.6191101074219,0.7425104975700378
272,8,369.0008850097656,398.8491516113281,443.43634033203125,549.3121948242188,406.2186279296875,474.0806884765625,0.532939612865448
272,75,1229.3892822265625,506.07171630859375,1275.8448486328125,705.4860229492188,1252.6170654296875,605.7788696289062,0.8534090518951416
272,70,397.2834167480469,313.719970703125,445.8330078125,405.822998046875,421.5582275390625,359.771484375,0.4009382426738739
272,48,0.0,375.00115966796875,58.70848846435547,513.5134887695312,29.354244232177734,444.25732421875,0.607351541519165
273,5,219.88075256347656,400.505859375,292.5646057128906,577.2332153320312,256.2226867675781,488.8695373535156,0.7420055270195007
273,16,692.3909301757812,380.5652770996094,762.768310546875,552.58837890625,727.57958984375,466.57684326171875,0.8723031878471375
273,39,808.6625366210938,370.6331481933594,877.921630859375,535.1044921875,843.2921142578125,452.86883544921875,0.889535129070282
273,3,340.204345703125,520.906982421875,408.2279052734375,717.2290649414062,374.21612548828125,619.0679931640625,0.7797791957855225
273,58,5.515491962432861,464.2160949707031,113.20358276367188,625.5118408203125,59.35953903198242,544.8639526367188,0.6550087928771973
273,65,528.9401245117188,316.6749267578125,603.544921875,468.2484436035156,566.2425537109375,392.461669921875,0.7372584939002991
273,68,908.1011352539062,227.0266876220703,960.0859375,324.6288757324219,934.093505859375,275.8277893066406,0.7161285281181335
273,8,352.16375732421875,399.4118957519531,423.3271179199219,555.9771728515625,387.74542236328125,477.69451904296875,0.5355952382087708
273,75,1209.502197265625,499.53265380859375,1271.8363037109375,706.9415893554688,1240.669189453125,603.2371215820312,0.8712180852890015
274,5,195.3953094482422,400.8114013671875,274.0971374511719,581.12158203125,234.7462158203125,490.96649169921875,0.7690621614456177
274,16,672.9227905273438,379.455322265625,746.0863647460938,553.4814453125,709.5045776367188,466.4683837890625,0.9016562700271606
274,39,791.0451049804688,370.4749450683594,867.9690551757812,535.9835205078125,829.507080078125,453.229248046875,0.9135229587554932
274,3,318.03045654296875,524.4947509765625,386.57586669921875,718.8851318359375,352.30316162109375,621.68994140625,0.8568759560585022
274,58,0.0,465.23712158203125,92.78495025634766,625.2764892578125,46.39247512817383,545.2568359375,0.7906357645988464
274,65,522.1754760742188,315.2723693847656,588.5350952148438,465.1354675292969,555.3552856445312,390.20391845703125,0.8751178979873657
274,68,889.891845703125,226.2152099609375,941.0096435546875,322.953369140625,915.4507446289062,274.58428955078125,0.8162567019462585
274,8,343.8983459472656,404.332275390625,407.6557312011719,561.3738403320312,375.77703857421875,482.8530578613281,0.6758233308792114
274,75,1191.350341796875,496.61956787109375,1258.5048828125,706.7698974609375,1224.9276123046875,601.6947021484375,0.8851513862609863
274,76,309.63409423828125,355.13775634765625,358.4455871582031,509.9571228027344,334.03985595703125,432.54742431640625,0.58664870262146
274,52,119.0892105102539,287.4559631347656,188.02499389648438,435.863037109375,153.55709838867188,361.65948486328125,0.5369768738746643
274,70,350.5515441894531,318.56842041015625,405.0830383300781,442.046630859375,377.8172912597656,380.3075256347656,0.5852627158164978
275,5,176.00843811035156,401.3005676269531,252.89173889160156,584.2228393554688,214.45008850097656,492.76171875,0.6036486029624939
275,16,657.583251953125,377.8404235839844,732.4788208007812,555.8612060546875,695.031005859375,466.850830078125,0.9002548456192017
275,39,775.89990234375,375.2323913574219,865.6401977539062,536.5087280273438,820.77001953125,455.87054443359375,0.91592937707901
275,3,297.3395080566406,526.5623779296875,367.3148193359375,719.0941772460938,332.3271484375,622.8282470703125,0.8755709528923035
275,58,0.0,467.69921875,73.06327819824219,624.7838134765625,36.531639099121094,546.2415161132812,0.6180219650268555
275,65,512.9517211914062,314.58984375,576.8890991210938,462.583740234375,544.92041015625,388.5867919921875,0.8395909070968628
275,68,874.5454711914062,225.31759643554688,924.9000244140625,321.6291809082031,899.7227783203125,273.473388671875,0.6133835315704346
275,8,333.00115966796875,407.4875793457031,395.2641296386719,564.0804443359375,364.13262939453125,485.78399658203125,0.6749705672264099
275,75,1177.598876953125,495.39898681640625,1244.39306640625,706.1874389648438,1210.9959716796875,600.793212890625,0.8901172876358032
275,76,288.2845764160156,359.2500915527344,345.6341247558594,514.74951171875,316.9593505859375,436.99981689453125,0.7325847148895264
275,52,96.12364959716797,287.0148620605469,167.67279052734375,437.9305725097656,131.89822387695312,362.47271728515625,0.5928423404693604
275,70,331.1837463378906,319.4794921875,398.64959716796875,443.0633239746094,364.91668701171875,381.27142333984375,0.5710057020187378
276,16,647.5490112304688,377.62457275390625,722.8394165039062,558.7892456054688,685.1942138671875,468.2069091796875,0.9184727072715759
276,39,767.69775390625,384.0639343261719,867.110595703125,538.769775390625,817.4041748046875,461.4168701171875,0.9204732775688171
276,3,282.9686279296875,528.3212890625,352.8495788574219,719.9277954101562,317.90911865234375,624.12451171875,0.8754449486732483
276,58,0.0,470.15142822265625,57.41318893432617,620.4457397460938,28.706594467163086,545.298583984375,0.6564969420433044
276,65,508.0039367675781,315.2401123046875,571.3069458007812,463.4781494140625,539.6554565429688,389.359130859375,0.8458052277565002
276,68,863.8075561523438,222.7960205078125,913.8033447265625,322.6407165527344,888.805419921875,272.7183837890625,0.8335951566696167
276,8,316.5697937011719,410.32220458984375,390.41766357421875,568.6375732421875,353.49371337890625,489.4798889160156,0.7100844383239746
276,75,1168.3297119140625,496.5453186035156,1234.364501953125,707.7655029296875,1201.34716796875,602.1553955078125,0.9046937227249146
276,76,273.37738037109375,360.3062744140625,336.93585205078125,517.7330932617188,305.1566162109375,439.0196838378906,0.7267398238182068
276,52,81.05157470703125,288.46624755859375,152.1322021484375,440.16693115234375,116.59188842773438,364.31658935546875,0.7729443311691284
276,70,312.49127197265625,320.5524597167969,391.07366943359375,444.3155822753906,351.782470703125,382.43402099609375,0.6361613273620605
276,41,182.9016571044922,355.7167663574219,250.4588623046875,511.118408203125,216.68026733398438,433.4176025390625,0.558548629283905
277,16,645.1915283203125,379.50244140625,719.5422973632812,563.3109130859375,682.366943359375,471.40667724609375,0.9147951006889343
277,39,770.65673828125,388.5253601074219,873.12841796875,544.6953735351562,821.892578125,466.6103515625,0.9086571335792542
277,3,276.4477233886719,529.8703002929688,346.7676696777344,719.7185668945312,311.6076965332031,624.79443359375,0.8762648701667786
277,58,0.0,416.0312805175781,47.99974822998047,615.8801879882812,23.999874114990234,515.9557495117188,0.5855163335800171
277,65,509.24835205078125,315.78045654296875,577.3235473632812,464.5784912109375,543.2859497070312,390.1794738769531,0.892784059047699
277,68,859.779541015625,220.808837890625,909.6104125976562,325.11328125,884.6949462890625,272.9610595703125,0.889840304851532
277,8,316.7778625488281,411.6292724609375,394.721923828125,579.9699096679688,355.7498779296875,495.7995910644531,0.7230629920959473
277,75,1166.5780029296875,497.2227478027344,1232.9111328125,709.3040161132812,1199.74462890625,603.2633666992188,0.9151324033737183
277,76,267.5709228515625,360.7809143066406,332.6499328613281,520.0388793945312,300.11041259765625,440.409912109375,0.8286395072937012
277,52,75.54908752441406,290.4370422363281,147.1833953857422,442.21173095703125,111.36624145507812,366.32440185546875,0.9058869481086731
277,70,308.333251953125,321.9173278808594,390.560302734375,447.1376953125,349.44677734375,384.52752685546875,0.7252324223518372
277,41,178.65415954589844,357.1341552734375,245.2477264404297,516.9828491210938,211.95094299316406,437.0585021972656,0.45912083983421326
277,5,153.8467254638672,405.9195251464844,229.9239959716797,590.881591796875,191.88536071777344,498.40057373046875,0.7452191114425659
278,16,651.0933227539062,382.2198791503906,722.3055419921875,566.8342895507812,686.699462890625,474.527099609375,0.9093872308731079
278,39,785.50830078125,390.88922119140625,886.7643432617188,548.326904296875,836.1363525390625,469.6080627441406,0.8788027167320251
278,3,277.8735656738281,530.6652221679688,348.0699462890625,719.4974975585938,312.97174072265625,625.0813598632812,0.8693691492080688
278,58,0.981354296207428,455.6295471191406,47.63873291015625,613.8853759765625,24.310043334960938,534.7574462890625,0.5072433352470398
278,65,513.7757568359375,317.3083801269531,595.1163940429688,466.26910400390625,554.446044921875,391.78875732421875,0.8821595907211304
278,68,862.0083618164062,219.6569366455078,912.0633544921875,327.0043640136719,887.035888671875,273.3306579589844,0.8729748129844666
278,8,331.5626525878906,412.708984375,407.9440002441406,584.0807495117188,369.7533264160156,498.3948669433594,0.7559772729873657
278,75,1170.528076171875,499.29180908203125,1237.0428466796875,710.4819946289062,1203.785400390625,604.8869018554688,0.9004371166229248
278,76,269.613037109375,360.16619873046875,334.0140686035156,521.799560546875,301.81353759765625,440.9828796386719,0.8571709990501404
278,52,77.887939453125,293.03155517578125,151.8968963623047,444.02471923828125,114.89241790771484,368.52813720703125,0.8991930484771729
278,70,312.9757385253906,324.6322021484375,402.93536376953125,454.4194030761719,357.95556640625,389.52581787109375,0.8044900298118591
278,41,181.48031616210938,357.75677490234375,244.72573852539062,517.629150390625,213.10302734375,437.6929626464844,0.6330275535583496
278,5,155.79263305664062,407.55352783203125,233.92543029785156,593.0988159179688,194.85903930664062,500.326171875,0.753715455532074
279,16,659.8165893554688,385.40106201171875,735.7169189453125,568.7784423828125,697.7667236328125,477.0897521972656,0.905624508857727
279,39,808.042724609375,393.4408874511719,905.8639526367188,549.8463134765625,856.953369140625,471.64361572265625,0.9026787281036377
279,3,281.3807067871094,531.6653442382812,352.7956848144531,719.3197631835938,317.08819580078125,625.4925537109375,0.8983262181282043
279,58,2.4560186862945557,466.3814392089844,52.04343795776367,613.291259765625,27.24972915649414,539.8363647460938,0.7307010889053345
279,65,518.7359008789062,317.5665588378906,610.5479736328125,467.30633544921875,564.6419677734375,392.43646240234375,0.9034051299095154
279,68,866.442138671875,218.8970489501953,916.1761474609375,327.89324951171875,891.3091430664062,273.3951416015625,0.8795223236083984
279,8,339.8027648925781,413.53338623046875,418.053955078125,584.8319091796875,378.9283447265625,499.1826477050781,0.716404378414154
279,75,1175.903076171875,501.7731628417969,1244.0032958984375,711.2630004882812,1209.953125,606.51806640625,0.9018628597259521
279,76,274.8556823730469,359.8177185058594,341.2737731933594,522.724609375,308.0647277832031,441.27117919921875,0.8873156905174255
279,52,81.92254638671875,295.37469482421875,159.46766662597656,444.4044189453125,120.69510650634766,369.8895568847656,0.898746907711029
279,70,321.77801513671875,328.2349853515625,412.8055725097656,456.72515869140625,367.29180908203125,392.4800720214844,0.8124849200248718
279,41,189.5511474609375,357.6566162109375,248.963623046875,518.2242431640625,219.25738525390625,437.9404296875,0.7310804724693298
279,5,160.47479248046875,408.651611328125,226.4102783203125,595.9285278320312,193.44253540039062,502.2900695800781,0.8266409039497375
279,79,1240.0079345703125,228.28082275390625,1280.0,304.204345703125,1260.00390625,266.2425842285156,0.5006647706031799
280,16,668.5830688476562,390.0691223144531,752.6683349609375,570.462890625,710.625732421875,480.2659912109375,0.9035680294036865
280,39,831.3634033203125,396.2255554199219,919.686279296875,551.9428100585938,875.5248413085938,474.08416748046875,0.8863903880119324
280,3,285.40362548828125,533.1749877929688,356.3587341308594,719.4068603515625,320.88116455078125,626.2908935546875,0.8733713626861572
280,58,2.94671630859375,470.7716369628906,57.650901794433594,622.754638671875,30.298809051513672,546.7631225585938,0.6969634890556335
280,65,523.3831176757812,316.47186279296875,620.819091796875,467.9915771484375,572.10107421875,392.2317199707031,0.9051839709281921
280,68,870.702880859375,218.98318481445312,921.0867309570312,329.2620544433594,895.894775390625,274.12261962890625,0.8641893267631531
280,8,346.8494567871094,415.0460510253906,427.3437194824219,585.1641235351562,387.0965881347656,500.1051025390625,0.6856870651245117
280,75,1182.165283203125,503.8369445800781,1251.216552734375,712.2232055664062,1216.69091796875,608.0300903320312,0.8937817215919495
280,76,283.59722900390625,361.33746337890625,348.9969177246094,523.369384765625,316.29705810546875,442.3534240722656,0.8430510759353638
280,52,86.5111312866211,298.07568359375,166.22735595703125,448.40283203125,126.36924743652344,373.2392578125,0.8947312235832214
280,70,329.517333984375,331.88128662109375,416.40277099609375,459.76422119140625,372.9600524902344,395.82275390625,0.7617208957672119
280,41,195.93130493164062,358.15899658203125,252.23414611816406,519.1380615234375,224.08273315429688,438.6485290527344,0.6797240972518921
280,5,165.35939025878906,409.30615234375,223.3857879638672,598.8078002929688,194.37258911132812,504.0569763183594,0.769604504108429
281,16,676.5626220703125,394.0827331542969,766.188232421875,570.732421875,721.3754272460938,482.4075927734375,0.910082995891571
281,39,852.6705932617188,397.85687255859375,931.6492309570312,553.8716430664062,892.159912109375,475.8642578125,0.8775964379310608
281,3,288.8187561035156,534.0338134765625,360.5768737792969,719.1204223632812,324.69781494140625,626.5771484375,0.8983073830604553
281,58,3.231374502182007,471.9598693847656,65.65064239501953,620.110595703125,34.441009521484375,546.0352172851562,0.7964093089103699
281,65,533.6539306640625,315.1684265136719,627.8800048828125,468.0082092285156,580.7669677734375,391.58831787109375,0.9164697527885437
281,68,876.4498901367188,218.18096923828125,926.6272583007812,329.651611328125,901.53857421875,273.9162902832031,0.8829986453056335
281,8,357.2447509765625,415.1659240722656,443.4894714355469,586.45654296875,400.36712646484375,500.81121826171875,0.7030820250511169
281,75,1190.0489501953125,504.8707580566406,1259.0535888671875,713.4957885742188,1224.55126953125,609.1832885742188,0.8889814019203186
281,76,294.6763000488281,362.0256652832031,359.9308776855469,524.9461059570312,327.3035888671875,443.48590087890625,0.7994897961616516
281,52,92.59998321533203,299.30096435546875,172.47804260253906,450.14239501953125,132.5390167236328,374.7216796875,0.8927922248840332
281,70,339.30169677734375,336.2325134277344,423.22088623046875,461.563720703125,381.26129150390625,398.89813232421875,0.7634207606315613
281,41,204.5675048828125,359.0277404785156,263.2708435058594,519.3334350585938,233.91917419433594,439.18060302734375,0.6579087972640991
281,5,171.1455078125,409.59637451171875,226.1960906982422,601.1378784179688,198.67080688476562,505.36712646484375,0.7818757891654968
282,16,684.3970336914062,397.6327819824219,775.6331176757812,570.8964233398438,730.0150756835938,484.26458740234375,0.9175889492034912
282,39,872.894775390625,398.4726867675781,945.5443725585938,553.9246215820312,909.2196044921875,476.19866943359375,0.8550569415092468
282,3,291.5719299316406,534.2796020507812,364.5797119140625,719.0381469726562,328.0758056640625,626.6588745117188,0.9038347005844116
282,58,3.2529497146606445,471.3781433105469,74.85611724853516,614.87646484375,39.054534912109375,543.1273193359375,0.7962998747825623
282,65,550.1720581054688,313.7422180175781,634.4149169921875,464.6663818359375,592.29345703125,389.20428466796875,0.9045734405517578
282,68,882.0552368164062,217.60467529296875,932.516357421875,329.7889099121094,907.2857666015625,273.69677734375,0.8831521272659302
282,8,367.4804992675781,414.70709228515625,458.5982666015625,585.3391723632812,413.03936767578125,500.02313232421875,0.6582304239273071
282,75,1197.779052734375,505.87506103515625,1266.5247802734375,714.2263793945312,1232.15185546875,610.0507202148438,0.9190812706947327
282,76,307.7474060058594,364.3579406738281,368.2247009277344,523.9615478515625,337.9860534667969,444.15972900390625,0.8285085558891296
282,52,98.58946228027344,299.5930480957031,178.5522918701172,451.2319641113281,138.5708770751953,375.4125061035156,0.8794602751731873
282,70,346.8826599121094,339.2168273925781,428.0220031738281,461.14788818359375,387.45233154296875,400.182373046875,0.6858965158462524
282,41,212.78732299804688,360.317626953125,271.16302490234375,519.5634155273438,241.9751739501953,439.9405212402344,0.5395805835723877
282,5,177.8206787109375,410.1162109375,255.41436767578125,601.737548828125,216.61752319335938,505.9268798828125,0.44452592730522156
283,16,689.7854614257812,399.0646057128906,783.8621826171875,571.454345703125,736.8238525390625,485.25946044921875,0.922526478767395
283,39,885.7548217773438,398.4142761230469,962.8858642578125,555.8717651367188,924.3203125,477.14300537109375,0.7893138527870178
283,3,296.3523254394531,534.66943359375,369.3656005859375,718.9653930664062,332.85894775390625,626.8173828125,0.9114330410957336
283,58,3.3940060138702393,469.8478698730469,78.7311019897461,616.416015625,41.06255340576172,543.1319580078125,0.8586976528167725
283,65,571.5152587890625,312.169677734375,646.3396606445312,460.4983215332031,608.927490234375,386.333984375,0.8783871531486511
283,68,888.6024780273438,217.03140258789062,938.906005859375,329.5909423828125,913.7542724609375,273.3111572265625,0.8819217681884766
283,8,384.5050964355469,415.2294006347656,482.27081298828125,582.1348876953125,433.387939453125,498.68212890625,0.8219118118286133
283,75,1206.9163818359375,505.1036376953125,1277.3232421875,715.288330078125,1242.119873046875,610.1959838867188,0.9022452235221863
283,76,318.8207092285156,368.5038757324219,381.5479431152344,528.05517578125,350.184326171875,448.279541015625,0.8350213170051575
283,52,107.42678833007812,298.5399169921875,185.6457977294922,450.69256591796875,146.53628540039062,374.6162414550781,0.8848141431808472
283,70,356.43768310546875,341.29058837890625,432.4627685546875,464.7659912109375,394.4502258300781,403.0282897949219,0.6527279019355774
283,41,220.40283203125,361.0456237792969,278.2540588378906,518.2415161132812,249.3284454345703,439.6435546875,0.7471123933792114
283,5,184.69085693359375,409.8194885253906,264.9756164550781,602.2003173828125,224.83323669433594,506.0098876953125,0.633145809173584
284,16,698.1983642578125,399.5182800292969,791.6338500976562,571.6686401367188,744.9161376953125,485.59344482421875,0.9232186079025269
284,39,900.6918334960938,398.43182373046875,981.7658081054688,559.5578002929688,941.2288208007812,478.99481201171875,0.8625010848045349
284,3,301.6895446777344,534.594482421875,375.57891845703125,718.7777099609375,338.63421630859375,626.6860961914062,0.9193025231361389
284,58,6.066625118255615,467.8349609375,89.09595489501953,616.0115966796875,47.58129119873047,541.9232788085938,0.808311939239502
284,65,593.5693359375,311.072021484375,661.52978515625,456.82489013671875,627.549560546875,383.9484558105469,0.8715911507606506
284,68,896.7049560546875,216.55291748046875,946.5276489257812,329.85504150390625,921.6163330078125,273.2039794921875,0.8559931516647339
284,8,406.9392395019531,415.9186706542969,499.15972900390625,585.6116943359375,453.04949951171875,500.76519775390625,0.8613839149475098
284,75,1217.4105224609375,505.28240966796875,1280.0,716.012451171875,1248.705322265625,610.6474609375,0.8944842219352722
284,76,330.46929931640625,372.1051025390625,393.4410095214844,537.7734985351562,361.95513916015625,454.9393005371094,0.8257383108139038
284,52,119.31768035888672,297.9001159667969,194.42449951171875,450.5538635253906,156.87109375,374.22698974609375,0.8524075150489807
284,70,369.6814270019531,343.08990478515625,439.4559631347656,477.3292541503906,404.5686950683594,410.2095947265625,0.7624513506889343
284,41,230.0159912109375,361.76318359375,285.0589904785156,517.0980834960938,257.5374755859375,439.4306335449219,0.773553729057312
284,5,193.99989318847656,410.4456481933594,257.3267822265625,602.5200805664062,225.663330078125,506.48284912109375,0.7845834493637085
285,16,705.7473754882812,399.1448059082031,799.0032348632812,571.4990234375,752.3753051757812,485.3218994140625,0.9214629530906677
285,39,919.2141723632812,398.22003173828125,1001.5938720703125,569.3292236328125,960.404052734375,483.7746276855469,0.8407080173492432
285,3,305.9688720703125,534.6151123046875,382.3794250488281,718.7864379882812,344.17413330078125,626.7008056640625,0.903444230556488
285,58,13.953733444213867,465.01995849609375,100.85175323486328,611.3333740234375,57.40274429321289,538.1766357421875,0.7295597195625305
285,65,610.3046264648438,310.0219421386719,677.4354248046875,449.3761901855469,643.8699951171875,379.6990661621094,0.7555558681488037
285,68,904.8265380859375,216.1182098388672,955.5205078125,329.93951416015625,930.1735229492188,273.02886962890625,0.8841356039047241
285,8,437.4922180175781,419.171630859375,512.8720092773438,587.299560546875,475.18212890625,503.235595703125,0.843184232711792
285,75,1227.2733154296875,506.2091979980469,1280.0,718.4239501953125,1253.63671875,612.3165893554688,0.8904769420623779
285,76,341.81488037109375,374.7613830566406,405.0194396972656,540.3887939453125,373.41717529296875,457.5750732421875,0.6545368432998657
285,52,137.5726318359375,297.3387451171875,204.38641357421875,449.8145446777344,170.97952270507812,373.57666015625,0.7646762728691101
285,70,380.9917297363281,344.9841613769531,443.0198059082031,467.5169982910156,412.0057678222656,406.2505798339844,0.6256559491157532
285,41,238.4714813232422,361.9313659667969,293.2283020019531,516.71337890625,265.8498840332031,439.3223876953125,0.6156876683235168
285,5,204.95306396484375,409.3574523925781,260.6859436035156,602.0061645507812,232.8195037841797,505.68182373046875,0.8111898303031921
286,16,715.5653686523438,398.391845703125,807.1104736328125,571.0092163085938,761.337890625,484.7005310058594,0.918955385684967
286,39,942.602783203125,403.64837646484375,1021.7477416992188,571.5032348632812,982.17529296875,487.5758056640625,0.849646806716919
286,3,311.7850036621094,534.9909057617188,390.0199890136719,718.9856567382812,350.9024963378906,626.98828125,0.905834972858429
286,58,8.42634105682373,460.3044128417969,116.40007019042969,625.2819213867188,62.413204193115234,542.7931518554688,0.7192314863204956
286,65,628.7190551757812,308.88067626953125,694.294921875,449.65142822265625,661.5069580078125,379.26605224609375,0.8188430070877075
286,68,914.08544921875,214.75772094726562,965.0631713867188,329.7033386230469,939.5743408203125,272.23052978515625,0.8529396057128906
286,8,463.469482421875,421.9101867675781,530.9479370117188,590.8953247070312,497.2087097167969,506.40277099609375,0.8194996118545532
286,75,1236.0299072265625,506.2751159667969,1280.0,718.7628784179688,1258.014892578125,612.5189819335938,0.8593644499778748
286,76,352.4010009765625,378.2085876464844,413.9865417480469,529.5684204101562,383.19378662109375,453.88848876953125,0.7914660573005676
286,52,158.28268432617188,296.5396423339844,214.41940307617188,448.8658447265625,186.35104370117188,372.7027587890625,0.8205522894859314
286,70,390.6375732421875,346.93463134765625,451.0985412597656,476.2180480957031,420.8680419921875,411.57635498046875,0.6511474847793579
286,5,215.42626953125,408.51177978515625,278.173095703125,601.40478515625,246.7996826171875,504.9582824707031,0.5877552032470703
287,16,725.6902465820312,397.7057189941406,814.4810791015625,571.39208984375,770.085693359375,484.54888916015625,0.9307137727737427
287,39,969.1034545898438,408.0018615722656,1039.990478515625,572.58056640625,1004.5469970703125,490.29119873046875,0.8348351120948792
287,3,316.8686828613281,535.9251708984375,397.972412109375,719.2410278320312,357.4205322265625,627.5831298828125,0.9066673517227173
287,58,6.3538641929626465,456.2937927246094,128.7127227783203,645.4267578125,67.53329467773438,550.8602905273438,0.835774302482605
287,65,644.584716796875,308.31524658203125,720.6478881835938,449.4717102050781,682.6163330078125,378.89349365234375,0.8692371845245361
287,68,922.9149169921875,213.73483276367188,974.0400390625,328.7370300292969,948.4774780273438,271.2359313964844,0.861363410949707
287,8,484.2127380371094,424.1140441894531,558.6282958984375,596.4307861328125,521.4205322265625,510.27239990234375,0.8939761519432068
287,75,1246.58349609375,535.281982421875,1280.0,718.8986206054688,1263.291748046875,627.09033203125,0.7860339879989624
287,76,363.254150390625,380.4164123535156,425.70550537109375,537.3025512695312,394.4798278808594,458.8594970703125,0.7556247115135193
287,52,173.59786987304688,296.90460205078125,225.7561492919922,449.2358093261719,199.677001953125,373.0701904296875,0.8538200855255127
287,70,396.302734375,349.29156494140625,460.1958312988281,480.78057861328125,428.249267578125,415.03607177734375,0.738699734210968
287,5,226.89207458496094,409.4298400878906,287.68145751953125,600.0311279296875,257.2867736816406,504.73046875,0.7069065570831299
287,41,258.1978454589844,362.9490051269531,312.3437805175781,527.2446899414062,285.27081298828125,445.09686279296875,0.6248824596405029
288,16,736.3125610351562,397.1824035644531,822.2794189453125,572.0389404296875,779.2960205078125,484.61065673828125,0.9213767051696777
288,39,989.7064819335938,411.2510070800781,1058.931396484375,573.8302612304688,1024.3189697265625,492.5406494140625,0.8845019936561584
288,3,323.1675109863281,537.0358276367188,406.4065856933594,719.4158935546875,364.78704833984375,628.225830078125,0.9112974405288696
288,58,6.437385082244873,452.4047546386719,138.38528442382812,627.06591796875,72.41133117675781,539.7353515625,0.8490631580352783
288,65,661.5259399414062,308.64080810546875,740.5823364257812,449.0645446777344,701.0541381835938,378.8526611328125,0.8469433784484863
288,68,931.7075805664062,213.89443969726562,983.416015625,329.131103515625,957.561767578125,271.51275634765625,0.8442343473434448
288,8,501.7184753417969,426.8161926269531,589.0338745117188,601.0853271484375,545.3761596679688,513.9507446289062,0.859951913356781
288,75,1257.12158203125,555.9456176757812,1280.0,718.911376953125,1268.560791015625,637.428466796875,0.5744411945343018
288,76,373.9386901855469,380.96844482421875,434.6715393066406,540.0408325195312,404.30511474609375,460.504638671875,0.7585853338241577
288,52,187.2189178466797,297.9031677246094,238.83322143554688,450.7655944824219,213.02606201171875,374.3343811035156,0.837736964225769
288,70,406.139404296875,352.0249328613281,471.1304016113281,481.7555236816406,438.6348876953125,416.8902282714844,0.7878958582878113
288,5,236.6632843017578,407.9400634765625,293.1591796875,598.9017333984375,264.9112243652344,503.4208984375,0.7952561974525452
289,16,739.935791015625,396.66998291015625,829.3963623046875,572.2730102539062,784.6660766601562,484.47149658203125,0.9043187499046326
289,39,1001.7213134765625,412.8716125488281,1080.115966796875,574.455810546875,1040.918701171875,493.6636962890625,0.864720344543457
289,3,327.9166259765625,537.85107421875,415.10345458984375,719.3056640625,371.5100402832031,628.578369140625,0.8964341878890991
289,58,10.36819839477539,449.7159423828125,146.75613403320312,622.6259765625,78.56216430664062,536.1709594726562,0.8825272917747498
289,65,674.8351440429688,309.9736328125,754.568115234375,448.9360656738281,714.70166015625,379.454833984375,0.7837066650390625
289,68,940.84521484375,213.60203552246094,992.8419799804688,329.9598388671875,966.8436279296875,271.78094482421875,0.8706862926483154
289,8,517.5105590820312,431.2763671875,610.1155395507812,606.636962890625,563.8130493164062,518.9566650390625,0.892767608165741
289,76,384.3660583496094,366.71051025390625,466.9698486328125,540.7890625,425.66796875,453.7497863769531,0.49207136034965515
289,52,199.57894897460938,300.226318359375,251.66165161132812,456.40606689453125,225.62030029296875,378.3161926269531,0.8460066914558411
289,5,245.65843200683594,410.0184020996094,305.2430419921875,599.2001953125,275.45074462890625,504.60931396484375,0.771793782711029
289,41,276.7767333984375,366.18487548828125,331.4371643066406,533.7771606445312,304.10693359375,449.98101806640625,0.4969256520271301
290,16,748.578857421875,396.6004638671875,837.100830078125,572.6103515625,792.83984375,484.60540771484375,0.8956490755081177
290,39,1014.4933471679688,413.95697021484375,1104.716796875,571.9523315429688,1059.6051025390625,492.95465087890625,0.843666672706604
290,3,334.6068115234375,539.2374877929688,423.3605041503906,719.3522338867188,378.983642578125,629.2948608398438,0.8876131176948547
290,58,19.794748306274414,446.16015625,154.72975158691406,610.9241333007812,87.26225280761719,528.5421142578125,0.8515938520431519
290,65,689.7202758789062,311.4783020019531,762.6546630859375,449.06646728515625,726.1875,380.27239990234375,0.7187116146087646
290,68,950.1602783203125,213.85708618164062,1002.5476684570312,330.10650634765625,976.35400390625,271.9818115234375,0.8653132319450378
290,8,532.5203857421875,435.528564453125,625.6665649414062,611.5714111328125,579.093505859375,523.5499877929688,0.8931814432144165
290,76,396.561279296875,369.03485107421875,463.6763916015625,541.3915405273438,430.11883544921875,455.21319580078125,0.5398160815238953
290,52,210.7239990234375,302.1903381347656,264.4678955078125,458.3023986816406,237.595947265625,380.2463684082031,0.8735212683677673
290,5,256.06439208984375,410.10931396484375,314.83428955078125,598.7308349609375,285.4493408203125,504.4200744628906,0.7358369827270508
290,41,286.9564514160156,368.0882873535156,342.0844421386719,532.98486328125,314.52044677734375,450.53656005859375,0.607679545879364
290,70,425.2704162597656,353.5440368652344,486.5101623535156,482.9105224609375,455.8902893066406,418.227294921875,0.6032975316047668
291,16,755.8654174804688,397.1188049316406,843.1538696289062,573.4404907226562,799.5096435546875,485.2796630859375,0.9021745920181274
291,39,1029.60205078125,416.74658203125,1136.0084228515625,580.1668090820312,1082.80517578125,498.4566955566406,0.7168866991996765
291,3,340.7088623046875,539.9539794921875,430.08685302734375,719.5612182617188,385.3978576660156,629.757568359375,0.893757700920105
291,58,29.027814865112305,443.0571594238281,162.14239501953125,604.0090942382812,95.5851058959961,523.5331420898438,0.7989853620529175
291,65,701.13671875,313.1851806640625,796.736328125,448.57977294921875,748.9365234375,380.8824768066406,0.757843017578125
291,68,960.6753540039062,214.6444854736328,1012.978515625,330.63702392578125,986.826904296875,272.6407470703125,0.8471825122833252
291,8,548.3159790039062,439.7235412597656,640.5549926757812,620.0841674804688,594.4354858398438,529.9038696289062,0.8971803784370422
291,76,409.4341125488281,357.2418518066406,488.8868103027344,541.2215576171875,449.16046142578125,449.231689453125,0.857908308506012
291,52,222.30870056152344,304.3476257324219,276.7763671875,456.926025390625,249.54254150390625,380.6368408203125,0.80683434009552
291,5,267.1210632324219,408.52825927734375,325.3974609375,598.2218017578125,296.25927734375,503.3750305175781,0.7752662301063538
291,41,298.1708984375,366.97576904296875,352.8857421875,524.8677368164062,325.5283203125,445.9217529296875,0.4903562068939209
292,16,764.2243041992188,402.2042541503906,849.2973022460938,573.5263671875,806.7608032226562,487.86529541015625,0.8633216619491577
292,39,1053.8480224609375,420.3262634277344,1160.6744384765625,587.2926025390625,1107.26123046875,503.8094482421875,0.8629899024963379
292,3,349.79327392578125,539.8905029296875,435.1981201171875,719.5260009765625,392.4956970214844,629.708251953125,0.8992506861686707
292,58,39.95844268798828,440.81561279296875,169.83993530273438,599.2831420898438,104.89918518066406,520.0493774414062,0.9108378291130066
292,65,712.76220703125,315.85833740234375,818.2572631835938,447.83935546875,765.509765625,381.8488464355469,0.8553149104118347
292,68,971.7554931640625,213.90838623046875,1024.4324951171875,330.6174621582031,998.093994140625,272.262939453125,0.8698241114616394
292,8,563.341552734375,443.15765380859375,654.430419921875,621.6331176757812,608.885986328125,532.3953857421875,0.8616723418235779
292,76,422.1761779785156,338.9938049316406,504.61651611328125,541.1441650390625,463.3963623046875,440.0689697265625,0.8272799849510193
292,52,235.35569763183594,306.77874755859375,289.073974609375,453.44732666015625,262.21484375,380.113037109375,0.773144543170929
292,5,271.27691650390625,411.2643127441406,336.56121826171875,596.5364379882812,303.9190673828125,503.900390625,0.6792493462562561
292,41,308.715087890625,367.4800109863281,363.2883605957031,533.5110473632812,336.001708984375,450.49554443359375,0.5945706963539124
293,16,772.99853515625,401.2117004394531,854.9633178710938,573.79833984375,813.98095703125,487.5050048828125,0.8512852191925049
293,39,1085.47705078125,424.2723693847656,1179.510986328125,591.3810424804688,1132.4940185546875,507.82672119140625,0.8764160871505737
293,3,358.7593078613281,538.8738403320312,438.2193603515625,719.2280883789062,398.48931884765625,629.0509643554688,0.9049318432807922
293,58,51.658294677734375,438.6962585449219,180.34646606445312,597.482421875,116.00238037109375,518.08935546875,0.9109029173851013
293,65,730.4793090820312,317.3057861328125,834.6366577148438,445.9776916503906,782.5579833984375,381.6417236328125,0.7673183679580688
293,68,983.676025390625,213.62278747558594,1036.943603515625,330.4406433105469,1010.309814453125,272.0317077636719,0.8635134100914001
293,8,578.382080078125,446.22265625,666.9490356445312,625.9777221679688,622.66552734375,536.1002197265625,0.899976372718811
293,76,435.4967041015625,325.1485290527344,517.9746704101562,537.7978515625,476.7356872558594,431.47320556640625,0.8710450530052185
293,52,250.4520263671875,312.1444396972656,301.9856262207031,448.73455810546875,276.21881103515625,380.43951416015625,0.8064161539077759
293,5,283.4757080078125,421.37908935546875,350.8207702636719,596.7824096679688,317.14825439453125,509.08074951171875,0.7073330879211426
293,41,320.81256103515625,367.3075866699219,375.13665771484375,529.1904907226562,347.974609375,448.2490234375,0.603651762008667
294,16,783.850830078125,399.36883544921875,859.3659057617188,574.325927734375,821.6083984375,486.8473815917969,0.8506367802619934
294,39,1125.24853515625,427.7907409667969,1203.407470703125,597.0814208984375,1164.3280029296875,512.4360961914062,0.8649744391441345
294,3,368.12481689453125,537.9945068359375,440.1557922363281,719.2955322265625,404.14031982421875,628.64501953125,0.9117648601531982
294,58,65.385009765625,436.8533630371094,193.312744140625,596.1172485351562,129.348876953125,516.4852905273438,0.902336597442627
294,65,751.8670043945312,316.078857421875,848.4401245117188,443.94049072265625,800.153564453125,380.0096740722656,0.804424524307251
294,68,996.6651000976562,213.95101928710938,1051.0460205078125,331.09716796875,1023.8555908203125,272.52410888671875,0.8804077506065369
294,8,594.039794921875,449.7494812011719,684.6421508789062,635.32080078125,639.3409423828125,542.53515625,0.8591545224189758
294,76,444.9164733886719,318.48211669921875,526.8654174804688,529.0811157226562,485.89093017578125,423.7816162109375,0.8412365913391113
294,52,266.79266357421875,314.4532165527344,316.0440979003906,448.6458435058594,291.41839599609375,381.5495300292969,0.6555483937263489
294,5,299.8274230957031,414.3459777832031,360.8105773925781,597.7861938476562,330.3190002441406,506.06610107421875,0.7318333387374878
294,41,334.2478332519531,365.32958984375,387.96539306640625,530.682861328125,361.10662841796875,448.0062255859375,0.6142274141311646
294,48,0.09157757461071014,373.97161865234375,36.0950813293457,466.9662780761719,18.09333038330078,420.46893310546875,0.7720730900764465
295,16,794.509765625,395.7557678222656,863.4015502929688,574.811279296875,828.9556884765625,485.28350830078125,0.6203467845916748
295,39,1161.263427734375,429.9521789550781,1231.25830078125,597.6131591796875,1196.2608642578125,513.7826538085938,0.8107749819755554
295,3,376.823486328125,536.6757202148438,443.3714904785156,719.1412353515625,410.09747314453125,627.908447265625,0.8925251364707947
295,58,78.76148986816406,433.88458251953125,207.34628295898438,594.9911499023438,143.05389404296875,514.4378662109375,0.9063974618911743
295,65,771.6644287109375,313.529296875,862.3530883789062,443.7553405761719,817.0087890625,378.642333984375,0.5060549378395081
295,68,1010.4631958007812,214.19529724121094,1065.5177001953125,331.02691650390625,1037.990478515625,272.6111145019531,0.8143832683563232
295,8,610.5610961914062,453.03729248046875,709.4220581054688,640.4569702148438,659.9915771484375,546.7471313476562,0.8684701323509216
295,76,456.28387451171875,305.2635498046875,535.6546020507812,514.914794921875,495.96923828125,410.08917236328125,0.8814781308174133
295,52,283.4720153808594,314.82476806640625,332.02374267578125,450.1006774902344,307.74786376953125,382.46270751953125,0.6978588104248047
295,5,315.389892578125,413.6669006347656,374.3442077636719,599.3121337890625,344.8670654296875,506.489501953125,0.6402711868286133
295,41,347.3376159667969,363.7236328125,402.36285400390625,527.8463134765625,374.8502197265625,445.78497314453125,0.6716300249099731
295,48,2.1366214752197266,371.9039306640625,49.94663619995117,488.8669128417969,26.041629791259766,430.38543701171875,0.754235029220581
296,16,810.681640625,395.4217224121094,872.129638671875,574.9395751953125,841.4056396484375,485.1806640625,0.7257204651832581
296,39,1188.3583984375,430.3712463378906,1264.6177978515625,601.702392578125,1226.488037109375,516.0368041992188,0.7492569088935852
296,3,386.42828369140625,536.0223388671875,451.78302001953125,718.58935546875,419.10565185546875,627.3058471679688,0.8554993271827698
296,58,91.22560119628906,430.8571472167969,221.29371643066406,594.0532836914062,156.25965881347656,512.4552001953125,0.9078927636146545
296,65,788.9137573242188,310.3399658203125,875.2457275390625,442.18572998046875,832.0797119140625,376.2628479003906,0.6622561812400818
296,68,1024.6016845703125,214.7376708984375,1079.195556640625,330.520751953125,1051.898681640625,272.62921142578125,0.8005279302597046
296,8,628.7265014648438,456.43292236328125,735.0620727539062,647.9507446289062,681.894287109375,552.1918334960938,0.8283116817474365
296,76,467.46728515625,296.6235046386719,543.3705444335938,507.170166015625,505.4189147949219,401.8968505859375,0.8294283151626587
296,52,298.5920104980469,314.8350524902344,349.60650634765625,454.5433044433594,324.0992431640625,384.6891784667969,0.5940098166465759
296,5,330.04010009765625,413.2687683105469,383.99237060546875,599.274169921875,357.0162353515625,506.271484375,0.5001465678215027
296,41,361.54217529296875,361.1402282714844,416.31634521484375,525.0723266601562,388.92926025390625,443.10626220703125,0.4784680902957916
296,48,4.606683731079102,370.34246826171875,63.18632888793945,492.98876953125,33.896507263183594,431.6656188964844,0.8454626202583313
297,16,820.486083984375,393.4564208984375,878.6404418945312,574.0281372070312,849.563232421875,483.7422790527344,0.7571816444396973
297,39,1212.2777099609375,432.0901794433594,1280.0,601.0103759765625,1246.138916015625,516.55029296875,0.6625054478645325
297,3,395.8525390625,535.3697509765625,460.1322021484375,718.3355102539062,427.99237060546875,626.8526611328125,0.8937643766403198
297,58,104.79462432861328,427.8680419921875,234.41610717773438,593.6384887695312,169.60536193847656,510.7532653808594,0.8969607949256897
297,65,802.4198608398438,305.7551574707031,886.9232788085938,442.8658142089844,844.6715698242188,374.31048583984375,0.8397954702377319
297,68,1038.0135498046875,214.62457275390625,1092.736083984375,331.6591491699219,1065.374755859375,273.141845703125,0.837230384349823
297,8,647.5154418945312,458.6785888671875,757.0811767578125,647.8565673828125,702.29833984375,553.267578125,0.8542306423187256
297,76,481.28839111328125,284.19171142578125,553.3366088867188,505.21197509765625,517.3125,394.70184326171875,0.8613149523735046
297,52,314.7704772949219,313.7613525390625,365.6088562011719,452.0946044921875,340.1896667480469,382.927978515625,0.6680377125740051
297,5,337.1372375488281,412.8531188964844,392.5791931152344,599.4169311523438,364.85821533203125,506.135009765625,0.674790620803833
297,41,375.08770751953125,360.0386962890625,429.9506530761719,529.8055419921875,402.5191650390625,444.922119140625,0.6200157403945923
297,48,14.428006172180176,368.07696533203125,77.4855728149414,493.3752746582031,45.956790924072266,430.72613525390625,0.869066596031189
298,16,822.9280395507812,390.680908203125,884.6956787109375,573.2308959960938,853.8118896484375,481.9559020996094,0.7155399918556213
298,3,404.9991455078125,536.2146606445312,469.0804748535156,719.037353515625,437.039794921875,627.6259765625,0.8910827040672302
298,58,117.8710708618164,425.31219482421875,245.41441345214844,595.0650024414062,181.6427459716797,510.1885986328125,0.9205015301704407
298,65,815.4291381835938,303.9001770019531,898.09619140625,442.96380615234375,856.7626953125,373.4320068359375,0.8587603569030762
298,68,1052.1593017578125,214.7273406982422,1106.476318359375,332.0407409667969,1079.31787109375,273.384033203125,0.829418957233429
298,8,666.0469360351562,461.0752868652344,778.1776123046875,650.820556640625,722.1123046875,555.9479370117188,0.883830726146698
298,76,494.6402587890625,273.63348388671875,562.6099853515625,504.66644287109375,528.6251220703125,389.14996337890625,0.7392237186431885
298,52,330.4644470214844,313.2685241699219,383.63836669921875,448.5511474609375,357.0513916015625,380.90985107421875,0.6056163907051086
298,5,352.40496826171875,410.4941711425781,404.77886962890625,599.2865600585938,378.5919189453125,504.890380859375,0.6634100675582886
298,48,27.189085006713867,365.6533203125,91.8718032836914,493.3352966308594,59.53044509887695,429.49432373046875,0.8453213572502136
299,16,831.0730590820312,391.2896728515625,892.5363159179688,574.4552612304688,861.8046875,482.8724670410156,0.850623369216919
299,3,410.0925598144531,535.9888916015625,479.4603271484375,719.0841674804688,444.77642822265625,627.5364990234375,0.8919883370399475
299,58,131.96685791015625,424.43817138671875,252.35633850097656,593.9874877929688,192.16159057617188,509.21282958984375,0.9245910048484802
299,65,827.7244873046875,300.4343566894531,907.9053344726562,442.998779296875,867.81494140625,371.716552734375,0.7771756649017334
299,68,1065.8641357421875,214.55215454101562,1120.7303466796875,332.37884521484375,1093.2972412109375,273.46551513671875,0.8471251726150513
299,8,683.5192260742188,464.0240783691406,797.995361328125,651.927490234375,740.75732421875,557.9757690429688,0.8913726210594177
299,76,507.5930480957031,273.2694396972656,570.1432495117188,503.9195251464844,538.8681640625,388.594482421875,0.8138554096221924
299,52,345.3800354003906,310.7267150878906,399.4363098144531,454.377197265625,372.4081726074219,382.55194091796875,0.7370865345001221
299,5,369.2344665527344,410.53472900390625,418.07818603515625,598.5463256835938,393.65631103515625,504.54052734375,0.7029420137405396
299,48,42.39474868774414,362.9880676269531,106.20211791992188,492.471923828125,74.29843139648438,427.72998046875,0.8514085412025452
299,41,403.2710266113281,361.45172119140625,456.0914306640625,538.2792358398438,429.68121337890625,449.865478515625,0.4668077528476715
300,16,839.0382690429688,393.2792663574219,903.9285278320312,575.6566162109375,871.4833984375,484.46795654296875,0.8439779281616211
300,3,413.84716796875,536.89306640625,489.6126403808594,719.5286254882812,451.72991943359375,628.2108154296875,0.8851585984230042
300,58,145.15237426757812,423.02081298828125,254.9261474609375,593.602783203125,200.0392608642578,508.3117980957031,0.9166286587715149
300,65,838.8453369140625,297.5931396484375,918.2681884765625,442.3685607910156,878.5567626953125,369.9808349609375,0.882917582988739
300,68,1079.2557373046875,215.040283203125,1134.4676513671875,332.69091796875,1106.8616943359375,273.8656005859375,0.8263252973556519
300,8,697.1845092773438,468.75579833984375,814.8287353515625,650.8604125976562,756.006591796875,559.80810546875,0.894278347492218
300,76,518.6266479492188,280.0859069824219,584.8154907226562,502.7397155761719,551.7210693359375,391.4128112792969,0.763859212398529
300,5,378.6572570800781,410.3967590332031,438.10162353515625,597.8878784179688,408.37945556640625,504.142333984375,0.6395664215087891
300,48,57.337310791015625,360.8938903808594,120.17945861816406,491.74066162109375,88.75838470458984,426.3172607421875,0.8600068092346191
301,16,844.986083984375,393.13800048828125,914.9326171875,576.676513671875,879.9593505859375,484.9072570800781,0.889340877532959
301,3,419.02685546875,538.335205078125,500.9412536621094,719.7073364257812,459.98406982421875,629.021240234375,0.8555550575256348
301,58,155.377685546875,422.5237121582031,252.092529296875,594.2320556640625,203.735107421875,508.37786865234375,0.8950915336608887
301,65,848.482666015625,296.52252197265625,928.22607421875,442.3586120605469,888.3543701171875,369.4405517578125,0.8511068820953369
301,68,1091.6549072265625,215.55648803710938,1147.4781494140625,333.7818603515625,1119.5665283203125,274.669189453125,0.8457781672477722
301,8,705.544189453125,473.93304443359375,830.133544921875,650.582275390625,767.8388671875,562.2576904296875,0.8971323370933533
301,76,527.79248046875,307.6748352050781,593.2427978515625,503.10223388671875,560.5176391601562,405.3885498046875,0.774095892906189
301,5,394.5565185546875,410.94683837890625,460.5133361816406,596.6953125,427.534912109375,503.8210754394531,0.6183054447174072
301,48,72.58853912353516,359.97845458984375,133.58596801757812,490.7982177734375,103.08724975585938,425.3883361816406,0.7584001421928406
301,52,372.33380126953125,312.09332275390625,425.7455139160156,448.1495666503906,399.0396728515625,380.1214599609375,0.6365404725074768
301,41,428.3934326171875,367.8022155761719,477.7383117675781,540.8341674804688,453.06585693359375,454.31817626953125,0.4360570013523102
302,16,851.1572875976562,392.19012451171875,924.9256591796875,574.7349243164062,888.04150390625,483.4625244140625,0.841256856918335
302,3,430.37420654296875,538.4517211914062,511.8318176269531,719.8040161132812,471.10302734375,629.1278686523438,0.8065012097358704
302,58,163.2157745361328,422.9334716796875,248.19580078125,596.510986328125,205.70578002929688,509.72222900390625,0.9055328965187073
302,65,858.489990234375,297.0719299316406,939.052490234375,443.33905029296875,898.771240234375,370.20550537109375,0.8389948606491089
302,68,1104.62744140625,215.70138549804688,1160.702880859375,334.2424011230469,1132.6651611328125,274.9718933105469,0.8182706832885742
302,8,711.6460571289062,478.2662048339844,841.779541015625,650.1246337890625,776.7127685546875,564.1954345703125,0.8903070092201233
302,76,535.22802734375,314.3983154296875,607.1442260742188,504.8438720703125,571.1861572265625,409.62109375,0.77611243724823
302,5,404.3842468261719,412.7755432128906,462.40875244140625,589.4539184570312,433.396484375,501.11474609375,0.5257428884506226
302,48,86.75559997558594,360.1446838378906,146.55758666992188,489.24200439453125,116.6565933227539,424.693359375,0.8098734617233276
302,52,384.5356750488281,313.2518615722656,439.2026062011719,453.1159973144531,411.869140625,383.1839294433594,0.44308391213417053
303,16,857.11669921875,392.0553283691406,934.26123046875,575.2099609375,895.68896484375,483.63262939453125,0.8760508298873901
303,3,442.55657958984375,536.7039184570312,522.1990966796875,719.8385620117188,482.3778381347656,628.271240234375,0.7937731146812439
303,58,171.71177673339844,423.73675537109375,249.93917846679688,598.2290649414062,210.82546997070312,510.98291015625,0.8961582183837891
303,65,868.9306030273438,298.1422119140625,950.7651977539062,442.952880859375,909.847900390625,370.54754638671875,0.8700768947601318
303,68,1116.4619140625,215.80792236328125,1172.32666015625,334.14605712890625,1144.394287109375,274.97698974609375,0.8006851673126221
303,8,716.7449951171875,478.0594482421875,852.2110595703125,650.6762084960938,784.47802734375,564.3677978515625,0.9152122735977173
303,76,543.0545654296875,319.5568542480469,623.4114379882812,508.9761962890625,583.2330322265625,414.26654052734375,0.8275423645973206
303,5,418.4029846191406,414.1688537597656,471.2018127441406,582.295654296875,444.8023986816406,498.23223876953125,0.4926973581314087
303,48,101.36988067626953,361.8483581542969,159.27430725097656,488.7728271484375,130.3220977783203,425.31060791015625,0.7912704944610596
303,52,396.2405090332031,314.56402587890625,451.77899169921875,449.3608093261719,424.009765625,381.96240234375,0.5560199618339539
303,82,2.4053008556365967,404.46392822265625,53.74497604370117,550.9483642578125,28.075138092041016,477.7061462402344,0.8496206402778625
304,16,865.0468139648438,391.9849853515625,941.4412841796875,573.7134399414062,903.2440185546875,482.8492126464844,0.8700054287910461
304,3,451.653076171875,537.0672607421875,531.0137329101562,719.611328125,491.3334045410156,628.3392944335938,0.8029623031616211
304,58,176.6149444580078,425.07000732421875,257.8364562988281,599.5233154296875,217.2257080078125,512.296630859375,0.8964229226112366
304,65,880.2783203125,300.6968994140625,961.592041015625,443.4226379394531,920.9351806640625,372.05975341796875,0.8808541893959045
304,68,1128.1280517578125,215.5470733642578,1184.3289794921875,334.3114318847656,1156.228515625,274.92926025390625,0.8308210968971252
304,8,724.6840209960938,475.84844970703125,861.350830078125,651.0848999023438,793.0174560546875,563.4666748046875,0.9126721620559692
304,76,551.911376953125,333.7469787597656,638.2822265625,514.0135498046875,595.0968017578125,423.8802490234375,0.7310123443603516
304,5,430.3351745605469,414.1508483886719,479.8963928222656,578.4132690429688,455.11578369140625,496.28204345703125,0.6826605796813965
304,48,114.30306243896484,364.25732421875,175.08030700683594,488.34466552734375,144.69168090820312,426.3009948730469,0.860929012298584
304,52,407.9988708496094,316.40032958984375,463.1412353515625,464.4360656738281,435.570068359375,390.418212890625,0.7329999208450317
304,82,3.3556835651397705,409.93505859375,58.517974853515625,547.5601196289062,30.93682861328125,478.7475891113281,0.855239987373352
305,16,873.4583129882812,391.6807556152344,945.7173461914062,573.7239379882812,909.5878295898438,482.70233154296875,0.8880849480628967
305,3,460.57373046875,534.5025024414062,537.7140502929688,719.280517578125,499.1438903808594,626.8914794921875,0.8131701350212097
305,58,178.17640686035156,427.2479248046875,268.2414855957031,598.837158203125,223.20895385742188,513.0425415039062,0.8952569961547852
305,65,890.0277099609375,302.3455810546875,971.7739868164062,444.5943603515625,930.90087890625,373.469970703125,0.8856924176216125
305,68,1139.250244140625,215.97320556640625,1195.4688720703125,335.69573974609375,1167.359619140625,275.83447265625,0.838551938533783
305,8,733.6997680664062,471.6158752441406,867.0886840820312,650.6822509765625,800.3942260742188,561.1490478515625,0.9115635752677917
305,76,561.3180541992188,331.8572692871094,650.97265625,514.4107666015625,606.1453857421875,423.134033203125,0.8233649730682373
305,5,442.9561462402344,413.88958740234375,492.9661865234375,576.6315307617188,467.961181640625,495.26055908203125,0.7471239566802979
305,48,125.75800323486328,367.2660217285156,189.3704071044922,487.64019775390625,157.564208984375,427.453125,0.8226062059402466
305,52,419.7168884277344,318.7538146972656,474.01214599609375,469.7575378417969,446.864501953125,394.25567626953125,0.6839711666107178
305,82,2.579815626144409,417.75189208984375,62.21940612792969,545.6700439453125,32.39961242675781,481.7109680175781,0.8752450942993164
306,16,882.0509033203125,389.238037109375,946.3963012695312,573.3881225585938,914.2236328125,481.3130798339844,0.8840207457542419
306,3,470.2817077636719,532.0223999023438,544.064453125,718.9190063476562,507.173095703125,625.470703125,0.8071651458740234
306,58,182.8363800048828,429.1521911621094,279.5577697753906,597.2935791015625,231.19708251953125,513.222900390625,0.9089394807815552
306,65,898.0062866210938,302.5733337402344,978.34521484375,444.74810791015625,938.17578125,373.66070556640625,0.8885331749916077
306,68,1148.426513671875,216.6780242919922,1204.3355712890625,336.234130859375,1176.381103515625,276.4560852050781,0.7621305584907532
306,8,744.7001342773438,466.8285217285156,868.572265625,649.5972900390625,806.63623046875,558.212890625,0.9098178744316101
306,76,570.6548461914062,346.0558166503906,644.0454711914062,515.055419921875,607.3501586914062,430.55560302734375,0.6831721663475037
306,5,449.397705078125,414.14642333984375,506.1315612792969,575.1996459960938,477.7646484375,494.67303466796875,0.7323068976402283
306,48,139.76376342773438,369.77850341796875,203.5238494873047,486.2586364746094,171.643798828125,428.0185546875,0.8219165205955505
306,52,433.54498291015625,320.1300354003906,484.0914306640625,465.0401916503906,458.8182067871094,392.5851135253906,0.6347529292106628
306,82,2.5378525257110596,425.0014953613281,69.15968322753906,547.0109252929688,35.8487663269043,486.0062255859375,0.8860567808151245
306,41,478.0469055175781,366.845458984375,532.3799438476562,521.8876953125,505.21343994140625,444.3665771484375,0.5095276832580566
307,16,891.6346435546875,388.6222229003906,950.1456909179688,576.3756713867188,920.89013671875,482.49896240234375,0.8519569039344788
307,3,478.3067321777344,523.736083984375,548.4241333007812,718.961669921875,513.3654174804688,621.348876953125,0.8283586502075195
307,58,193.85093688964844,430.4795227050781,292.895263671875,595.5185546875,243.37310791015625,512.9990234375,0.8942201137542725
307,65,905.697265625,300.5595703125,984.3953247070312,444.0868835449219,945.0462646484375,372.3232421875,0.8436139822006226
307,68,1157.3173828125,216.98728942871094,1213.5438232421875,338.2719421386719,1185.4306640625,277.6296081542969,0.8456787467002869
307,8,753.425048828125,460.3470764160156,868.3827514648438,648.1105346679688,810.9039306640625,554.2288208007812,0.9063511490821838
307,76,581.4817504882812,348.3913879394531,649.1856079101562,514.8132934570312,615.3336791992188,431.60235595703125,0.6049801707267761
307,5,460.0050048828125,414.05419921875,519.3213500976562,572.3670654296875,489.6631774902344,493.21063232421875,0.6731756329536438
307,48,155.07009887695312,371.0856018066406,221.7029266357422,484.3635559082031,188.38650512695312,427.7245788574219,0.7677469849586487
307,52,447.3128662109375,320.73052978515625,495.61407470703125,467.13031005859375,471.4634704589844,393.930419921875,0.7128585577011108
307,82,2.8676986694335938,428.15753173828125,83.0014877319336,554.9344482421875,42.934593200683594,491.5459899902344,0.8975970149040222
307,41,486.3525390625,362.5350646972656,543.2427368164062,527.9691162109375,514.797607421875,445.2520751953125,0.49505722522735596
307,70,619.5904541015625,360.06768798828125,677.79296875,514.9531860351562,648.6917114257812,437.51043701171875,0.43809041380882263
308,16,901.842529296875,391.404052734375,957.7797241210938,576.4714965820312,929.8111572265625,483.9377746582031,0.758856475353241
308,3,489.48187255859375,525.68115234375,550.9902954101562,718.361572265625,520.236083984375,622.0213623046875,0.8489964604377747
308,58,204.61434936523438,430.43060302734375,306.701171875,592.4598388671875,255.6577606201172,511.4452209472656,0.8642773628234863
308,65,913.7178955078125,299.0302429199219,988.4993896484375,443.65234375,951.108642578125,371.34130859375,0.8007239103317261
308,68,1168.3558349609375,218.324951171875,1223.9761962890625,340.00665283203125,1196.166015625,279.1658020019531,0.8421103358268738
308,8,760.6292114257812,453.9580383300781,866.5308837890625,647.9986572265625,813.580078125,550.9783325195312,0.889840841293335
308,5,473.4142761230469,414.47540283203125,532.947265625,570.6602783203125,503.1807861328125,492.5678405761719,0.7120189070701599
308,48,171.11508178710938,370.8125,239.68869018554688,482.874755859375,205.40188598632812,426.8436279296875,0.7733798623085022
308,52,461.7361145019531,320.4967041015625,509.49017333984375,461.04254150390625,485.6131591796875,390.7696228027344,0.696250855922699
308,82,4.213518142700195,428.13494873046875,98.51287078857422,569.3450317382812,51.36319351196289,498.739990234375,0.8883389830589294
309,16,910.7606811523438,393.85919189453125,967.2039794921875,575.6500854492188,938.9822998046875,484.754638671875,0.8183606863021851
309,3,500.24371337890625,512.8563842773438,559.8125610351562,717.7698974609375,530.0281372070312,615.3131103515625,0.7601837515830994
309,58,215.8452911376953,430.6893005371094,319.7130126953125,587.6817016601562,267.7791442871094,509.18548583984375,0.8705621361732483
309,65,923.9251708984375,297.3573913574219,992.210205078125,441.4550476074219,958.0676879882812,369.4062194824219,0.7779455780982971
309,68,1178.182373046875,219.70895385742188,1233.783935546875,339.793701171875,1205.983154296875,279.7513427734375,0.819849967956543
309,8,768.1995849609375,447.5476989746094,862.9865112304688,645.0424194335938,815.593017578125,546.2950439453125,0.892004668712616
309,5,487.8988037109375,416.833740234375,546.7274780273438,568.4066772460938,517.3131103515625,492.6202087402344,0.7010207772254944
309,48,188.59149169921875,370.0835876464844,256.99462890625,480.31689453125,222.79306030273438,425.20025634765625,0.7322107553482056
309,52,476.41650390625,320.4820861816406,523.757568359375,454.0897521972656,500.0870361328125,387.2859191894531,0.6721835136413574
309,82,17.712167739868164,425.9225158691406,117.03426361083984,571.7250366210938,67.37321472167969,498.82379150390625,0.88846355676651
309,76,606.4360961914062,356.8194885253906,699.0487670898438,527.2478637695312,652.742431640625,442.03369140625,0.7809337973594666
310,16,914.78759765625,393.9071960449219,979.4012451171875,573.1629638671875,947.0944213867188,483.53509521484375,0.8098911643028259
310,3,511.847412109375,520.0280151367188,569.4273681640625,717.5948486328125,540.6373901367188,618.8114013671875,0.8773756623268127
310,58,226.93994140625,430.66192626953125,326.2945251464844,585.1732788085938,276.61724853515625,507.9176025390625,0.8247261643409729
310,65,933.7085571289062,296.51904296875,996.6912231445312,441.50518798828125,965.1998901367188,369.0121154785156,0.7884067893028259
310,68,1188.776611328125,221.3444061279297,1244.997802734375,341.1807861328125,1216.88720703125,281.2626037597656,0.8554701209068298
310,8,776.522705078125,442.1341552734375,859.3561401367188,640.3108520507812,817.939453125,541.2225341796875,0.8837441205978394
310,5,501.7127990722656,415.3568420410156,562.8616333007812,565.890869140625,532.2872314453125,490.62384033203125,0.6495277285575867
310,48,206.32937622070312,369.22216796875,279.91375732421875,477.96331787109375,243.12156677246094,423.5927429199219,0.6782966256141663
310,52,490.2629699707031,321.349853515625,538.6826782226562,458.4148254394531,514.4728393554688,389.88232421875,0.6815716028213501
310,82,37.12010192871094,422.3837585449219,136.1599578857422,570.7887573242188,86.64002990722656,496.58624267578125,0.8569720387458801
310,76,619.2177734375,357.6083068847656,717.025146484375,528.5284423828125,668.1214599609375,443.068359375,0.8058611154556274
310,41,520.2643432617188,353.07769775390625,583.0665893554688,503.2925720214844,551.6654663085938,428.18511962890625,0.5687544941902161
311,16,920.2498168945312,395.41656494140625,993.21826171875,571.173828125,956.7340087890625,483.2951965332031,0.8740037083625793
311,3,524.4266357421875,521.7819213867188,580.7176513671875,717.4161987304688,552.5721435546875,619.5990600585938,0.8516916036605835
311,58,239.92686462402344,430.2996520996094,328.9457092285156,582.309326171875,284.436279296875,506.30450439453125,0.7899671792984009
311,65,945.099853515625,296.6598815917969,1000.1624145507812,441.5758972167969,972.631103515625,369.1178894042969,0.6238207817077637
311,68,1200.497802734375,222.79776000976562,1256.5018310546875,342.4426574707031,1228.499755859375,282.6202087402344,0.8200632333755493
311,8,784.9252319335938,437.5586853027344,855.07080078125,636.8076171875,819.998046875,537.1831665039062,0.8875401616096497
311,5,516.0515747070312,413.628173828125,583.565673828125,566.1342163085938,549.80859375,489.8811950683594,0.6202259659767151
311,48,224.73233032226562,368.1466369628906,301.81304931640625,474.9835205078125,263.272705078125,421.5650634765625,0.6548799872398376
311,52,502.888671875,323.1855773925781,551.9505004882812,450.22100830078125,527.4195556640625,386.70330810546875,0.5604804158210754
311,82,57.80318832397461,418.05426025390625,156.1616668701172,566.5517578125,106.98242950439453,492.3030090332031,0.8470657467842102
311,76,632.6907958984375,356.86749267578125,732.63623046875,527.2791137695312,682.6635131835938,442.07330322265625,0.7346656918525696
311,41,535.026611328125,350.11224365234375,597.1341552734375,500.1318664550781,566.0803833007812,425.1220703125,0.5747110843658447
312,16,928.469482421875,396.16326904296875,1001.6677856445312,570.4404296875,965.068603515625,483.3018493652344,0.8666598796844482
312,3,530.6223754882812,518.9437255859375,592.7762451171875,716.518798828125,561.6993408203125,617.7312622070312,0.8895424604415894
312,58,247.52320861816406,428.2342834472656,336.9371032714844,578.8770141601562,292.23016357421875,503.5556640625,0.8332834839820862
312,65,955.6509399414062,296.26483154296875,1002.701904296875,443.7889404296875,979.1763916015625,370.0268859863281,0.6753562688827515
312,68,1210.83349609375,224.39097595214844,1267.304443359375,342.1478576660156,1239.0689697265625,283.2694091796875,0.7243169546127319
312,8,792.2424926757812,434.3590087890625,855.2864379882812,633.2722778320312,823.7644653320312,533.815673828125,0.8819124102592468
312,5,528.6790161132812,412.5765686035156,593.222412109375,563.8995971679688,560.95068359375,488.23809814453125,0.6821713447570801
312,48,245.00721740722656,366.6117858886719,323.7276306152344,470.58453369140625,284.367431640625,418.59814453125,0.4360639750957489
312,52,513.9140014648438,324.4268798828125,564.6671752929688,444.3144836425781,539.2905883789062,384.37066650390625,0.6350938081741333
312,82,77.49248504638672,413.9714050292969,176.01165771484375,557.8523559570312,126.7520751953125,485.911865234375,0.8423399925231934
312,76,649.5350341796875,356.3955993652344,746.5360717773438,526.4088745117188,698.0355224609375,441.4022216796875,0.7790066003799438
312,41,548.107177734375,351.1305847167969,612.1116333007812,498.4690246582031,580.109375,424.7998046875,0.5705469250679016
312,84,3.7253873348236084,535.0162353515625,70.15225982666016,718.188232421875,36.93882369995117,626.6022338867188,0.851717472076416
313,16,939.3786010742188,396.3546447753906,1010.6987915039062,569.2943725585938,975.0386962890625,482.82452392578125,0.8906738758087158
313,3,538.6596069335938,516.2503051757812,605.3359375,713.51708984375,571.997802734375,614.8836669921875,0.870618999004364
313,58,246.2802276611328,423.5513610839844,345.7804870605469,575.0111694335938,296.0303649902344,499.28125,0.8207475543022156
313,65,968.0426635742188,296.99163818359375,1006.0372314453125,443.2936096191406,987.0399169921875,370.14263916015625,0.5821569561958313
313,68,1220.592041015625,225.66909790039062,1278.193603515625,343.88934326171875,1249.392822265625,284.77923583984375,0.7964605689048767
313,8,799.8825073242188,433.4928283691406,862.2403564453125,625.1787109375,831.0614013671875,529.3357543945312,0.8995311260223389
313,5,541.4883422851562,409.26806640625,608.0078735351562,553.8079833984375,574.7481079101562,481.53802490234375,0.6561676263809204
313,48,272.2427978515625,364.5593566894531,345.3835144042969,455.2164001464844,308.81317138671875,409.88787841796875,0.5652350187301636
313,52,524.4365234375,324.0060729980469,576.7718505859375,437.2259826660156,550.6041870117188,380.61602783203125,0.5564316511154175
313,82,99.02027893066406,409.9529724121094,195.739501953125,538.1328125,147.3798828125,474.04290771484375,0.744113564491272
313,76,661.767578125,355.6436767578125,759.0181884765625,522.9893188476562,710.3928833007812,439.3164978027344,0.8066733479499817
313,84,20.574527740478516,531.1614990234375,90.94905853271484,717.0682983398438,55.76179504394531,624.1148681640625,0.8531777858734131
314,16,949.1077270507812,397.43182373046875,1018.8991088867188,568.7269287109375,984.00341796875,483.0793762207031,0.8741608262062073
314,3,549.456787109375,517.2334594726562,616.992431640625,708.909423828125,583.224609375,613.0714111328125,0.8692233562469482
314,58,251.0512237548828,420.44488525390625,352.2317810058594,570.6900024414062,301.6415100097656,495.56744384765625,0.7706906199455261
314,65,980.4747924804688,297.9747619628906,1011.995361328125,417.94085693359375,996.235107421875,357.95782470703125,0.4902800917625427
314,68,1229.307373046875,227.23130798339844,1280.0,344.90924072265625,1254.6536865234375,286.0702819824219,0.6699890494346619
314,8,805.5335083007812,434.8409729003906,872.1696166992188,622.6908569335938,838.8515625,528.7659301757812,0.8968527317047119
314,5,552.1132202148438,408.19659423828125,617.0706176757812,549.6267700195312,584.5919189453125,478.91168212890625,0.7562171816825867
314,48,293.92218017578125,362.6617736816406,366.1459045410156,447.469970703125,330.0340576171875,405.06585693359375,0.5230737328529358
314,52,535.5333251953125,322.24310302734375,586.700439453125,435.9241638183594,561.1168823242188,379.0836181640625,0.6199125051498413
314,82,117.7076644897461,406.4224548339844,214.94073486328125,535.4660034179688,166.32420349121094,470.9442138671875,0.8551360964775085
314,76,674.6085205078125,357.048828125,770.3370361328125,520.293701171875,722.4727783203125,438.6712646484375,0.757742166519165
314,84,40.713680267333984,527.9493408203125,112.8332290649414,716.9577026367188,76.77345275878906,622.4534912109375,0.8541864156723022
315,16,959.8182983398438,397.4054260253906,1026.268798828125,567.3134155273438,993.0435791015625,482.35943603515625,0.8860244750976562
315,3,562.0833129882812,517.2948608398438,628.5804443359375,704.2250366210938,595.3319091796875,610.7599487304688,0.8917884230613708
315,58,260.2141418457031,416.4444580078125,363.55462646484375,565.2393798828125,311.8843994140625,490.8419189453125,0.8626258969306946
315,68,1238.113037109375,228.9988555908203,1280.0,346.0545349121094,1259.0565185546875,287.5267028808594,0.653174638748169
315,8,810.3547973632812,438.0906677246094,883.3875732421875,621.45751953125,846.8712158203125,529.7741088867188,0.9181421995162964
315,5,563.964599609375,406.9198303222656,627.8968505859375,546.7279052734375,595.9307250976562,476.8238525390625,0.7959886789321899
315,48,311.8631896972656,359.9719543457031,385.8266906738281,444.2999267578125,348.8449401855469,402.13592529296875,0.4678826332092285
315,52,547.0205078125,320.3659973144531,595.4482421875,423.77606201171875,571.234375,372.071044921875,0.631851077079773
315,82,136.90789794921875,402.85748291015625,232.35223388671875,527.7978515625,184.63006591796875,465.3276672363281,0.8636269569396973
315,76,689.4082641601562,357.5351257324219,780.3797607421875,519.4541625976562,734.89404296875,438.49462890625,0.8190300464630127
315,84,61.84718704223633,525.16357421875,133.75244140625,716.7808227539062,97.79981231689453,620.97216796875,0.85211580991745
315,41,584.5336303710938,355.03814697265625,653.8699340820312,493.96527099609375,619.2017822265625,424.501708984375,0.520226776599884
316,16,971.1882934570312,397.1060485839844,1033.02099609375,566.7227172851562,1002.1046142578125,481.91436767578125,0.8756738901138306
316,3,575.3678588867188,516.47998046875,639.2025756835938,699.7246704101562,607.2852172851562,608.102294921875,0.8751295804977417
316,58,273.0205078125,412.8713684082031,372.7878112792969,562.9111938476562,322.9041748046875,487.89129638671875,0.8720794320106506
316,8,815.5057373046875,441.71875,894.6184692382812,620.1153564453125,855.0621337890625,530.9170532226562,0.9140321612358093
316,5,575.987060546875,403.92236328125,639.7591552734375,544.8345336914062,607.8731079101562,474.3784484863281,0.7258011102676392
316,48,328.8940734863281,355.00341796875,405.2199401855469,442.7203674316406,367.0570068359375,398.86187744140625,0.6487760543823242
316,82,151.52630615234375,397.4127502441406,250.98094177246094,521.5562133789062,201.25363159179688,459.4844970703125,0.8619698882102966
316,76,703.1941528320312,358.57427978515625,788.3134155273438,518.4176025390625,745.7537841796875,438.4959411621094,0.8388537764549255
316,84,81.4851303100586,522.420654296875,151.15794372558594,715.3917236328125,116.321533203125,618.9061889648438,0.8633593916893005
316,41,594.3056030273438,355.028076171875,664.504638671875,492.17718505859375,629.4051513671875,423.6026306152344,0.5168465375900269
316,65,999.759033203125,300.3072204589844,1033.064208984375,439.68109130859375,1016.41162109375,369.994140625,0.7084807753562927
317,16,982.2609252929688,397.9100341796875,1041.8206787109375,567.4554443359375,1012.040771484375,482.6827392578125,0.885592520236969
317,3,585.9329833984375,515.3696899414062,648.7215576171875,699.5210571289062,617.3272705078125,607.4453735351562,0.8919334411621094
317,58,279.02008056640625,412.36883544921875,374.2539367675781,563.0114135742188,326.63702392578125,487.69012451171875,0.8885725140571594
317,8,820.3902587890625,444.8218688964844,905.3009643554688,622.6304321289062,862.8455810546875,533.7261352539062,0.9110832810401917
317,5,585.5645751953125,406.1711730957031,649.117919921875,548.1244506835938,617.3412475585938,477.1478271484375,0.752199649810791
317,48,337.3339538574219,353.6017761230469,419.5850830078125,445.8948059082031,378.45953369140625,399.748291015625,0.7623235583305359
317,82,161.87840270996094,393.97637939453125,263.1559753417969,520.161376953125,212.51718139648438,457.0688781738281,0.8816009759902954
317,76,712.6357421875,365.69970703125,792.4772338867188,519.8988647460938,752.5565185546875,442.7992858886719,0.7803595662117004
317,84,94.57982635498047,522.0364990234375,163.3511199951172,714.4892578125,128.96546936035156,618.2628784179688,0.8842560052871704
317,41,600.4995727539062,353.90948486328125,662.708984375,471.4083557128906,631.604248046875,412.658935546875,0.4487864077091217
317,65,1009.7583618164062,300.4133605957031,1044.734375,440.6109619140625,1027.246337890625,370.51214599609375,0.6182264089584351
317,52,565.298095703125,315.0552673339844,607.7245483398438,414.87457275390625,586.5113525390625,364.96490478515625,0.4845673441886902
318,16,992.6929321289062,397.702880859375,1049.8251953125,567.1103515625,1021.259033203125,482.4066162109375,0.8477698564529419
318,3,596.18212890625,514.2745971679688,658.4366455078125,698.3251342773438,627.3093872070312,606.2998657226562,0.9073873162269592
318,58,284.2034912109375,411.98223876953125,366.7426452636719,562.0680541992188,325.47308349609375,487.025146484375,0.8765214085578918
318,8,824.1170043945312,444.965087890625,915.17919921875,623.0642700195312,869.6480712890625,534.0146484375,0.9176914095878601
318,5,591.3667602539062,408.3826599121094,661.5454711914062,550.9686889648438,626.4561157226562,479.6756591796875,0.7714877128601074
318,48,345.7807312011719,351.27496337890625,432.9671325683594,458.36236572265625,389.3739318847656,404.81866455078125,0.7364665865898132
318,82,171.41786193847656,388.4496154785156,274.20452880859375,517.8292236328125,222.81118774414062,453.139404296875,0.9033738970756531
318,76,721.4238891601562,368.86822509765625,793.76513671875,518.857421875,757.594482421875,443.8628234863281,0.7402499318122864
318,84,108.27767181396484,520.1513061523438,175.06932067871094,712.268798828125,141.67349243164062,616.2100830078125,0.8927728533744812
318,65,1014.6328125,301.07403564453125,1055.9144287109375,440.5087890625,1035.273681640625,370.7914123535156,0.5990319848060608
318,52,566.0687255859375,313.0915832519531,617.8760986328125,446.4039001464844,591.972412109375,379.74774169921875,0.4613003730773926
319,16,1001.65234375,395.2879943847656,1053.8482666015625,567.0481567382812,1027.750244140625,481.1680908203125,0.828102171421051
319,3,603.4068603515625,513.9146118164062,663.6021728515625,697.7760620117188,633.5045166015625,605.8453369140625,0.9009298086166382
319,58,287.45184326171875,411.94976806640625,354.7201232910156,561.655029296875,321.08599853515625,486.8023986816406,0.8765915632247925
319,8,824.822021484375,443.1819152832031,919.923828125,622.8701782226562,872.3729248046875,533.0260620117188,0.9152629971504211
319,5,595.9248657226562,408.34844970703125,675.5780639648438,553.484130859375,635.75146484375,480.9162902832031,0.8423623442649841
319,48,353.5080871582031,348.8929138183594,440.95721435546875,462.1603088378906,397.232666015625,405.526611328125,0.8492581248283386
319,82,176.06126403808594,383.5023193359375,281.5798034667969,517.5404663085938,228.82052612304688,450.5213928222656,0.9179713129997253
319,76,725.7815551757812,368.9973449707031,795.6240234375,519.762939453125,760.7027587890625,444.380126953125,0.7487052083015442
319,84,117.13832092285156,518.5827026367188,183.2111358642578,710.5827026367188,150.1747283935547,614.5827026367188,0.8734703063964844
319,65,1020.4420166015625,300.80035400390625,1062.5986328125,446.0509948730469,1041.520263671875,373.4256591796875,0.7100737690925598
319,70,749.6054077148438,361.8527526855469,797.4696044921875,497.0625305175781,773.5374755859375,429.4576416015625,0.5997254252433777
320,16,1008.224365234375,394.2547607421875,1061.1632080078125,566.9688720703125,1034.69384765625,480.61181640625,0.8344534039497375
320,58,288.20440673828125,411.95867919921875,353.388671875,561.8592529296875,320.7965393066406,486.9089660644531,0.8800361156463623
320,8,826.023193359375,441.11566162109375,920.5186767578125,621.0028686523438,873.2709350585938,531.0592651367188,0.9129048585891724
320,5,601.1061401367188,408.0361328125,684.0994262695312,552.8703002929688,642.602783203125,480.4532165527344,0.8047317862510681
320,48,362.7677001953125,347.09906005859375,447.8489990234375,461.4089050292969,405.308349609375,404.25396728515625,0.8381859064102173
320,82,178.1621856689453,378.4588623046875,283.9553527832031,515.73779296875,231.05877685546875,447.09832763671875,0.9204829931259155
320,76,730.4027709960938,367.4472351074219,797.5934448242188,519.254638671875,763.9981079101562,443.3509521484375,0.7536322474479675
320,84,124.31401824951172,518.1831665039062,189.84115600585938,709.6555786132812,157.0775909423828,613.9193725585938,0.8975254893302917
320,65,1024.217041015625,301.06048583984375,1068.7137451171875,448.99609375,1046.46533203125,375.0282897949219,0.7665404677391052
320,70,757.7974853515625,361.8384094238281,803.9219970703125,495.4075012207031,780.8597412109375,428.6229553222656,0.6575023531913757
320,52,567.246826171875,311.4791259765625,618.1553955078125,417.63720703125,592.7011108398438,364.55816650390625,0.5079035758972168
321,16,1013.8402099609375,392.8799133300781,1063.2677001953125,567.4551391601562,1038.553955078125,480.16754150390625,0.8611084818840027
321,58,278.68109130859375,411.5101013183594,356.69171142578125,562.3207397460938,317.6864013671875,486.9154052734375,0.9014256000518799
321,8,829.1034545898438,439.0468444824219,917.8657836914062,615.486572265625,873.484619140625,527.2667236328125,0.9126012921333313
321,5,605.0695190429688,407.1564025878906,689.4110717773438,552.3701171875,647.2402954101562,479.76324462890625,0.7591574192047119
321,48,369.30023193359375,346.1815490722656,451.29864501953125,459.5135803222656,410.2994384765625,402.8475646972656,0.8464681506156921
321,82,180.37303161621094,373.1788024902344,282.8503112792969,514.6710815429688,231.61166381835938,443.9249267578125,0.914350688457489
321,76,733.7845458984375,365.52606201171875,806.0153198242188,519.6285400390625,769.89990234375,442.5773010253906,0.7738960981369019
321,84,130.07553100585938,518.3765258789062,195.72262573242188,709.73388671875,162.89907836914062,614.05517578125,0.8960552215576172
321,65,1026.171142578125,301.47943115234375,1073.92724609375,449.9765625,1050.0491943359375,375.7279968261719,0.8290552496910095
321,70,765.5784301757812,360.23590087890625,809.4484252929688,495.9786682128906,787.513427734375,428.1072998046875,0.7398221492767334
321,3,611.94384765625,512.9542846679688,673.526611328125,698.8065795898438,642.7352294921875,605.8804321289062,0.8853998780250549
322,16,1018.3917846679688,393.705810546875,1065.45849609375,567.7113037109375,1041.9251708984375,480.70855712890625,0.8591729998588562
322,58,265.5487060546875,411.5137939453125,358.89508056640625,561.996826171875,312.2218933105469,486.75531005859375,0.9101262092590332
322,8,829.3463134765625,437.3505859375,909.8009643554688,608.1220092773438,869.5736083984375,522.736328125,0.9030351638793945
322,5,618.5897827148438,407.0487976074219,688.8009033203125,550.5136108398438,653.6953125,478.78118896484375,0.8394725918769836
322,48,373.3947448730469,346.1261901855469,448.52130126953125,461.7743225097656,410.9580078125,403.95025634765625,0.895473837852478
322,82,181.44500732421875,370.681396484375,274.0594787597656,514.351806640625,227.7522430419922,442.5166015625,0.8868241310119629
322,76,734.7205200195312,363.19677734375,810.4918212890625,519.2188110351562,772.606201171875,441.2077941894531,0.7809699773788452
322,84,132.89016723632812,518.253173828125,199.23294067382812,709.9606323242188,166.06155395507812,614.10693359375,0.8988370299339294
322,65,1025.6387939453125,301.8971252441406,1077.112548828125,451.3363342285156,1051.375732421875,376.6167297363281,0.8404319286346436
322,70,771.5748901367188,358.1595458984375,813.34228515625,496.9364318847656,792.4586181640625,427.5479736328125,0.7627934217453003
322,87,601.47509765625,340.7589416503906,642.6246337890625,472.6597900390625,622.0498657226562,406.7093505859375,0.6982116103172302
322,3,613.7974853515625,512.8303833007812,676.4496459960938,699.44921875,645.12353515625,606.1397705078125,0.9031286835670471
322,52,566.1204833984375,303.5466613769531,615.839599609375,408.4562683105469,590.9800415039062,356.00146484375,0.6753451228141785
323,16,1019.8212280273438,394.22906494140625,1067.7340087890625,568.4346923828125,1043.777587890625,481.3318786621094,0.8216620683670044
323,58,252.02044677734375,412.55987548828125,355.002685546875,565.7015991210938,303.5115661621094,489.1307373046875,0.9015470743179321
323,8,826.8005981445312,435.8664245605469,896.1624755859375,601.8473510742188,861.4815673828125,518.8568725585938,0.8876538872718811
323,5,616.518798828125,407.6656494140625,687.87255859375,550.0253295898438,652.1956787109375,478.8454895019531,0.8117414116859436
323,48,374.469482421875,347.2919006347656,442.0282897949219,463.0239562988281,408.2489013671875,405.1579284667969,0.8989608287811279
323,82,180.88551330566406,368.7056579589844,257.4860534667969,513.9545288085938,219.185791015625,441.330078125,0.8765705227851868
323,76,732.5548706054688,361.3988952636719,812.7191162109375,514.257568359375,772.636962890625,437.8282470703125,0.72819983959198
323,84,133.59922790527344,518.9302368164062,199.9274139404297,711.4520263671875,166.76332092285156,615.191162109375,0.8991026282310486
323,65,1023.9749145507812,302.8294372558594,1078.100341796875,452.1458435058594,1051.03759765625,377.4876403808594,0.8363396525382996
323,70,772.5484619140625,355.7599182128906,814.349853515625,498.64337158203125,793.4491577148438,427.20166015625,0.6492154002189636
323,87,599.1259765625,339.3837585449219,640.6168823242188,472.2683410644531,619.8714599609375,405.8260498046875,0.769919753074646
323,3,613.1456909179688,513.7249145507812,676.7876586914062,700.2218627929688,644.9666748046875,606.973388671875,0.9033167958259583
323,52,561.0260009765625,300.7839050292969,610.1591796875,417.5500183105469,585.5925903320312,359.1669616699219,0.7778409123420715
324,16,1016.9033203125,394.79388427734375,1070.7176513671875,568.9791259765625,1043.810546875,481.8865051269531,0.840969443321228
324,58,238.40704345703125,415.3727111816406,343.1750183105469,569.4482421875,290.791015625,492.41046142578125,0.900909960269928
324,8,821.4411010742188,435.29193115234375,877.779296875,600.3330688476562,849.6102294921875,517.8125,0.8855143785476685
324,5,622.02587890625,408.38140869140625,685.2470092773438,550.5339965820312,653.636474609375,479.45770263671875,0.8633923530578613
324,48,373.6726379394531,348.9313659667969,433.7653503417969,463.7994689941406,403.718994140625,406.36541748046875,0.8871685266494751
324,82,178.29080200195312,367.9620056152344,239.90887451171875,515.0211791992188,209.09983825683594,441.4915771484375,0.8712700605392456
324,76,726.5992431640625,360.6683044433594,786.1390380859375,506.96795654296875,756.369140625,433.818115234375,0.7124494910240173
324,84,131.76634216308594,520.4122924804688,198.08621215820312,711.2360229492188,164.92626953125,615.8241577148438,0.9025696516036987
324,65,1019.0862426757812,304.1519775390625,1075.880859375,451.8851318359375,1047.4835205078125,378.0185546875,0.8325587511062622
324,70,768.904296875,352.96282958984375,812.3639526367188,500.5641174316406,790.6341552734375,426.76348876953125,0.7455192804336548
324,87,590.9417114257812,337.5357666015625,636.9059448242188,473.22113037109375,613.923828125,405.3784484863281,0.7531435489654541
324,3,610.0249633789062,514.8951416015625,674.9343872070312,701.6327514648438,642.4796752929688,608.263916015625,0.9061636328697205
324,52,551.50390625,299.0296630859375,604.5995483398438,422.6043701171875,578.0517578125,360.8170166015625,0.7230410575866699
325,16,1013.6398315429688,396.28631591796875,1069.220458984375,569.5662231445312,1041.43017578125,482.92626953125,0.802559494972229
325,58,228.08682250976562,418.8868408203125,318.14923095703125,570.6775512695312,273.1180419921875,494.7821960449219,0.880681574344635
325,8,813.73681640625,434.2528076171875,863.1515502929688,599.16259765625,838.4442138671875,516.7077026367188,0.8305489420890808
325,5,622.6113891601562,409.3226013183594,683.3060913085938,551.559326171875,652.958740234375,480.44097900390625,0.8847653269767761
325,48,372.394775390625,350.7243957519531,425.58843994140625,464.571533203125,398.9916076660156,407.64794921875,0.8664888143539429
325,82,175.91058349609375,367.74603271484375,228.10923767089844,514.7305908203125,202.00991821289062,441.2383117675781,0.8740617036819458
325,76,721.2431640625,360.7307434082031,773.4170532226562,514.5521850585938,747.330078125,437.6414794921875,0.7647750973701477
325,84,129.63650512695312,521.5734252929688,194.99478149414062,712.4498901367188,162.31564331054688,617.0116577148438,0.8783119320869446
325,65,1009.24609375,306.0723876953125,1073.2200927734375,453.32568359375,1041.233154296875,379.69903564453125,0.8789240717887878
325,70,767.6297607421875,350.3620910644531,810.6177368164062,500.7601318359375,789.123779296875,425.56109619140625,0.7733564972877502
325,87,583.1448364257812,337.7781982421875,630.0642700195312,473.40771484375,606.6045532226562,405.59295654296875,0.7377901673316956
325,3,607.4160766601562,515.373779296875,672.3483276367188,704.4276733398438,639.8822021484375,609.9007568359375,0.8998735547065735
325,52,542.0669555664062,297.72601318359375,589.8396606445312,425.25250244140625,565.9533081054688,361.4892578125,0.8102550506591797
326,16,1012.49658203125,397.2464904785156,1069.00390625,570.178955078125,1040.750244140625,483.71270751953125,0.8653103113174438
326,58,222.7358856201172,423.19073486328125,294.9569091796875,571.6759643554688,258.8464050292969,497.433349609375,0.8889194130897522
326,8,795.2135620117188,432.7621765136719,857.3185424804688,600.98974609375,826.2660522460938,516.8759765625,0.8639768958091736
326,5,622.3585815429688,409.80047607421875,681.1554565429688,553.257080078125,651.7570190429688,481.5287780761719,0.9144615530967712
326,48,371.1048278808594,352.69293212890625,418.52154541015625,466.44415283203125,394.81317138671875,409.56854248046875,0.883743941783905
326,82,167.89102172851562,368.4664611816406,222.2017822265625,516.8482055664062,195.04640197753906,442.6573486328125,0.8534052968025208
326,76,719.0624389648438,360.5859069824219,768.3751220703125,519.0491333007812,743.71875,439.8175048828125,0.8264146447181702
326,84,126.94896697998047,522.3967895507812,192.33937072753906,715.4005737304688,159.6441650390625,618.898681640625,0.8917766809463501
326,65,999.4512939453125,309.8597412109375,1071.4442138671875,453.8739013671875,1035.44775390625,381.8668212890625,0.7936722636222839
326,70,767.4612426757812,348.6537780761719,808.87890625,498.45355224609375,788.1700439453125,423.55364990234375,0.8023640513420105
326,87,573.1491088867188,339.9613952636719,624.76513671875,471.4295959472656,598.9571533203125,405.69549560546875,0.8216189742088318
326,3,606.1605224609375,515.0813598632812,671.6856079101562,706.85205078125,638.923095703125,610.9666748046875,0.9017162919044495
326,52,529.8007202148438,299.2665100097656,579.1868896484375,426.4205017089844,554.4937744140625,362.843505859375,0.7804054021835327
327,16,1013.6588134765625,398.77313232421875,1069.260498046875,571.9832763671875,1041.459716796875,485.3782043457031,0.8241374492645264
327,58,214.39739990234375,427.3014831542969,285.79180908203125,566.0353393554688,250.0946044921875,496.66839599609375,0.8278206586837769
327,8,785.2069091796875,430.8092346191406,854.9246826171875,602.058837890625,820.0657958984375,516.4340209960938,0.8727842569351196
327,5,622.1735229492188,410.52239990234375,680.4943237304688,553.9487915039062,651.3339233398438,482.235595703125,0.9173448085784912
327,48,370.73492431640625,354.18115234375,414.3197326660156,468.5880432128906,392.52734375,411.38458251953125,0.8735771775245667
327,82,153.59317016601562,369.4527282714844,217.0650177001953,519.5874633789062,185.3291015625,444.52008056640625,0.8875263333320618
327,76,718.8475952148438,360.6097717285156,766.2728881835938,520.4049072265625,742.5602416992188,440.50732421875,0.831547200679779
327,84,125.33141326904297,524.2243041992188,191.1247100830078,717.2211303710938,158.22805786132812,620.7227172851562,0.8936961889266968
327,65,992.3804321289062,312.74517822265625,1071.057861328125,455.7245788574219,1031.7191162109375,384.23486328125,0.7893298864364624
327,70,767.1819458007812,348.4540100097656,806.0094604492188,496.99468994140625,786.595703125,422.724365234375,0.7965263724327087
327,87,563.4641723632812,344.2992248535156,621.3633422851562,471.8270263671875,592.4137573242188,408.0631103515625,0.8145761489868164
327,3,606.6065063476562,517.4688720703125,672.0006103515625,709.0137329101562,639.3035888671875,613.2413330078125,0.8933731913566589
327,52,514.41259765625,297.6128845214844,571.33154296875,426.1222229003906,542.8720703125,361.8675537109375,0.40232574939727783
328,16,1017.4314575195312,401.4138488769531,1069.398193359375,575.0497436523438,1043.414794921875,488.2318115234375,0.7728859186172485
328,58,193.11978149414062,430.62237548828125,278.3689880371094,573.440185546875,235.744384765625,502.0312805175781,0.9061437845230103
328,8,769.6435546875,428.55224609375,852.7550659179688,600.1597900390625,811.1993408203125,514.3560180664062,0.8992286920547485
328,5,621.820068359375,411.30810546875,680.533935546875,554.5593872070312,651.177001953125,482.9337463378906,0.9049332141876221
328,48,370.8772888183594,355.0355224609375,412.7198181152344,469.9543151855469,391.7985534667969,412.49493408203125,0.8735382556915283
328,82,140.75384521484375,371.63897705078125,212.14419555664062,521.8536987304688,176.4490203857422,446.746337890625,0.8957175612449646
328,76,718.517578125,360.50531005859375,764.5066528320312,520.564453125,741.5120849609375,440.5348815917969,0.788665235042572
328,84,124.07522583007812,526.1676025390625,190.03128051757812,718.2872924804688,157.05325317382812,622.2274169921875,0.529853105545044
328,65,987.3935546875,314.7577819824219,1071.0074462890625,458.12506103515625,1029.200439453125,386.44140625,0.7951918244361877
328,70,763.308837890625,348.7062683105469,802.7289428710938,476.7694091796875,783.0189208984375,412.73785400390625,0.7806826233863831
328,87,542.3699340820312,348.7341003417969,617.7044067382812,473.01434326171875,580.0371704101562,410.87420654296875,0.8759516477584839
328,3,608.1904296875,522.5166625976562,673.3587036132812,710.659912109375,640.7745361328125,616.5882568359375,0.8850595951080322
328,52,514.08740234375,295.7978820800781,563.06103515625,417.1871032714844,538.57421875,356.49249267578125,0.641780436038971
328,88,684.6847534179688,175.68902587890625,729.7879638671875,321.3221740722656,707.236328125,248.50559997558594,0.4473404288291931
329,16,1019.7244873046875,403.2749328613281,1070.31103515625,575.58984375,1045.017822265625,489.432373046875,0.8348261713981628
329,58,186.1278839111328,434.2808532714844,267.9397888183594,575.65869140625,227.03384399414062,504.96978759765625,0.8296217322349548
329,8,753.5028686523438,425.9879455566406,848.8619995117188,599.04150390625,801.1824340820312,512.5147094726562,0.8808964490890503
329,5,620.7317504882812,411.6150207519531,680.3236083984375,555.7166748046875,650.5277099609375,483.66583251953125,0.8961767554283142
329,48,371.02142333984375,355.32476806640625,411.95953369140625,471.21484375,391.490478515625,413.2698059082031,0.8681089282035828
329,82,128.4579315185547,375.0497741699219,208.1802520751953,523.515625,168.319091796875,449.28271484375,0.905351459980011
329,76,717.0919799804688,360.1299133300781,763.8345947265625,519.8688354492188,740.4632568359375,439.9993896484375,0.7368555068969727
329,84,123.36810302734375,527.6564331054688,189.40167236328125,719.0155639648438,156.3848876953125,623.3359985351562,0.8950092792510986
329,65,985.0684204101562,317.60546875,1059.3875732421875,458.24365234375,1022.22802734375,387.924560546875,0.6588913798332214
329,70,758.2056884765625,348.59844970703125,801.7884521484375,466.51251220703125,779.9970703125,407.55548095703125,0.7880152463912964
329,87,525.1731567382812,353.9457702636719,613.3192749023438,474.1534118652344,569.2462158203125,414.0495910644531,0.8341802358627319
329,3,609.3282470703125,525.1206665039062,675.3046264648438,712.4120483398438,642.31640625,618.766357421875,0.8969575762748718
329,52,492.1289978027344,291.7939758300781,556.2576904296875,411.71197509765625,524.193359375,351.75299072265625,0.7686604261398315
329,88,684.80615234375,176.3101806640625,729.3875732421875,322.41082763671875,707.0968627929688,249.36050415039062,0.5535328984260559
330,16,1019.6591186523438,405.54364013671875,1069.5421142578125,580.6461791992188,1044.6005859375,493.09490966796875,0.8711360692977905
330,58,173.42739868164062,438.6926574707031,256.7334899902344,578.5798950195312,215.0804443359375,508.63629150390625,0.8476470708847046
330,8,744.078369140625,425.0557861328125,842.1900634765625,590.9119873046875,793.1342163085938,507.98388671875,0.8899275064468384
330,5,617.51904296875,411.72845458984375,679.479248046875,556.7896118164062,648.4991455078125,484.259033203125,0.8891561627388
330,48,368.20550537109375,355.1363525390625,411.3535461425781,472.36456298828125,389.779541015625,413.7504577636719,0.8893154263496399
330,82,118.47296142578125,378.1398620605469,204.61361694335938,521.6130981445312,161.5432891845703,449.87646484375,0.8970007300376892
330,76,712.0135498046875,359.7995300292969,764.185791015625,520.7505493164062,738.0996704101562,440.2750244140625,0.747555673122406
330,84,121.9840087890625,529.2905883789062,187.88548278808594,718.9881591796875,154.93475341796875,624.139404296875,0.8943226933479309
330,65,984.1609497070312,319.1023864746094,1050.0894775390625,458.5938720703125,1017.125244140625,388.84814453125,0.7730906009674072
330,70,756.8203735351562,347.94244384765625,800.9898681640625,463.8892822265625,778.9051513671875,405.9158630371094,0.6228306889533997
330,87,512.8715209960938,358.12139892578125,608.4775390625,475.4660339355469,560.674560546875,416.793701171875,0.8949446678161621
330,3,609.8561401367188,526.0453491210938,676.5869140625,713.7745971679688,643.2215576171875,619.9099731445312,0.902242124080658
330,52,481.7701721191406,289.9973449707031,549.5438842773438,408.5444641113281,515.6570434570312,349.2709045410156,0.8439793586730957
330,88,684.6109619140625,177.43511962890625,728.764892578125,324.37109375,706.6879272460938,250.90310668945312,0.539740264415741
331,16,1019.7689208984375,407.2116394042969,1070.094482421875,584.0951538085938,1044.931640625,495.65338134765625,0.8899105191230774
331,58,163.72447204589844,444.7079772949219,242.364013671875,579.8792724609375,203.04425048828125,512.2936401367188,0.8431766033172607
331,8,740.32275390625,419.62060546875,834.029052734375,584.5521240234375,787.1759033203125,502.08636474609375,0.8546343445777893
331,5,615.4801635742188,411.9588317871094,677.69091796875,556.8157958984375,646.5855712890625,484.3873291015625,0.8913330435752869
331,48,363.85589599609375,354.1907043457031,411.0177917480469,472.7901916503906,387.43682861328125,413.4904479980469,0.8782113194465637
331,82,111.27137756347656,382.02130126953125,200.82565307617188,515.12939453125,156.04852294921875,448.5753479003906,0.9008278250694275
331,76,710.4453125,360.00439453125,763.7742919921875,521.78759765625,737.1098022460938,440.89599609375,0.7435306906700134
331,84,120.6759033203125,530.5166015625,186.6461639404297,718.8871459960938,153.66104125976562,624.701904296875,0.8863466382026672
331,65,983.8462524414062,320.07257080078125,1043.5655517578125,458.6521301269531,1013.7059326171875,389.36236572265625,0.856730580329895
331,70,758.166748046875,346.2027282714844,803.561279296875,458.9813232421875,780.864013671875,402.592041015625,0.42195484042167664
331,87,507.2767333984375,363.435546875,602.6419067382812,475.9140625,554.9593505859375,419.6748046875,0.8813343048095703
331,3,611.414306640625,526.2291870117188,678.7045288085938,714.8701171875,645.0594482421875,620.5496826171875,0.9061532616615295
331,52,473.6456604003906,289.5162048339844,545.0621337890625,407.39764404296875,509.3538818359375,348.4569091796875,0.8540289402008057
331,88,684.5289306640625,177.88600158691406,728.523193359375,325.58526611328125,706.5260620117188,251.73562622070312,0.5425722599029541
332,16,1019.5814208984375,409.3269958496094,1073.8636474609375,586.5609741210938,1046.7225341796875,497.9439697265625,0.8693811297416687
332,58,157.46986389160156,449.17169189453125,229.6395263671875,575.0939331054688,193.5546875,512.1328125,0.8077338933944702
332,8,739.4149780273438,420.53228759765625,822.8351440429688,581.259033203125,781.1250610351562,500.8956604003906,0.8748971223831177
332,5,614.3926391601562,412.46875,674.998779296875,557.0773315429688,644.6956787109375,484.7730407714844,0.8994208574295044
332,48,359.72808837890625,352.5355529785156,410.8746337890625,472.8945007324219,385.3013610839844,412.71502685546875,0.8657352924346924
332,82,107.24872589111328,384.28521728515625,197.59510803222656,512.9949951171875,152.4219207763672,448.6401062011719,0.8971784114837646
332,76,712.0350341796875,360.7560729980469,762.657470703125,521.756103515625,737.3462524414062,441.256103515625,0.7162859439849854
332,84,118.05708312988281,530.9657592773438,185.33770751953125,718.8226318359375,151.6973876953125,624.8941650390625,0.8794986605644226
332,65,983.589111328125,320.6008605957031,1038.2236328125,458.1878967285156,1010.9063720703125,389.3943786621094,0.8542496562004089
332,70,756.7496337890625,343.5877990722656,806.745361328125,469.8749694824219,781.7474975585938,406.73138427734375,0.5043109059333801
332,87,505.0762939453125,368.6937561035156,594.43798828125,475.240966796875,549.7571411132812,421.96734619140625,0.9103794097900391
332,3,612.9263305664062,525.9629516601562,682.0138549804688,715.5325927734375,647.4700927734375,620.747802734375,0.9117974638938904
332,52,469.77410888671875,289.931884765625,539.080078125,407.0348815917969,504.4270935058594,348.4833984375,0.8730505108833313
332,88,684.524658203125,178.20289611816406,728.4152221679688,325.5762023925781,706.469970703125,251.88955688476562,0.5126773118972778
333,16,1019.068359375,411.3419189453125,1078.8516845703125,589.1146240234375,1048.9599609375,500.228271484375,0.8659841418266296
333,58,151.84837341308594,453.1363830566406,220.71206665039062,565.270263671875,186.28021240234375,509.20330810546875,0.7792106866836548
333,8,737.9874267578125,420.13458251953125,810.6736450195312,580.1182861328125,774.33056640625,500.1264343261719,0.8423213362693787
333,5,613.0125122070312,412.88873291015625,669.48876953125,558.2901000976562,641.2506103515625,485.58941650390625,0.8823312520980835
333,48,357.1339416503906,350.2829284667969,410.54632568359375,470.9095764160156,383.84014892578125,410.59625244140625,0.8784880042076111
333,82,104.84318542480469,384.9512023925781,195.06427001953125,511.43719482421875,149.9537353515625,448.1942138671875,0.8972396850585938
333,84,115.7671127319336,531.1243896484375,183.88983154296875,718.8233642578125,149.82847595214844,624.973876953125,0.8844942450523376
333,65,983.0023803710938,320.82769775390625,1035.39208984375,457.7856140136719,1009.197265625,389.306640625,0.8672371506690979
333,70,754.54150390625,340.5891418457031,805.7576904296875,472.25067138671875,780.1495971679688,406.419921875,0.5739821195602417
333,87,504.0306091308594,370.42120361328125,587.7324829101562,474.03741455078125,545.8815307617188,422.22930908203125,0.9087978601455688
333,3,614.0167236328125,526.0331420898438,687.0782470703125,716.3157348632812,650.5474853515625,621.1744384765625,0.915938675403595
333,52,467.3061828613281,291.4971923828125,533.0167846679688,406.7325439453125,500.1614990234375,349.1148681640625,0.8940699696540833
333,88,683.8707275390625,177.8934326171875,728.5324096679688,325.46978759765625,706.2015380859375,251.68161010742188,0.5450935363769531
334,16,1017.8171997070312,412.77581787109375,1083.3875732421875,590.1640014648438,1050.6024169921875,501.46990966796875,0.8686567544937134
334,58,144.61001586914062,455.8663635253906,213.18948364257812,562.5338134765625,178.89974975585938,509.2000732421875,0.5391104817390442
334,8,726.1887817382812,419.1870422363281,798.5042724609375,579.2782592773438,762.3465576171875,499.232666015625,0.8128095865249634
334,5,611.3021850585938,414.32275390625,664.3145141601562,560.1580200195312,637.808349609375,487.2403869628906,0.901190459728241
334,48,355.349365234375,347.9676208496094,409.6536865234375,470.2880859375,382.50152587890625,409.12786865234375,0.8814724087715149
334,82,103.25785064697266,384.6893005371094,192.68521118164062,511.0140380859375,147.97152709960938,447.8516845703125,0.8899475336074829
334,84,110.5166244506836,530.2858276367188,182.13833618164062,718.6322021484375,146.32748413085938,624.458984375,0.8879101872444153
334,65,981.9185791015625,320.83709716796875,1034.1400146484375,457.85345458984375,1008.029296875,389.34527587890625,0.8588042259216309
334,70,752.0214233398438,338.2599182128906,801.3861083984375,474.16796875,776.7037353515625,406.21392822265625,0.6410942673683167
334,87,503.3476867675781,369.29791259765625,584.9151000976562,473.6752624511719,544.1314086914062,421.486572265625,0.8983926177024841
334,3,613.7839965820312,526.054443359375,691.095947265625,716.8861083984375,652.43994140625,621.4702758789062,0.9233519434928894
334,52,466.9570617675781,291.9302062988281,527.5235595703125,407.4707946777344,497.24029541015625,349.70050048828125,0.8715530037879944
334,88,683.484130859375,177.6321258544922,726.923095703125,324.7853698730469,705.20361328125,251.208740234375,0.4080860912799835
335,16,1015.9334106445312,414.94158935546875,1086.45068359375,592.5656127929688,1051.1920166015625,503.75360107421875,0.8884278535842896
335,8,719.7442016601562,417.16705322265625,791.7393188476562,578.7413330078125,755.7417602539062,497.9541931152344,0.7820666432380676
335,5,608.768798828125,415.8649597167969,660.1217041015625,560.31005859375,634.4452514648438,488.0875244140625,0.8743036985397339
335,48,352.98394775390625,345.75811767578125,407.8372802734375,469.524658203125,380.4106140136719,407.6413879394531,0.8779428601264954
335,82,101.70698547363281,383.1695251464844,189.8904266357422,510.7610168457031,145.7987060546875,446.96527099609375,0.8766803741455078
335,84,112.0868148803711,529.3091430664062,180.19268798828125,718.6995849609375,146.13975524902344,624.00439453125,0.8129012584686279
335,65,979.0109252929688,321.2826843261719,1032.1280517578125,458.71563720703125,1005.5694580078125,389.9991455078125,0.8582349419593811
335,70,747.5323486328125,336.78411865234375,794.257080078125,464.95654296875,770.8947143554688,400.8703308105469,0.526484489440918
335,87,502.9411926269531,367.02685546875,583.6036987304688,473.54852294921875,543.2724609375,420.2876892089844,0.9071703553199768
335,3,612.4049072265625,527.1740112304688,692.69482421875,716.9959716796875,652.5498657226562,622.0849609375,0.9191642999649048
335,52,467.1611022949219,293.2768249511719,522.1786499023438,407.7964782714844,494.66986083984375,350.5366516113281,0.8408157825469971
335,76,698.277587890625,365.0106201171875,753.1912231445312,506.4267883300781,725.734375,435.71868896484375,0.41192832589149475
336,16,1013.1113891601562,416.5104064941406,1087.5323486328125,594.2449951171875,1050.3218994140625,505.377685546875,0.9003825187683105
336,8,713.9288940429688,415.76202392578125,784.2445678710938,577.3781127929688,749.0867309570312,496.570068359375,0.692499041557312
336,5,605.1791381835938,417.20184326171875,656.310546875,561.0587158203125,630.744873046875,489.1302795410156,0.9015858173370361
336,48,350.0389099121094,343.41748046875,404.6656494140625,467.3034973144531,377.352294921875,405.3604736328125,0.8863103985786438
336,82,98.74104309082031,380.9015808105469,186.00833129882812,511.5840148925781,142.37469482421875,446.2427978515625,0.8756148219108582
336,84,87.32009887695312,527.95751953125,177.22337341308594,718.54052734375,132.271728515625,623.2490234375,0.4703657329082489
336,65,968.9251098632812,322.40338134765625,1027.800048828125,462.8122253417969,998.362548828125,392.6077880859375,0.8761069178581238
336,70,742.049072265625,336.0887145996094,787.850341796875,460.81488037109375,764.94970703125,398.4517822265625,0.6457204818725586
336,87,503.64727783203125,366.11431884765625,582.4326782226562,473.27264404296875,543.0399780273438,419.6934814453125,0.8920403122901917
336,3,610.2938232421875,528.1385498046875,692.6052856445312,717.1280517578125,651.4495849609375,622.63330078125,0.9111661314964294
336,52,464.25311279296875,292.38006591796875,514.986328125,407.1969299316406,489.6197204589844,349.78851318359375,0.8612179160118103
336,76,690.9725341796875,365.9691162109375,748.2609252929688,502.0433044433594,719.61669921875,434.0062255859375,0.40159934759140015
336,88,678.572998046875,176.0934600830078,722.0521850585938,325.9439697265625,700.3126220703125,251.01870727539062,0.4728378653526306
337,16,1009.9253540039062,417.7046203613281,1086.06005859375,593.7916259765625,1047.99267578125,505.74810791015625,0.8835633397102356
337,8,706.2159423828125,412.798095703125,775.7994995117188,576.6468505859375,741.0076904296875,494.72247314453125,0.738147497177124
337,5,600.400146484375,419.32684326171875,651.906494140625,561.4473876953125,626.1533203125,490.3871154785156,0.885952353477478
337,48,348.94171142578125,340.4657897949219,400.7320556640625,464.6691589355469,374.8368835449219,402.5674743652344,0.8969157338142395
337,82,96.03296661376953,378.30194091796875,182.51849365234375,513.2136840820312,139.27572631835938,445.7578125,0.8814253807067871
337,84,96.87288665771484,529.2875366210938,173.4314422607422,718.7901611328125,135.15216064453125,624.038818359375,0.828092098236084
337,65,957.8963623046875,324.61773681640625,1020.6810302734375,465.9419250488281,989.2886962890625,395.27984619140625,0.8902491927146912
337,70,735.446533203125,336.0328369140625,780.2207641601562,458.306884765625,757.8336181640625,397.16986083984375,0.4814055263996124
337,87,507.0865173339844,367.8567199707031,580.3548583984375,472.3642883300781,543.720703125,420.1105041503906,0.8828882575035095
337,3,606.9361572265625,528.819580078125,695.4183959960938,717.2208251953125,651.17724609375,623.0202026367188,0.9007086753845215
337,52,450.77777099609375,294.048583984375,507.8887634277344,406.5549011230469,479.333251953125,350.3017578125,0.8202831745147705
338,16,1005.0994262695312,420.5881042480469,1081.9854736328125,593.659912109375,1043.54248046875,507.1240234375,0.9142652750015259
338,8,698.3795776367188,409.931396484375,764.2822265625,576.5110473632812,731.3309326171875,493.2212219238281,0.6124762296676636
338,5,594.21875,420.7140808105469,646.3817749023438,561.2406616210938,620.30029296875,490.97735595703125,0.8857394456863403
338,48,347.7488708496094,337.9716796875,395.9775695800781,461.6325378417969,371.86322021484375,399.8021240234375,0.8891445994377136
338,82,93.77902221679688,375.1752014160156,178.07711791992188,514.1810302734375,135.92807006835938,444.6781005859375,0.8442139029502869
338,84,98.27510833740234,530.8101196289062,168.10934448242188,719.2665405273438,133.19223022460938,625.038330078125,0.8136533498764038
338,65,948.1947631835938,326.2965087890625,1012.9124755859375,466.5391540527344,980.5535888671875,396.4178466796875,0.9044281244277954
338,70,727.9678955078125,336.2122802734375,769.075439453125,451.8367004394531,748.5216674804688,394.02447509765625,0.5725822448730469
338,87,506.7782287597656,371.02679443359375,577.994384765625,472.5688171386719,542.3862915039062,421.79779052734375,0.8870839476585388
338,3,603.2689208984375,530.0865478515625,688.2169189453125,715.8276977539062,645.742919921875,622.9571533203125,0.9141244888305664
338,52,437.6473083496094,296.66455078125,499.06024169921875,404.9023742675781,468.353759765625,350.783447265625,0.8834159970283508
338,58,44.05731964111328,465.39605712890625,175.24734497070312,626.0513305664062,109.65232849121094,545.7236938476562,0.7833377718925476
339,16,1001.1181640625,421.5332336425781,1077.0224609375,593.2174682617188,1039.0703125,507.3753662109375,0.9101183414459229
339,8,690.9612426757812,411.5696105957031,753.9009399414062,576.4058837890625,722.4310913085938,493.98773193359375,0.5636152625083923
339,5,587.535888671875,421.78338623046875,639.8294067382812,560.6505737304688,613.6826171875,491.21697998046875,0.8789961338043213
339,48,342.9452819824219,337.11669921875,389.83404541015625,458.3646240234375,366.3896484375,397.74066162109375,0.8718199729919434
339,82,91.80738830566406,372.8203430175781,173.25552368164062,515.2830200195312,132.53146362304688,444.05169677734375,0.8532976508140564
339,84,94.03026580810547,532.7862548828125,161.6985321044922,719.2051391601562,127.86439514160156,625.9957275390625,0.8002819418907166
339,65,938.977783203125,327.8796081542969,1005.1961669921875,468.0718078613281,972.0869750976562,397.9757080078125,0.8947086930274963
339,70,718.4022216796875,335.3860778808594,759.7628784179688,448.3872985839844,739.08251953125,391.8866882324219,0.47919705510139465
339,87,499.2748107910156,374.62969970703125,575.7205810546875,474.4195556640625,537.4976806640625,424.5246276855469,0.8716063499450684
339,3,599.6866455078125,530.7728271484375,683.0604248046875,715.578369140625,641.37353515625,623.1755981445312,0.9118897914886475
339,52,424.54498291015625,298.83880615234375,489.4019775390625,397.94219970703125,456.9734802246094,348.3905029296875,0.809342622756958
339,58,22.424179077148438,469.68511962890625,164.8222198486328,632.9291381835938,93.62319946289062,551.30712890625,0.7498921155929565
340,16,998.105712890625,422.0302429199219,1071.52978515625,592.6005249023438,1034.8177490234375,507.31536865234375,0.9122685194015503
340,8,679.8982543945312,403.15960693359375,743.3231201171875,575.5670776367188,711.6107177734375,489.36334228515625,0.6602645516395569
340,5,579.560791015625,421.98193359375,634.13134765625,560.0057373046875,606.8460693359375,490.99383544921875,0.8987165093421936
340,48,335.7633361816406,337.02166748046875,384.145751953125,456.1855163574219,359.95452880859375,396.60357666015625,0.8735617995262146
340,82,86.1075210571289,372.14227294921875,168.28787231445312,512.62939453125,127.19769287109375,442.3858337402344,0.8631606101989746
340,84,73.77919006347656,533.3447265625,154.2461395263672,718.4981689453125,114.01266479492188,625.9214477539062,0.845218300819397
340,65,930.2279052734375,329.5835266113281,997.3761596679688,469.7895202636719,963.802001953125,399.6865234375,0.9045153856277466
340,70,701.2461547851562,333.834716796875,751.663818359375,445.52923583984375,726.4549560546875,389.6819763183594,0.5030514001846313
340,87,496.4212646484375,374.3545227050781,572.4213256835938,478.4161376953125,534.4212646484375,426.38531494140625,0.8608742952346802
340,3,598.2001953125,531.2825317382812,683.4276733398438,716.5709838867188,640.81396484375,623.9267578125,0.8899076581001282
340,52,414.9139709472656,299.88165283203125,479.3570556640625,394.98345947265625,447.135498046875,347.43255615234375,0.8469229340553284
340,58,6.545267581939697,476.4835510253906,154.88491821289062,636.546630859375,80.71509552001953,556.5150756835938,0.757794201374054
341,16,998.7818603515625,422.3292541503906,1066.1826171875,592.327880859375,1032.482177734375,507.32855224609375,0.9037923216819763
341,8,676.11865234375,403.7779846191406,732.846435546875,574.1776123046875,704.4825439453125,488.977783203125,0.8101086616516113
341,5,572.1849975585938,419.9092102050781,628.7427368164062,560.339599609375,600.4638671875,490.1243896484375,0.886460542678833
341,48,326.9355163574219,337.5384521484375,379.0238342285156,454.23089599609375,352.97967529296875,395.8846740722656,0.907575249671936
341,82,79.02774047851562,373.3078918457031,162.84188842773438,511.6194152832031,120.934814453125,442.4636535644531,0.8964054584503174
341,84,58.898860931396484,533.5824584960938,148.77198791503906,718.5552368164062,103.8354263305664,626.06884765625,0.8182310461997986
341,65,923.53466796875,331.2622985839844,991.0638427734375,470.4046630859375,957.2992553710938,400.83349609375,0.8919710516929626
341,70,694.2513427734375,331.7987976074219,745.0703125,432.50787353515625,719.6608276367188,382.1533203125,0.4983459711074829
341,87,496.0260009765625,371.5801696777344,570.0808715820312,483.7559509277344,533.053466796875,427.6680603027344,0.8828399777412415
341,3,601.30712890625,531.0321044921875,681.0853271484375,717.004638671875,641.1962280273438,624.0183715820312,0.8806517124176025
341,52,406.47393798828125,298.6973571777344,469.8808898925781,394.12664794921875,438.17742919921875,346.4119873046875,0.9021813869476318
341,58,0.0,482.5032653808594,146.30145263671875,640.9572143554688,73.15072631835938,561.730224609375,0.8357909321784973
341,88,652.6690673828125,177.7344512939453,696.3372192382812,324.8433837890625,674.503173828125,251.28890991210938,0.4536455273628235
342,16,1002.7293701171875,422.4144287109375,1062.27734375,592.2550659179688,1032.50341796875,507.3347473144531,0.8871119022369385
342,8,675.8497314453125,401.0252380371094,725.464111328125,572.5061645507812,700.6569213867188,486.76568603515625,0.6229642629623413
342,5,565.7171020507812,414.4116516113281,624.458984375,560.7598876953125,595.0880126953125,487.58575439453125,0.864687979221344
342,48,320.5230712890625,339.44842529296875,376.1849060058594,452.9064025878906,348.35400390625,396.17742919921875,0.8873393535614014
342,82,72.91303253173828,376.4696960449219,159.1060028076172,512.952392578125,116.009521484375,444.7110595703125,0.885011613368988
342,84,45.60877227783203,534.8015747070312,144.5811309814453,718.4907836914062,95.09495544433594,626.6461791992188,0.818760335445404
342,65,918.5514526367188,332.54315185546875,985.8271484375,470.5868225097656,952.1893310546875,401.56500244140625,0.8827897310256958
342,70,686.8150024414062,329.7785339355469,740.134033203125,451.727294921875,713.4744873046875,390.7529296875,0.4862144887447357
342,87,497.893798828125,369.2346496582031,568.9781494140625,491.0528869628906,533.4359741210938,430.1437683105469,0.8904972672462463
342,3,607.4986572265625,530.3273315429688,677.7403564453125,717.3504638671875,642.6195068359375,623.8388671875,0.8820327520370483
342,52,398.58453369140625,297.32806396484375,463.1184997558594,394.28253173828125,430.85150146484375,345.8052978515625,0.8872747421264648
342,58,0.0,486.0684509277344,141.33041381835938,642.7719116210938,70.66520690917969,564.420166015625,0.779570460319519
342,88,648.8054809570312,176.70083618164062,692.3706665039062,321.6249694824219,670.5880737304688,249.16290283203125,0.49344417452812195
342,68,1250.35791015625,247.4514617919922,1279.5631103515625,357.6089172363281,1264.96044921875,302.5301818847656,0.6775839328765869
343,16,1004.46923828125,422.3017883300781,1058.9493408203125,591.6282348632812,1031.709228515625,506.96502685546875,0.8730427026748657
343,8,664.8831176757812,391.8531188964844,722.4078979492188,571.5975341796875,693.6455078125,481.725341796875,0.7644079327583313
343,5,560.6093139648438,401.2121887207031,621.4766235351562,559.7717895507812,591.04296875,480.49200439453125,0.8301401138305664
343,48,315.26953125,342.8818359375,378.5345458984375,452.2267150878906,346.90203857421875,397.55426025390625,0.9148663282394409
343,82,66.14900207519531,380.891845703125,157.97764587402344,515.0421142578125,112.06332397460938,447.96697998046875,0.8903873562812805
343,84,65.3499755859375,535.78271484375,141.7865753173828,718.6094970703125,103.56827545166016,627.1961059570312,0.7168436646461487
343,65,915.852294921875,334.57708740234375,981.1227416992188,470.49078369140625,948.487548828125,402.533935546875,0.9185743927955627
343,70,682.5394287109375,328.520751953125,735.6153564453125,448.3929748535156,709.077392578125,388.45684814453125,0.4667942225933075
343,87,504.926025390625,369.9349670410156,573.166259765625,498.6537780761719,539.046142578125,434.29437255859375,0.8761062622070312
343,3,615.2311401367188,529.42626953125,678.5087890625,717.5403442382812,646.8699951171875,623.4832763671875,0.849827766418457
343,52,391.6192626953125,296.782958984375,458.1347961425781,395.4015197753906,424.87701416015625,346.09222412109375,0.8768418431282043
343,88,646.1292114257812,176.67919921875,689.4031372070312,324.3136901855469,667.7661743164062,250.49644470214844,0.4474314749240875
343,68,1247.3837890625,246.57640075683594,1278.769287109375,357.2403259277344,1263.0765380859375,301.9083557128906,0.6781216859817505
344,16,1004.6470947265625,421.6712646484375,1056.7384033203125,590.7559814453125,1030.6927490234375,506.213623046875,0.870987594127655
344,8,665.8740234375,385.6304016113281,719.2796020507812,570.742919921875,692.5767822265625,478.1866455078125,0.6416142582893372
344,5,562.4439086914062,398.7138977050781,619.5845336914062,558.9323120117188,591.0142211914062,478.8231201171875,0.8056713342666626
344,48,312.2770080566406,345.5785217285156,383.879150390625,452.2534484863281,348.07806396484375,398.9159851074219,0.9023053050041199
344,82,60.77789306640625,386.8521423339844,158.11895751953125,514.98583984375,109.44842529296875,450.91900634765625,0.8726211190223694
344,84,74.70794677734375,535.97509765625,140.4358673095703,718.5728759765625,107.57190704345703,627.2739868164062,0.6229794025421143
344,65,914.6775512695312,336.08709716796875,977.509033203125,470.7214660644531,946.09326171875,403.404296875,0.9202512502670288
344,70,681.2547607421875,327.5767517089844,732.0621948242188,453.8356628417969,706.658447265625,390.7062072753906,0.40196725726127625
344,87,511.8917541503906,374.2455139160156,573.3742065429688,502.3905944824219,542.6329956054688,438.31805419921875,0.8193171620368958
344,3,619.8529052734375,528.4176025390625,678.597900390625,717.776611328125,649.2254028320312,623.0971069335938,0.8728333115577698
344,52,385.6543273925781,297.53448486328125,454.70452880859375,394.6800537109375,420.179443359375,346.1072692871094,0.8404422402381897
344,68,1245.13037109375,247.20513916015625,1278.4658203125,357.5303649902344,1261.798095703125,302.36773681640625,0.7403925061225891
344,58,0.0,491.2698059082031,139.14889526367188,652.7474975585938,69.57444763183594,572.0086669921875,0.4443329870700836
345,16,1004.3382568359375,420.8167724609375,1054.709228515625,590.4989013671875,1029.523681640625,505.6578369140625,0.8707438707351685
345,8,663.5941162109375,381.19378662109375,716.5138549804688,570.3541259765625,690.053955078125,475.7739562988281,0.7271379828453064
345,48,310.05303955078125,347.9848937988281,388.3565673828125,452.1989440917969,349.2048034667969,400.0919189453125,0.8734802007675171
345,82,56.671478271484375,394.0404357910156,161.626220703125,514.9081420898438,109.14884948730469,454.47430419921875,0.8505652546882629
345,84,77.7261962890625,535.9559936523438,140.21438598632812,718.2128295898438,108.97029113769531,627.0844116210938,0.7973445653915405
345,65,914.6246337890625,336.961181640625,974.7268676757812,470.5609436035156,944.67578125,403.76104736328125,0.9016134738922119
345,70,672.9164428710938,326.48480224609375,729.630859375,457.449462890625,701.273681640625,391.9671325683594,0.5313916206359863
345,87,516.6543579101562,376.8801574707031,573.8488159179688,503.2863464355469,545.2515869140625,440.083251953125,0.7980894446372986
345,3,623.4843139648438,526.9706420898438,678.0369873046875,717.17236328125,650.7606201171875,622.071533203125,0.8827078938484192
345,52,382.6009521484375,297.51727294921875,454.4196472167969,393.55950927734375,418.51031494140625,345.53839111328125,0.8595647811889648
345,68,1243.2462158203125,247.1775665283203,1278.58203125,357.2265319824219,1260.9140625,302.2020568847656,0.7069687247276306
346,16,1003.720703125,420.12054443359375,1052.28564453125,590.2987060546875,1028.003173828125,505.2096252441406,0.86505126953125
346,8,661.52392578125,379.6624450683594,714.9403076171875,569.9299926757812,688.2321166992188,474.79620361328125,0.7242829203605652
346,82,53.70380783081055,400.2204284667969,163.25047302246094,515.050048828125,108.47714233398438,457.63525390625,0.8768303394317627
346,84,77.42922973632812,536.1099853515625,139.94139099121094,717.931884765625,108.68531036376953,627.0209350585938,0.844313383102417
346,65,915.81689453125,337.556396484375,972.3595581054688,470.8531188964844,944.0882568359375,404.20477294921875,0.8849521279335022
346,70,667.268310546875,325.1849670410156,727.3695678710938,454.1355895996094,697.3189697265625,389.6602783203125,0.5722275376319885
346,87,523.2899169921875,369.0702209472656,576.0421752929688,504.24566650390625,549.666015625,436.657958984375,0.7323077917098999
346,3,625.7095947265625,526.1553344726562,683.1072387695312,717.8950805664062,654.408447265625,622.0252075195312,0.908495306968689
346,52,381.0848693847656,297.9568786621094,453.9167175292969,393.4370422363281,417.50079345703125,345.69696044921875,0.8683128356933594
346,68,1242.138671875,246.97523498535156,1278.7626953125,355.7357177734375,1260.45068359375,301.35546875,0.5964640974998474
346,5,563.6219482421875,364.1395568847656,618.1161499023438,549.2902221679688,590.8690185546875,456.71490478515625,0.8240041732788086
347,16,1002.2540283203125,419.6277770996094,1050.878173828125,590.2249755859375,1026.566162109375,504.9263916015625,0.8703660368919373
347,8,657.7567138671875,378.5317687988281,713.452392578125,569.98095703125,685.6045532226562,474.25634765625,0.7597825527191162
347,82,52.173343658447266,402.8480529785156,174.6947784423828,515.1740112304688,113.4340591430664,459.01104736328125,0.8874014616012573
347,84,78.19981384277344,537.5862426757812,140.1370086669922,717.9037475585938,109.16841125488281,627.7449951171875,0.81211256980896
347,65,917.6918334960938,338.1913146972656,970.35009765625,470.4429626464844,944.02099609375,404.317138671875,0.8710362911224365
347,87,529.8930053710938,362.1127014160156,577.5971069335938,505.07373046875,553.7450561523438,433.59320068359375,0.6666034460067749
347,3,626.7725830078125,526.1940307617188,691.2507934570312,717.8267822265625,659.01171875,622.0103759765625,0.8969494700431824
347,52,380.09014892578125,297.8819885253906,454.3924560546875,393.59747314453125,417.2413024902344,345.73974609375,0.8638870716094971
347,68,1239.741943359375,245.77769470214844,1278.88671875,356.8409423828125,1259.3143310546875,301.309326171875,0.6145901679992676
347,5,562.6464233398438,370.7566223144531,616.1939086914062,543.1699829101562,589.420166015625,456.96331787109375,0.6809965968132019
347,88,639.4815673828125,177.10569763183594,681.7581176757812,325.001708984375,660.619873046875,251.0537109375,0.4691370725631714
347,58,13.680373191833496,484.06585693359375,153.89019775390625,653.4955444335938,83.78528594970703,568.7807006835938,0.6794977784156799
347,48,307.4120178222656,348.72760009765625,389.2777099609375,452.725830078125,348.3448486328125,400.7267150878906,0.8818870186805725
348,16,1000.8334350585938,419.2898864746094,1049.1141357421875,590.0048828125,1024.9737548828125,504.64739990234375,0.873136579990387
348,8,655.4650268554688,377.0135803222656,711.9257202148438,570.2626953125,683.6953735351562,473.63812255859375,0.7722829580307007
348,82,53.65278244018555,402.7173767089844,181.3483428955078,515.4347534179688,117.50056457519531,459.0760498046875,0.7781554460525513
348,84,45.110172271728516,539.2274780273438,140.1868438720703,717.8455200195312,92.64850616455078,628.5364990234375,0.44920021295547485
348,65,918.5203857421875,338.3903503417969,968.2617797851562,470.4337158203125,943.39111328125,404.41204833984375,0.8691881895065308
348,87,534.8976440429688,357.0794372558594,578.907958984375,505.163818359375,556.90283203125,431.12164306640625,0.7674515247344971
348,3,626.1627807617188,527.5812377929688,698.5071411132812,717.8241577148438,662.3349609375,622.7026977539062,0.8935115337371826
348,52,380.3627014160156,297.67047119140625,455.1968078613281,392.777587890625,417.7797546386719,345.2240295410156,0.8585585951805115
348,68,1237.628173828125,244.81497192382812,1278.95068359375,357.9321594238281,1258.2894287109375,301.3735656738281,0.6261858344078064
348,5,561.9857788085938,349.9503173828125,615.4881591796875,536.6495971679688,588.7369384765625,443.2999572753906,0.7968541383743286
348,48,307.0182189941406,347.03802490234375,389.1167297363281,453.09820556640625,348.0674743652344,400.068115234375,0.5837275385856628
348,70,662.5382690429688,321.9695739746094,723.475830078125,445.34625244140625,693.007080078125,383.65789794921875,0.5002543330192566
349,16,998.7587280273438,418.91455078125,1047.180419921875,589.843994140625,1022.9696044921875,504.3792724609375,0.8406345248222351
349,8,656.2503662109375,375.6383361816406,710.240234375,570.24169921875,683.2453002929688,472.94000244140625,0.8057055473327637
349,82,58.42802429199219,401.0744323730469,186.5058135986328,516.3085327148438,122.4669189453125,458.69146728515625,0.7783998250961304
349,84,39.353538513183594,538.59619140625,139.3992919921875,717.7103881835938,89.37641906738281,628.1533203125,0.4879811108112335
349,65,916.5949096679688,337.9683837890625,965.010986328125,470.7180480957031,940.802978515625,404.34320068359375,0.8607956171035767
349,87,539.0223999023438,366.2130126953125,580.1983032226562,505.6756286621094,559.6103515625,435.9443359375,0.746109127998352
349,3,624.3466796875,529.4943237304688,702.5138549804688,717.9103393554688,663.4302978515625,623.7023315429688,0.908486008644104
349,52,380.2622985839844,296.4962463378906,458.29498291015625,391.5778503417969,419.27862548828125,344.03704833984375,0.8642345666885376
349,68,1235.17138671875,244.6772918701172,1278.770751953125,357.7550354003906,1256.9710693359375,301.2161560058594,0.7047407031059265
349,5,567.1110229492188,360.8569641113281,611.9812622070312,532.394287109375,589.546142578125,446.6256103515625,0.7238548994064331
349,48,307.21795654296875,344.9792175292969,388.10955810546875,453.5436096191406,347.66375732421875,399.26141357421875,0.911935567855835
349,70,661.1366577148438,321.3229675292969,721.81298828125,442.70355224609375,691.474853515625,382.01324462890625,0.6146258115768433
350,16,997.2251586914062,419.3442687988281,1044.4378662109375,589.5424194335938,1020.83154296875,504.443359375,0.8934807181358337
350,8,657.0106201171875,374.9175720214844,708.4855346679688,571.4520263671875,682.748046875,473.184814453125,0.7499518394470215
350,82,67.51239776611328,399.4063415527344,203.80130004882812,511.4188232421875,135.65684509277344,455.41259765625,0.8732297420501709
350,84,39.06772994995117,537.187255859375,138.2616424560547,718.147216796875,88.66468811035156,627.667236328125,0.7919647693634033
350,65,914.2162475585938,337.83148193359375,962.1364135742188,470.829345703125,938.1763305664062,404.3304138183594,0.8563312292098999
350,3,622.0028076171875,530.8347778320312,703.9857177734375,717.2225952148438,662.9942626953125,624.0286865234375,0.9074325561523438
350,52,381.2394714355469,293.42364501953125,460.4543151855469,389.8346862792969,420.8468933105469,341.629150390625,0.8549648523330688
350,68,1233.033935546875,244.78671264648438,1278.6666259765625,357.30078125,1255.850341796875,301.04376220703125,0.7022988200187683
350,5,548.8179321289062,362.7908935546875,609.4192504882812,530.5742797851562,579.1185913085938,446.6825866699219,0.7232196927070618
350,48,308.49017333984375,342.6846008300781,385.9750061035156,453.36260986328125,347.23260498046875,398.02362060546875,0.9096842408180237
350,70,657.80419921875,321.3608703613281,719.13037109375,440.8008117675781,688.46728515625,381.0808410644531,0.5804969668388367
351,16,995.2494506835938,419.6976623535156,1041.7974853515625,589.4558715820312,1018.5234375,504.5767822265625,0.9062724113464355
351,8,651.4485473632812,374.3907165527344,707.3020629882812,573.7974853515625,679.3753051757812,474.0941162109375,0.4562268853187561
351,82,80.54380798339844,397.6958312988281,210.11720275878906,510.3360290527344,145.33050537109375,454.01593017578125,0.49256983399391174
351,84,55.89657974243164,539.2421875,136.35125732421875,718.3156127929688,96.12391662597656,628.7789306640625,0.8409008979797363
351,65,910.795654296875,337.4413146972656,958.9197998046875,470.6696472167969,934.8577270507812,404.05548095703125,0.8699516654014587
351,3,620.0615844726562,531.8589477539062,704.5176391601562,717.0148315429688,662.2896118164062,624.4368896484375,0.9001158475875854
351,52,380.660888671875,291.2959899902344,458.8919982910156,390.3699951171875,419.77642822265625,340.8330078125,0.8736449480056763
351,68,1230.013916015625,244.8195343017578,1278.4686279296875,357.1214599609375,1254.2412109375,300.9704895019531,0.7239008545875549
351,5,543.6967163085938,360.6401062011719,606.5015869140625,528.7800903320312,575.09912109375,444.7100830078125,0.6782281398773193
351,48,311.7276306152344,339.9765319824219,384.2892150878906,452.94476318359375,348.0084228515625,396.46063232421875,0.9017212986946106
351,70,656.8159790039062,320.97100830078125,716.6857299804688,440.936767578125,686.7508544921875,380.9538879394531,0.7259288430213928
352,16,991.2796630859375,420.746826171875,1039.0430908203125,589.1262817382812,1015.161376953125,504.9365539550781,0.9031915068626404
352,8,648.5883178710938,374.8769836425781,705.17041015625,576.0355834960938,676.87939453125,475.456298828125,0.7251054644584656
352,84,61.17694854736328,541.7109375,133.4141845703125,718.0629272460938,97.29556274414062,629.886962890625,0.8882395625114441
352,65,906.4741821289062,337.37603759765625,955.7046508789062,470.516357421875,931.0894165039062,403.9461975097656,0.8780965209007263
352,3,618.3232421875,531.9385375976562,703.27490234375,717.0079345703125,660.799072265625,624.4732666015625,0.8997287750244141
352,52,381.9759826660156,289.9962463378906,456.176025390625,392.75213623046875,419.07598876953125,341.37420654296875,0.8870236873626709
352,68,1226.3966064453125,244.76742553710938,1278.195556640625,356.5892333984375,1252.296142578125,300.6783447265625,0.7369280457496643
352,5,541.3643798828125,332.37908935546875,605.2036743164062,528.263427734375,573.2840576171875,430.3212585449219,0.8364039659500122
352,48,316.5693664550781,337.9532165527344,382.5209045410156,453.67535400390625,349.5451354980469,395.81427001953125,0.9000598192214966
352,70,655.6744995117188,319.5595703125,713.9720458984375,440.474365234375,684.8232421875,380.0169677734375,0.625438392162323
353,16,987.4566650390625,423.0582275390625,1036.72998046875,589.89697265625,1012.0933227539062,506.47760009765625,0.9006242752075195
353,8,647.2017822265625,379.07012939453125,701.220458984375,575.7244262695312,674.2111206054688,477.39727783203125,0.6114794015884399
353,84,60.973812103271484,542.6499633789062,129.4141845703125,718.4364624023438,95.19400024414062,630.543212890625,0.8892243504524231
353,65,901.9834594726562,337.4276428222656,950.9876098632812,470.2670593261719,926.4855346679688,403.84735107421875,0.8386042714118958
353,3,617.604736328125,531.4133911132812,700.2627563476562,716.3933715820312,658.9337158203125,623.9033813476562,0.8939511775970459
353,52,388.45751953125,290.15631103515625,456.18035888671875,388.0058288574219,422.3189392089844,339.0810546875,0.5373371839523315
353,68,1221.938232421875,245.6332244873047,1276.1070556640625,356.5960388183594,1249.022705078125,301.1146240234375,0.7497586607933044
353,5,544.3018798828125,319.630126953125,602.0280151367188,529.9564208984375,573.1649169921875,424.79327392578125,0.6840102672576904
353,48,321.4325866699219,336.08990478515625,381.34332275390625,454.1537170410156,351.387939453125,395.121826171875,0.8936529755592346
353,70,660.8467407226562,318.736328125,709.8997192382812,440.7615661621094,685.3732299804688,379.74896240234375,0.45365768671035767
353,82,134.14663696289062,396.1084899902344,216.2559814453125,495.1136474609375,175.20130920410156,445.611083984375,0.7627675533294678
354,16,981.5944213867188,425.6033935546875,1033.446533203125,590.9742431640625,1007.5205078125,508.288818359375,0.8772533535957336
354,8,641.5459594726562,383.4781494140625,697.021728515625,550.895263671875,669.2838134765625,467.18670654296875,0.6343905329704285
354,84,57.13777160644531,543.1463012695312,126.66764068603516,718.5548706054688,91.9027099609375,630.8505859375,0.8850831985473633
354,65,895.447998046875,337.3639831542969,947.1458129882812,469.83233642578125,921.296875,403.59814453125,0.9007765054702759
354,3,619.2027587890625,531.0281372070312,697.1445922851562,716.4973754882812,658.1737060546875,623.7627563476562,0.8829417824745178
354,52,400.4866027832031,290.8201599121094,456.8999938964844,387.8697509765625,428.69329833984375,339.344970703125,0.6717773079872131
354,68,1217.8436279296875,245.03001403808594,1272.6376953125,356.3382263183594,1245.24072265625,300.6841125488281,0.7207593321800232
354,5,547.7659912109375,311.0005187988281,598.8389282226562,532.0089111328125,573.302490234375,421.50469970703125,0.5959577560424805
354,48,327.1614074707031,334.5109558105469,380.0623474121094,454.83441162109375,353.61187744140625,394.67266845703125,0.8854259848594666
354,70,662.3047485351562,317.958251953125,704.375244140625,440.4534912109375,683.3399658203125,379.20587158203125,0.42583033442497253
354,96,108.1064453125,478.0904541015625,176.88258361816406,620.0114135742188,142.4945068359375,549.0509033203125,0.6294423341751099
354,97,1242.985595703125,423.8005065917969,1278.665771484375,574.3890380859375,1260.82568359375,499.09478759765625,0.6911416053771973
354,82,156.53372192382812,394.37579345703125,222.23672485351562,492.1678771972656,189.38522338867188,443.2718505859375,0.7076027989387512
354,87,532.5084228515625,306.7621154785156,584.4724731445312,494.7259216308594,558.490478515625,400.7440185546875,0.46018120646476746
355,16,977.1576538085938,428.9548034667969,1030.60791015625,595.1135864257812,1003.8828125,512.0341796875,0.8982260823249817
355,8,636.8057861328125,387.0232849121094,692.8677368164062,541.62060546875,664.8367919921875,464.32196044921875,0.552436888217926
355,84,53.84425735473633,543.7325439453125,123.27244567871094,717.9959716796875,88.558349609375,630.8642578125,0.8919344544410706
355,65,888.3399047851562,337.0120544433594,944.4570922851562,469.6284484863281,916.3984985351562,403.32025146484375,0.9106955528259277
355,3,622.9088745117188,531.4296264648438,693.7808227539062,714.7684326171875,658.3448486328125,623.0989990234375,0.8765236139297485
355,52,408.30755615234375,291.8938903808594,458.5495300292969,392.8369140625,433.42852783203125,342.36541748046875,0.7439591288566589
355,68,1213.382568359375,245.30613708496094,1270.701171875,356.471923828125,1242.0418701171875,300.8890380859375,0.7452196478843689
355,5,547.5903930664062,319.4573974609375,596.3624267578125,534.7767333984375,571.9764404296875,427.1170654296875,0.5330848097801208
355,48,333.53668212890625,333.5344543457031,379.1366882324219,455.94830322265625,356.336669921875,394.74139404296875,0.8559139370918274
355,96,110.21520233154297,478.889892578125,180.5858154296875,631.9641723632812,145.4005126953125,555.427001953125,0.7178018689155579
355,97,1226.6612548828125,419.4373779296875,1277.7403564453125,576.486572265625,1252.2008056640625,497.96197509765625,0.8278910517692566
355,82,137.34103393554688,393.36322021484375,230.2386474609375,500.9622802734375,183.7898406982422,447.1627502441406,0.5646804571151733
355,87,529.7216796875,296.9272766113281,587.4616088867188,487.3162841796875,558.5916748046875,392.12176513671875,0.7218368649482727
355,88,616.122314453125,176.8985137939453,657.98681640625,297.1949157714844,637.0545654296875,237.04672241210938,0.47694993019104004
356,16,972.6026000976562,432.8257141113281,1028.28271484375,596.98291015625,1000.442626953125,514.904296875,0.9028048515319824
356,8,621.4647827148438,387.7582092285156,686.8201293945312,549.0947265625,654.1424560546875,468.42645263671875,0.5842658281326294
356,84,49.35459518432617,544.3980712890625,119.06268310546875,717.7965087890625,84.2086410522461,631.0972900390625,0.9105805158615112
356,65,882.2228393554688,337.14569091796875,941.1981201171875,469.445556640625,911.71044921875,403.2956237792969,0.916139543056488
356,3,623.601318359375,530.3519897460938,690.1943359375,715.4105224609375,656.8978271484375,622.8812255859375,0.886915922164917
356,52,406.0776062011719,292.67889404296875,460.0306396484375,398.5414123535156,433.05413818359375,345.61016845703125,0.868857741355896
356,68,1209.005859375,245.0845184326172,1269.2611083984375,356.52978515625,1239.133544921875,300.8071594238281,0.7625735402107239
356,5,539.034423828125,334.7426452636719,594.1239013671875,537.9830322265625,566.5791625976562,436.36285400390625,0.7574968338012695
356,48,335.2772521972656,333.90618896484375,377.3073425292969,456.5610656738281,356.29229736328125,395.233642578125,0.8576272130012512
356,96,107.94023132324219,483.67791748046875,195.6961212158203,631.1635131835938,151.81817626953125,557.4207153320312,0.6972872614860535
356,97,1211.865234375,416.6376647949219,1273.1395263671875,576.3695068359375,1242.50244140625,496.50360107421875,0.8407616019248962
356,82,135.3600616455078,391.0765380859375,237.83023071289062,505.927734375,186.59515380859375,448.50213623046875,0.7958036065101624
356,87,523.9363403320312,292.950927734375,587.4002685546875,471.0076904296875,555.6683349609375,381.97930908203125,0.5474684834480286
356,70,655.5062255859375,316.5921936035156,694.2781982421875,440.722412109375,674.8922119140625,378.65728759765625,0.45461800694465637
357,16,967.1218872070312,436.50177001953125,1025.3150634765625,597.9639282226562,996.218505859375,517.2328491210938,0.8954827785491943
357,8,622.3634643554688,387.1134338378906,680.779052734375,547.2597045898438,651.5712890625,467.18658447265625,0.4522913992404938
357,84,44.3058967590332,544.2684936523438,113.71903228759766,717.97900390625,79.01246643066406,631.123779296875,0.8951360583305359
357,65,873.9203491210938,338.193115234375,937.8472900390625,468.7988586425781,905.8837890625,403.4959716796875,0.8915280103683472
357,3,629.44775390625,527.2869262695312,686.21484375,712.76416015625,657.831298828125,620.0255126953125,0.8737716674804688
357,52,402.4426574707031,293.9242248535156,461.3843688964844,399.8589172363281,431.91351318359375,346.8915710449219,0.8532956838607788
357,68,1203.4224853515625,245.130859375,1265.6168212890625,356.0069885253906,1234.5196533203125,300.56890869140625,0.7466909289360046
357,5,529.5570068359375,347.5877380371094,590.505615234375,542.0728759765625,560.0313110351562,444.830322265625,0.8960981965065002
357,48,333.2091064453125,335.38720703125,376.7989501953125,458.352783203125,355.0040283203125,396.8699951171875,0.8543631434440613
357,96,104.47183227539062,485.17724609375,218.81910705566406,649.1165771484375,161.64547729492188,567.1469116210938,0.8829245567321777
357,97,1201.899169921875,415.31683349609375,1262.3719482421875,561.9738159179688,1232.135498046875,488.64532470703125,0.860381543636322
357,82,137.4279022216797,384.8661804199219,263.17791748046875,508.6066589355469,200.30291748046875,446.7364196777344,0.8771137595176697
357,87,514.350830078125,293.04974365234375,592.0142211914062,450.7664489746094,553.1824951171875,371.9080810546875,0.5661582946777344
358,16,961.6043701171875,439.63702392578125,1019.6220092773438,597.8380126953125,990.6131591796875,518.737548828125,0.9007987380027771
358,8,627.3182983398438,386.27667236328125,674.5912475585938,541.3331909179688,650.9547729492188,463.804931640625,0.5597265958786011
358,84,38.4379768371582,544.9381103515625,107.81734466552734,717.9075317382812,73.1276626586914,631.4228515625,0.906498372554779
358,65,866.0718383789062,339.1054992675781,932.1599731445312,466.5245666503906,899.1159057617188,402.8150329589844,0.8893628120422363
358,3,628.9085693359375,526.2982177734375,682.2056884765625,712.0997924804688,655.55712890625,619.198974609375,0.8793221712112427
358,52,402.04913330078125,293.68359375,465.86700439453125,404.8306579589844,433.95806884765625,349.25714111328125,0.8551773428916931
358,68,1196.781982421875,245.32469177246094,1259.2008056640625,356.45947265625,1227.991455078125,300.89208984375,0.7548695206642151
358,5,521.4346923828125,372.63916015625,585.0531005859375,548.3955688476562,553.243896484375,460.5173645019531,0.8223800659179688
358,48,328.0398254394531,337.0508117675781,375.0506286621094,461.3541259765625,351.54522705078125,399.20245361328125,0.8963104486465454
358,96,99.31078338623047,486.2358703613281,234.01141357421875,654.6416015625,166.66110229492188,570.438720703125,0.8879313468933105
358,97,1189.8216552734375,413.74688720703125,1248.5968017578125,555.7254638671875,1219.209228515625,484.7361755371094,0.826529324054718
358,82,143.0877227783203,374.5499267578125,280.48486328125,511.6752624511719,211.78628540039062,443.11260986328125,0.8589687347412109
358,87,506.4429931640625,302.1647644042969,592.2233276367188,438.09332275390625,549.3331298828125,370.1290283203125,0.6790035367012024
358,88,601.38916015625,176.79563903808594,644.3270874023438,296.0263366699219,622.858154296875,236.41098022460938,0.42099279165267944
358,70,631.8394775390625,318.55419921875,684.8629150390625,430.8412780761719,658.3511962890625,374.69775390625,0.41797319054603577
359,16,954.6649169921875,441.71221923828125,1013.1355590820312,597.1488037109375,983.9002685546875,519.4305419921875,0.8996744751930237
359,8,623.0188598632812,340.5101318359375,674.6822509765625,535.0888061523438,648.8505859375,437.7994689941406,0.6599193215370178
359,84,30.58040428161621,545.748779296875,99.58326721191406,718.7017211914062,65.08183288574219,632.2252197265625,0.907751739025116
359,65,858.4473266601562,339.3130187988281,926.9412231445312,464.4869689941406,892.6942749023438,401.8999938964844,0.8965715765953064
359,3,624.6549682617188,525.5771484375,677.209228515625,711.790283203125,650.93212890625,618.6837158203125,0.8439787030220032
359,52,401.0422668457031,293.9794921875,472.26239013671875,409.3343811035156,436.65234375,351.65692138671875,0.8725424408912659
359,68,1189.4124755859375,244.92465209960938,1250.2396240234375,355.32745361328125,1219.8260498046875,300.12603759765625,0.783229410648346
359,5,513.3291625976562,391.0392150878906,579.3973999023438,553.9944458007812,546.36328125,472.516845703125,0.4979061782360077
359,48,321.1935119628906,339.5340576171875,372.3095397949219,464.11187744140625,346.75152587890625,401.8229675292969,0.915012538433075
359,96,90.9365463256836,488.47662353515625,236.01739501953125,655.3052368164062,163.4769744873047,571.8909301757812,0.852329671382904
359,97,1174.0986328125,411.2259826660156,1233.703369140625,549.2939453125,1203.9010009765625,480.25994873046875,0.8843753337860107
359,82,151.18661499023438,374.1679382324219,288.4269714355469,513.8613891601562,219.80679321289062,444.0146484375,0.8990053534507751
359,87,502.7255859375,298.71453857421875,583.494140625,431.1565856933594,543.10986328125,364.935546875,0.7631835341453552
360,16,946.3819580078125,442.4439392089844,1005.381591796875,596.3612060546875,975.8817749023438,519.402587890625,0.9064228534698486
360,8,614.9403686523438,324.0054016113281,668.211181640625,530.279052734375,641.5758056640625,427.1422119140625,0.6905563473701477
360,84,20.68581199645996,546.9153442382812,90.61495208740234,718.5479736328125,55.65038299560547,632.731689453125,0.893504798412323
360,65,851.7255249023438,339.375,926.0294799804688,462.673095703125,888.8775024414062,401.0240478515625,0.9140371680259705
360,3,617.7677612304688,524.7011108398438,671.7169189453125,712.80126953125,644.7423095703125,618.751220703125,0.8406221270561218
360,52,398.4433288574219,294.868408203125,473.99658203125,412.7515563964844,436.219970703125,353.80999755859375,0.8469470143318176
360,68,1179.888671875,244.3982391357422,1240.630126953125,355.1630554199219,1210.2593994140625,299.7806396484375,0.7391927242279053
360,5,513.3797607421875,403.52825927734375,572.4160766601562,557.1058349609375,542.89794921875,480.3170471191406,0.8521713614463806
360,48,313.38751220703125,341.4381408691406,369.1336364746094,466.27667236328125,341.26055908203125,403.857421875,0.9187330603599548
360,96,87.45429229736328,489.21429443359375,231.20025634765625,654.0145263671875,159.3272705078125,571.6143798828125,0.9072898030281067
360,97,1150.5238037109375,407.22747802734375,1216.91015625,544.65625,1183.717041015625,475.9418640136719,0.7947939038276672
360,82,165.8643798828125,382.642822265625,285.67718505859375,515.4193115234375,225.77078247070312,449.03106689453125,0.8555616140365601
360,87,494.2695617675781,294.3120422363281,571.627197265625,429.50732421875,532.9483642578125,361.90966796875,0.8102282285690308
361,16,936.6654052734375,442.64794921875,996.6903686523438,595.637939453125,966.6778564453125,519.1429443359375,0.8880354166030884
361,8,604.7484130859375,314.6573486328125,653.8323974609375,534.4014892578125,629.2904052734375,424.5294189453125,0.6813416481018066
361,84,10.077686309814453,547.8015747070312,79.36650848388672,718.7966918945312,44.72209930419922,633.2991333007812,0.8898118734359741
361,65,845.0469360351562,339.1539611816406,925.8515014648438,460.6435852050781,885.44921875,399.8987731933594,0.9239776134490967
361,3,608.994140625,524.3902587890625,666.5161743164062,713.2671508789062,637.755126953125,618.8287353515625,0.8740200996398926
361,52,394.5733337402344,296.0093078613281,471.462158203125,414.5521240234375,433.01776123046875,355.28070068359375,0.8353949785232544
361,68,1169.42041015625,244.66973876953125,1230.77392578125,354.3509826660156,1200.09716796875,299.5103759765625,0.6159797310829163
361,5,500.83984375,410.4124450683594,571.2063598632812,556.600341796875,536.0230712890625,483.50640869140625,0.7825350165367126
361,48,305.95166015625,342.75970458984375,364.4757385253906,467.9927978515625,335.21368408203125,405.3762512207031,0.9158740639686584
361,96,91.73441314697266,489.3153381347656,222.47483825683594,654.3074951171875,157.10462951660156,571.8114013671875,0.9107627868652344
361,97,1124.70751953125,402.7266540527344,1198.9495849609375,539.2005004882812,1161.82861328125,470.96356201171875,0.8535096049308777
361,82,190.3756866455078,387.4424133300781,278.8753662109375,516.1416625976562,234.62551879882812,451.79205322265625,0.7297999858856201
361,87,478.521484375,290.8816223144531,568.564697265625,441.277099609375,523.5430908203125,366.079345703125,0.8063097596168518
362,16,924.8643798828125,442.70599365234375,986.1356811523438,594.3279418945312,955.5,518.5169677734375,0.8702069520950317
362,84,0.0,548.8068237304688,67.24726867675781,719.1521606445312,33.623634338378906,633.9794921875,0.8907491564750671
362,65,835.7926635742188,338.86358642578125,924.0732421875,458.1748962402344,879.9329833984375,398.51922607421875,0.8944401741027832
362,3,598.244873046875,524.686279296875,659.8595581054688,711.904052734375,629.05224609375,618.295166015625,0.8581517338752747
362,52,394.3482360839844,296.3280944824219,463.0845947265625,414.7033386230469,428.7164306640625,355.5157165527344,0.8622252345085144
362,68,1156.6781005859375,244.95559692382812,1219.712890625,353.15106201171875,1188.195556640625,299.0533447265625,0.640718936920166
362,5,488.9825134277344,415.11566162109375,560.4056396484375,556.532470703125,524.694091796875,485.8240661621094,0.6876344680786133
362,48,299.8241882324219,343.85540771484375,357.81085205078125,468.3042907714844,328.8175048828125,406.079833984375,0.8917763829231262
362,96,93.21296691894531,489.0892639160156,211.4923095703125,654.8140869140625,152.35263061523438,571.95166015625,0.8989474177360535
362,97,1100.9420166015625,398.8266906738281,1180.38330078125,537.0322875976562,1140.66259765625,467.92950439453125,0.7209594249725342
362,82,177.76051330566406,387.1910400390625,268.96966552734375,517.9639282226562,223.36508178710938,452.5774841308594,0.8442187309265137
362,87,477.2925109863281,290.76556396484375,566.8373413085938,444.6427307128906,522.06494140625,367.70416259765625,0.8053153157234192
363,16,912.3241577148438,441.37969970703125,976.5534057617188,593.4747314453125,944.4387817382812,517.42724609375,0.9115014672279358
363,84,0.0,549.6448364257812,53.27458572387695,719.03759765625,26.637292861938477,634.3411865234375,0.8773630261421204
363,65,825.0213623046875,337.83355712890625,916.034423828125,453.07989501953125,870.5278930664062,395.45672607421875,0.8887130618095398
363,3,588.86376953125,524.7767333984375,650.7299194335938,711.1784057617188,619.796875,617.9775390625,0.8529482483863831
363,52,392.8326721191406,297.6277770996094,452.6611328125,415.4058837890625,422.74688720703125,356.516845703125,0.7989163994789124
363,68,1144.237548828125,244.61444091796875,1207.900390625,352.6069641113281,1176.0689697265625,298.6107177734375,0.6935256719589233
363,5,479.2208251953125,415.54254150390625,546.0994262695312,555.7233276367188,512.66015625,485.6329345703125,0.7887735366821289
363,48,293.5396423339844,344.2867736816406,350.0670166015625,468.2577209472656,321.8033447265625,406.2722473144531,0.8954535722732544
363,96,92.45162200927734,487.32611083984375,202.82476806640625,655.8226928710938,147.63819885253906,571.5744018554688,0.9048691987991333
363,97,1078.3251953125,396.52911376953125,1160.589599609375,531.841552734375,1119.4573974609375,464.1853332519531,0.6568568348884583
363,82,194.52725219726562,385.5480651855469,259.37322998046875,517.1661376953125,226.9502410888672,451.35711669921875,0.7810762524604797
363,87,475.7273254394531,292.7243347167969,560.6644897460938,447.4385070800781,518.1959228515625,370.0814208984375,0.8360638618469238
363,70,594.1739501953125,312.92999267578125,641.8740844726562,441.76263427734375,618.0240478515625,377.3463134765625,0.4514666497707367
363,8,576.7278442382812,287.2972106933594,632.5722045898438,535.9475708007812,604.6500244140625,411.62237548828125,0.6603776812553406
364,16,902.7630615234375,441.2663269042969,968.0260620117188,592.9351806640625,935.39453125,517.1007690429688,0.875411331653595
364,84,0.0,550.78564453125,39.28022003173828,718.6474609375,19.64011001586914,634.716552734375,0.8623058795928955
364,65,815.2778930664062,337.67218017578125,907.9623413085938,450.65203857421875,861.6201171875,394.162109375,0.8807141184806824
364,3,579.4614868164062,524.1448974609375,641.8659057617188,709.8280029296875,610.6636962890625,616.9864501953125,0.8613080382347107
364,52,390.64483642578125,297.5919494628906,443.4661865234375,416.7092590332031,417.0555114746094,357.1506042480469,0.8247277140617371
364,68,1132.224365234375,246.4071044921875,1195.807861328125,352.2324523925781,1164.01611328125,299.31976318359375,0.6197249293327332
364,5,469.0818176269531,416.0755310058594,534.4671020507812,557.2431640625,501.77447509765625,486.65936279296875,0.854833722114563
364,48,288.219482421875,344.2293395996094,341.9441833496094,468.6921081542969,315.08184814453125,406.4607238769531,0.8993157744407654
364,96,91.85681915283203,485.4705810546875,196.3897705078125,656.733154296875,144.123291015625,571.1018676757812,0.9049868583679199
364,97,1057.500732421875,396.1414489746094,1142.177978515625,530.186279296875,1099.83935546875,463.16387939453125,0.8514173030853271
364,82,201.27545166015625,381.7869567871094,262.4366149902344,518.0349731445312,231.8560333251953,449.91094970703125,0.8328840136528015
364,87,475.7818908691406,303.2137451171875,551.32666015625,447.7540283203125,513.5542602539062,375.48388671875,0.6870524287223816
364,70,582.9617309570312,309.5264892578125,637.7244262695312,444.4841003417969,610.3430786132812,377.00531005859375,0.6489269137382507
364,8,565.3970947265625,285.6907653808594,620.1863403320312,532.8740844726562,592.791748046875,409.28240966796875,0.5975989699363708
365,16,893.980712890625,440.8899230957031,959.572509765625,592.78662109375,926.776611328125,516.8382568359375,0.8545936346054077
365,84,0.0,551.4575805664062,26.622236251831055,718.1803588867188,13.311118125915527,634.8189697265625,0.80903559923172
365,65,806.7569580078125,337.98309326171875,900.7345581054688,449.25994873046875,853.7457275390625,393.62152099609375,0.8541277647018433
365,3,571.6845703125,523.9168090820312,633.2489624023438,709.2142944335938,602.466796875,616.5655517578125,0.8634743690490723
365,52,388.9541931152344,297.6617736816406,436.30816650390625,416.9701843261719,412.63116455078125,357.31597900390625,0.8474058508872986
365,68,1121.3851318359375,247.00682067871094,1181.9921875,351.6833190917969,1151.688720703125,299.3450622558594,0.6375075578689575
365,5,458.5738220214844,415.6950988769531,523.2621459960938,560.4176635742188,490.91796875,488.056396484375,0.8561378121376038
365,48,282.28173828125,343.5803527832031,332.23150634765625,468.30645751953125,307.2566223144531,405.94342041015625,0.8588623404502869
365,96,95.34883880615234,482.8695983886719,191.74424743652344,654.0573120117188,143.54653930664062,568.4634399414062,0.8832786083221436
365,97,1039.7882080078125,397.0413513183594,1124.1094970703125,532.841796875,1081.9488525390625,464.94158935546875,0.8405323028564453
365,82,202.045166015625,376.9204406738281,275.0292053222656,518.0391845703125,238.5371856689453,447.47979736328125,0.8770957589149475
365,87,470.6513366699219,306.2637939453125,540.1961059570312,449.71533203125,505.4237060546875,377.98956298828125,0.6847521662712097
365,70,579.4844970703125,314.52789306640625,635.017333984375,446.46539306640625,607.2509155273438,380.49664306640625,0.6804841160774231
365,8,550.0728759765625,281.1162414550781,609.844970703125,531.7255859375,579.9589233398438,406.4208984375,0.719186007976532
366,16,889.4188842773438,440.81597900390625,951.0772094726562,596.2974243164062,920.248046875,518.5567016601562,0.876424252986908
366,65,800.25244140625,338.9773864746094,895.3650512695312,447.15423583984375,847.8087158203125,393.0657958984375,0.8813145160675049
366,3,563.5379028320312,523.7962646484375,625.392333984375,709.1426391601562,594.465087890625,616.469482421875,0.878378689289093
366,52,384.65679931640625,296.3346252441406,432.330078125,417.3233337402344,408.4934387207031,356.8289794921875,0.8638622760772705
366,68,1111.439453125,247.26776123046875,1168.802001953125,351.10308837890625,1140.1207275390625,299.1854248046875,0.6877622008323669
366,5,447.595947265625,416.71807861328125,513.947021484375,562.99609375,480.771484375,489.8570861816406,0.8722190856933594
366,48,275.7073974609375,342.5911560058594,323.2906799316406,466.2377014160156,299.4990234375,404.4144287109375,0.8191348910331726
366,96,104.85582733154297,478.87762451171875,200.2444610595703,655.6392211914062,152.55014038085938,567.2584228515625,0.8842042088508606
366,97,1027.52685546875,400.0528259277344,1107.3504638671875,532.9359130859375,1067.438720703125,466.494384765625,0.9105458855628967
366,82,202.076904296875,373.18603515625,283.7319641113281,519.257080078125,242.90443420410156,446.2215576171875,0.9226933717727661
366,87,462.352294921875,306.89581298828125,527.9043579101562,454.4148864746094,495.1283264160156,380.65533447265625,0.7991071343421936
366,70,569.327880859375,314.6553955078125,634.6139526367188,447.0246887207031,601.970947265625,380.84002685546875,0.4638845920562744
366,8,537.6334228515625,279.0165100097656,600.7952270507812,532.2136840820312,569.21435546875,405.6151123046875,0.6738359928131104
367,16,885.7833862304688,440.67449951171875,942.370849609375,597.49169921875,914.0771484375,519.0831298828125,0.8758910298347473
367,65,798.5415649414062,340.6730041503906,892.4069213867188,445.3192138671875,845.4742431640625,392.99609375,0.8953465819358826
367,3,556.0012817382812,523.7067260742188,617.4482421875,708.1116943359375,586.7247314453125,615.9091796875,0.7139262557029724
367,52,378.23797607421875,294.28228759765625,428.3110046386719,416.9488525390625,403.27447509765625,355.6155700683594,0.8380312323570251
367,68,1102.1392822265625,246.7748565673828,1159.121337890625,350.4366760253906,1130.63037109375,298.60577392578125,0.6391648650169373
367,5,437.6947021484375,418.794921875,502.1788635253906,563.9351806640625,469.936767578125,491.36505126953125,0.8837472200393677
367,48,269.1523742675781,341.3956298828125,313.5005187988281,464.1766052246094,291.3264465332031,402.7861328125,0.8522103428840637
367,96,113.99687957763672,475.0184020996094,209.52459716796875,655.6364135742188,161.7607421875,565.327392578125,0.9085966944694519
367,97,1017.7515869140625,403.51776123046875,1091.0576171875,532.9978637695312,1054.404541015625,468.2578125,0.8775291442871094
367,82,199.39019775390625,371.05133056640625,285.683349609375,519.0462646484375,242.53677368164062,445.0487976074219,0.9216145277023315
367,87,456.5263671875,309.20684814453125,514.6010131835938,459.5963439941406,485.5636901855469,384.401611328125,0.8315507769584656
367,70,561.991455078125,316.2874755859375,630.9472045898438,446.74554443359375,596.4693603515625,381.5165100097656,0.712472677230835
367,8,531.8080444335938,282.4254150390625,592.4927368164062,529.9238891601562,562.150390625,406.1746520996094,0.6226576566696167
368,16,877.6555786132812,441.072265625,932.76416015625,596.1539916992188,905.2098388671875,518.6131591796875,0.8628273606300354
368,65,796.293701171875,341.8798828125,889.26025390625,443.0166320800781,842.7769775390625,392.4482421875,0.8682153224945068
368,3,546.2288208007812,522.394775390625,609.3623046875,707.5457153320312,577.7955322265625,614.97021484375,0.8712400794029236
368,52,370.4906005859375,292.89239501953125,431.5232238769531,417.423095703125,401.00689697265625,355.1577453613281,0.8657077550888062
368,68,1091.11376953125,245.55393981933594,1145.8651123046875,348.492431640625,1118.489501953125,297.023193359375,0.5795646905899048
368,5,428.28656005859375,420.839599609375,489.1925354003906,565.3370971679688,458.73956298828125,493.0883483886719,0.880376935005188
368,48,260.6782531738281,341.89288330078125,309.3490905761719,466.7147521972656,285.013671875,404.3038330078125,0.7934751510620117
368,96,113.46402740478516,471.25762939453125,212.0668182373047,655.4560546875,162.7654266357422,563.3568115234375,0.9142069220542908
368,97,1005.8613891601562,406.05902099609375,1075.2830810546875,531.2589721679688,1040.572265625,468.65899658203125,0.8960848450660706
368,82,194.70846557617188,370.9358215332031,281.18841552734375,518.5126953125,237.9484405517578,444.7242431640625,0.9060629606246948
368,87,449.57568359375,314.83575439453125,503.37506103515625,466.4002685546875,476.4753723144531,390.6180114746094,0.8390163779258728
368,70,548.4786376953125,317.6665954589844,625.0738525390625,447.0876770019531,586.7762451171875,382.37713623046875,0.7179873585700989
368,8,524.4691772460938,300.1284484863281,584.3875122070312,522.923583984375,554.4283447265625,411.5260009765625,0.47263193130493164
369,16,867.0758056640625,441.2148742675781,921.1024780273438,594.6171875,894.089111328125,517.916015625,0.8806741237640381
369,65,787.0708618164062,343.0866394042969,885.076171875,442.8643493652344,836.073486328125,392.9754943847656,0.8245545029640198
369,3,535.5413208007812,521.7789916992188,598.9805297851562,706.7767333984375,567.2609252929688,614.27783203125,0.8118369579315186
369,52,360.8796691894531,291.33709716796875,427.0869445800781,417.29364013671875,393.9833068847656,354.31536865234375,0.8711131811141968
369,68,1077.9757080078125,244.13148498535156,1136.935791015625,346.01776123046875,1107.455810546875,295.0746154785156,0.544531524181366
369,5,415.8829040527344,423.28240966796875,477.3123779296875,565.8375854492188,446.59765625,494.55999755859375,0.8518275022506714
369,48,250.35032653808594,342.3346252441406,306.106689453125,464.3282165527344,278.228515625,403.3314208984375,0.8768999576568604
369,96,108.70934295654297,467.831298828125,204.5840301513672,653.763671875,156.6466827392578,560.7974853515625,0.9012701511383057
369,97,991.4503784179688,407.36566162109375,1058.6729736328125,530.1802368164062,1025.0616455078125,468.77294921875,0.8671813011169434
369,82,186.9800262451172,369.9331359863281,270.81597900390625,517.4818115234375,228.89801025390625,443.70745849609375,0.8987381458282471
369,87,439.8621826171875,321.6094055175781,492.9378967285156,476.7712097167969,466.4000244140625,399.1903076171875,0.8007654547691345
369,70,538.5875244140625,319.1596984863281,616.1527709960938,447.1419372558594,577.3701171875,383.15081787109375,0.5679498910903931
369,8,513.8029174804688,286.5108337402344,576.13818359375,520.1483154296875,544.9705810546875,403.32958984375,0.48074132204055786
370,16,854.1575927734375,439.50701904296875,907.4479370117188,592.5210571289062,880.802734375,516.0140380859375,0.8778206706047058
370,65,772.9307250976562,343.23529052734375,874.2832641601562,441.345458984375,823.6069946289062,392.2903747558594,0.8321951627731323
370,3,522.8558349609375,520.8428955078125,587.337158203125,705.82666015625,555.0964965820312,613.3347778320312,0.882430374622345
370,52,348.40899658203125,289.72845458984375,416.0346984863281,414.8269958496094,382.22186279296875,352.2777099609375,0.8438674807548523
370,68,1062.6455078125,242.22711181640625,1123.50634765625,343.25848388671875,1093.075927734375,292.7427978515625,0.5400947332382202
370,5,400.4655456542969,424.2770080566406,463.2556457519531,567.4259033203125,431.860595703125,495.8514404296875,0.8712178468704224
370,48,237.57913208007812,343.8473205566406,300.30224609375,461.3257751464844,268.940673828125,402.5865478515625,0.8308811783790588
370,96,101.2787094116211,464.9560241699219,191.4501953125,650.5652465820312,146.3644561767578,557.7606201171875,0.8528515100479126
370,97,971.7280883789062,406.443359375,1040.6287841796875,527.0586547851562,1006.178466796875,466.7510070800781,0.8884071111679077
370,82,177.3415985107422,367.9483947753906,256.9718933105469,516.62060546875,217.15673828125,442.28448486328125,0.8745705485343933
370,87,425.8343811035156,328.2822265625,482.54840087890625,488.8646545410156,454.19140625,408.57342529296875,0.7841286063194275
370,70,518.9763793945312,320.6448669433594,604.6307373046875,444.2617492675781,561.8035888671875,382.45330810546875,0.7354666590690613
371,16,836.174560546875,436.654296875,890.3470458984375,589.1973266601562,863.2608032226562,512.92578125,0.8486997485160828
371,65,756.1963500976562,342.2663269042969,854.3632202148438,438.5237731933594,805.27978515625,390.3950500488281,0.8610132932662964
371,3,506.52899169921875,518.896240234375,571.098388671875,704.2074584960938,538.813720703125,611.5518798828125,0.8629719614982605
371,52,331.2523498535156,288.8780212402344,399.87017822265625,412.5235595703125,365.561279296875,350.7008056640625,0.7449840307235718
371,68,1043.0552978515625,241.20201110839844,1102.0953369140625,340.7243347167969,1072.5753173828125,290.9631652832031,0.4040636122226715
371,5,381.70684814453125,424.15655517578125,442.5803527832031,569.9013671875,412.14361572265625,497.0289611816406,0.6618871092796326
371,48,218.01707458496094,346.4242858886719,289.0675048828125,460.35546875,253.54229736328125,403.389892578125,0.6534180045127869
371,96,91.74166870117188,462.2630310058594,173.02561950683594,647.1701049804688,132.38363647460938,554.716552734375,0.8329594731330872
371,97,950.9088745117188,402.8668518066406,1018.535888671875,523.8927612304688,984.722412109375,463.37982177734375,0.8349359035491943
371,82,167.63429260253906,363.9114685058594,238.3461456298828,514.0338745117188,202.99021911621094,438.97265625,0.8141539692878723
371,87,408.8365173339844,336.19091796875,466.9272766113281,498.90435791015625,437.88189697265625,417.5476379394531,0.5842925906181335
371,70,497.0015563964844,320.127685546875,588.4620971679688,442.72967529296875,542.7318115234375,381.4286804199219,0.5912543535232544
372,16,815.1057739257812,433.7193908691406,870.3963623046875,586.6137084960938,842.7510986328125,510.16656494140625,0.8327100872993469
372,65,735.7748413085938,340.14495849609375,837.1524047851562,436.6963806152344,786.463623046875,388.420654296875,0.8019946813583374
372,3,485.5609436035156,516.9268798828125,551.3541259765625,701.6875610351562,518.45751953125,609.3072509765625,0.8554965257644653
372,52,310.6297302246094,286.7833557128906,377.8835754394531,410.6897888183594,344.25665283203125,348.736572265625,0.7710024118423462
372,5,357.1462097167969,424.0456848144531,417.8765869140625,573.8712158203125,387.51141357421875,498.95843505859375,0.7086699604988098
372,48,191.3480682373047,349.75079345703125,270.03863525390625,490.6517639160156,230.693359375,420.2012939453125,0.4636930525302887
372,96,76.7900619506836,458.19549560546875,149.6302947998047,644.2283325195312,113.21017456054688,551.2119140625,0.8483633399009705
372,97,928.7211303710938,398.3221740722656,994.2621459960938,520.85791015625,961.4916381835938,459.59002685546875,0.8649017214775085
372,82,150.47479248046875,359.1042785644531,214.7201385498047,511.14739990234375,182.59747314453125,435.1258544921875,0.7388424873352051
372,87,387.89239501953125,346.9069519042969,441.94171142578125,500.80194091796875,414.91705322265625,423.85443115234375,0.4847975969314575
372,70,484.0810241699219,318.8981628417969,567.1521606445312,440.244384765625,525.6165771484375,379.5712890625,0.563444972038269
373,16,794.365478515625,429.7727966308594,850.7529296875,584.984375,822.5592041015625,507.37860107421875,0.8310143351554871
373,65,714.7711791992188,337.6796569824219,818.9917602539062,436.4219665527344,766.8814697265625,387.0508117675781,0.7870261669158936
373,3,465.06890869140625,516.2164306640625,531.6206665039062,700.7479248046875,498.34478759765625,608.482177734375,0.8547648191452026
373,52,290.4436340332031,285.2650146484375,355.51116943359375,409.0074157714844,322.9774169921875,347.13623046875,0.698195219039917
373,5,332.5632019042969,425.9830017089844,391.96441650390625,585.3892822265625,362.2637939453125,505.6861572265625,0.7775421142578125
373,96,57.9743537902832,454.46246337890625,126.5820541381836,641.5513305664062,92.27820587158203,548.0068969726562,0.814348042011261
373,97,904.9503784179688,394.7519836425781,971.2467041015625,518.8912963867188,938.0985107421875,456.8216552734375,0.8399695754051208
373,82,133.71925354003906,355.3768615722656,191.03506469726562,510.5649108886719,162.37716674804688,432.97088623046875,0.5952903032302856
373,87,367.13446044921875,357.8803405761719,418.5439758300781,502.0588073730469,392.8392333984375,429.9695739746094,0.49000298976898193
373,70,457.89227294921875,317.6837158203125,543.9022827148438,439.1029052734375,500.89727783203125,378.393310546875,0.4253956377506256
374,16,772.87939453125,425.871337890625,832.41552734375,584.1378784179688,802.6474609375,505.0046081542969,0.8285067081451416
374,65,692.593505859375,333.5795593261719,798.7783813476562,436.6388854980469,745.6859130859375,385.1092224121094,0.8010517954826355
374,3,443.4232482910156,515.872314453125,509.7587585449219,701.5357055664062,476.59100341796875,608.7039794921875,0.8546686768531799
374,52,269.0569152832031,283.9950256347656,332.7342834472656,408.600830078125,300.8955993652344,346.29791259765625,0.7171298861503601
374,5,306.52545166015625,427.70947265625,369.2306823730469,593.0935668945312,337.8780517578125,510.4015197753906,0.8165773749351501
374,96,37.22190475463867,451.528076171875,105.73246765136719,636.1513061523438,71.47718811035156,543.8397216796875,0.8758525848388672
374,97,880.2546997070312,391.0691223144531,946.38916015625,517.3600463867188,913.3218994140625,454.214599609375,0.8823711276054382
374,82,114.38196563720703,352.9421081542969,166.65025329589844,505.3391418457031,140.51611328125,429.140625,0.5912111401557922
374,87,344.6603088378906,366.5619812011719,402.7702331542969,509.9291076660156,373.71527099609375,438.24554443359375,0.6734534502029419
375,16,752.2833862304688,420.6607360839844,813.5149536132812,582.9402465820312,782.899169921875,501.80047607421875,0.861979067325592
375,65,671.3299560546875,328.3121643066406,772.6765747070312,433.667236328125,722.0032958984375,380.98968505859375,0.8033847808837891
375,3,420.8493957519531,515.482177734375,487.828857421875,702.8021240234375,454.339111328125,609.1421508789062,0.8368780016899109
375,52,247.0509796142578,282.7961120605469,308.5541076660156,407.7530822753906,277.80255126953125,345.27459716796875,0.6259925365447998
375,5,280.475830078125,429.0260925292969,345.07080078125,596.4425048828125,312.7733154296875,512.7343139648438,0.8099473714828491
375,96,14.76571273803711,448.8402404785156,83.6156005859375,637.1615600585938,49.19065856933594,543.0009155273438,0.8802620768547058
375,97,852.6631469726562,388.18682861328125,923.716552734375,513.5873413085938,888.1898193359375,450.8870849609375,0.8554278612136841
375,82,92.8473129272461,351.1820983886719,142.1411590576172,509.2443542480469,117.49423217773438,430.2132263183594,0.638853132724762
375,87,320.5541687011719,372.5448303222656,378.04388427734375,514.7664184570312,349.29901123046875,443.6556396484375,0.40613827109336853
375,103,1209.5101318359375,496.21710205078125,1268.914794921875,697.3377075195312,1239.21240234375,596.7774047851562,0.8364238142967224
376,16,733.38330078125,416.0125427246094,796.4705200195312,583.1776123046875,764.9268798828125,499.5950927734375,0.8604044914245605
376,65,651.0587768554688,322.51239013671875,750.26318359375,431.8482971191406,700.6610107421875,377.18035888671875,0.7505760788917542
376,3,399.2830810546875,516.1951293945312,466.5282897949219,704.761962890625,432.90570068359375,610.478515625,0.8403452038764954
376,52,224.7838592529297,280.8402404785156,285.8817443847656,407.9101257324219,255.33279418945312,344.37518310546875,0.7039511203765869
376,5,255.99618530273438,429.4838562011719,321.74737548828125,598.7697143554688,288.87176513671875,514.1267700195312,0.704853355884552
376,96,0.0,447.03564453125,61.1968994140625,639.8526611328125,30.59844970703125,543.4441528320312,0.6708205938339233
376,97,827.305908203125,386.51873779296875,903.2920532226562,510.6270751953125,865.2989501953125,448.5729064941406,0.8404505848884583
376,82,70.10717010498047,351.3211364746094,123.54679870605469,512.9185791015625,96.82698059082031,432.119873046875,0.6495237350463867
376,87,298.014404296875,376.4888916015625,361.0111999511719,516.4666137695312,329.5128173828125,446.4777526855469,0.4130483865737915
376,103,1188.446044921875,494.34930419921875,1249.5128173828125,694.3325805664062,1218.9794921875,594.3409423828125,0.8459476232528687
376,48,100.24960327148438,361.0112609863281,175.9681854248047,468.4307861328125,138.10888671875,414.72100830078125,0.4074554741382599
377,16,714.8890991210938,412.2929992675781,778.4910888671875,582.9129638671875,746.6900634765625,497.60296630859375,0.8465869426727295
377,65,631.393798828125,316.5486755371094,730.5746459960938,431.7284851074219,680.9842529296875,374.1385803222656,0.8339376449584961
377,3,377.4807434082031,516.4660034179688,444.4964904785156,705.8358154296875,410.9886169433594,611.15087890625,0.8126873970031738
377,52,201.99053955078125,280.1685485839844,261.559814453125,407.0178527832031,231.77517700195312,343.59320068359375,0.6175575256347656
377,5,228.89308166503906,428.8821105957031,298.021240234375,601.5043334960938,263.4571533203125,515.1932373046875,0.7566229104995728
377,96,0.0,447.4709777832031,41.7773551940918,638.0946655273438,20.8886775970459,542.7828369140625,0.5642951726913452
377,97,803.3729858398438,387.6116943359375,883.3151245117188,506.57855224609375,843.3440551757812,447.0951232910156,0.8750156760215759
377,82,46.25623321533203,352.4665832519531,105.29368591308594,512.232421875,75.77496337890625,432.3494873046875,0.5593767166137695
377,87,273.8216247558594,379.5318603515625,340.883056640625,518.5536499023438,307.35235595703125,449.0427551269531,0.5418856143951416
377,103,1167.319091796875,492.95440673828125,1228.3311767578125,692.3626708984375,1197.8251953125,592.6585693359375,0.8738829493522644
377,48,75.22872924804688,361.8658142089844,149.3660125732422,503.07293701171875,112.29737091064453,432.4693603515625,0.6076603531837463
377,70,383.610107421875,307.178466796875,447.0213928222656,404.39404296875,415.31573486328125,355.7862548828125,0.6004603505134583
378,16,695.1423950195312,410.0108642578125,759.245849609375,583.435302734375,727.194091796875,496.72308349609375,0.8598619103431702
378,65,617.9859008789062,312.56036376953125,710.0272216796875,432.5256652832031,664.006591796875,372.54302978515625,0.8321384787559509
378,3,354.04327392578125,518.2506713867188,422.119873046875,708.9176025390625,388.0815734863281,613.5841064453125,0.8518191576004028
378,52,178.68472290039062,280.15667724609375,236.13571166992188,407.8307800292969,207.41021728515625,343.99371337890625,0.6869531869888306
378,5,203.59097290039062,428.8270568847656,273.58746337890625,604.9321899414062,238.58921813964844,516.879638671875,0.7858739495277405
378,97,782.7688598632812,388.8260498046875,863.4242553710938,500.4432678222656,823.0965576171875,444.6346435546875,0.8640877604484558
378,82,23.0566463470459,355.77484130859375,86.64334869384766,513.7977905273438,54.849998474121094,434.78631591796875,0.721171498298645
378,103,1146.4793701171875,491.16558837890625,1207.7947998046875,690.9403076171875,1177.1370849609375,591.052978515625,0.8457708358764648
378,48,52.6419563293457,361.0342712402344,124.65941619873047,511.9452819824219,88.65068817138672,436.4897766113281,0.4085700511932373
378,104,334.6564025878906,371.3428649902344,424.5682067871094,537.6455078125,379.6123046875,454.49420166015625,0.5943681001663208
378,70,365.8767395019531,305.4917297363281,424.6895751953125,400.8748779296875,395.28314208984375,353.18328857421875,0.5863403677940369
379,16,676.422607421875,408.985595703125,743.8251342773438,583.291015625,710.1239013671875,496.1383056640625,0.8681181073188782
379,65,607.9180297851562,309.4883117675781,690.04052734375,434.0946044921875,648.979248046875,371.79144287109375,0.8576087355613708
379,3,331.7002868652344,516.2324829101562,400.4609069824219,710.8642578125,366.0805969238281,613.54833984375,0.8638216853141785
379,52,155.24508666992188,281.17822265625,211.72886657714844,409.64007568359375,183.48696899414062,345.4091491699219,0.7222796678543091
379,5,176.37998962402344,428.98565673828125,248.5749053955078,607.768310546875,212.47744750976562,518.376953125,0.8452408313751221
379,97,767.375732421875,388.39068603515625,844.5709228515625,493.6995544433594,805.9733276367188,441.04510498046875,0.8605424165725708
379,82,1.0343831777572632,357.21905517578125,84.53715515136719,519.836669921875,42.785770416259766,438.5278625488281,0.6421962976455688
379,103,1127.3316650390625,490.109619140625,1187.74072265625,690.3422241210938,1157.5361328125,590.2259521484375,0.873199462890625
379,68,874.5745239257812,226.2854461669922,927.3248901367188,326.12493896484375,900.94970703125,276.2052001953125,0.4274095296859741
380,16,654.6107177734375,409.22601318359375,731.5706787109375,582.4496459960938,693.0906982421875,495.83782958984375,0.8954269886016846
380,65,598.284912109375,306.1449890136719,672.05712890625,435.1074523925781,635.1710205078125,370.626220703125,0.8533709049224854
380,3,309.445556640625,516.51318359375,378.2047119140625,713.0801391601562,343.82513427734375,614.796630859375,0.8195806741714478
380,52,131.6785125732422,282.6393127441406,187.39842224121094,412.44757080078125,159.53846740722656,347.54345703125,0.54889315366745
380,5,149.1785888671875,427.0520324707031,224.7259063720703,610.7373046875,186.95223999023438,518.8946533203125,0.8596563339233398
380,97,760.209228515625,388.5382995605469,826.0908813476562,490.068115234375,793.1500244140625,439.30322265625,0.8200510144233704
380,103,1108.7440185546875,488.7118225097656,1169.2998046875,689.2536010742188,1139.02197265625,588.9827270507812,0.8972544074058533
380,105,1214.178955078125,231.43313598632812,1260.5047607421875,303.05706787109375,1237.341796875,267.2451171875,0.5360062122344971
380,68,855.7290649414062,224.97732543945312,909.1390380859375,324.8620910644531,882.43408203125,274.9197082519531,0.4810444414615631
380,87,199.47647094726562,388.9984130859375,266.9388427734375,521.7540893554688,233.20765686035156,455.3762512207031,0.405987024307251
380,104,292.3467102050781,382.1601867675781,372.6809997558594,544.5196533203125,332.51385498046875,463.33990478515625,0.5086376667022705
380,70,321.04937744140625,306.4081115722656,373.4970397949219,405.44818115234375,347.273193359375,355.92816162109375,0.48040860891342163
381,16,635.158935546875,410.9548034667969,720.2897338867188,583.4645385742188,677.724365234375,497.20965576171875,0.9158419966697693
381,65,583.8681640625,304.3296813964844,657.3327026367188,437.8218994140625,620.6004638671875,371.0758056640625,0.8918671607971191
381,3,288.69830322265625,519.8529052734375,357.4176025390625,715.786865234375,323.0579528808594,617.8198852539062,0.8622502684593201
381,52,108.8149642944336,284.0690612792969,164.22653198242188,413.53131103515625,136.520751953125,348.8001708984375,0.7364493012428284
381,5,120.71630096435547,426.8752136230469,201.96572875976562,613.240966796875,161.3410186767578,520.05810546875,0.867880642414093
381,97,749.055908203125,390.6391296386719,809.0307006835938,489.5357666015625,779.0433349609375,440.08746337890625,0.8646238446235657
381,103,1092.055419921875,487.9174499511719,1151.630126953125,690.0217895507812,1121.8427734375,588.9696044921875,0.8748384714126587
381,105,1197.250732421875,230.7890625,1243.470947265625,301.77178955078125,1220.36083984375,266.2804260253906,0.6428569555282593
381,68,838.410888671875,224.611572265625,891.6060180664062,324.04339599609375,865.0084228515625,274.3274841308594,0.6228319406509399
381,87,175.46734619140625,392.4929504394531,246.17677307128906,524.6390380859375,210.82205200195312,458.56597900390625,0.5832492113113403
381,104,292.8995056152344,390.758056640625,352.2673034667969,548.5098876953125,322.5834045410156,469.63397216796875,0.6289764046669006
381,70,300.02587890625,310.0411071777344,354.8949279785156,411.6524658203125,327.46038818359375,360.8468017578125,0.6337893605232239
382,16,619.4940795898438,414.3324279785156,708.2030029296875,584.7383422851562,663.8485107421875,499.535400390625,0.9215298891067505
382,65,569.262451171875,303.71356201171875,646.0277709960938,439.30401611328125,607.6451416015625,371.5087890625,0.8923819661140442
382,3,268.9499206542969,521.4649658203125,339.2083435058594,718.13525390625,304.0791320800781,619.8001098632812,0.8934560418128967
382,52,87.93889617919922,285.60107421875,143.92015075683594,428.2130432128906,115.92951965332031,356.90704345703125,0.8233062624931335
382,5,92.79295349121094,428.29364013671875,181.00550842285156,616.0758666992188,136.89923095703125,522.1847534179688,0.876571536064148
382,97,735.7317504882812,393.97723388671875,793.611083984375,488.770263671875,764.67138671875,441.3737487792969,0.808767557144165
382,103,1076.907470703125,487.0230712890625,1136.43701171875,688.5858764648438,1106.6722412109375,587.804443359375,0.9001980423927307
382,105,1182.673583984375,228.50936889648438,1228.03564453125,299.67449951171875,1205.3546142578125,264.0919189453125,0.7242012023925781
382,68,823.2172241210938,223.47613525390625,877.201904296875,323.0434265136719,850.2095947265625,273.259765625,0.7076337933540344
382,87,154.88259887695312,395.15252685546875,226.51718139648438,527.5580444335938,190.69989013671875,461.35528564453125,0.6173332333564758
382,104,261.28985595703125,397.6452331542969,340.56719970703125,552.2459106445312,300.92852783203125,474.945556640625,0.6390953063964844
382,70,284.5829772949219,315.056640625,340.27301025390625,418.0909729003906,312.427978515625,366.57379150390625,0.6462607383728027
383,16,606.7028198242188,416.1944580078125,698.9856567382812,586.8952026367188,652.84423828125,501.5448303222656,0.9143020510673523
383,65,554.2476196289062,303.46380615234375,640.7607421875,439.1508483886719,597.504150390625,371.30731201171875,0.8835853338241577
383,3,253.68336486816406,526.2596435546875,323.5816955566406,719.43505859375,288.6325378417969,622.8473510742188,0.8825602531433105
383,52,71.19133758544922,287.0523986816406,126.85962677001953,434.97552490234375,99.02548217773438,361.01397705078125,0.7764420509338379
383,5,72.67427062988281,431.5387268066406,163.93984985351562,619.4324340820312,118.30706024169922,525.485595703125,0.894629955291748
383,97,722.5529174804688,397.8524475097656,787.7750244140625,486.93475341796875,755.1639404296875,442.39361572265625,0.740402340888977
383,103,1067.664794921875,487.1815185546875,1126.0023193359375,689.650634765625,1096.83349609375,588.4160766601562,0.8926904797554016
383,105,1172.4351806640625,225.98648071289062,1216.81201171875,299.4291687011719,1194.62353515625,262.70782470703125,0.7636646032333374
383,68,813.4108276367188,221.9521942138672,866.0098266601562,322.88543701171875,839.7103271484375,272.4188232421875,0.7481276988983154
383,87,138.94039916992188,396.4683837890625,210.7381134033203,528.7196044921875,174.83926391601562,462.593994140625,0.5881838798522949
383,104,255.9429473876953,402.8816223144531,331.5025329589844,555.0406494140625,293.7227478027344,478.96112060546875,0.8360989093780518
383,70,275.9298095703125,318.4189453125,335.3553771972656,416.30364990234375,305.642578125,367.3612976074219,0.6750917434692383
384,16,600.3111572265625,417.81341552734375,694.395263671875,589.2901000976562,647.3532104492188,503.5517578125,0.9153247475624084
384,65,547.0279541015625,304.26483154296875,638.8558959960938,440.3493347167969,592.94189453125,372.30706787109375,0.9109816551208496
384,3,245.2104949951172,529.4039306640625,314.9917297363281,719.97314453125,280.1011047363281,624.6885375976562,0.8942737579345703
384,52,59.91136932373047,289.0248718261719,114.74256134033203,439.5200500488281,87.32696533203125,364.2724609375,0.8705267310142517
384,5,59.474403381347656,433.4795837402344,155.44139099121094,623.732421875,107.45790100097656,528.6060180664062,0.9027009606361389
384,97,724.6243286132812,400.7935485839844,797.28564453125,483.02667236328125,760.9549560546875,441.91009521484375,0.4105157256126404
384,103,1064.746826171875,488.52020263671875,1121.0643310546875,691.10498046875,1092.905517578125,589.8126220703125,0.9058166146278381
384,105,1169.077880859375,226.0677032470703,1213.209228515625,299.4417419433594,1191.1435546875,262.7547302246094,0.7845821380615234
384,68,808.9324951171875,220.91238403320312,860.6433715820312,323.666015625,834.7879638671875,272.2891845703125,0.8626524806022644
384,87,126.1544418334961,396.66204833984375,200.79434204101562,528.3855590820312,163.47439575195312,462.5238037109375,0.7798163294792175
384,104,251.40310668945312,408.8406677246094,329.4396057128906,558.0455932617188,290.4213562011719,483.443115234375,0.8487996459007263
384,70,268.1794128417969,320.9664001464844,331.0371398925781,447.56097412109375,299.6082763671875,384.263671875,0.4951015114784241
384,107,1142.61181640625,125.82453155517578,1179.0372314453125,177.97425842285156,1160.824462890625,151.89939880371094,0.4027419686317444
385,16,598.8196411132812,417.72283935546875,694.3632202148438,591.4443969726562,646.5914306640625,504.5836181640625,0.9121273159980774
385,65,547.84765625,305.1531677246094,646.6487426757812,441.104736328125,597.2481689453125,373.12896728515625,0.9103082418441772
385,3,241.82406616210938,532.1184692382812,312.0635986328125,719.8352661132812,276.94384765625,625.9768676757812,0.9085723757743835
385,52,55.98189926147461,289.5874328613281,110.13672637939453,441.2816467285156,83.05931091308594,365.4345397949219,0.8873408436775208
385,103,1066.212890625,489.57989501953125,1122.7755126953125,693.5094604492188,1094.494140625,591.544677734375,0.9108622670173645
385,105,1169.916259765625,225.46047973632812,1214.86279296875,299.8647155761719,1192.3895263671875,262.66259765625,0.7402390837669373
385,68,809.146484375,220.11521911621094,860.1629638671875,324.42535400390625,834.6547241210938,272.2702941894531,0.8734234571456909
385,87,122.2289047241211,394.8373107910156,195.59751892089844,527.355712890625,158.9132080078125,461.09649658203125,0.7590566277503967
385,104,253.83837890625,412.1804504394531,334.30828857421875,560.2246704101562,294.0733337402344,486.20257568359375,0.6775640249252319
385,70,268.5193176269531,322.2221984863281,331.5165100097656,434.7706298828125,300.0179138183594,378.49639892578125,0.5268102884292603
385,108,223.83740234375,369.316650390625,283.14788818359375,544.597900390625,253.49264526367188,456.957275390625,0.7279555797576904
386,16,600.0999755859375,415.7541809082031,696.6566772460938,590.968505859375,648.3782958984375,503.361328125,0.9104014039039612
386,65,551.955078125,306.46295166015625,651.6498413085938,441.6066589355469,601.802490234375,374.0347900390625,0.9287112951278687
386,3,241.06732177734375,533.419677734375,311.0087585449219,719.4258422851562,276.03802490234375,626.4227294921875,0.9096566438674927
386,52,54.45248794555664,289.7625427246094,108.2269058227539,442.43658447265625,81.3396987915039,366.09954833984375,0.8854066133499146
386,103,1069.82275390625,490.1686706542969,1126.560791015625,697.5321044921875,1098.1917724609375,593.8504028320312,0.9091198444366455
386,68,811.2335815429688,219.44212341308594,862.1327514648438,325.02191162109375,836.6831665039062,272.2320251464844,0.8724231123924255
386,87,122.18612670898438,391.4808044433594,195.1339569091797,524.210693359375,158.6600341796875,457.84576416015625,0.8177921772003174
386,104,267.53363037109375,414.11041259765625,342.029052734375,563.0162963867188,304.7813415527344,488.5633544921875,0.8336890935897827
386,70,271.972900390625,322.16351318359375,338.0948791503906,421.374755859375,305.03387451171875,371.7691345214844,0.594893217086792
386,108,223.18756103515625,370.5886535644531,296.4891052246094,548.3211059570312,259.83831787109375,459.45489501953125,0.7674560546875
386,5,52.0922737121582,435.2861022949219,148.6406707763672,628.083984375,100.36647033691406,531.68505859375,0.9050103425979614
386,97,713.2791748046875,406.226318359375,800.3490600585938,475.6208801269531,756.8140869140625,440.923583984375,0.4225814938545227
386,107,1148.447021484375,123.26008605957031,1185.22314453125,176.3673858642578,1166.8350830078125,149.81373596191406,0.5059006214141846
387,16,605.8271484375,412.5851135253906,699.6620483398438,587.6390991210938,652.74462890625,500.11212158203125,0.8985093235969543
387,65,554.3677978515625,307.24468994140625,654.5592041015625,441.6751403808594,604.4635009765625,374.45989990234375,0.9300076961517334
387,3,240.52598571777344,533.5631103515625,311.0013427734375,718.9867553710938,275.763671875,626.27490234375,0.9156317710876465
387,52,53.86116409301758,289.7726135253906,107.58086395263672,442.774169921875,80.72101593017578,366.27337646484375,0.8914036154747009
387,103,1074.6527099609375,490.4105529785156,1130.880615234375,699.8385009765625,1102.7666015625,595.12451171875,0.9149364829063416
387,68,813.6710205078125,218.1325225830078,865.343017578125,324.8633728027344,839.5070190429688,271.4979553222656,0.8738449215888977
387,87,123.9981460571289,387.00982666015625,194.27743530273438,521.693603515625,159.13778686523438,454.3517150878906,0.8099759221076965
387,104,276.87445068359375,413.7146911621094,348.79595947265625,566.4014892578125,312.835205078125,490.05810546875,0.8734341263771057
387,70,275.78997802734375,320.415771484375,344.326904296875,419.15728759765625,310.0584411621094,369.7865295410156,0.7676396369934082
387,108,222.9029541015625,370.6181335449219,303.0279235839844,549.9805297851562,262.9654541015625,460.29931640625,0.8527972102165222
387,5,51.83230972290039,434.2520751953125,146.70309448242188,628.1755981445312,99.2677001953125,531.2138671875,0.9301488399505615
387,97,715.3992309570312,394.5470886230469,803.5,470.01226806640625,759.4495849609375,432.2796630859375,0.521925151348114
387,107,1152.8154296875,122.79766845703125,1189.081298828125,175.4656524658203,1170.9483642578125,149.13165283203125,0.5317500233650208
388,16,616.0861206054688,409.6471862792969,703.904052734375,582.5714721679688,659.9951171875,496.10931396484375,0.9201043844223022
388,65,556.8526000976562,308.97845458984375,656.3750610351562,441.6058349609375,606.6138305664062,375.2921447753906,0.9174281358718872
388,3,240.4735565185547,534.3810424804688,311.17120361328125,718.8667602539062,275.8223876953125,626.6239013671875,0.913978099822998
388,52,53.955665588378906,289.86395263671875,108.1923828125,443.6661682128906,81.07402038574219,366.76507568359375,0.8930116891860962
388,103,1077.8377685546875,491.7491455078125,1134.5009765625,702.0133666992188,1106.16943359375,596.8812255859375,0.9292122721672058
388,68,815.7884521484375,217.3150634765625,867.6036987304688,325.68572998046875,841.696044921875,271.5003967285156,0.8558279275894165
388,87,126.99156188964844,382.8027648925781,191.35850524902344,522.6881713867188,159.17503356933594,452.7454833984375,0.5606348514556885
388,104,287.800537109375,413.0306396484375,366.05303955078125,570.7848510742188,326.9267883300781,491.9077453613281,0.8642604351043701
388,70,281.15301513671875,319.4801330566406,349.5405578613281,421.44146728515625,315.3468017578125,370.4608154296875,0.809447169303894
388,108,223.6573028564453,370.8940124511719,306.41680908203125,549.1498413085938,265.03704833984375,460.02191162109375,0.9066392183303833
388,5,51.88353729248047,434.17535400390625,146.03665161132812,629.680908203125,98.96009826660156,531.9281005859375,0.9123128652572632
388,107,1155.9232177734375,123.1195297241211,1192.842529296875,174.88287353515625,1174.3828125,149.00120544433594,0.44499310851097107
388,105,1179.4544677734375,225.44151306152344,1227.134765625,300.9353332519531,1203.294677734375,263.18841552734375,0.6719492673873901
389,16,626.9482421875,407.9135437011719,708.732177734375,579.2955322265625,667.8402099609375,493.60455322265625,0.9214807748794556
389,65,561.90673828125,310.1941223144531,658.9843139648438,442.01837158203125,610.445556640625,376.10626220703125,0.9241212606430054
389,3,240.52940368652344,536.7637329101562,311.5752868652344,718.801513671875,276.0523376464844,627.7825927734375,0.9186584949493408
389,52,55.0528678894043,290.97119140625,110.85218048095703,444.88482666015625,82.95252227783203,367.9280090332031,0.9112308621406555
389,103,1081.3929443359375,493.4765930175781,1137.5308837890625,703.1529541015625,1109.4619140625,598.3147583007812,0.9196929931640625
389,68,817.7484741210938,217.23365783691406,869.8473510742188,327.2674865722656,843.7979125976562,272.2505798339844,0.8646674156188965
389,87,125.87747955322266,379.80462646484375,190.55393981933594,524.59033203125,158.21571350097656,452.1974792480469,0.8451398611068726
389,104,287.9830322265625,411.9381103515625,387.72283935546875,574.2426147460938,337.8529357910156,493.0903625488281,0.8581503629684448
389,70,285.8574523925781,319.5,354.60662841796875,427.3573913574219,320.2320556640625,373.4287109375,0.43738505244255066
389,108,225.1012725830078,372.9739074707031,305.59307861328125,548.4840698242188,265.34716796875,460.72900390625,0.9074811935424805
389,5,52.50978088378906,435.1542053222656,146.59202575683594,630.9410400390625,99.5509033203125,533.047607421875,0.9198741316795349
389,107,1158.2626953125,123.25093841552734,1195.4921875,177.29690551757812,1176.87744140625,150.27392578125,0.4418018162250519
389,88,183.80552673339844,153.42184448242188,234.42330932617188,315.317138671875,209.11441040039062,234.36949157714844,0.4864613115787506
390,16,639.0296020507812,404.4817199707031,714.0468139648438,578.7700805664062,676.5382080078125,491.62591552734375,0.9139358997344971
390,65,568.9270629882812,310.6723327636719,661.1087646484375,442.2110290527344,615.0179443359375,376.4416809082031,0.9223204851150513
390,3,240.5476531982422,539.074462890625,312.104736328125,718.8369140625,276.3262023925781,628.9556884765625,0.9192661643028259
390,52,57.11224365234375,293.4932556152344,114.3552017211914,445.86505126953125,85.73371887207031,369.67913818359375,0.888088047504425
390,103,1085.55224609375,495.4949645996094,1141.2073974609375,706.3289794921875,1113.3798828125,600.9119873046875,0.9093799591064453
390,68,819.52294921875,217.0251922607422,872.7192993164062,328.9898376464844,846.12109375,273.00750732421875,0.8496973514556885
390,87,127.07072448730469,377.6662902832031,192.16293334960938,527.5734252929688,159.6168212890625,452.619873046875,0.8374471664428711
390,104,307.6270751953125,412.17218017578125,405.5333557128906,576.5270385742188,356.5802001953125,494.349609375,0.8908548355102539
390,70,308.1649475097656,320.1883850097656,365.0412292480469,432.1664123535156,336.60308837890625,376.1773986816406,0.803396463394165
390,108,226.3260498046875,375.8440856933594,308.7688903808594,549.8421630859375,267.5474853515625,462.8431396484375,0.9144383072853088
390,5,53.41393280029297,435.1503601074219,148.33506774902344,631.9841918945312,100.87449645996094,533.5672607421875,0.9244416356086731
390,88,184.90069580078125,154.30323791503906,235.28977966308594,316.8749084472656,210.09524536132812,235.58908081054688,0.4313334822654724
391,16,651.9122314453125,401.7420654296875,720.2649536132812,580.0403442382812,686.088623046875,490.8912048339844,0.9279162883758545
391,65,577.9421997070312,310.7686767578125,664.40771484375,440.8810119628906,621.1749267578125,375.8248291015625,0.9252595901489258
391,3,241.40493774414062,541.6801147460938,313.5302734375,718.8746948242188,277.46759033203125,630.2774047851562,0.9224046468734741
391,52,61.55121994018555,297.1915283203125,120.00096893310547,447.3219299316406,90.77609252929688,372.2567138671875,0.9027899503707886
391,103,1091.0009765625,498.0033264160156,1146.1719970703125,709.0237426757812,1118.58642578125,603.5135498046875,0.9066685438156128
391,68,823.0760498046875,218.27322387695312,877.408935546875,330.830078125,850.2424926757812,274.5516357421875,0.8431721925735474
391,87,131.9033966064453,376.46258544921875,194.98915100097656,528.5805053710938,163.44627380371094,452.52154541015625,0.8419860005378723
391,104,320.8984375,414.3974914550781,420.91290283203125,578.4462280273438,370.9056701660156,496.421875,0.8633719086647034
391,70,319.739013671875,320.77960205078125,379.28314208984375,434.8037414550781,349.5110778808594,377.79168701171875,0.7914901375770569
391,108,229.89036560058594,379.955810546875,315.8863525390625,552.2005004882812,272.88836669921875,466.0781555175781,0.9061739444732666
391,5,57.050933837890625,437.2703552246094,152.53231811523438,632.9193725585938,104.7916259765625,535.0948486328125,0.9235813617706299
391,97,732.14404296875,358.196044921875,813.8348388671875,457.7950134277344,772.9894409179688,407.99554443359375,0.7059552073478699
391,105,1189.184326171875,229.93740844726562,1238.005615234375,306.09478759765625,1213.594970703125,268.01611328125,0.6163369417190552
391,107,1166.4462890625,126.02462005615234,1203.177734375,182.23284912109375,1184.81201171875,154.1287384033203,0.4114416539669037
392,16,667.7017211914062,399.8227844238281,726.8768920898438,580.4742431640625,697.289306640625,490.14849853515625,0.9074645638465881
392,65,585.4241943359375,311.12261962890625,669.3216552734375,440.27850341796875,627.3729248046875,375.7005615234375,0.9044378995895386
392,3,244.49258422851562,544.09814453125,316.7524108886719,719.2595825195312,280.62249755859375,631.6788330078125,0.9160186052322388
392,52,68.26563262939453,303.27471923828125,127.54944610595703,449.6134033203125,97.90753936767578,376.4440612792969,0.904559314250946
392,103,1096.8145751953125,500.86346435546875,1152.6669921875,715.37890625,1124.74072265625,608.1212158203125,0.916902482509613
392,68,828.7588500976562,219.2248992919922,881.638916015625,333.7610778808594,855.1988525390625,276.49298095703125,0.7833901643753052
392,87,141.1954345703125,374.9129638671875,200.36732482910156,529.7719116210938,170.7813720703125,452.3424377441406,0.8403895497322083
392,104,328.4034729003906,416.8959655761719,433.902587890625,581.3136596679688,381.15301513671875,499.10479736328125,0.7871911525726318
392,70,333.8268737792969,323.37786865234375,392.8843994140625,440.2254333496094,363.35565185546875,381.8016357421875,0.5667916536331177
392,108,235.1302032470703,384.8548278808594,344.9485778808594,558.4407958984375,290.0393981933594,471.6478271484375,0.8116704821586609
392,5,63.26285934448242,440.5816650390625,156.60092163085938,634.1149291992188,109.93189239501953,537.3482666015625,0.9210851788520813
392,97,738.2470703125,355.2755432128906,824.9602661132812,458.5706481933594,781.6036376953125,406.923095703125,0.4187925457954407
392,105,1197.0028076171875,233.16285705566406,1244.259033203125,309.82098388671875,1220.630859375,271.4919128417969,0.6214079856872559
392,88,193.66595458984375,159.6673126220703,245.21749877929688,322.6602478027344,219.4417266845703,241.16378784179688,0.4142623245716095
393,16,683.8985595703125,397.87762451171875,734.32373046875,580.2731323242188,709.1111450195312,489.07537841796875,0.8982373476028442
393,65,585.2378540039062,310.997802734375,674.4783325195312,441.8768615722656,629.8580932617188,376.43731689453125,0.8236556053161621
393,3,249.37355041503906,546.9463500976562,321.10699462890625,719.697998046875,285.2402648925781,633.3221435546875,0.9218551516532898
393,52,76.97357177734375,309.2986755371094,136.32546997070312,452.6482238769531,106.64952087402344,380.97344970703125,0.9056637287139893
393,103,1103.144287109375,504.8166809082031,1159.54931640625,718.508056640625,1131.3468017578125,611.662353515625,0.9152737259864807
393,68,834.53759765625,222.01455688476562,886.5162963867188,337.41119384765625,860.5269775390625,279.712890625,0.7877153754234314
393,87,153.1957550048828,373.9131164550781,217.76907348632812,533.0870361328125,185.482421875,453.50006103515625,0.661460816860199
393,104,337.5313720703125,417.8992004394531,445.7560729980469,584.632080078125,391.64373779296875,501.265625,0.7957820296287537
393,70,342.2029113769531,326.7990417480469,426.9822998046875,443.42193603515625,384.59259033203125,385.1104736328125,0.7551205158233643
393,108,240.85888671875,388.5201416015625,354.2275390625,559.8434448242188,297.543212890625,474.1817932128906,0.8919482231140137
393,5,70.22249603271484,444.0931701660156,164.1660614013672,634.8936767578125,117.19427490234375,539.493408203125,0.7757221460342407
393,97,744.6848754882812,354.1205749511719,844.1560668945312,461.5967712402344,794.4204711914062,407.8586730957031,0.6262794137001038
393,88,200.51315307617188,162.0594024658203,251.40196228027344,321.50164794921875,225.95755004882812,241.780517578125,0.4425533711910248
393,107,1178.202880859375,132.3273162841797,1215.8590087890625,188.7657012939453,1197.031005859375,160.5465087890625,0.4406845271587372
394,16,695.2911987304688,398.0506286621094,742.3204956054688,578.4136352539062,718.8058471679688,488.23211669921875,0.8948052525520325
394,65,587.2073974609375,311.5337829589844,679.783447265625,445.24224853515625,633.4954223632812,378.38800048828125,0.8782385587692261
394,3,251.67507934570312,550.5778198242188,324.4357604980469,719.781005859375,288.055419921875,635.179443359375,0.9225150942802429
394,52,84.14608764648438,316.0393371582031,145.86932373046875,455.5840148925781,115.00770568847656,385.8116760253906,0.879664957523346
394,103,1110.970947265625,508.42547607421875,1167.087646484375,719.2363891601562,1139.029296875,613.8309326171875,0.9092200398445129
394,68,840.523193359375,223.94154357910156,893.5640258789062,340.66815185546875,867.0435791015625,282.3048400878906,0.8332428336143494
394,87,162.56643676757812,372.4549560546875,231.13880920410156,534.9328002929688,196.85263061523438,453.6938781738281,0.8394307494163513
394,70,349.5413513183594,329.21490478515625,447.9823303222656,445.7593078613281,398.7618408203125,387.48712158203125,0.7067378163337708
394,108,246.28570556640625,391.7018127441406,368.5762939453125,575.3848266601562,307.4309997558594,483.5433349609375,0.8972599506378174
394,5,77.43502807617188,446.8744201660156,176.88970947265625,635.033203125,127.16236877441406,540.9537963867188,0.9158902168273926
394,97,749.08837890625,356.8038024902344,852.58056640625,463.9591369628906,800.83447265625,410.3814697265625,0.7511499524116516
394,88,206.932861328125,166.53622436523438,258.07977294921875,327.12335205078125,232.50631713867188,246.8297882080078,0.46199464797973633
394,105,1209.6759033203125,240.28321838378906,1257.1224365234375,316.1795959472656,1233.399169921875,278.2314147949219,0.5643157362937927
395,16,703.6583862304688,399.77276611328125,751.6040649414062,577.5570678710938,727.6312255859375,488.6649169921875,0.8944311141967773
395,65,589.6349487304688,312.9060363769531,683.4353637695312,448.4031066894531,636.53515625,380.6545715332031,0.9135794639587402
395,3,253.9578094482422,554.8595581054688,327.4151916503906,719.8920288085938,290.6864929199219,637.3757934570312,0.5231041312217712
395,52,90.16307067871094,323.1876220703125,155.0190887451172,458.2882080078125,122.59107971191406,390.7379150390625,0.8690443634986877
395,103,1120.3212890625,512.5556030273438,1174.0184326171875,719.4998168945312,1147.169921875,616.0277099609375,0.886322557926178
395,68,846.4696044921875,225.53738403320312,900.2059936523438,343.8478698730469,873.3377685546875,284.692626953125,0.8047840595245361
395,87,170.2924041748047,372.093505859375,235.21865844726562,537.519287109375,202.75552368164062,454.806396484375,0.5983092784881592
395,70,355.3046569824219,331.405029296875,464.12164306640625,451.1970520019531,409.713134765625,391.301025390625,0.8196535110473633
395,108,252.00315856933594,394.45794677734375,371.55499267578125,568.2717895507812,311.7790832519531,481.3648681640625,0.8035008311271667
395,5,85.26567077636719,449.2878723144531,190.43124389648438,635.84912109375,137.84844970703125,542.5684814453125,0.9087817668914795
395,97,765.4138793945312,363.346435546875,856.723388671875,463.005859375,811.068603515625,413.1761474609375,0.6280947327613831
395,105,1214.8079833984375,243.54446411132812,1263.037353515625,319.0252380371094,1238.922607421875,281.28485107421875,0.6450193524360657
396,16,710.94189453125,402.7596435546875,759.7022094726562,575.3158569335938,735.322021484375,489.0377502441406,0.8786824345588684
396,65,597.704345703125,315.5199890136719,682.4547729492188,451.7447814941406,640.07958984375,383.63238525390625,0.9213228821754456
396,3,255.49574279785156,558.218017578125,330.08929443359375,719.9534301757812,292.7925109863281,639.085693359375,0.9099727869033813
396,52,96.29007720947266,328.7436218261719,162.01669311523438,461.5364074707031,129.15338134765625,395.1400146484375,0.8613336086273193
396,103,1127.71435546875,516.19580078125,1181.7861328125,720.0,1154.750244140625,618.097900390625,0.9010637402534485
396,68,852.7637329101562,229.13438415527344,904.3851928710938,348.16070556640625,878.574462890625,288.6475524902344,0.7986152768135071
396,87,177.22312927246094,372.9841003417969,241.69580078125,544.1389770507812,209.45947265625,458.5615234375,0.7632970213890076
396,70,371.5000915527344,334.604248046875,478.1848449707031,439.3606872558594,424.84246826171875,386.98248291015625,0.5624088644981384
396,108,259.1556701660156,397.3367614746094,375.30621337890625,568.0678100585938,317.23095703125,482.7022705078125,0.9151400327682495
396,5,96.47589111328125,450.4344177246094,201.6134490966797,636.6709594726562,149.044677734375,543.5526733398438,0.8712270855903625
396,97,781.22216796875,373.5050048828125,863.3792114257812,463.80377197265625,822.3006591796875,418.6543884277344,0.8052263259887695
396,105,1220.749755859375,246.94625854492188,1269.1510009765625,319.7301330566406,1244.950439453125,283.33819580078125,0.5800219178199768
396,104,373.61883544921875,428.1963806152344,481.5934143066406,592.6957397460938,427.60614013671875,510.446044921875,0.8480556011199951
397,16,718.5181274414062,406.8986511230469,770.3182983398438,578.829833984375,744.418212890625,492.8642578125,0.9083729386329651
397,65,605.1697998046875,319.1258850097656,679.4068603515625,455.700927734375,642.288330078125,387.41339111328125,0.9088916182518005
397,3,257.7222900390625,561.7920532226562,332.3048095703125,719.7020874023438,295.0135498046875,640.7470703125,0.9140321016311646
397,52,102.73107147216797,331.7721252441406,169.0334014892578,464.5416564941406,135.88223266601562,398.1568908691406,0.8899117708206177
397,103,1135.8179931640625,520.1725463867188,1189.2451171875,720.0,1162.531494140625,620.0863037109375,0.9054999947547913
397,68,859.437744140625,232.52572631835938,911.3277587890625,350.8868103027344,885.3827514648438,291.7062683105469,0.8642383217811584
397,87,185.6090087890625,375.33160400390625,247.81593322753906,547.5286254882812,216.71246337890625,461.43011474609375,0.7996482849121094
397,70,381.7503967285156,337.2862548828125,492.98907470703125,447.8049621582031,437.3697509765625,392.54559326171875,0.7982432246208191
397,108,267.8355407714844,400.6214599609375,380.1739501953125,569.5431518554688,324.0047607421875,485.0823059082031,0.9084456562995911
397,5,108.93305206298828,452.85089111328125,214.3040008544922,639.2806396484375,161.6185302734375,546.0657958984375,0.923589289188385
397,97,789.6217041015625,386.9902648925781,868.6630249023438,464.6756896972656,829.142333984375,425.8329772949219,0.41905534267425537
397,105,1226.9188232421875,251.4188995361328,1275.2347412109375,326.1421813964844,1251.0767822265625,288.7805480957031,0.7170878052711487
397,104,397.6770935058594,429.8211975097656,493.2515563964844,600.8299560546875,445.4643249511719,515.3255615234375,0.7436660528182983
398,16,725.6062622070312,411.3839111328125,785.900390625,581.982666015625,755.7532958984375,496.68328857421875,0.9184098839759827
398,65,611.4246215820312,321.74945068359375,676.0162963867188,460.5077819824219,643.720458984375,391.12860107421875,0.8881266117095947
398,3,260.1813049316406,564.4910278320312,334.2442626953125,719.336181640625,297.2127685546875,641.91357421875,0.9034239053726196
398,52,109.95521545410156,334.5981140136719,175.23760986328125,467.3489074707031,142.59640502929688,400.9735107421875,0.9030408263206482
398,103,1143.47900390625,523.1767578125,1199.5184326171875,719.7513427734375,1171.498779296875,621.4640502929688,0.9014928936958313
398,68,865.7466430664062,234.43467712402344,915.7885131835938,353.09033203125,890.767578125,293.76251220703125,0.8007522821426392
398,87,192.1456756591797,379.0928649902344,253.4677734375,551.993408203125,222.80673217773438,465.54315185546875,0.7825935482978821
398,70,420.9991760253906,341.5250244140625,503.961181640625,451.7327880859375,462.48016357421875,396.62890625,0.5131419897079468
398,108,278.4477844238281,402.6048583984375,385.32391357421875,571.8496704101562,331.8858642578125,487.2272644042969,0.9049506783485413
398,5,121.7552261352539,454.440673828125,217.84671020507812,641.671142578125,169.80096435546875,548.055908203125,0.8749392032623291
398,97,795.20654296875,405.426025390625,876.5548095703125,464.2635803222656,835.8806762695312,434.84478759765625,0.5521790385246277
398,105,1234.0013427734375,255.0177459716797,1280.0,330.0008850097656,1257.000732421875,292.5093078613281,0.6408674120903015
398,104,425.0408935546875,431.2984619140625,506.0824279785156,605.3826904296875,465.5616455078125,518.340576171875,0.7001026272773743
398,88,228.8193359375,178.0612335205078,280.0743713378906,340.4970397949219,254.4468536376953,259.2791442871094,0.4766054153442383
399,16,733.4147338867188,414.6529235839844,800.1072998046875,583.9384765625,766.760986328125,499.29571533203125,0.8959583640098572
399,65,618.3516845703125,322.4619140625,676.8988647460938,465.0648193359375,647.625244140625,393.76336669921875,0.8932697772979736
399,3,263.08209228515625,566.603271484375,336.4089660644531,718.965576171875,299.74554443359375,642.784423828125,0.915249764919281
399,52,123.08800506591797,335.5410461425781,180.79754638671875,456.0657653808594,151.94277954101562,395.80340576171875,0.801062822341919
399,103,1151.05126953125,525.3421020507812,1215.6202392578125,719.7147827148438,1183.335693359375,622.5284423828125,0.8711024522781372
399,68,871.8604125976562,236.50741577148438,919.8892211914062,354.6141052246094,895.8748168945312,295.5607604980469,0.7363726496696472
399,87,200.46633911132812,381.8319091796875,260.26409912109375,548.794921875,230.36521911621094,465.31341552734375,0.5953350067138672
399,70,448.2339782714844,344.2593994140625,516.6607666015625,461.675048828125,482.4473876953125,402.96722412109375,0.7358669638633728
399,108,289.7685852050781,404.20166015625,389.388427734375,573.2818603515625,339.5784912109375,488.74176025390625,0.8899034261703491
399,5,137.2290496826172,457.3186950683594,226.12408447265625,642.93603515625,181.67657470703125,550.1273803710938,0.907953143119812
399,97,800.4613037109375,413.64654541015625,883.7819213867188,465.55267333984375,842.12158203125,439.599609375,0.7164978384971619
399,105,1238.3157958984375,256.651123046875,1280.0,332.57391357421875,1259.157958984375,294.6125183105469,0.604389488697052
399,104,457.3536376953125,433.34478759765625,519.4808959960938,607.8032836914062,488.4172668457031,520.5740356445312,0.7802308201789856
400,16,740.5808715820312,416.2527160644531,813.7335815429688,585.6939086914062,777.1572265625,500.97332763671875,0.9180986881256104
400,65,626.1937866210938,322.6807556152344,680.1640625,469.9375305175781,653.178955078125,396.30914306640625,0.8884206414222717
400,3,266.3495788574219,568.3194580078125,339.1324157714844,718.7218627929688,302.7409973144531,643.5206298828125,0.9019473195075989
400,52,135.5133514404297,337.55462646484375,188.6868896484375,451.8296203613281,162.10012817382812,394.692138671875,0.7753744125366211
400,103,1158.3955078125,527.7056884765625,1230.3572998046875,719.6112060546875,1194.37646484375,623.658447265625,0.8405182957649231
400,68,877.1522216796875,238.07078552246094,925.19140625,356.7243957519531,901.1718139648438,297.3975830078125,0.7922110557556152
400,87,206.1124725341797,384.2320861816406,267.3121643066406,556.6304321289062,236.71231079101562,470.4312744140625,0.7027417421340942
400,70,465.59283447265625,345.74945068359375,531.7398071289062,465.2866516113281,498.66632080078125,405.51806640625,0.7432154417037964
400,108,303.317626953125,405.1273193359375,394.0631408691406,575.8031005859375,348.69036865234375,490.4652099609375,0.9049772620201111
400,5,152.36654663085938,456.5008850097656,233.6457977294922,643.8419799804688,193.00616455078125,550.1714477539062,0.8822548389434814
400,105,1243.800048828125,258.54266357421875,1280.0,331.8222961425781,1261.9000244140625,295.1824951171875,0.5291343331336975
400,104,479.9956970214844,442.3775939941406,541.93310546875,609.613037109375,510.96441650390625,525.9953002929688,0.6822309494018555
401,16,747.2453002929688,417.74200439453125,825.0308837890625,587.2555541992188,786.1380615234375,502.498779296875,0.9101995229721069
401,65,632.5107421875,323.0830078125,684.8851318359375,475.9408874511719,658.6979370117188,399.511962890625,0.8992229104042053
401,3,269.9513244628906,569.5231323242188,341.3930358886719,718.52880859375,305.67218017578125,644.0260009765625,0.8869947195053101
401,52,148.5116424560547,339.15045166015625,198.98068237304688,453.4131164550781,173.74615478515625,396.28179931640625,0.7333608269691467
401,103,1165.6510009765625,530.236083984375,1239.1029052734375,719.0753173828125,1202.376953125,624.6557006835938,0.8707764744758606
401,68,882.7777709960938,238.83714294433594,930.203369140625,357.5191955566406,906.4906005859375,298.17816162109375,0.8121370077133179
401,87,211.75633239746094,385.8485107421875,274.3814697265625,563.6654052734375,243.06890869140625,474.7569580078125,0.5701383948326111
401,70,478.6097412109375,346.5722351074219,544.7919311523438,471.694580078125,511.7008361816406,409.1334228515625,0.8844260573387146
401,108,319.18438720703125,405.7186584472656,400.460205078125,576.2067260742188,359.8222961425781,490.96270751953125,0.9049409627914429
401,5,162.5215606689453,456.06304931640625,238.30227661132812,644.2549438476562,200.41192626953125,550.1589965820312,0.8772735595703125
401,105,1249.5927734375,260.614501953125,1280.0,329.0498962402344,1264.79638671875,294.83221435546875,0.4146685004234314
401,104,491.88848876953125,440.46282958984375,564.5453491210938,613.6715087890625,528.2169189453125,527.067138671875,0.7893297076225281
402,16,752.63818359375,418.5473327636719,834.6206665039062,588.723388671875,793.62939453125,503.6353759765625,0.9076221585273743
402,65,636.2079467773438,323.5561218261719,691.08544921875,478.7861328125,663.646728515625,401.171142578125,0.896278440952301
402,3,273.56640625,570.4912109375,342.1714782714844,718.2965087890625,307.86895751953125,644.3938598632812,0.8724886775016785
402,52,159.5159912109375,341.4226379394531,208.07591247558594,469.0104675292969,183.79595947265625,405.216552734375,0.7165117263793945
402,103,1173.283203125,532.0759887695312,1244.782958984375,718.8911743164062,1209.0330810546875,625.4835815429688,0.8942953944206238
402,68,887.6160888671875,239.23643493652344,935.4968872070312,358.6814270019531,911.5565185546875,298.95892333984375,0.829624593257904
402,87,217.60650634765625,386.6679992675781,276.3551025390625,564.3223266601562,246.98080444335938,475.49517822265625,0.5678216814994812
402,70,490.3154296875,346.2620544433594,556.5742797851562,466.6229248046875,523.44482421875,406.4425048828125,0.7938143014907837
402,108,334.23321533203125,405.5981140136719,408.77520751953125,577.0489501953125,371.50421142578125,491.32354736328125,0.9022806882858276
402,5,171.0865936279297,456.32672119140625,242.80404663085938,644.305419921875,206.9453125,550.3160400390625,0.8397079706192017
402,104,503.5098571777344,439.63250732421875,595.3717041015625,617.6840209960938,549.4407958984375,528.6582641601562,0.8938073515892029
402,97,823.8179931640625,412.2950439453125,910.4033203125,470.85595703125,867.1106567382812,441.57550048828125,0.8463444113731384
403,16,758.3424072265625,419.3779602050781,842.5592651367188,589.3844604492188,800.4508056640625,504.3812255859375,0.9006836414337158
403,65,639.0003662109375,323.9394226074219,696.3067626953125,480.3072509765625,667.653564453125,402.12335205078125,0.8888423442840576
403,3,276.44757080078125,571.1069946289062,343.97955322265625,718.0426025390625,310.21356201171875,644.5748291015625,0.8694800734519958
403,52,168.32838439941406,344.49560546875,216.6571807861328,477.8520202636719,192.49278259277344,411.173828125,0.6685541272163391
403,103,1179.8016357421875,532.4871215820312,1250.217041015625,718.8394165039062,1215.00927734375,625.6632690429688,0.8778150081634521
403,68,891.5061645507812,239.7569580078125,940.8344116210938,359.087646484375,916.1702880859375,299.42230224609375,0.8287115693092346
403,87,222.64437866210938,387.27880859375,273.14971923828125,564.399169921875,247.8970489501953,475.8389892578125,0.5915416479110718
403,70,501.4035949707031,345.3509216308594,567.6533203125,469.1397399902344,534.5284423828125,407.2453308105469,0.8111055493354797
403,108,348.43023681640625,404.76593017578125,416.1449279785156,576.750732421875,382.28759765625,490.7583312988281,0.8937501907348633
403,5,178.043701171875,454.2645568847656,247.60289001464844,643.9299926757812,212.82330322265625,549.0972900390625,0.8497446775436401
403,104,516.6324462890625,441.9148864746094,618.8402099609375,620.7733154296875,567.736328125,531.3441162109375,0.8738102316856384
403,97,832.9202880859375,409.7037658691406,922.3638916015625,471.685546875,877.64208984375,440.69464111328125,0.795269250869751
404,16,762.8615112304688,420.1092529296875,850.220458984375,589.6600952148438,806.541015625,504.8846740722656,0.8841268420219421
404,65,641.119384765625,325.3921203613281,700.8765869140625,481.2120361328125,670.9979858398438,403.30206298828125,0.8875026106834412
404,3,279.1234436035156,571.3023071289062,347.4109191894531,717.5716552734375,313.2671813964844,644.43701171875,0.8692687153816223
404,52,175.67486572265625,346.9170227050781,226.1072540283203,479.53546142578125,200.89105224609375,413.22625732421875,0.5704420208930969
404,103,1185.8939208984375,534.3172607421875,1256.27392578125,718.7220458984375,1221.083984375,626.5196533203125,0.8970004320144653
404,68,895.2207641601562,239.50350952148438,945.506591796875,359.08953857421875,920.3636474609375,299.2965087890625,0.8156957626342773
404,87,227.69183349609375,387.295654296875,270.0625915527344,566.8587036132812,248.87721252441406,477.0771789550781,0.7291795015335083
404,70,512.9801635742188,344.5748596191406,577.897216796875,466.5917663574219,545.438720703125,405.58331298828125,0.7525796890258789
404,108,358.4187927246094,404.0948181152344,421.6815490722656,576.404296875,390.0501708984375,490.24957275390625,0.8868836760520935
404,5,185.26785278320312,453.99365234375,251.3579559326172,644.1671752929688,218.31289672851562,549.0804443359375,0.833419919013977
404,104,532.8619995117188,444.79302978515625,637.20849609375,626.60791015625,585.0352783203125,535.700439453125,0.8296089768409729
404,97,841.3046264648438,407.17218017578125,931.2918090820312,471.7358703613281,886.2982177734375,439.45404052734375,0.8125413060188293
405,16,765.0109252929688,419.7848205566406,854.8508911132812,589.5746459960938,809.930908203125,504.67974853515625,0.9114462733268738
405,65,642.4699096679688,325.0260314941406,704.2320556640625,481.7011413574219,673.3509521484375,403.36358642578125,0.886216938495636
405,3,281.9423828125,571.3096923828125,351.1187438964844,717.7272338867188,316.53057861328125,644.5184326171875,0.8984348177909851
405,52,181.6203155517578,349.77178955078125,235.55484008789062,481.9478454589844,208.58758544921875,415.85980224609375,0.6630793809890747
405,103,1190.306640625,536.4278564453125,1261.2254638671875,718.6660766601562,1225.76611328125,627.5469970703125,0.8955520987510681
405,68,898.6325073242188,239.5127716064453,948.1847534179688,358.6334228515625,923.4086303710938,299.0730895996094,0.8261430859565735
405,87,231.71157836914062,387.12945556640625,271.4020690917969,570.4368896484375,251.55682373046875,478.7831726074219,0.6977847218513489
405,70,524.3538818359375,344.06500244140625,593.0897216796875,470.5843505859375,558.7218017578125,407.3246765136719,0.5521279573440552
405,108,364.9263000488281,403.23681640625,430.4803466796875,576.5079345703125,397.70330810546875,489.87237548828125,0.9088567495346069
405,5,191.0075225830078,452.7202453613281,250.76654052734375,644.1788330078125,220.88702392578125,548.4495239257812,0.7405632734298706
405,104,551.759765625,448.1518859863281,648.4627685546875,632.263427734375,600.1112670898438,540.2076416015625,0.8911492228507996
405,97,848.1622924804688,405.33807373046875,939.5833129882812,470.68499755859375,893.872802734375,438.01153564453125,0.8287351727485657
406,16,768.0560913085938,419.6065368652344,858.1824951171875,589.5128173828125,813.1192626953125,504.5596923828125,0.9097411036491394
406,65,643.3076782226562,324.84332275390625,707.1920776367188,484.8852233886719,675.2498779296875,404.8642578125,0.88690185546875
406,3,284.47607421875,571.1870727539062,353.7708435058594,717.6068725585938,319.12347412109375,644.39697265625,0.8952152132987976
406,52,186.35665893554688,351.14739990234375,239.34274291992188,477.9778747558594,212.84970092773438,414.5626220703125,0.7260523438453674
406,103,1194.32421875,537.8072509765625,1265.89013671875,718.4176025390625,1230.107177734375,628.1124267578125,0.9048238396644592
406,68,901.0551147460938,238.840087890625,948.5068969726562,358.42535400390625,924.781005859375,298.6327209472656,0.8385143876075745
406,87,231.7836151123047,388.14361572265625,273.45220947265625,570.3347778320312,252.617919921875,479.23919677734375,0.5743017792701721
406,70,536.9635009765625,344.232666015625,603.3189086914062,471.8190612792969,570.1412353515625,408.02587890625,0.8223114013671875
406,108,370.6977844238281,402.7893371582031,435.5824279785156,575.900146484375,403.1401062011719,489.3447265625,0.9189634323120117
406,5,195.5879364013672,449.6782531738281,253.81948852539062,642.8677978515625,224.70370483398438,546.2730102539062,0.7164018750190735
406,104,566.8553466796875,452.6057434082031,654.155029296875,636.6533813476562,610.5051879882812,544.6295776367188,0.8772705793380737
406,97,852.8724975585938,404.14306640625,942.6927490234375,470.49090576171875,897.7825927734375,437.3169860839844,0.814907968044281
407,16,771.5550537109375,418.593994140625,860.4681396484375,588.3943481445312,816.0115966796875,503.4941711425781,0.9169874787330627
407,65,643.5194091796875,323.42901611328125,709.719970703125,488.4691467285156,676.6196899414062,405.9490966796875,0.8701674938201904
407,3,287.78460693359375,571.2877807617188,356.04559326171875,717.4307861328125,321.91510009765625,644.3592529296875,0.8954831957817078
407,52,191.059814453125,351.9740905761719,243.572265625,469.1938171386719,217.3160400390625,410.5839538574219,0.6525780558586121
407,103,1198.7540283203125,538.6594848632812,1270.1224365234375,718.3851928710938,1234.438232421875,628.5223388671875,0.9052761793136597
407,68,903.6124267578125,238.65013122558594,948.8270263671875,358.338623046875,926.2197265625,298.494384765625,0.8454077243804932
407,87,235.0746612548828,388.87939453125,277.7193298339844,569.9708862304688,256.3970031738281,479.4251403808594,0.6927958726882935
407,70,547.2230834960938,344.6424865722656,609.8963012695312,472.7979736328125,578.5596923828125,408.72021484375,0.8755761384963989
407,108,375.7386779785156,401.9903259277344,438.03814697265625,575.156494140625,406.888427734375,488.57342529296875,0.9134311079978943
407,5,200.618896484375,445.9826965332031,253.61636352539062,641.1251831054688,227.1176300048828,543.553955078125,0.8080613613128662
407,104,578.4805297851562,457.76434326171875,658.6727294921875,638.1730346679688,618.57666015625,547.9686889648438,0.8869596719741821
407,97,855.3976440429688,402.85546875,947.7799682617188,470.621826171875,901.5888061523438,436.7386474609375,0.8156356811523438
408,16,775.5731811523438,417.4638977050781,862.4334716796875,587.5308837890625,819.0032958984375,502.49737548828125,0.9180527925491333
408,65,643.6314086914062,322.6302490234375,711.98291015625,490.2511291503906,677.80712890625,406.440673828125,0.8479478359222412
408,3,290.11102294921875,571.6090698242188,358.7059631347656,717.4737548828125,324.40850830078125,644.5413818359375,0.8936675786972046
408,52,195.41958618164062,352.38116455078125,245.62326049804688,472.320068359375,220.52142333984375,412.3506164550781,0.6972273588180542
408,103,1203.3896484375,538.432373046875,1274.39990234375,718.9489135742188,1238.894775390625,628.690673828125,0.7533482313156128
408,68,905.575439453125,238.74972534179688,950.565673828125,358.2593688964844,928.070556640625,298.5045471191406,0.8485362529754639
408,87,238.2788848876953,389.98345947265625,283.24530029296875,570.387939453125,260.7620849609375,480.1856994628906,0.6766449809074402
408,70,555.0565795898438,344.8813171386719,618.9002685546875,474.0574035644531,586.9783935546875,409.4693603515625,0.884621262550354
408,108,380.1407775878906,401.2498474121094,439.5521545410156,574.7568359375,409.8464660644531,488.00335693359375,0.907107412815094
408,5,204.87042236328125,450.67584228515625,259.1468505859375,639.5413818359375,232.00863647460938,545.108642578125,0.6307968497276306
408,104,588.60595703125,461.5968933105469,672.0238647460938,637.9288330078125,630.31494140625,549.7628784179688,0.9078543782234192
408,97,857.8391723632812,395.7148132324219,952.8660278320312,471.48541259765625,905.3526000976562,433.60009765625,0.8556296825408936
409,16,779.2169189453125,416.6977233886719,863.2793579101562,587.0202026367188,821.2481689453125,501.85894775390625,0.9177320599555969
409,65,643.6590576171875,322.0749816894531,714.1943969726562,491.49688720703125,678.9267578125,406.78594970703125,0.8679202198982239
409,3,291.9586486816406,572.365478515625,360.0424499511719,717.7427978515625,326.00054931640625,645.0541381835938,0.8991320729255676
409,52,199.21800231933594,353.1246643066406,247.4669952392578,473.1050720214844,223.34249877929688,413.1148681640625,0.6983591318130493
409,103,1208.3360595703125,539.3259887695312,1279.32080078125,718.9541625976562,1243.828369140625,629.1400756835938,0.8927415013313293
409,68,908.0369873046875,238.7321014404297,952.3090209960938,358.5709228515625,930.1729736328125,298.6515197753906,0.8158986568450928
409,87,242.4706573486328,392.0619812011719,285.6726379394531,567.3394775390625,264.0716552734375,479.70074462890625,0.6941328048706055
409,70,561.9522705078125,345.30853271484375,625.162353515625,475.4794921875,593.5573120117188,410.3940124511719,0.9101604223251343
409,108,383.39532470703125,400.9838562011719,439.7585754394531,574.654296875,411.57696533203125,487.819091796875,0.8989253044128418
409,5,208.67550659179688,451.42822265625,264.5882263183594,638.8284301757812,236.63186645507812,545.1282958984375,0.8387731313705444
409,104,594.5753784179688,463.9995422363281,686.6171264648438,638.4974975585938,640.5962524414062,551.24853515625,0.9039381742477417
409,97,860.7734985351562,388.89923095703125,959.4041748046875,473.42547607421875,910.0888671875,431.162353515625,0.8549261689186096
409,113,166.5987548828125,152.87606811523438,207.92762756347656,208.59288024902344,187.26318359375,180.73446655273438,0.47994866967201233
410,16,781.6636962890625,416.25811767578125,864.2772827148438,586.6994018554688,822.970458984375,501.478759765625,0.9205902218818665
410,65,643.7236938476562,322.2843322753906,715.4800415039062,491.74127197265625,679.6018676757812,407.0128173828125,0.8770633935928345
410,3,292.8724670410156,572.6287841796875,361.1548156738281,717.8687133789062,327.0136413574219,645.248779296875,0.9015274047851562
410,52,203.0020751953125,353.7519836425781,248.6824951171875,475.7637634277344,225.84228515625,414.75787353515625,0.4647713601589203
410,103,1214.7635498046875,538.8765258789062,1280.0,718.9881591796875,1247.3818359375,628.932373046875,0.8886386752128601
410,68,909.7982177734375,238.47250366210938,955.057861328125,359.0933532714844,932.4280395507812,298.7829284667969,0.8192780017852783
410,87,244.4786834716797,394.69012451171875,285.6156311035156,564.4586181640625,265.0471496582031,479.5743713378906,0.6489986181259155
410,70,567.3492431640625,345.1351318359375,626.212890625,476.263427734375,596.7810668945312,410.69927978515625,0.9187502861022949
410,108,385.96502685546875,400.7439880371094,439.6181945800781,574.453125,412.7916259765625,487.59857177734375,0.8562137484550476
410,5,211.3217315673828,450.4796447753906,266.2034606933594,639.8306274414062,238.76260375976562,545.1551513671875,0.8526199460029602
410,104,601.09130859375,467.9253234863281,702.3961181640625,647.6152954101562,651.7437133789062,557.7703247070312,0.8843539357185364
410,97,862.0570678710938,385.6434631347656,965.3818969726562,475.4729919433594,913.719482421875,430.5582275390625,0.8422119617462158
410,113,168.59268188476562,153.13548278808594,209.84255981445312,208.050048828125,189.21762084960938,180.5927734375,0.4526740610599518
411,16,782.44140625,416.1412048339844,865.1417236328125,587.052978515625,823.7915649414062,501.59710693359375,0.9192112684249878
411,65,643.6945190429688,322.3583068847656,716.87451171875,491.56585693359375,680.2845458984375,406.96209716796875,0.8877654075622559
411,3,293.4836730957031,573.3370361328125,362.2656555175781,718.0176391601562,327.8746643066406,645.6773681640625,0.9049434065818787
411,52,206.24754333496094,353.4552307128906,250.63711547851562,463.30181884765625,228.44232177734375,408.3785400390625,0.48685574531555176
411,103,1222.2181396484375,538.1349487304688,1280.0,718.8123779296875,1251.109130859375,628.4736328125,0.8563664555549622
411,68,911.9093017578125,238.75384521484375,956.87744140625,359.4151611328125,934.3933715820312,299.0845031738281,0.8169658780097961
411,87,246.30563354492188,396.706787109375,286.98980712890625,571.1972045898438,266.647705078125,483.9519958496094,0.641428530216217
411,70,571.1781005859375,344.22076416015625,627.7657470703125,476.38531494140625,599.471923828125,410.30303955078125,0.9072003960609436
411,108,388.1786804199219,400.1544494628906,440.4569091796875,574.540771484375,414.31781005859375,487.34759521484375,0.879773736000061
411,5,214.45472717285156,449.32861328125,266.27685546875,641.263427734375,240.36578369140625,545.2960205078125,0.8265124559402466
411,104,604.9232788085938,472.68719482421875,716.6612548828125,663.3213500976562,660.792236328125,568.0042724609375,0.901459813117981
411,97,863.6441040039062,384.62542724609375,972.3800048828125,477.5918273925781,918.0120849609375,431.108642578125,0.7974802851676941
412,16,782.726806640625,416.33648681640625,865.927734375,587.5591430664062,824.3272705078125,501.94781494140625,0.9148439168930054
412,65,644.0474853515625,322.2434387207031,718.7496337890625,490.7748718261719,681.3985595703125,406.5091552734375,0.8826044201850891
412,3,294.0910949707031,574.4395751953125,363.2835388183594,718.048095703125,328.68731689453125,646.2438354492188,0.906724214553833
412,52,209.9326171875,353.0983581542969,253.31578063964844,465.76837158203125,231.62420654296875,409.433349609375,0.5928887128829956
412,103,1232.29052734375,536.5675048828125,1280.0,718.574462890625,1256.145263671875,627.5709838867188,0.8702217936515808
412,68,913.8626098632812,238.3463134765625,957.9523315429688,359.3367004394531,935.907470703125,298.84149169921875,0.792512834072113
412,87,247.64317321777344,397.8461608886719,287.25616455078125,574.760986328125,267.4496765136719,486.3035888671875,0.6057866215705872
412,70,574.7271118164062,343.4068298339844,629.6407470703125,476.54638671875,602.1839599609375,409.97662353515625,0.9045735597610474
412,108,390.26190185546875,399.31512451171875,441.6132507324219,574.552978515625,415.93756103515625,486.9340515136719,0.8758217692375183
412,5,217.5673065185547,449.6208801269531,266.9175720214844,642.3355102539062,242.242431640625,545.9782104492188,0.8302916884422302
412,104,607.3302612304688,478.4609069824219,727.574951171875,666.3483276367188,667.45263671875,572.4046020507812,0.8987115621566772
412,97,865.517578125,392.79473876953125,977.8604736328125,479.5509338378906,921.6890258789062,436.1728515625,0.8259649872779846
413,16,782.7333984375,416.5486755371094,866.142578125,587.676513671875,824.43798828125,502.11260986328125,0.9118707180023193
413,65,644.4912719726562,323.15704345703125,719.9141235351562,489.1028747558594,682.2026977539062,406.12994384765625,0.8982434272766113
413,3,294.7401428222656,575.6319580078125,363.981201171875,717.9421997070312,329.36065673828125,646.787109375,0.903703510761261
413,52,213.4679412841797,352.6205139160156,256.2610778808594,471.0084228515625,234.864501953125,411.814453125,0.5597242116928101
413,103,1240.991455078125,536.3690185546875,1280.0,718.4758911132812,1260.4957275390625,627.4224853515625,0.8585770726203918
413,68,915.5628051757812,238.29466247558594,960.8570556640625,359.2185363769531,938.2099609375,298.756591796875,0.7522057294845581
413,87,248.8784942626953,397.96197509765625,287.9346008300781,559.9536743164062,268.40655517578125,478.95782470703125,0.6787757873535156
413,70,577.9901733398438,342.3931884765625,631.3031005859375,477.10107421875,604.6466064453125,409.74713134765625,0.897737979888916
413,108,392.4100036621094,398.3531188964844,444.4922180175781,574.6458129882812,418.45111083984375,486.49945068359375,0.8751025795936584
413,5,220.350341796875,449.7587890625,270.74249267578125,643.4910888671875,245.54641723632812,546.6249389648438,0.833511233329773
413,104,613.2910766601562,484.9578857421875,738.5999755859375,667.5823364257812,675.945556640625,576.2701416015625,0.8917525410652161
413,97,867.0958251953125,394.4505310058594,982.0816650390625,479.4924011230469,924.5887451171875,436.9714660644531,0.8649154901504517
414,16,782.1920776367188,416.3799743652344,864.9907836914062,587.1192626953125,823.5914306640625,501.7496337890625,0.9126455187797546
414,65,645.2467651367188,324.1982116699219,721.2616577148438,487.7900390625,683.2542114257812,405.994140625,0.9096656441688538
414,3,296.1605529785156,576.3983154296875,365.9700012207031,717.64794921875,331.0652770996094,647.0231323242188,0.9114381670951843
414,52,217.8321075439453,351.995849609375,258.76495361328125,459.37811279296875,238.29852294921875,405.6869812011719,0.7094978094100952
414,103,1245.455322265625,535.7072143554688,1279.915283203125,718.1183471679688,1262.685302734375,626.9127807617188,0.8490423560142517
414,68,916.8624877929688,238.3231964111328,961.9218139648438,359.09832763671875,939.3921508789062,298.71075439453125,0.7783527970314026
414,87,250.34268188476562,398.5545959472656,288.3727722167969,553.1729125976562,269.35772705078125,475.86376953125,0.7265921831130981
414,70,580.4028930664062,341.16424560546875,634.1239624023438,477.2378234863281,607.263427734375,409.2010498046875,0.8953068256378174
414,108,395.2508850097656,397.677001953125,448.3179626464844,575.059326171875,421.784423828125,486.3681640625,0.8893983960151672
414,5,223.87167358398438,449.8194580078125,273.317626953125,643.990966796875,248.5946502685547,546.9052124023438,0.8562103509902954
414,104,619.6589965820312,490.2779846191406,752.302490234375,670.565673828125,685.980712890625,580.4218139648438,0.893116295337677
414,97,868.0963134765625,396.8251037597656,984.891357421875,479.9844970703125,926.4938354492188,438.40478515625,0.8817397952079773
415,16,780.1710815429688,416.0804138183594,861.3255004882812,586.6387939453125,820.748291015625,501.359619140625,0.9202622175216675
415,65,644.9074096679688,322.60919189453125,721.2528686523438,487.04962158203125,683.0801391601562,404.82940673828125,0.9059755802154541
415,3,296.7991027832031,577.3890380859375,367.4284973144531,717.39404296875,332.1138000488281,647.3915405273438,0.9150981903076172
415,103,1247.775634765625,536.1309204101562,1279.319091796875,718.0965576171875,1263.54736328125,627.11376953125,0.8331249952316284
415,68,917.0419311523438,238.5491485595703,964.6831665039062,358.8976745605469,940.862548828125,298.7234191894531,0.786992609500885
415,87,252.16900634765625,396.9002990722656,291.0151062011719,550.5427856445312,271.592041015625,473.7215576171875,0.6331557035446167
415,70,581.559814453125,340.4113464355469,636.0946655273438,476.9178161621094,608.8272705078125,408.6645812988281,0.8623024225234985
415,108,397.7073669433594,396.7685852050781,452.0984802246094,575.5633544921875,424.9029235839844,486.16595458984375,0.9001032114028931
415,5,226.4681396484375,450.2059631347656,279.47918701171875,643.26611328125,252.97366333007812,546.7360229492188,0.8728792667388916
415,104,627.0542602539062,492.3584899902344,763.9290161132812,671.0933227539062,695.4916381835938,581.7258911132812,0.7311446666717529
415,97,868.07080078125,396.3319091796875,984.9339599609375,479.9732360839844,926.5023803710938,438.152587890625,0.900904655456543
416,16,777.9573364257812,415.6915283203125,857.0708618164062,586.1060180664062,817.5140991210938,500.8987731933594,0.9223268628120422
416,65,645.751220703125,314.7515869140625,719.4737548828125,488.1658630371094,682.6124877929688,401.458740234375,0.8125219941139221
416,3,297.49700927734375,577.6543579101562,368.4805603027344,717.2957763671875,332.98876953125,647.47509765625,0.9181934595108032
416,103,1248.5030517578125,535.5484619140625,1278.99072265625,718.155517578125,1263.746826171875,626.8519897460938,0.830076277256012
416,68,916.7566528320312,238.9574737548828,965.3614501953125,359.1216735839844,941.05908203125,299.0395812988281,0.7808487415313721
416,70,582.412109375,340.3742980957031,636.8164672851562,476.55523681640625,609.6142578125,408.46478271484375,0.878571093082428
416,108,399.2486877441406,396.13372802734375,455.1742248535156,576.0840454101562,427.2114562988281,486.10888671875,0.8968253135681152
416,5,229.6478729248047,450.2314758300781,282.0553283691406,641.6317749023438,255.85159301757812,545.931640625,0.867999792098999
416,104,653.0949096679688,495.102783203125,771.5614013671875,672.4606323242188,712.328125,583.78173828125,0.5813913345336914
416,97,868.0604858398438,396.171630859375,981.7853393554688,479.02166748046875,924.9229125976562,437.5966491699219,0.899483859539032
417,16,774.7966918945312,415.1664123535156,850.6036376953125,584.261962890625,812.7001953125,499.71417236328125,0.9190366268157959
417,65,649.7094116210938,308.93011474609375,715.0956420898438,488.71697998046875,682.4025268554688,398.82354736328125,0.8445580005645752
417,3,297.9870300292969,577.72412109375,369.7348327636719,717.175048828125,333.8609313964844,647.4495849609375,0.9150866270065308
417,103,1248.20166015625,535.5241088867188,1278.748291015625,717.978759765625,1263.4749755859375,626.75146484375,0.8319337964057922
417,68,915.844970703125,239.54920959472656,964.9489135742188,359.4009704589844,940.39697265625,299.47509765625,0.779293417930603
417,70,582.6524658203125,339.4545593261719,636.8424682617188,476.2420959472656,609.7474365234375,407.84832763671875,0.8816359043121338
417,108,397.8523254394531,395.7139587402344,457.06439208984375,576.0689697265625,427.4583740234375,485.8914794921875,0.893229603767395
417,5,233.66346740722656,450.89190673828125,284.5182800292969,640.51513671875,259.09088134765625,545.7034912109375,0.8461288809776306
417,104,651.3042602539062,497.2044372558594,777.4057006835938,677.0574340820312,714.35498046875,587.1309204101562,0.8879347443580627
417,97,867.7380981445312,395.41717529296875,973.7144775390625,477.60601806640625,920.726318359375,436.5115966796875,0.886056125164032
417,52,231.80062866210938,354.190673828125,268.7643127441406,472.8492431640625,250.282470703125,413.51995849609375,0.635850191116333
418,16,770.5211181640625,414.6136169433594,842.8829345703125,582.73486328125,806.7020263671875,498.67425537109375,0.9067371487617493
418,65,653.5527954101562,312.9500732421875,708.38671875,488.745361328125,680.9697265625,400.84771728515625,0.738442599773407
418,3,299.3121032714844,577.4459228515625,371.0357971191406,717.3285522460938,335.1739501953125,647.38720703125,0.9117391109466553
418,103,1247.9915771484375,534.6942138671875,1278.769775390625,718.1416015625,1263.380615234375,626.4179077148438,0.8377843499183655
418,68,914.5820922851562,240.22122192382812,963.3865966796875,359.7500915527344,938.984375,299.98565673828125,0.7645213603973389
418,70,581.8794555664062,339.2267761230469,637.2013549804688,475.46575927734375,609.5404052734375,407.34625244140625,0.8836998343467712
418,108,395.7152099609375,395.21697998046875,458.504150390625,575.8313598632812,427.10968017578125,485.524169921875,0.8948793411254883
418,5,237.42034912109375,449.8559875488281,288.894775390625,638.69921875,263.1575622558594,544.277587890625,0.8146411776542664
418,104,658.5651245117188,499.2521057128906,781.0828247070312,678.968505859375,719.823974609375,589.1102905273438,0.8531475067138672
418,97,867.0072631835938,394.3852844238281,964.8170776367188,475.9938659667969,915.9121704101562,435.1895751953125,0.8961203694343567
418,52,236.27337646484375,357.7839660644531,271.42242431640625,472.0337219238281,253.847900390625,414.9088439941406,0.6556047797203064
418,88,294.5435791015625,187.06871032714844,344.7864074707031,349.18310546875,319.66497802734375,268.12591552734375,0.4357008635997772
419,16,767.0767822265625,414.8945007324219,834.0382690429688,581.164794921875,800.5574951171875,498.0296630859375,0.9232282638549805
419,65,659.3757934570312,318.41522216796875,706.0155029296875,488.39495849609375,682.6956787109375,403.40509033203125,0.6203609108924866
419,3,300.49920654296875,577.1802368164062,372.1292724609375,717.561767578125,336.3142395019531,647.3709716796875,0.9125974178314209
419,103,1247.86962890625,533.9134521484375,1278.7213134765625,718.2840576171875,1263.29541015625,626.0987548828125,0.8504077196121216
419,68,913.777099609375,240.96075439453125,961.0733642578125,360.14794921875,937.4252319335938,300.5543518066406,0.7699260711669922
419,70,581.1931762695312,338.8014221191406,637.6309204101562,474.5592956542969,609.4120483398438,406.68035888671875,0.8814806342124939
419,108,394.2987060546875,394.990234375,459.3338928222656,574.4700317382812,426.8162841796875,484.7301330566406,0.8952658772468567
419,5,241.2876739501953,449.2833557128906,293.7232971191406,636.9998779296875,267.5054931640625,543.1416015625,0.8072556853294373
419,104,668.38427734375,500.0970458984375,782.5506591796875,678.376708984375,725.4674682617188,589.2368774414062,0.8594260811805725
419,97,865.1321411132812,392.85980224609375,963.5306396484375,475.2382507324219,914.3314208984375,434.04901123046875,0.9063420295715332
420,16,762.91943359375,414.7506103515625,830.2449340820312,579.4946899414062,796.5821533203125,497.1226501464844,0.9168949723243713
420,65,661.4683227539062,317.8328552246094,706.9109497070312,487.8843078613281,684.1896362304688,402.85858154296875,0.8401415944099426
420,3,301.9766540527344,577.0476684570312,373.11688232421875,717.599853515625,337.5467529296875,647.32373046875,0.912687361240387
420,103,1246.6195068359375,532.7264404296875,1278.74267578125,718.1763305664062,1262.68115234375,625.451416015625,0.8577197194099426
420,68,912.3323974609375,242.05029296875,958.17724609375,360.4544982910156,935.2548217773438,301.25238037109375,0.7948630452156067
420,70,580.433837890625,338.2501220703125,638.3378295898438,473.6089782714844,609.3858642578125,405.9295654296875,0.8941003084182739
420,108,393.527587890625,395.0908508300781,459.50531005859375,573.3543090820312,426.5164489746094,484.22259521484375,0.8983514308929443
420,5,245.34918212890625,447.8825378417969,298.82501220703125,635.293701171875,272.08709716796875,541.588134765625,0.8261727094650269
420,104,665.4445190429688,499.4802551269531,782.3568115234375,677.6328125,723.900634765625,588.5565185546875,0.8938314318656921
420,97,863.4437255859375,391.8042297363281,969.5234985351562,474.34576416015625,916.483642578125,433.07501220703125,0.9026663303375244
421,16,759.0530395507812,415.0335998535156,828.2819213867188,577.7871704101562,793.66748046875,496.410400390625,0.9145326018333435
421,65,657.5262451171875,310.3641052246094,708.5221557617188,486.7618408203125,683.024169921875,398.56298828125,0.8003637790679932
421,3,303.3310852050781,576.713134765625,375.379638671875,717.6130981445312,339.3553466796875,647.1630859375,0.9159948825836182
421,103,1245.8306884765625,531.96240234375,1278.6612548828125,718.0068969726562,1262.2459716796875,624.984619140625,0.8536866307258606
421,68,911.0496826171875,242.61962890625,957.9281005859375,360.5160827636719,934.4888916015625,301.56787109375,0.7807987928390503
421,70,580.2579956054688,336.9430847167969,638.8916015625,472.873046875,609.5748291015625,404.9080810546875,0.8907489776611328
421,108,394.1838073730469,395.51202392578125,460.0142822265625,573.0037841796875,427.09906005859375,484.2579040527344,0.8997308015823364
421,5,249.5038604736328,439.048583984375,302.27874755859375,634.30126953125,275.89129638671875,536.6749267578125,0.6632766127586365
421,104,662.8318481445312,497.5295104980469,781.7677001953125,679.1992797851562,722.2998046875,588.3643798828125,0.9057446122169495
421,97,862.1969604492188,391.7222900390625,972.1575317382812,473.6954650878906,917.17724609375,432.7088623046875,0.8767085075378418
421,52,248.30813598632812,371.248779296875,283.0224914550781,474.6315612792969,265.6653137207031,422.940185546875,0.5371787548065186
422,16,755.4876098632812,416.0438537597656,827.4191284179688,576.8617553710938,791.453369140625,496.45281982421875,0.9255967140197754
422,65,655.201416015625,312.73590087890625,710.1071166992188,485.4642333984375,682.654296875,399.1000671386719,0.7938001751899719
422,3,305.2021789550781,575.6608276367188,377.255126953125,717.7606201171875,341.2286376953125,646.710693359375,0.9111730456352234
422,103,1244.1859130859375,530.9766845703125,1278.63525390625,718.2371826171875,1261.41064453125,624.60693359375,0.8611018657684326
422,68,910.0537109375,243.45452880859375,955.3035888671875,360.64093017578125,932.6786499023438,302.0477294921875,0.8118742108345032
422,70,580.6119995117188,336.0105895996094,639.2858276367188,471.7455749511719,609.9489135742188,403.8780822753906,0.8901680111885071
422,108,395.4783935546875,396.35174560546875,460.80804443359375,572.259521484375,428.1432189941406,484.3056335449219,0.9050127267837524
422,5,254.0028533935547,421.1756591796875,307.4841003417969,632.984619140625,280.74346923828125,527.0801391601562,0.7787873148918152
422,104,661.7990112304688,495.019775390625,779.1183471679688,677.501708984375,720.4586791992188,586.2607421875,0.9093456268310547
422,97,860.7644653320312,392.320556640625,971.04736328125,472.87237548828125,915.9058837890625,432.5964660644531,0.9052145481109619
422,52,251.83340454101562,374.91796875,285.98291015625,475.1253662109375,268.90814208984375,425.02166748046875,0.6069414019584656
422,88,305.1017761230469,190.5202178955078,355.5148010253906,345.5425109863281,330.30828857421875,268.0313720703125,0.4032942056655884
423,16,751.4637451171875,416.482666015625,826.7888793945312,575.9533081054688,789.1263427734375,496.2179870605469,0.8956421613693237
423,65,653.7487182617188,316.24603271484375,712.740234375,484.28204345703125,683.2445068359375,400.2640380859375,0.8828502297401428
423,3,308.5523986816406,574.3192749023438,379.46429443359375,717.8748779296875,344.00836181640625,646.0970458984375,0.8909592628479004
423,103,1239.3680419921875,529.33251953125,1278.5369873046875,718.5441284179688,1258.9525146484375,623.9383544921875,0.8359773755073547
423,68,908.391357421875,244.6750946044922,953.1131591796875,360.9464111328125,930.7522583007812,302.8107604980469,0.8022432923316956
423,70,581.4977416992188,335.55206298828125,640.3701782226562,470.9353942871094,610.9339599609375,403.24371337890625,0.8903436064720154
423,108,397.465576171875,397.7309265136719,461.5137023925781,572.0366821289062,429.4896240234375,484.8837890625,0.9060459136962891
423,5,257.8159484863281,436.7640686035156,311.11248779296875,630.9049682617188,284.4642333984375,533.8345336914062,0.8036957383155823
423,104,661.6922607421875,492.6588439941406,775.6934814453125,675.6077880859375,718.69287109375,584.13330078125,0.9051069617271423
423,97,859.4415283203125,392.3233642578125,966.7171630859375,471.8929138183594,913.079345703125,432.108154296875,0.9016315937042236
423,52,254.52947998046875,376.8521728515625,290.3953552246094,475.44952392578125,272.46240234375,426.1508483886719,0.5304645299911499
423,87,269.64556884765625,411.5361328125,310.97149658203125,530.765625,290.30853271484375,471.15087890625,0.466432124376297
424,16,746.4689331054688,416.91107177734375,826.191162109375,574.0204467773438,786.330078125,495.46575927734375,0.9162828326225281
424,65,653.162353515625,323.14019775390625,716.6260375976562,483.99517822265625,684.8941650390625,403.56768798828125,0.9229161143302917
424,3,312.7121887207031,572.8768310546875,383.48614501953125,717.8226318359375,348.09918212890625,645.3497314453125,0.9137991666793823
424,103,1228.510498046875,528.9262084960938,1278.3697509765625,718.6279296875,1253.440185546875,623.777099609375,0.8640744090080261
424,68,907.2236938476562,245.9589080810547,953.9610595703125,360.64727783203125,930.5924072265625,303.3031005859375,0.8058875799179077
424,70,583.378173828125,335.5922546386719,642.314453125,470.03363037109375,612.8463134765625,402.81292724609375,0.8891770839691162
424,108,400.0145263671875,399.5111083984375,463.1595153808594,570.3627319335938,431.5870361328125,484.9369201660156,0.9207035303115845
424,5,262.45269775390625,440.6498718261719,317.25372314453125,628.6589965820312,289.85321044921875,534.6544189453125,0.7948329448699951
424,104,664.2819213867188,490.734130859375,772.3197021484375,672.9805908203125,718.30078125,581.8573608398438,0.9026830196380615
424,97,858.24267578125,391.804931640625,959.32666015625,470.3355712890625,908.78466796875,431.07025146484375,0.909156322479248
424,52,257.8581237792969,378.5177917480469,295.2842102050781,492.6646728515625,276.5711669921875,435.59124755859375,0.5596906542778015
425,16,743.490966796875,417.3246765136719,825.7965087890625,572.4899291992188,784.6437377929688,494.90728759765625,0.9094721078872681
425,65,653.3297119140625,329.88232421875,719.9295654296875,483.18341064453125,686.629638671875,406.5328674316406,0.9182154536247253
425,3,317.349853515625,571.6776123046875,387.3133239746094,717.7601928710938,352.33160400390625,644.7188720703125,0.9173138737678528
425,103,1221.205322265625,526.3410034179688,1278.12939453125,718.867431640625,1249.6673583984375,622.604248046875,0.8813338875770569
425,68,906.1372680664062,247.38046264648438,954.4757080078125,360.5587158203125,930.3065185546875,303.9696044921875,0.825982391834259
425,70,585.0555419921875,335.8309020996094,643.9838256835938,469.1388854980469,614.5196533203125,402.4848937988281,0.8945589065551758
425,108,403.63873291015625,400.8804626464844,465.5634460449219,569.0301513671875,434.60107421875,484.955322265625,0.9088234901428223
425,5,267.99810791015625,444.4134216308594,321.49749755859375,625.7535400390625,294.747802734375,535.08349609375,0.7925952076911926
425,104,668.5576171875,489.7960510253906,769.7487182617188,669.3941040039062,719.1531982421875,579.5950927734375,0.9042369723320007
425,97,857.0188598632812,391.3206787109375,948.7203979492188,469.4457702636719,902.86962890625,430.38323974609375,0.9133897423744202
425,52,261.4007263183594,379.84912109375,304.1264953613281,504.6202087402344,282.76361083984375,442.23468017578125,0.5840778946876526
425,88,318.9898376464844,198.03233337402344,364.94952392578125,346.9225769042969,341.96966552734375,272.4774475097656,0.48854780197143555
426,16,740.4183959960938,417.409423828125,825.2736206054688,571.6155395507812,782.8460083007812,494.5124816894531,0.9201478362083435
426,65,654.314697265625,334.0488586425781,722.8944091796875,482.3662109375,688.6045532226562,408.20751953125,0.9229036569595337
426,3,321.92193603515625,570.3650512695312,391.0757751464844,717.4725341796875,356.49884033203125,643.9188232421875,0.9079089164733887
426,103,1216.3909912109375,524.2354125976562,1278.174072265625,718.2443237304688,1247.282470703125,621.2398681640625,0.8839770555496216
426,70,588.0984497070312,336.536376953125,645.6923828125,468.338623046875,616.8953857421875,402.4375,0.8871727585792542
426,108,408.4878234863281,402.6492004394531,469.44610595703125,567.418212890625,438.96697998046875,485.03369140625,0.9019502401351929
426,5,273.6692810058594,445.82489013671875,327.5901184082031,622.739013671875,300.62969970703125,534.281982421875,0.8004245758056641
426,104,674.2901000976562,489.5138244628906,768.0513916015625,667.1318359375,721.1707763671875,578.3228149414062,0.9091518521308899
426,97,854.8758544921875,389.15789794921875,944.697509765625,469.40338134765625,899.7866821289062,429.2806396484375,0.9310229420661926
426,52,266.69378662109375,380.84100341796875,308.5191955566406,508.4471130371094,287.60650634765625,444.64404296875,0.5495865941047668
426,88,324.2311096191406,199.99378967285156,371.37213134765625,348.4399108886719,347.8016357421875,274.21685791015625,0.43318572640419006
427,16,738.0204467773438,417.012939453125,823.8759765625,570.542724609375,780.9482421875,493.77783203125,0.921981692314148
427,65,658.1085205078125,336.9647521972656,725.55029296875,481.6982421875,691.8294067382812,409.33148193359375,0.9193351864814758
427,3,327.16259765625,570.0313720703125,395.0243835449219,717.5927124023438,361.093505859375,643.81201171875,0.9184148907661438
427,103,1215.1187744140625,523.2459106445312,1278.941650390625,715.871826171875,1247.0302734375,619.558837890625,0.8847742080688477
427,70,591.8018798828125,337.5439758300781,647.4024047851562,467.16290283203125,619.6021728515625,402.35345458984375,0.8946951627731323
427,108,413.2181091308594,404.5906982421875,473.1090393066406,565.4456787109375,443.16357421875,485.0181884765625,0.9103043079376221
427,5,279.4184875488281,447.93035888671875,340.5708312988281,620.552001953125,309.9946594238281,534.2412109375,0.7796776294708252
427,104,679.5880126953125,490.45111083984375,767.116455078125,667.0355224609375,723.3522338867188,578.7432861328125,0.9109240174293518
427,97,853.1819458007812,386.84735107421875,941.8162841796875,471.09808349609375,897.4991455078125,428.97271728515625,0.9224883317947388
427,88,330.18438720703125,201.5637969970703,375.5500183105469,347.7798767089844,352.8671875,274.6718444824219,0.4618135094642639
427,68,905.9987182617188,249.78163146972656,952.0279541015625,360.81573486328125,929.0133056640625,305.2986755371094,0.7844386696815491
428,16,737.5595092773438,416.5323791503906,820.7076416015625,569.15234375,779.133544921875,492.84234619140625,0.8971056342124939
428,65,662.2348022460938,339.5028381347656,728.8680419921875,481.32000732421875,695.5513916015625,410.41143798828125,0.9171649217605591
428,3,333.67340087890625,569.703857421875,400.50469970703125,717.8958740234375,367.08905029296875,643.7998657226562,0.9319176077842712
428,103,1216.4429931640625,522.1119995117188,1279.0208740234375,712.1898193359375,1247.73193359375,617.15087890625,0.8790074586868286
428,70,594.8494873046875,339.3887634277344,650.0515747070312,466.5714416503906,622.4505615234375,402.9801025390625,0.8988382816314697
428,108,418.6970520019531,405.2505798339844,477.8955078125,562.781982421875,448.2962646484375,484.01629638671875,0.9050881862640381
428,5,286.14508056640625,448.1958312988281,343.78125,617.3101806640625,314.9631652832031,532.7529907226562,0.7769054174423218
428,104,681.5214233398438,493.3882141113281,766.46826171875,668.5930786132812,723.994873046875,580.9906616210938,0.91246497631073
428,97,851.8571166992188,385.58734130859375,938.9373779296875,473.93341064453125,895.397216796875,429.7603759765625,0.8993642926216125
428,114,1243.234619140625,275.9833984375,1278.8079833984375,342.746337890625,1261.021240234375,309.3648681640625,0.5082650780677795
428,68,906.8646240234375,251.20628356933594,950.4525146484375,360.8335876464844,928.6585693359375,306.0199279785156,0.7094849348068237
429,16,736.5470581054688,415.91778564453125,816.0313720703125,568.1393432617188,776.2891845703125,492.028564453125,0.8647406101226807
429,65,667.2431640625,341.0194396972656,731.21923828125,479.7782287597656,699.231201171875,410.3988342285156,0.8718032836914062
429,3,339.7790832519531,570.1104125976562,405.6868591308594,718.0382080078125,372.73297119140625,644.0743408203125,0.9172170758247375
429,103,1221.7835693359375,520.9363403320312,1279.356689453125,709.8080444335938,1250.570068359375,615.3721923828125,0.8715644478797913
429,70,598.142333984375,342.91998291015625,652.6341552734375,465.3551940917969,625.3882446289062,404.1375732421875,0.9046302437782288
429,108,424.1993713378906,405.7690124511719,482.4593200683594,561.9227294921875,453.329345703125,483.84588623046875,0.888777494430542
429,5,294.12115478515625,448.779541015625,353.95477294921875,614.1068115234375,324.0379638671875,531.4431762695312,0.7981927990913391
429,104,677.9442138671875,497.2197265625,767.9392700195312,668.16357421875,722.9417724609375,582.691650390625,0.8963832259178162
429,97,850.6849365234375,384.3099060058594,934.2034912109375,479.02362060546875,892.4442138671875,431.666748046875,0.9205114841461182
429,114,1241.048583984375,276.581298828125,1278.542236328125,343.5030822753906,1259.79541015625,310.04217529296875,0.6185829043388367
429,68,907.9129638671875,252.9236297607422,949.9298706054688,361.6934814453125,928.92138671875,307.3085632324219,0.6944294571876526
430,16,741.8947143554688,415.19476318359375,811.349853515625,567.0587768554688,776.622314453125,491.12677001953125,0.7112051844596863
430,65,675.6234741210938,341.2919006347656,734.6367797851562,478.96221923828125,705.130126953125,410.1270751953125,0.8806728720664978
430,3,347.22845458984375,570.2391967773438,411.3795166015625,718.221923828125,379.3039855957031,644.2305908203125,0.9122095704078674
430,103,1229.55224609375,519.1024780273438,1279.6861572265625,708.6495971679688,1254.619140625,613.8760375976562,0.8370397090911865
430,70,602.0056762695312,346.8062438964844,654.7479248046875,464.8547058105469,628.3768310546875,405.8304748535156,0.9152580499649048
430,108,430.4142761230469,406.3744812011719,487.58697509765625,561.1851196289062,459.0006103515625,483.77978515625,0.891425371170044
430,5,301.0030517578125,449.7329406738281,357.6429443359375,613.5418701171875,329.322998046875,531.6373901367188,0.7815390229225159
430,104,681.4340209960938,502.4603271484375,770.8262329101562,667.2489013671875,726.130126953125,584.8546142578125,0.8673297762870789
430,97,850.0753173828125,383.2677001953125,930.4439697265625,480.98516845703125,890.2596435546875,432.1264343261719,0.9185330867767334
430,114,1239.70654296875,277.5854797363281,1278.795166015625,344.9490966796875,1259.2508544921875,311.26727294921875,0.6049239635467529
430,68,909.314208984375,254.65728759765625,950.821044921875,362.1791076660156,930.067626953125,308.418212890625,0.674437940120697
430,52,296.5584716796875,388.4898376464844,335.1697998046875,513.9225463867188,315.8641357421875,451.2061767578125,0.41879433393478394
431,16,750.3257446289062,414.07257080078125,806.9083862304688,566.1201171875,778.6170654296875,490.0963439941406,0.8678639531135559
431,65,684.0537719726562,342.2323913574219,739.1622924804688,478.7962951660156,711.6080322265625,410.51434326171875,0.8897811770439148
431,3,353.870849609375,569.9430541992188,417.76776123046875,718.6947631835938,385.8193054199219,644.3189086914062,0.9030994176864624
431,103,1241.5848388671875,517.5543212890625,1280.0,706.1506958007812,1260.79248046875,611.8525390625,0.7790712714195251
431,70,606.383056640625,350.5893249511719,657.6512451171875,465.4306335449219,632.0171508789062,408.0099792480469,0.906854510307312
431,108,435.5609436035156,407.912841796875,490.6667175292969,559.6419677734375,463.11383056640625,483.77740478515625,0.8840369582176208
431,5,307.8277587890625,452.4054870605469,365.2166748046875,614.9846801757812,336.522216796875,533.695068359375,0.7020002603530884
431,104,671.7839965820312,504.91119384765625,773.9192504882812,666.7503051757812,722.8516235351562,585.8307495117188,0.8963030576705933
431,97,850.4593505859375,382.3246154785156,925.0067138671875,481.14312744140625,887.7330322265625,431.73388671875,0.9059208631515503
431,114,1239.7635498046875,278.5510559082031,1279.501220703125,345.4186706542969,1259.63232421875,311.98486328125,0.5438893437385559
431,68,911.3424682617188,255.68397521972656,953.4067993164062,362.9023132324219,932.3746337890625,309.29315185546875,0.6152650117874146
431,115,1.5145200490951538,384.691650390625,24.14497947692871,477.1501159667969,12.829750061035156,430.9208984375,0.7474477887153625
432,16,754.8052978515625,413.4021301269531,801.2117309570312,564.4382934570312,778.008544921875,488.92022705078125,0.8391346335411072
432,65,690.6431274414062,342.8406982421875,745.6448364257812,478.66888427734375,718.1439819335938,410.7547912597656,0.8735736608505249
432,3,362.44927978515625,568.4219360351562,424.72967529296875,718.1786499023438,393.5894775390625,643.30029296875,0.9040865898132324
432,103,1253.7352294921875,519.2545166015625,1280.0,704.4495239257812,1266.86767578125,611.85205078125,0.6977669596672058
432,70,611.0830078125,352.5074157714844,660.3104858398438,465.74847412109375,635.69677734375,409.1279296875,0.8835620880126953
432,108,442.97442626953125,409.189697265625,493.2906188964844,558.1499633789062,468.13250732421875,483.6698303222656,0.8955397605895996
432,5,319.3750305175781,444.5138244628906,375.96337890625,616.8861694335938,347.669189453125,530.7000122070312,0.6938349008560181
432,104,666.5781860351562,504.59185791015625,776.7685546875,663.7974243164062,721.67333984375,584.1946411132812,0.9084106087684631
432,97,851.528564453125,381.7334899902344,916.2539672851562,481.1509094238281,883.8912353515625,431.44219970703125,0.8861081004142761
432,114,1239.5849609375,280.7247314453125,1279.356689453125,346.5782470703125,1259.4708251953125,313.6514892578125,0.5015484094619751
432,68,913.512939453125,257.0933837890625,956.444091796875,364.2664489746094,934.978515625,310.679931640625,0.6788602471351624
432,115,4.35601806640625,381.76361083984375,39.16544723510742,477.3006591796875,21.760732650756836,429.5321350097656,0.7883331179618835
433,16,752.20361328125,413.7904052734375,795.2891235351562,564.6297607421875,773.746337890625,489.2100830078125,0.7110430598258972
433,65,697.1171264648438,343.5419006347656,753.8182983398438,478.707763671875,725.4677124023438,411.12481689453125,0.904535710811615
433,3,370.1511535644531,567.1331787109375,432.2510070800781,718.1170654296875,401.2010803222656,642.6251220703125,0.9125915169715881
433,103,1260.98095703125,533.3015747070312,1279.8065185546875,699.77001953125,1270.393798828125,616.5357666015625,0.7242363095283508
433,70,615.75732421875,354.0124206542969,664.7853393554688,466.8150634765625,640.2713623046875,410.41375732421875,0.8894668221473694
433,108,449.7150573730469,410.626953125,497.2615966796875,555.8869018554688,473.48834228515625,483.2569274902344,0.9012489318847656
433,5,330.2015075683594,438.39208984375,386.9056701660156,616.8838500976562,358.5535888671875,527.637939453125,0.6702042818069458
433,104,662.6744384765625,502.42681884765625,777.6329345703125,662.6046752929688,720.1536865234375,582.5157470703125,0.9125656485557556
433,97,842.0548095703125,381.5728759765625,906.4080810546875,480.6317138671875,874.2314453125,431.102294921875,0.8053416013717651
433,114,1239.988525390625,282.751708984375,1279.349609375,347.25604248046875,1259.6690673828125,315.0038757324219,0.4997956454753876
433,68,916.18798828125,259.1408996582031,960.9285278320312,364.5494079589844,938.5582275390625,311.84515380859375,0.5801792144775391
433,115,5.890111923217773,380.0262756347656,52.8213005065918,484.14056396484375,29.35570526123047,432.08343505859375,0.8045015931129456
433,52,323.5319519042969,396.958984375,364.10479736328125,517.67041015625,343.818359375,457.314697265625,0.557342529296875
434,16,754.6193237304688,414.8462219238281,793.2739868164062,564.3861694335938,773.9466552734375,489.6162109375,0.7086565494537354
434,65,703.7506103515625,344.3491516113281,757.2877197265625,481.8177490234375,730.5191650390625,413.08343505859375,0.9105527997016907
434,3,377.67987060546875,566.31201171875,439.5347595214844,718.237060546875,408.6072998046875,642.2745361328125,0.8918747305870056
434,70,619.3787231445312,355.2651672363281,669.476318359375,468.39306640625,644.427490234375,411.8291015625,0.8578303456306458
434,108,456.4898986816406,411.8704528808594,502.2252502441406,554.4197387695312,479.3575744628906,483.14508056640625,0.8883417844772339
434,5,339.80426025390625,436.0270690917969,397.01593017578125,617.2156982421875,368.41009521484375,526.6213989257812,0.6336698532104492
434,104,665.1236572265625,500.22576904296875,775.5509033203125,658.0193481445312,720.3372802734375,579.12255859375,0.9011383056640625
434,97,848.748291015625,381.1025695800781,902.0819091796875,479.55133056640625,875.4151000976562,430.32696533203125,0.8664379715919495
434,68,919.3860473632812,261.232177734375,966.0738525390625,365.2596740722656,942.72998046875,313.24591064453125,0.6002163887023926
434,115,13.389965057373047,378.4460754394531,65.61259460449219,484.97991943359375,39.50128173828125,431.7130126953125,0.8174865245819092
435,16,746.5311279296875,415.7130432128906,796.0479125976562,565.2518920898438,771.28955078125,490.48248291015625,0.8440214991569519
435,65,708.9996948242188,345.5201721191406,759.193359375,482.4004211425781,734.0965576171875,413.9602966308594,0.8882910013198853
435,3,384.15118408203125,564.1585693359375,446.3196105957031,718.875732421875,415.23541259765625,641.5171508789062,0.8999576568603516
435,70,623.7626342773438,356.3882751464844,673.1427612304688,469.446044921875,648.4526977539062,412.91717529296875,0.8835176825523376
435,108,463.2806396484375,413.44036865234375,509.19696044921875,552.9527587890625,486.2388000488281,483.1965637207031,0.8940833210945129
435,5,350.6131591796875,439.4581604003906,405.6388244628906,617.3295288085938,378.1259765625,528.3938598632812,0.6723843812942505
435,104,669.0203857421875,498.89361572265625,768.486572265625,652.6643676757812,718.7534790039062,575.7789916992188,0.8525725603103638
435,97,848.626220703125,380.8489685058594,901.3912353515625,478.5269775390625,875.0087280273438,429.68798828125,0.822917103767395
435,68,921.6085815429688,263.16314697265625,967.6174926757812,366.59161376953125,944.613037109375,314.87738037109375,0.5794220566749573
435,115,23.526676177978516,378.2422790527344,79.11009216308594,483.73651123046875,51.318382263183594,430.9893798828125,0.854027271270752
435,114,1244.901123046875,285.2807312011719,1279.937255859375,349.935302734375,1262.419189453125,317.6080322265625,0.5871241688728333
435,52,341.4082336425781,401.5885009765625,382.92559814453125,522.1173706054688,362.16693115234375,461.8529357910156,0.5126385688781738
436,16,743.08447265625,416.18646240234375,799.3638916015625,565.6649169921875,771.2241821289062,490.9256896972656,0.8282182812690735
436,65,712.2221069335938,346.1271057128906,763.2060546875,481.2803039550781,737.714111328125,413.7037048339844,0.7940893769264221
436,3,389.5847473144531,562.7252197265625,453.1186218261719,718.6346435546875,421.3516845703125,640.679931640625,0.8944128751754761
436,70,627.750732421875,358.3208923339844,676.1109619140625,469.1949768066406,651.9308471679688,413.7579345703125,0.881563663482666
436,108,470.0008850097656,415.67938232421875,514.5848999023438,552.5202026367188,492.29290771484375,484.09979248046875,0.8965242505073547
436,5,360.8974304199219,445.5602111816406,413.9629821777344,617.3839721679688,387.4302062988281,531.4721069335938,0.7902121543884277
436,104,672.9325561523438,496.631103515625,756.3009033203125,648.7470703125,714.61669921875,572.6890869140625,0.9048635363578796
436,97,842.7383422851562,380.2218017578125,903.4922485351562,478.95660400390625,873.1152954101562,429.5892028808594,0.8731653690338135
436,68,924.902099609375,264.2884521484375,970.6668090820312,366.9832763671875,947.784423828125,315.6358642578125,0.45010486245155334
436,115,35.75609588623047,378.47076416015625,91.06641387939453,482.13409423828125,63.4112548828125,430.30242919921875,0.8533161282539368
436,114,1246.9383544921875,286.12445068359375,1279.776611328125,350.7097473144531,1263.357421875,318.4171142578125,0.6281813383102417
436,52,352.39013671875,404.4883728027344,393.3120422363281,521.3722534179688,372.85107421875,462.9302978515625,0.4047250747680664
437,16,746.6865234375,417.39202880859375,803.8323974609375,567.62451171875,775.2594604492188,492.5082702636719,0.662463903427124
437,65,718.8236083984375,347.0758972167969,767.23095703125,480.7853698730469,743.0272827148438,413.9306335449219,0.82526034116745
437,3,396.0903625488281,561.7020874023438,458.3240966796875,718.3395385742188,427.20721435546875,640.0208129882812,0.9000650644302368
437,70,631.6519165039062,359.61688232421875,681.0130004882812,468.5379333496094,656.3324584960938,414.077392578125,0.8684489130973816
437,108,476.0995178222656,417.4073791503906,520.6590576171875,554.0875244140625,498.3792724609375,485.7474365234375,0.8889244794845581
437,5,367.7777404785156,446.3202819824219,420.9892578125,618.46923828125,394.38348388671875,532.394775390625,0.7020664811134338
437,104,678.0921630859375,494.98919677734375,745.3475341796875,646.7283325195312,711.7198486328125,570.8587646484375,0.9085542559623718
437,97,842.6168823242188,379.95465087890625,906.9585571289062,483.05609130859375,874.7877197265625,431.50537109375,0.9025858044624329
437,68,928.6227416992188,265.06951904296875,976.8787231445312,366.9102478027344,952.750732421875,315.9898681640625,0.5568025708198547
437,115,48.853614807128906,379.04510498046875,102.94386291503906,480.94207763671875,75.89874267578125,429.99359130859375,0.8393372297286987
437,114,1249.693115234375,287.79412841796875,1279.7545166015625,351.0087890625,1264.723876953125,319.4014587402344,0.6031706929206848
438,16,741.25732421875,418.93267822265625,808.421142578125,569.0300903320312,774.8392333984375,493.98138427734375,0.8154542446136475
438,65,724.3167724609375,347.770263671875,773.1243286132812,480.42437744140625,748.7205810546875,414.0973205566406,0.8087462186813354
438,3,402.5687255859375,561.5655517578125,464.58154296875,718.6096801757812,433.57513427734375,640.087646484375,0.8918742537498474
438,70,634.7011108398438,362.0223083496094,685.1155395507812,467.9723205566406,659.9083251953125,414.997314453125,0.886821448802948
438,108,481.9007568359375,418.8540954589844,528.8463745117188,556.126953125,505.3735656738281,487.49053955078125,0.8964006900787354
438,5,374.94171142578125,440.8085632324219,429.634521484375,616.9584350585938,402.2881164550781,528.8834838867188,0.6899605393409729
438,104,678.7424926757812,492.20172119140625,745.1220703125,644.3876953125,711.9322509765625,568.294677734375,0.8861339092254639
438,97,844.5382080078125,380.55029296875,910.178466796875,487.8393249511719,877.3583374023438,434.19482421875,0.901965856552124
438,68,932.5565795898438,267.3633728027344,981.09130859375,367.53802490234375,956.823974609375,317.45068359375,0.695357620716095
438,115,61.81565475463867,379.7538146972656,116.64115142822266,479.6487121582031,89.22840118408203,429.7012634277344,0.8266855478286743
438,114,1252.2308349609375,290.3871765136719,1279.88623046875,350.0461120605469,1266.05859375,320.2166442871094,0.5291359424591064
439,16,739.115234375,421.8132629394531,813.7948608398438,569.3541870117188,776.455078125,495.583740234375,0.8957836627960205
439,65,731.2369384765625,347.7137451171875,779.8475341796875,478.99188232421875,755.542236328125,413.3528137207031,0.8799843788146973
439,3,406.9638671875,561.1851196289062,470.5917053222656,718.9674072265625,438.77777099609375,640.0762939453125,0.9024842381477356
439,70,637.30126953125,363.7711486816406,687.7103271484375,467.2868957519531,662.5057983398438,415.5290222167969,0.8779639005661011
439,108,487.5599670410156,420.1319885253906,537.417724609375,558.402099609375,512.4888305664062,489.26702880859375,0.8993671536445618
439,5,382.59613037109375,445.03118896484375,435.78704833984375,616.065673828125,409.19158935546875,530.5484619140625,0.5495513081550598
439,104,678.9129028320312,487.6252746582031,747.4283447265625,641.99365234375,713.170654296875,564.8094482421875,0.8821571469306946
439,97,847.757568359375,381.5946350097656,914.109130859375,491.82177734375,880.933349609375,436.70819091796875,0.907875120639801
439,68,937.5610961914062,268.9907531738281,982.73779296875,368.2724609375,960.1494140625,318.631591796875,0.7079882025718689
439,115,74.79491424560547,381.0194091796875,132.29232788085938,478.3878173828125,103.54362487792969,429.70361328125,0.8336744904518127
440,16,740.2697143554688,427.4107360839844,818.8021850585938,569.1629028320312,779.5359497070312,498.28680419921875,0.7829360961914062
440,65,736.2626953125,348.1351318359375,787.1031494140625,476.69818115234375,761.6829223632812,412.4166564941406,0.863577127456665
440,3,412.36309814453125,560.817138671875,476.30877685546875,719.0678100585938,444.3359375,639.9425048828125,0.8578469157218933
440,70,639.03173828125,365.9791564941406,689.1356811523438,467.4680480957031,664.083740234375,416.7236022949219,0.8814597129821777
440,108,493.9826965332031,421.2181091308594,546.55224609375,560.5609130859375,520.2674560546875,490.8895263671875,0.8876157402992249
440,5,387.2492370605469,444.4397888183594,443.79193115234375,614.7551879882812,415.52056884765625,529.5974731445312,0.5513107776641846
440,104,675.4796752929688,484.117431640625,743.9489135742188,628.78662109375,709.7142944335938,556.4520263671875,0.5357729196548462
440,97,851.0103149414062,383.4599609375,916.22509765625,494.7315368652344,883.61767578125,439.09576416015625,0.8931906223297119
440,68,941.2132568359375,270.8037414550781,986.8629150390625,369.0295715332031,964.0380859375,319.9166564941406,0.5927596092224121
440,115,86.59344482421875,381.8026123046875,150.56118774414062,477.1451416015625,118.57731628417969,429.473876953125,0.8279430270195007
441,16,741.72119140625,426.3987731933594,823.9495849609375,567.6012573242188,782.8353881835938,497.0,0.7882281541824341
441,65,739.338623046875,348.41729736328125,792.7243041992188,475.36212158203125,766.031494140625,411.88970947265625,0.8593513369560242
441,3,415.822998046875,560.4827880859375,481.2386474609375,719.4346923828125,448.53082275390625,639.958740234375,0.879819929599762
441,70,639.6827392578125,368.16607666015625,690.1656494140625,467.84832763671875,664.9241943359375,418.0072021484375,0.8444371223449707
441,108,500.3520812988281,422.8445129394531,554.9683837890625,561.9602661132812,527.6602172851562,492.40240478515625,0.8898678421974182
441,5,393.6770324707031,455.9830322265625,451.2480773925781,612.1937255859375,422.4625549316406,534.08837890625,0.5976955890655518
441,104,672.238037109375,480.80804443359375,750.6253662109375,624.2210693359375,711.4317016601562,552.5145263671875,0.808824360370636
441,97,852.9953002929688,385.3670654296875,916.33203125,495.87994384765625,884.6636962890625,440.6235046386719,0.8658249974250793
441,68,945.8684692382812,272.4197692871094,990.16796875,369.8395690917969,968.0181884765625,321.1296691894531,0.6156575083732605
441,115,97.06380462646484,382.3199462890625,168.00689697265625,476.0272216796875,132.5353546142578,429.173583984375,0.8665391802787781
441,117,2.004683256149292,491.06884765625,75.16888427734375,626.4061889648438,38.58678436279297,558.737548828125,0.8224191069602966
442,16,748.5702514648438,424.94915771484375,828.35498046875,567.3162841796875,788.462646484375,496.1327209472656,0.8445594906806946
442,65,739.6047973632812,349.01641845703125,798.761474609375,474.9179382324219,769.18310546875,411.9671630859375,0.8435231447219849
442,3,418.4654541015625,561.1712646484375,485.92645263671875,720.0,452.1959533691406,640.5856323242188,0.8569197654724121
442,70,639.9219360351562,369.256591796875,693.1378173828125,471.0083923339844,666.5299072265625,420.13250732421875,0.6257559061050415
442,108,506.7268371582031,425.08001708984375,562.8502197265625,565.0615234375,534.7885131835938,495.0707702636719,0.8933387398719788
442,5,399.59600830078125,463.8863220214844,457.9010009765625,610.1405029296875,428.7485046386719,537.013427734375,0.5507295727729797
442,104,673.227783203125,479.66845703125,753.242431640625,618.654541015625,713.235107421875,549.1614990234375,0.7413948178291321
442,97,851.4636840820312,387.0585632324219,914.52294921875,496.440185546875,882.9932861328125,441.7493896484375,0.9067146182060242
442,68,952.4111328125,272.72076416015625,997.7997436523438,370.0019836425781,975.10546875,321.36138916015625,0.7017518281936646
442,115,105.84638214111328,382.93609619140625,181.91650390625,474.9748840332031,143.88143920898438,428.95550537109375,0.85393887758255
442,117,1.9451605081558228,493.4350280761719,80.49545288085938,632.17529296875,41.220306396484375,562.80517578125,0.867436408996582
443,16,747.79638671875,427.4073486328125,829.53515625,568.2998046875,788.665771484375,497.85357666015625,0.8658719062805176
443,65,741.7638549804688,349.9190979003906,806.9837036132812,475.5622253417969,774.373779296875,412.74066162109375,0.8648675680160522
443,3,421.93475341796875,561.4085083007812,491.76861572265625,720.0,456.8516845703125,640.7042236328125,0.8910371661186218
443,70,641.9502563476562,370.0057678222656,699.5341186523438,478.7085876464844,670.7421875,424.357177734375,0.8199853897094727
443,108,512.8065795898438,428.3141174316406,570.0569458007812,566.0645141601562,541.4317626953125,497.1893310546875,0.8846142888069153
443,5,403.2680969238281,466.4358825683594,461.8553466796875,608.3789672851562,432.56170654296875,537.4074096679688,0.46263474225997925
443,104,672.9537353515625,480.4998474121094,731.6282348632812,622.1292724609375,702.291015625,551.3145751953125,0.8514348864555359
443,97,846.93359375,388.7052917480469,912.4882202148438,496.2204284667969,879.7109375,442.4628601074219,0.8947555422782898
443,68,959.8262939453125,272.23431396484375,1006.38623046875,369.48809814453125,983.1062622070312,320.8612060546875,0.43224579095840454
443,115,113.7856216430664,382.7632141113281,194.98834228515625,474.3872985839844,154.38697814941406,428.57525634765625,0.8598155379295349
443,117,1.0079150199890137,496.9893493652344,84.55815124511719,631.6096801757812,42.78303146362305,564.2994995117188,0.8607958555221558
444,16,744.642822265625,431.19427490234375,826.9879760742188,568.600830078125,785.8154296875,499.8975524902344,0.892303466796875
444,65,748.3653564453125,350.4549255371094,815.2980346679688,476.9806823730469,781.8316650390625,413.7178039550781,0.8330751657485962
444,3,427.4267272949219,561.6560668945312,498.1387023925781,720.0,462.78271484375,640.8280029296875,0.8721416592597961
444,70,647.0878295898438,371.68853759765625,704.1261596679688,485.48944091796875,675.6069946289062,428.5889892578125,0.8325448632240295
444,108,518.9456176757812,430.7297668457031,576.2809448242188,566.446533203125,547.61328125,498.588134765625,0.8912340998649597
444,5,410.7277526855469,470.0583801269531,469.3648986816406,596.0236206054688,440.04632568359375,533.041015625,0.5212171673774719
444,104,668.9647827148438,481.1742858886719,722.9417724609375,623.1395874023438,695.9532470703125,552.1569213867188,0.8610415458679199
444,97,845.5776977539062,388.97314453125,909.8094482421875,499.91802978515625,877.693603515625,444.4455871582031,0.9150364995002747
444,68,967.7410888671875,272.83380126953125,1014.332763671875,369.7375793457031,991.0369262695312,321.28570556640625,0.6762921214103699
444,115,123.02440643310547,382.09039306640625,207.33261108398438,473.3121032714844,165.1785125732422,427.70123291015625,0.8864728808403015
444,117,1.360910415649414,500.1209411621094,87.95953369140625,629.9459228515625,44.660221099853516,565.033447265625,0.8725662231445312
444,52,410.952880859375,417.8235168457031,470.8283386230469,523.4951782226562,440.890625,470.65936279296875,0.4809877872467041
445,16,746.176025390625,431.762939453125,822.4270629882812,568.2578735351562,784.301513671875,500.0104064941406,0.8894107937812805
445,65,761.55078125,351.7087097167969,822.736083984375,476.9353332519531,792.1434326171875,414.322021484375,0.843049943447113
445,3,433.60858154296875,561.7666015625,506.0848388671875,720.0,469.8467102050781,640.88330078125,0.847233235836029
445,70,653.6984252929688,374.6286315917969,706.0611572265625,490.29705810546875,679.8797607421875,432.46282958984375,0.8505610227584839
445,108,524.3692626953125,434.6839294433594,581.9542236328125,566.2346801757812,553.1617431640625,500.45928955078125,0.8890843987464905
445,5,419.4078369140625,474.04803466796875,477.482421875,589.0441284179688,448.44512939453125,531.5460815429688,0.5186780095100403
445,104,654.9349975585938,481.9742736816406,721.0869750976562,622.7799682617188,688.010986328125,552.3771362304688,0.7784833908081055
445,97,848.3114624023438,389.6781921386719,911.0093994140625,507.0067138671875,879.660400390625,448.34246826171875,0.8570424318313599
445,68,975.5103149414062,273.5991516113281,1022.7852172851562,370.77984619140625,999.1477661132812,322.18951416015625,0.5768039226531982
445,115,132.39283752441406,381.64947509765625,218.97161865234375,472.30133056640625,175.68222045898438,426.97540283203125,0.8431543111801147
445,117,1.3428614139556885,503.5179443359375,88.35591125488281,626.9505004882812,44.849388122558594,565.2342529296875,0.6286799311637878
446,16,751.03857421875,433.450439453125,816.70166015625,568.4671630859375,783.8701171875,500.95880126953125,0.8467122912406921
446,65,768.9691162109375,352.399658203125,831.154541015625,477.4381408691406,800.0618286132812,414.91888427734375,0.8501942157745361
446,3,441.9385681152344,565.4014892578125,513.7150268554688,720.0,477.8267822265625,642.7007446289062,0.7472761273384094
446,70,659.5609741210938,377.1512451171875,708.1448364257812,491.058349609375,683.8529052734375,434.10479736328125,0.82599276304245
446,108,528.3199462890625,438.1410217285156,587.3431396484375,566.13134765625,557.83154296875,502.13616943359375,0.8968568444252014
446,104,649.2007446289062,482.275146484375,721.9456787109375,622.1837768554688,685.5732421875,552.2294921875,0.8676136136054993
446,97,853.840087890625,389.93414306640625,914.1285400390625,513.31884765625,883.9843139648438,451.6264953613281,0.8558629751205444
446,68,984.7224731445312,273.92230224609375,1029.2213134765625,370.3971862792969,1006.971923828125,322.15972900390625,0.6977077722549438
446,115,142.79441833496094,380.31201171875,229.33181762695312,471.7301940917969,186.0631103515625,426.0211181640625,0.8434568047523499
446,117,1.5165605545043945,507.7208251953125,90.22699737548828,651.9472045898438,45.87178039550781,579.833984375,0.794657289981842
446,52,432.2608947753906,426.74737548828125,488.5578308105469,565.9067993164062,460.40936279296875,496.32708740234375,0.43671125173568726
447,16,756.5995483398438,436.06988525390625,815.8199462890625,568.2241821289062,786.209716796875,502.14703369140625,0.8836098313331604
447,65,774.150390625,352.749267578125,839.68603515625,478.1354064941406,806.918212890625,415.44232177734375,0.8627064228057861
447,3,449.5265197753906,562.5753784179688,520.6537475585938,720.0,485.09014892578125,641.2877197265625,0.7689799666404724
447,70,665.1583251953125,381.1307067871094,709.1324462890625,491.8099670410156,687.1453857421875,436.4703369140625,0.8525716066360474
447,108,530.7025756835938,441.25537109375,592.53369140625,565.870361328125,561.6181640625,503.5628662109375,0.9082962274551392
447,104,651.140625,481.8714294433594,726.2177734375,621.3016357421875,688.67919921875,551.5865478515625,0.8891977667808533
447,97,860.90283203125,391.6988830566406,916.411865234375,518.3427124023438,888.6573486328125,455.02081298828125,0.8304248452186584
447,68,993.461669921875,273.9445495605469,1038.3966064453125,370.8562316894531,1015.9291381835938,322.400390625,0.5638851523399353
447,115,154.24021911621094,379.5310974121094,239.82456970214844,470.88922119140625,197.0323944091797,425.21014404296875,0.8204498887062073
447,117,1.3850347995758057,510.5137939453125,91.61409759521484,657.3407592773438,46.49956512451172,583.92724609375,0.6087126135826111
447,5,441.3154296875,469.67230224609375,495.6475524902344,584.7776489257812,468.48150634765625,527.2249755859375,0.6345185041427612
448,16,761.3980102539062,440.2573547363281,821.7203369140625,568.4872436523438,791.5592041015625,504.372314453125,0.9103016257286072
448,65,778.9804077148438,353.6543273925781,848.3573608398438,477.72772216796875,813.6688842773438,415.6910400390625,0.8930535316467285
448,3,457.16650390625,561.1959228515625,528.0486450195312,720.0,492.6075744628906,640.5979614257812,0.7869536280632019
448,70,670.7018432617188,385.05572509765625,710.44580078125,491.9203796386719,690.5738525390625,438.488037109375,0.6335748434066772
448,108,534.1836547851562,445.11492919921875,598.44873046875,567.553466796875,566.316162109375,506.3341979980469,0.9003175497055054
448,104,657.1029663085938,478.12225341796875,733.40625,621.4452514648438,695.254638671875,549.7837524414062,0.8671033382415771
448,97,865.7325439453125,394.9717712402344,917.1887817382812,522.5573120117188,891.460693359375,458.7645263671875,0.8644375801086426
448,68,1002.537353515625,274.09783935546875,1045.837158203125,370.8939514160156,1024.187255859375,322.49591064453125,0.6736347079277039
448,115,169.15187072753906,379.3305358886719,251.26487731933594,470.3121337890625,210.2083740234375,424.82135009765625,0.8117884397506714
448,117,1.2377721071243286,512.7792358398438,91.91725158691406,659.8909301757812,46.577510833740234,586.3350830078125,0.7846997380256653
448,118,1.7297494411468506,413.8011169433594,36.129356384277344,525.1107177734375,18.92955207824707,469.4559326171875,0.7777063250541687
448,5,452.98046875,470.1907043457031,504.1325378417969,583.953125,478.5565185546875,527.0718994140625,0.47997668385505676
449,16,758.7473754882812,441.6848449707031,829.5545654296875,568.7640380859375,794.1510009765625,505.22442626953125,0.9019402265548706
449,65,783.0557861328125,355.18560791015625,856.0245361328125,477.7753601074219,819.5401611328125,416.48046875,0.88851398229599
449,3,464.1229248046875,558.1049194335938,536.0104370117188,719.7630004882812,500.0666809082031,638.9339599609375,0.7657771110534668
449,70,676.2460327148438,388.7299499511719,714.1148071289062,488.7952880859375,695.180419921875,438.76263427734375,0.4515165686607361
449,108,538.5686645507812,448.78961181640625,604.6180419921875,568.83544921875,571.5933837890625,508.8125305175781,0.8714430928230286
449,104,660.0907592773438,460.54156494140625,739.5009765625,621.5079345703125,699.7958984375,541.0247802734375,0.8221274614334106
449,97,871.1248779296875,398.8894958496094,919.06103515625,528.3118286132812,895.0929565429688,463.60064697265625,0.8592970967292786
449,68,1011.2097778320312,274.0885925292969,1057.23193359375,370.7272644042969,1034.2208251953125,322.4079284667969,0.6377962827682495
449,115,185.97555541992188,380.0890808105469,263.03692626953125,470.4072570800781,224.50624084472656,425.2481689453125,0.7684723734855652
449,117,6.224301815032959,513.7070922851562,91.15135192871094,645.8433837890625,48.687828063964844,579.7752685546875,0.4384092092514038
449,118,3.1020267009735107,412.55242919921875,46.54975891113281,524.0857543945312,24.82589340209961,468.319091796875,0.7280963063240051
450,16,757.8080444335938,441.63336181640625,837.4515991210938,568.8186645507812,797.6298217773438,505.22601318359375,0.8885598182678223
450,65,791.8211059570312,357.1096496582031,864.1764526367188,476.0613708496094,827.998779296875,416.58551025390625,0.8728132247924805
450,3,470.2361145019531,558.3350219726562,537.1298217773438,719.4171142578125,503.6829833984375,638.8760986328125,0.7230077981948853
450,108,544.8568115234375,451.7401428222656,612.571533203125,570.4420166015625,578.7141723632812,511.091064453125,0.8612940907478333
450,104,665.1340942382812,447.6372375488281,742.3453979492188,620.6437377929688,703.73974609375,534.1405029296875,0.8145349621772766
450,97,877.5418701171875,404.65118408203125,920.5145263671875,530.3590698242188,899.0281982421875,467.505126953125,0.8589885234832764
450,115,204.48342895507812,380.6485900878906,274.3194885253906,470.1897277832031,239.40145874023438,425.4191589355469,0.6883635520935059
450,117,13.743622779846191,513.4808959960938,89.27658081054688,654.6146850585938,51.510101318359375,584.0477905273438,0.6226302981376648
450,118,3.231123685836792,410.98089599609375,58.41170883178711,529.8713989257812,30.8214168548584,470.4261474609375,0.5964546799659729
450,121,1.8538525104522705,565.160400390625,38.47505187988281,717.942138671875,20.164451599121094,641.55126953125,0.6956906318664551
451,16,752.9495239257812,441.24847412109375,844.678955078125,568.1419067382812,798.814208984375,504.6951904296875,0.9004340171813965
451,65,798.9244995117188,359.6401062011719,872.3029174804688,476.51519775390625,835.6137084960938,418.07763671875,0.831142246723175
451,3,477.1477966308594,558.6463623046875,541.7819213867188,719.4962768554688,509.46484375,639.0712890625,0.73370760679245
451,108,552.5485229492188,455.468017578125,620.7472534179688,571.2686157226562,586.6478881835938,513.3682861328125,0.8543607592582703
451,104,661.22900390625,436.2403259277344,747.9157104492188,614.3016357421875,704.5723876953125,525.27099609375,0.8541439771652222
451,97,880.6901245117188,410.5055236816406,924.2666015625,532.3720703125,902.4783935546875,471.43878173828125,0.846738874912262
451,115,222.44921875,381.26519775390625,284.70831298828125,471.76702880859375,253.57876586914062,426.51611328125,0.6596465110778809
451,117,21.6987247467041,513.0559692382812,91.22825622558594,657.0247802734375,56.4634895324707,585.0404052734375,0.7077369689941406
451,118,2.921190023422241,409.2049255371094,69.35391235351562,534.68798828125,36.137550354003906,471.94647216796875,0.8266384601593018
451,121,3.071676254272461,564.09716796875,50.50189971923828,718.2081298828125,26.786788940429688,641.1526489257812,0.6533255577087402
451,70,687.33935546875,392.47900390625,724.4498291015625,466.83538818359375,705.8945922851562,429.6571960449219,0.41207846999168396
451,68,1030.2529296875,273.58172607421875,1075.350830078125,370.4820251464844,1052.8018798828125,322.0318603515625,0.5170523524284363
452,16,741.8997192382812,440.917724609375,850.7302856445312,588.180908203125,796.3150024414062,514.54931640625,0.7510195374488831
452,65,807.3900756835938,361.000244140625,883.0281372070312,479.2222900390625,845.2091064453125,420.11126708984375,0.8550203442573547
452,3,483.76959228515625,558.7525634765625,544.6517944335938,719.463623046875,514.210693359375,639.1080932617188,0.7069093585014343
452,108,559.5252075195312,458.5433654785156,628.3502197265625,571.8740234375,593.937744140625,515.2086791992188,0.8341876268386841
452,104,656.6861572265625,431.9663391113281,748.6400146484375,604.6389770507812,702.6630859375,518.3026733398438,0.776858389377594
452,97,884.7765502929688,415.44708251953125,928.4033813476562,533.0829467773438,906.5899658203125,474.2650146484375,0.8430854082107544
452,115,238.62539672851562,381.3098449707031,294.1456604003906,472.1612854003906,266.3855285644531,426.7355651855469,0.5477014780044556
452,117,25.88480567932129,511.24530029296875,93.42261505126953,655.5581665039062,59.653709411621094,583.4017333984375,0.47551798820495605
452,118,8.938128471374512,406.7098388671875,80.17654418945312,538.8391723632812,44.557334899902344,472.7745056152344,0.8030038475990295
452,121,8.875703811645508,560.6790771484375,63.69963455200195,718.1258544921875,36.28767013549805,639.4024658203125,0.4970305263996124
452,68,1038.5247802734375,273.53173828125,1085.8038330078125,371.1631774902344,1062.164306640625,322.34747314453125,0.5571934580802917
453,16,743.2997436523438,441.0362854003906,852.7874755859375,581.506591796875,798.0435791015625,511.27142333984375,0.8393300771713257
453,65,813.0940551757812,362.2146301269531,890.0831909179688,479.29730224609375,851.588623046875,420.7559814453125,0.7904159426689148
453,3,489.99627685546875,557.6342163085938,549.2678833007812,719.1708374023438,519.632080078125,638.4025268554688,0.6891384124755859
453,108,567.25390625,461.9816589355469,635.3150634765625,571.207275390625,601.2844848632812,516.594482421875,0.7738852500915527
453,104,652.2379150390625,429.009765625,748.4541015625,597.134521484375,700.3460083007812,513.0721435546875,0.7554261088371277
453,97,880.5187377929688,418.1474914550781,932.4429931640625,534.2468872070312,906.4808349609375,476.19720458984375,0.8470174074172974
453,115,251.56460571289062,380.81292724609375,301.9127502441406,470.7266540527344,276.7386779785156,425.769775390625,0.684821367263794
453,118,15.71700382232666,403.21441650390625,90.0352554321289,530.8863525390625,52.876129150390625,467.0503845214844,0.8284035325050354
453,121,15.217167854309082,556.7462768554688,73.79605865478516,718.0411376953125,44.506614685058594,637.3936767578125,0.6167278289794922
453,68,1046.9625244140625,272.34814453125,1094.625,371.3021240234375,1070.793701171875,321.82513427734375,0.5676581263542175
454,16,744.354736328125,441.667724609375,850.369873046875,575.3529052734375,797.3623046875,508.51031494140625,0.7632496356964111
454,65,816.718505859375,363.24591064453125,896.407958984375,478.43524169921875,856.563232421875,420.840576171875,0.832650899887085
454,3,495.5855712890625,556.9324951171875,554.92578125,719.1345825195312,525.2556762695312,638.0335693359375,0.6303843855857849
454,108,572.3772583007812,465.2192687988281,642.10009765625,571.3339233398438,607.2386474609375,518.276611328125,0.8402116894721985
454,104,649.5894775390625,425.12664794921875,748.36328125,589.4380493164062,698.9763793945312,507.2823486328125,0.7442538142204285
454,97,875.12744140625,418.9857482910156,937.0050659179688,534.9371337890625,906.0662841796875,476.96142578125,0.8907424211502075
454,115,262.5071716308594,379.3837890625,309.9229431152344,471.916748046875,286.2150573730469,425.6502685546875,0.7582834959030151
454,118,21.72502326965332,399.2392883300781,97.77361297607422,521.22314453125,59.74931716918945,460.231201171875,0.8455759286880493
454,121,19.71354103088379,554.9977416992188,78.78250122070312,718.1860961914062,49.24802017211914,636.5919189453125,0.4801962673664093
454,68,1054.8350830078125,271.6337585449219,1103.9381103515625,370.74041748046875,1079.3865966796875,321.18707275390625,0.6049946546554565
454,117,28.05145263671875,505.8368225097656,96.80915832519531,607.9273071289062,62.43030548095703,556.882080078125,0.7420191764831543
455,16,745.5896606445312,441.6088562011719,844.7965698242188,572.1121826171875,795.193115234375,506.86053466796875,0.8335192203521729
455,65,821.1211547851562,364.20159912109375,902.0177001953125,476.8531799316406,861.5694580078125,420.52740478515625,0.8043067455291748
455,3,500.71417236328125,556.7973022460938,561.2660522460938,719.1280517578125,530.9901123046875,637.962646484375,0.7066734433174133
455,108,579.3570556640625,467.3631896972656,648.524658203125,569.88330078125,613.9408569335938,518.6232299804688,0.7755271196365356
455,104,652.6099243164062,423.8681335449219,743.856201171875,582.0914916992188,698.2330322265625,502.97979736328125,0.8398093581199646
455,97,876.3313598632812,419.0517272949219,941.3421020507812,539.0189819335938,908.8367309570312,479.03533935546875,0.8648282885551453
455,115,272.379638671875,377.762451171875,316.35107421875,472.87200927734375,294.3653564453125,425.3172302246094,0.7724453210830688
455,118,26.444656372070312,395.1346435546875,104.94123077392578,520.8001098632812,65.69294738769531,457.9673767089844,0.8496744632720947
455,121,28.89763832092285,555.141357421875,87.74298095703125,717.8877563476562,58.320308685302734,636.5145263671875,0.442024290561676
455,68,1062.097412109375,271.3563537597656,1108.5732421875,370.0465393066406,1085.3353271484375,320.7014465332031,0.6348832249641418
455,117,29.358905792236328,502.1458435058594,100.12670135498047,590.1683959960938,64.74280548095703,546.1571044921875,0.6848865151405334
455,70,699.7966918945312,394.3716125488281,734.8110961914062,448.9232482910156,717.3038940429688,421.6474304199219,0.4194474220275879
456,16,749.7672729492188,441.45745849609375,838.8319702148438,571.2734985351562,794.2996215820312,506.365478515625,0.8601800203323364
456,65,827.2774047851562,365.2262268066406,900.9553833007812,475.9256286621094,864.1163940429688,420.575927734375,0.563435971736908
456,3,506.534912109375,555.3600463867188,568.6094360351562,719.242919921875,537.5721435546875,637.301513671875,0.7694640755653381
456,108,585.8657836914062,468.72967529296875,655.4256591796875,567.9362182617188,620.645751953125,518.3329467773438,0.8228359222412109
456,104,664.4989624023438,419.71978759765625,740.3677368164062,576.5919189453125,702.433349609375,498.1558532714844,0.5604024529457092
456,97,879.4560546875,418.20574951171875,945.7072143554688,541.5960083007812,912.5816650390625,479.90087890625,0.8355817198753357
456,115,281.5832214355469,375.8944396972656,322.4866638183594,472.2596740722656,302.0349426269531,424.0770568847656,0.8049211502075195
456,118,30.09392738342285,391.39306640625,111.93875122070312,521.4466552734375,71.01634216308594,456.41986083984375,0.8933232426643372
456,121,35.728729248046875,554.2542724609375,93.01435089111328,718.2131958007812,64.37153625488281,636.2337646484375,0.6071629524230957
456,68,1068.6768798828125,271.09375,1114.968017578125,369.8409729003906,1091.822509765625,320.46734619140625,0.5728031396865845
456,117,31.461130142211914,498.9510192871094,104.62421417236328,582.7994995117188,68.04267120361328,540.875244140625,0.6744341254234314
457,16,756.3626708984375,440.5357360839844,832.8922119140625,569.3524169921875,794.62744140625,504.944091796875,0.8578842282295227
457,65,833.1788940429688,365.48583984375,901.0614013671875,475.01190185546875,867.1201171875,420.2488708496094,0.6878213286399841
457,3,512.206787109375,555.6499633789062,574.8902587890625,719.28515625,543.5485229492188,637.467529296875,0.7015886902809143
457,108,590.3375854492188,470.0835876464844,661.447998046875,566.63720703125,625.892822265625,518.3604125976562,0.806496262550354
457,104,680.6671142578125,400.6060791015625,745.1923828125,573.6358032226562,712.9297485351562,487.1209411621094,0.8482111692428589
457,97,882.80224609375,417.2788391113281,948.658447265625,542.427490234375,915.7303466796875,479.8531494140625,0.8046308159828186
457,115,290.06915283203125,373.2414245605469,329.189208984375,471.0205383300781,309.6291809082031,422.1309814453125,0.7857887744903564
457,118,31.913341522216797,388.0507507324219,115.64666748046875,519.1624145507812,73.7800064086914,453.6065673828125,0.8798345327377319
457,121,39.95338439941406,554.2644653320312,98.6513671875,718.83642578125,69.30237579345703,636.5504150390625,0.7190295457839966
457,68,1076.111572265625,269.0545959472656,1122.7255859375,368.22540283203125,1099.4185791015625,318.6400146484375,0.5724439024925232
457,117,32.65107727050781,496.3973693847656,108.66410827636719,580.0505981445312,70.6575927734375,538.2239990234375,0.617641031742096
458,16,764.3136596679688,439.7744140625,829.370361328125,568.8560791015625,796.842041015625,504.31524658203125,0.8973585963249207
458,65,841.2936401367188,365.5972595214844,907.569091796875,472.6709899902344,874.431396484375,419.1341247558594,0.7480423450469971
458,3,518.9697875976562,554.0888671875,581.5025634765625,719.0765380859375,550.2362060546875,636.5827026367188,0.73110431432724
458,108,596.3902587890625,470.9450378417969,668.80224609375,565.5204467773438,632.5962524414062,518.2327270507812,0.7366883754730225
458,104,688.0187377929688,395.69140625,750.0256958007812,569.6600952148438,719.022216796875,482.6757507324219,0.7082721590995789
458,97,889.21044921875,415.8191223144531,950.1817626953125,542.193359375,919.6961059570312,479.0062255859375,0.7949357032775879
458,115,300.57012939453125,370.15118408203125,339.277587890625,469.1059265136719,319.9238586425781,419.6285400390625,0.748772144317627
458,118,35.18220520019531,385.21917724609375,115.73822021484375,516.6049194335938,75.46021270751953,450.91204833984375,0.8078070282936096
458,121,47.41864013671875,551.4429321289062,108.64676666259766,718.4298706054688,78.03269958496094,634.9364013671875,0.5567750334739685
458,68,1085.39404296875,267.4471435546875,1132.81982421875,366.64447021484375,1109.10693359375,317.0458068847656,0.5355971455574036
458,117,33.28411102294922,492.3709411621094,114.87173461914062,606.3748168945312,74.07792663574219,549.3728637695312,0.48583680391311646
459,16,772.8800659179688,438.1060485839844,832.13916015625,571.4369506835938,802.5096435546875,504.771484375,0.8661424517631531
459,65,850.3624267578125,365.12176513671875,917.5348510742188,471.66455078125,883.9486083984375,418.3931579589844,0.7655607461929321
459,3,527.03857421875,552.238525390625,589.2716674804688,718.8363647460938,558.1551513671875,635.5374755859375,0.7973071932792664
459,108,603.7952880859375,471.3609313964844,675.6409301757812,565.9478149414062,639.7181396484375,518.6543579101562,0.7434707880020142
459,104,689.2413940429688,402.599365234375,750.551025390625,566.6151123046875,719.896240234375,484.60723876953125,0.5500865578651428
459,97,895.4266357421875,413.9125671386719,949.83984375,540.92529296875,922.6332397460938,477.4189453125,0.7660571336746216
459,115,311.0505065917969,367.33953857421875,351.6911315917969,467.3314208984375,331.3708190917969,417.3354797363281,0.8292316198348999
459,118,37.93336868286133,383.41278076171875,125.73550415039062,512.491455078125,81.83443450927734,447.9521179199219,0.8252319097518921
459,121,61.79200744628906,549.8126220703125,118.54805755615234,718.5323486328125,90.17002868652344,634.1724853515625,0.7192093729972839
459,68,1096.220703125,265.3114929199219,1144.806640625,364.4912414550781,1120.513671875,314.9013671875,0.5052320957183838
459,117,26.623050689697266,488.580078125,121.52916717529297,632.0494995117188,74.07611083984375,560.3148193359375,0.8213003873825073
459,5,547.6051025390625,416.52972412109375,584.73193359375,564.6268310546875,566.1685180664062,490.5782775878906,0.4185498058795929
460,16,781.793701171875,437.385498046875,838.852294921875,577.7098388671875,810.322998046875,507.54766845703125,0.8766950964927673
460,65,859.57666015625,364.02838134765625,927.79736328125,471.21636962890625,893.68701171875,417.62237548828125,0.7813814282417297
460,3,535.1093139648438,550.1511840820312,598.8263549804688,719.3055419921875,566.9678344726562,634.7283935546875,0.7922635674476624
460,108,612.10205078125,471.8907775878906,684.1517333984375,565.1709594726562,648.1268920898438,518.5308837890625,0.7216475009918213
460,104,688.416015625,408.49029541015625,748.1212768554688,563.4061279296875,718.2686767578125,485.9482116699219,0.6964707374572754
460,97,901.025146484375,410.3774719238281,952.9364013671875,540.880615234375,926.9807739257812,475.6290283203125,0.6186764240264893
460,115,320.0207214355469,364.1642761230469,364.5000915527344,465.1064147949219,342.2604064941406,414.6353454589844,0.8516936302185059
460,118,40.206214904785156,381.77362060546875,133.20468139648438,510.4714660644531,86.7054443359375,446.12255859375,0.8665292263031006
460,121,72.98624420166016,544.914306640625,128.05848693847656,718.361328125,100.52236938476562,631.6378173828125,0.7185460925102234
460,68,1107.584716796875,263.577880859375,1158.5010986328125,363.4756774902344,1133.04296875,313.52679443359375,0.579137921333313
460,117,23.838411331176758,487.0893859863281,125.87936401367188,639.3773193359375,74.85888671875,563.2333374023438,0.7836986184120178
461,16,788.680419921875,436.470703125,846.5392456054688,582.9188842773438,817.60986328125,509.6947937011719,0.8509151339530945
461,65,870.9534912109375,362.0947265625,938.5028076171875,470.1551818847656,904.7281494140625,416.12493896484375,0.6647897362709045
461,3,543.9776000976562,549.3369140625,607.4971923828125,719.5455322265625,575.7374267578125,634.4412231445312,0.7575604915618896
461,108,620.5184326171875,470.9686279296875,694.7661743164062,564.5858154296875,657.642333984375,517.7772216796875,0.6350218057632446
461,104,688.4059448242188,411.9791259765625,750.1820678710938,561.3588256835938,719.2940063476562,486.6689758300781,0.6107298731803894
461,97,885.5437622070312,406.27734375,962.5830078125,541.2947998046875,924.0633544921875,473.78607177734375,0.6083204746246338
461,115,327.7060546875,361.57452392578125,380.2269287109375,465.3800964355469,353.96649169921875,413.477294921875,0.8243404030799866
461,118,43.765777587890625,380.9359130859375,141.15975952148438,509.7637023925781,92.4627685546875,445.34979248046875,0.8618120551109314
461,121,81.89129638671875,541.5127563476562,136.591552734375,718.5396118164062,109.24142456054688,630.0261840820312,0.7202571034431458
461,68,1120.70703125,260.707275390625,1171.8841552734375,360.9030456542969,1146.295654296875,310.80517578125,0.6691580414772034
461,117,29.34832000732422,485.78594970703125,123.95036315917969,633.975341796875,76.64933776855469,559.880615234375,0.5395175814628601
462,16,792.031494140625,435.2923278808594,853.2611694335938,585.8974609375,822.6463623046875,510.59490966796875,0.775669276714325
462,3,551.4996948242188,547.6915893554688,616.4566650390625,719.1787109375,583.9781494140625,633.4351806640625,0.7506706714630127
462,108,628.5022583007812,469.954833984375,707.5098266601562,565.229248046875,668.0060424804688,517.592041015625,0.6192174553871155
462,104,692.4654541015625,416.7926025390625,752.3374633789062,558.5355834960938,722.4014892578125,487.6640930175781,0.5433071851730347
462,97,885.062255859375,405.85638427734375,972.1340942382812,541.5571899414062,928.59814453125,473.706787109375,0.6346331834793091
462,115,334.16900634765625,359.7122802734375,398.7829284667969,467.5915832519531,366.4759521484375,413.65191650390625,0.8431742191314697
462,118,46.569583892822266,380.53143310546875,150.8184051513672,507.0867614746094,98.6939926147461,443.80908203125,0.8471508622169495
462,121,88.01937866210938,537.7755737304688,143.32711791992188,718.0281982421875,115.67324829101562,627.90185546875,0.6407275795936584
462,68,1133.2584228515625,257.5845642089844,1182.2901611328125,359.11920166015625,1157.7742919921875,308.35186767578125,0.5656366944313049
462,117,37.28461837768555,484.7845458984375,123.9267578125,633.6740112304688,80.6056900024414,559.229248046875,0.4590469300746918
463,16,795.49072265625,436.14739990234375,859.9234008789062,587.1138916015625,827.70703125,511.6306457519531,0.8261847496032715
463,3,558.6884765625,545.6812133789062,624.1140747070312,718.9381103515625,591.4012451171875,632.3096923828125,0.7510058879852295
463,108,636.0009765625,468.1965026855469,711.9694213867188,567.7030029296875,673.9852294921875,517.9497680664062,0.6987508535385132
463,104,700.7236938476562,420.01824951171875,756.3648071289062,550.3617553710938,728.5442504882812,485.19000244140625,0.6627677083015442
463,97,888.6023559570312,405.9704895019531,968.662353515625,542.3869018554688,928.63232421875,474.1787109375,0.5251718759536743
463,115,339.3345031738281,358.5379333496094,415.78369140625,467.93994140625,377.55908203125,413.23895263671875,0.860115110874176
463,118,51.661678314208984,381.076904296875,156.57528686523438,504.0888977050781,104.11848449707031,442.5828857421875,0.8226775527000427
463,121,94.1310806274414,535.47509765625,148.97158813476562,717.2693481445312,121.55133056640625,626.3721923828125,0.6338687539100647
463,68,1146.2679443359375,254.34210205078125,1199.3907470703125,355.85540771484375,1172.829345703125,305.0987548828125,0.5222142338752747
463,117,40.37316131591797,483.0209655761719,125.34490966796875,633.42138671875,82.85903930664062,558.22119140625,0.5989685654640198
463,65,905.2474365234375,356.15673828125,979.8109741210938,480.7066650390625,942.5291748046875,418.43170166015625,0.5469465255737305
464,16,802.4254150390625,437.56463623046875,866.62109375,586.7860717773438,834.5232543945312,512.1753540039062,0.8424763679504395
464,3,565.516845703125,543.9873657226562,632.0993041992188,718.28076171875,598.80810546875,631.134033203125,0.7720314264297485
464,108,645.1441040039062,465.8794860839844,712.770263671875,572.1361694335938,678.9571533203125,519.0078125,0.6071558594703674
464,104,691.596923828125,423.3821105957031,761.248291015625,567.1815795898438,726.422607421875,495.2818603515625,0.6343494653701782
464,97,896.2459106445312,405.7677307128906,970.4390258789062,542.100341796875,933.3424682617188,473.93402099609375,0.7111064195632935
464,115,344.6030578613281,358.4811706542969,430.2445068359375,467.37237548828125,387.42376708984375,412.9267578125,0.8721312880516052
464,118,56.657649993896484,380.88861083984375,163.1024627685547,501.6399230957031,109.88005828857422,441.2642822265625,0.8304343223571777
464,121,99.64726257324219,532.5615844726562,155.21034240722656,713.8701171875,127.42880249023438,623.2158203125,0.7580811977386475
464,68,1158.2996826171875,251.03811645507812,1209.6650390625,353.2356262207031,1183.982421875,302.1368713378906,0.6884130239486694
464,117,46.525848388671875,481.36444091796875,128.9176483154297,630.9601440429688,87.72174835205078,556.1622924804688,0.689362645149231
464,127,748.271484375,402.24810791015625,802.3960571289062,519.5733032226562,775.333740234375,460.91070556640625,0.6689978837966919
464,65,920.6467895507812,353.3301086425781,994.6328735351562,481.1716613769531,957.6398315429688,417.2508850097656,0.5530951023101807
465,16,811.3084106445312,437.4795837402344,874.127197265625,585.8099975585938,842.7177734375,511.644775390625,0.846066415309906
465,3,572.5961303710938,542.359375,639.1543579101562,717.4566650390625,605.875244140625,629.9080200195312,0.6102709174156189
465,108,654.1138916015625,462.1012268066406,715.4929809570312,578.621826171875,684.803466796875,520.3615112304688,0.5062732100486755
465,104,689.844970703125,427.2187805175781,763.2510986328125,578.4347534179688,726.5480346679688,502.8267822265625,0.6620895266532898
465,97,895.779052734375,408.00225830078125,973.9338989257812,543.147705078125,934.8564453125,475.5749816894531,0.7923224568367004
465,115,350.29913330078125,357.619873046875,443.3927307128906,465.14764404296875,396.845947265625,411.3837585449219,0.8452706336975098
465,118,61.47540283203125,378.8376159667969,168.49537658691406,498.9073791503906,114.98538970947266,438.87249755859375,0.7817605137825012
465,121,105.58847045898438,529.9596557617188,160.67141723632812,712.06591796875,133.12994384765625,621.0128173828125,0.7909440398216248
465,68,1171.5716552734375,247.6060028076172,1223.3028564453125,350.2867431640625,1197.437255859375,298.9463806152344,0.43415674567222595
465,117,50.15359115600586,478.15814208984375,132.4402618408203,628.9791870117188,91.29692840576172,553.5686645507812,0.7442582845687866
465,127,756.08935546875,401.250732421875,814.1563720703125,517.9520874023438,785.1228637695312,459.6014099121094,0.6213661432266235
465,65,930.520751953125,349.6683044433594,1006.8904418945312,479.9697570800781,968.70556640625,414.81903076171875,0.7358158826828003
466,16,819.5264892578125,436.1901550292969,882.0545043945312,584.5853271484375,850.79052734375,510.38775634765625,0.7824512124061584
466,3,579.3553466796875,540.5120239257812,647.167236328125,716.051513671875,613.2612915039062,628.28173828125,0.6960086822509766
466,108,662.9662475585938,457.9465637207031,719.1797485351562,562.2074584960938,691.072998046875,510.0770263671875,0.4964854419231415
466,104,691.5588989257812,432.71966552734375,765.59130859375,588.7821655273438,728.5750732421875,510.75091552734375,0.5806346535682678
466,97,895.7422485351562,411.7631530761719,978.6646118164062,547.110107421875,937.2034301757812,479.4366455078125,0.8290742635726929
466,115,356.5283203125,356.2450866699219,453.63616943359375,462.056396484375,405.0822448730469,409.1507568359375,0.8361222743988037
466,118,68.91311645507812,375.8738708496094,174.06439208984375,497.1647644042969,121.48875427246094,436.5193176269531,0.78253173828125
466,121,109.76278686523438,527.3810424804688,166.0753631591797,710.01953125,137.9190673828125,618.7003173828125,0.7553493976593018
466,68,1184.3118896484375,243.43397521972656,1235.40576171875,347.5843505859375,1209.85888671875,295.5091552734375,0.5885046124458313
466,117,55.90480041503906,474.45684814453125,136.06480407714844,625.1511840820312,95.98480224609375,549.8040161132812,0.7064685225486755
466,127,761.7635498046875,400.486328125,823.1991577148438,516.4771118164062,792.4813232421875,458.4817199707031,0.5732656121253967
466,65,938.0748291015625,346.4347839355469,1018.411865234375,478.6541442871094,978.2433471679688,412.5444641113281,0.8270438313484192
467,16,828.4774780273438,434.14215087890625,890.2052001953125,583.3801879882812,859.34130859375,508.76116943359375,0.7587822079658508
467,3,585.3381958007812,538.1519775390625,654.089599609375,715.94873046875,619.7138671875,627.0503540039062,0.7794384360313416
467,108,670.9517211914062,454.4768371582031,725.974853515625,553.0540771484375,698.4632568359375,503.76544189453125,0.5927249193191528
467,104,696.2177734375,438.9042053222656,765.517822265625,595.462158203125,730.8677978515625,517.1831665039062,0.6927310824394226
467,97,898.189208984375,413.7840576171875,983.0210571289062,549.41455078125,940.6051025390625,481.59930419921875,0.8038762807846069
467,115,362.6184387207031,354.20782470703125,462.6393737792969,458.4638366699219,412.62890625,406.3358154296875,0.9001412391662598
467,118,77.1505355834961,371.5989685058594,178.8125457763672,496.2001647949219,127.98153686523438,433.8995666503906,0.7537457346916199
467,121,112.92530822753906,525.3851928710938,170.4376983642578,708.5224609375,141.68150329589844,616.953857421875,0.8040443062782288
467,68,1196.2142333984375,240.1905517578125,1247.9031982421875,345.0364990234375,1222.0587158203125,292.613525390625,0.5940850973129272
467,117,59.575565338134766,471.32330322265625,139.54476928710938,623.3792114257812,99.56016540527344,547.3512573242188,0.6475800275802612
467,127,762.5191040039062,398.37939453125,831.244873046875,514.1558227539062,796.8819580078125,456.2676086425781,0.682144045829773
467,65,948.7504272460938,343.64263916015625,1029.5394287109375,476.78277587890625,989.1448974609375,410.21270751953125,0.8341877460479736
468,16,835.8515625,431.76153564453125,898.9140014648438,582.9818725585938,867.3828125,507.3717041015625,0.6907962560653687
468,3,592.047607421875,536.3701782226562,660.6912231445312,715.6544799804688,626.369384765625,626.0123291015625,0.7484358549118042
468,108,679.8292236328125,451.27154541015625,734.6024169921875,549.8707885742188,707.2158203125,500.5711669921875,0.4511738121509552
468,104,702.1682739257812,444.8603210449219,766.6130981445312,597.40087890625,734.3906860351562,521.130615234375,0.5562001466751099
468,97,901.5291748046875,411.8846130371094,987.2544555664062,549.51025390625,944.391845703125,480.69744873046875,0.7380363345146179
468,115,367.78009033203125,352.2993469238281,470.85089111328125,456.1765441894531,419.31549072265625,404.2379455566406,0.8938588500022888
468,118,86.91539764404297,367.93475341796875,183.3199920654297,492.45941162109375,135.11769104003906,430.19708251953125,0.7545689344406128
468,121,116.97887420654297,523.5280151367188,174.43406677246094,707.6036987304688,145.7064666748047,615.5658569335938,0.820768415927887
468,68,1209.1082763671875,236.58192443847656,1260.8853759765625,342.70819091796875,1234.996826171875,289.6450500488281,0.4707181453704834
468,117,64.71282958984375,467.4325866699219,151.66810607910156,620.2098999023438,108.19046783447266,543.8212280273438,0.716501772403717
468,127,762.283935546875,395.3774108886719,839.320068359375,519.648681640625,800.802001953125,457.5130615234375,0.6336647868156433
468,65,956.7302856445312,340.63629150390625,1039.214599609375,474.4379577636719,997.972412109375,407.537109375,0.712640643119812
468,129,584.49951171875,413.5988464355469,656.5608520507812,564.9014892578125,620.5301513671875,489.25018310546875,0.6192680597305298
468,130,747.909912109375,674.4529418945312,803.670654296875,720.0,775.790283203125,697.2264404296875,0.40528228878974915
469,16,843.2017211914062,428.6461181640625,905.9892578125,582.0855102539062,874.595458984375,505.3658142089844,0.8508394360542297
469,3,598.343994140625,534.9631958007812,666.016845703125,715.9995727539062,632.180419921875,625.4813842773438,0.8055514097213745
469,104,710.079345703125,450.2008972167969,772.2420654296875,597.1634521484375,741.1607055664062,523.6821899414062,0.6658312082290649
469,97,907.8529663085938,415.4894714355469,992.512451171875,548.8201904296875,950.1827392578125,482.15484619140625,0.7427244782447815
469,115,373.7132263183594,349.8254089355469,487.8262939453125,454.228271484375,430.769775390625,402.02685546875,0.8680852651596069
469,118,101.32786560058594,364.24005126953125,188.33859252929688,476.1344909667969,144.83322143554688,420.187255859375,0.757363498210907
469,121,121.0205078125,521.5575561523438,178.1510467529297,706.86376953125,149.58578491210938,614.210693359375,0.8164011240005493
469,68,1221.010498046875,232.94580078125,1272.4459228515625,339.6125793457031,1246.728271484375,286.2791748046875,0.42315804958343506
469,117,69.957763671875,462.5821838378906,151.35787963867188,614.958740234375,110.65782165527344,538.7704467773438,0.6838254928588867
469,127,763.1309814453125,389.59063720703125,848.429443359375,513.5381469726562,805.7802124023438,451.56439208984375,0.5036086440086365
469,65,958.631591796875,337.4246520996094,1049.5565185546875,473.03509521484375,1004.0940551757812,405.2298583984375,0.8244593143463135
469,129,591.9258422851562,418.4050598144531,663.46142578125,568.1293334960938,627.693603515625,493.2672119140625,0.5738504528999329
469,131,491.9351806640625,675.8573608398438,539.9909057617188,720.0,515.9630126953125,697.9287109375,0.46752262115478516
470,16,852.426025390625,425.1228942871094,915.455322265625,581.7825927734375,883.940673828125,503.4527587890625,0.8323401808738708
470,3,605.1578369140625,534.5721435546875,672.5347290039062,715.4569091796875,638.8463134765625,625.0145263671875,0.784837007522583
470,104,701.0321044921875,448.12060546875,777.0048217773438,597.0326538085938,739.0184326171875,522.57666015625,0.7738886475563049
470,97,916.6966552734375,419.66314697265625,999.985107421875,548.15673828125,958.3408813476562,483.9099426269531,0.6896982192993164
470,115,381.5676574707031,347.8004455566406,501.501220703125,452.27984619140625,441.534423828125,400.0401611328125,0.9094722270965576
470,118,122.46935272216797,360.7562561035156,192.89610290527344,465.4510192871094,157.68272399902344,413.1036376953125,0.8388053774833679
470,121,124.12984466552734,518.805908203125,182.3697052001953,705.5214233398438,153.24977111816406,612.1636962890625,0.835443913936615
470,117,73.76349639892578,458.2352294921875,152.04835510253906,615.415283203125,112.90592956542969,536.8252563476562,0.798278272151947
470,127,768.5169677734375,383.7583312988281,856.4178466796875,510.23748779296875,812.4674072265625,446.9979248046875,0.790452241897583
470,65,962.0318603515625,333.953125,1060.31640625,471.3442687988281,1011.1741333007812,402.648681640625,0.8050686717033386
470,129,600.3848876953125,427.0271911621094,671.6784057617188,568.8037109375,636.0316162109375,497.91546630859375,0.5999146103858948
470,131,498.0184631347656,675.5733032226562,546.5532836914062,719.9453735351562,522.285888671875,697.7593383789062,0.46167805790901184
470,132,657.1065063476562,674.8958129882812,708.2626953125,719.9765014648438,682.6845703125,697.4361572265625,0.4672839045524597
470,130,763.1128540039062,674.4423828125,821.1107177734375,720.0,792.11181640625,697.22119140625,0.46461036801338196
471,16,863.0980224609375,419.8871154785156,925.4970703125,581.6435546875,894.2975463867188,500.76531982421875,0.7735792398452759
471,3,612.7994995117188,532.8750610351562,682.267822265625,715.353271484375,647.53369140625,624.1141357421875,0.8042836785316467
471,104,704.2621459960938,442.9263916015625,785.063720703125,596.3594970703125,744.6629638671875,519.6429443359375,0.8005295991897583
471,97,926.5936889648438,416.5201721191406,1011.5409545898438,548.0903930664062,969.0673217773438,482.3052978515625,0.7411547303199768
471,115,394.9874572753906,345.2317810058594,517.6416015625,448.8599853515625,456.31451416015625,397.0458984375,0.9125736355781555
471,118,137.5267791748047,355.9021911621094,199.44654846191406,461.7555847167969,168.48666381835938,408.8288879394531,0.8550974130630493
471,121,129.1000213623047,517.3501586914062,187.74754333496094,704.4464111328125,158.4237823486328,610.8983154296875,0.8465023636817932
471,117,78.7791976928711,453.8825988769531,153.63839721679688,615.7275390625,116.20880126953125,534.8050537109375,0.7769749164581299
471,127,778.3630981445312,376.36529541015625,864.4486083984375,508.06591796875,821.4058837890625,442.2156066894531,0.6822863221168518
471,65,974.2015380859375,330.3721618652344,1072.7701416015625,470.55560302734375,1023.48583984375,400.4638671875,0.8715621829032898
471,131,505.7718505859375,675.3126220703125,554.1242065429688,719.970703125,529.947998046875,697.6416625976562,0.48914068937301636
471,132,665.1851806640625,674.7000732421875,717.1804809570312,719.9862670898438,691.182861328125,697.3431396484375,0.43829917907714844
471,130,772.1498413085938,674.3990478515625,829.8557739257812,720.0,801.0028076171875,697.1995239257812,0.4545137286186218
472,16,874.4302978515625,414.6888732910156,936.1092529296875,580.5310668945312,905.269775390625,497.6099853515625,0.8413977026939392
472,3,622.6271362304688,531.57080078125,693.2037963867188,714.3441162109375,657.9154663085938,622.9574584960938,0.772844135761261
472,104,713.2392578125,439.6587219238281,793.7529907226562,594.70166015625,753.49609375,517.18017578125,0.6791832447052002
472,97,939.623779296875,411.37786865234375,1025.641845703125,546.6190185546875,982.6328125,478.9984436035156,0.724932849407196
472,115,411.6223449707031,340.27191162109375,540.289306640625,446.09564208984375,475.955810546875,393.18377685546875,0.9067246913909912
472,118,147.6082763671875,350.73687744140625,207.08119201660156,458.49755859375,177.3447265625,404.6172180175781,0.8654583096504211
472,121,133.1707305908203,514.0779418945312,194.72140502929688,702.8619384765625,163.94607543945312,608.469970703125,0.8051846623420715
472,117,84.44444274902344,449.4321594238281,160.440185546875,613.7442016601562,122.44231414794922,531.5881958007812,0.8179226517677307
472,127,788.9284057617188,369.4469909667969,871.7567749023438,504.92352294921875,830.3425903320312,437.18524169921875,0.5657504796981812
472,65,985.7771606445312,327.2015075683594,1085.43115234375,469.3192443847656,1035.6041259765625,398.2603759765625,0.850834846496582
472,130,783.3389892578125,674.2198486328125,842.22802734375,719.8563842773438,812.7835083007812,697.0380859375,0.4146173596382141
473,16,886.3682861328125,409.08880615234375,949.4955444335938,579.8883056640625,917.931884765625,494.4885559082031,0.7899737358093262
473,3,633.1701049804688,526.6661987304688,702.947265625,714.9254150390625,668.0587158203125,620.7957763671875,0.7295387387275696
473,104,722.6387329101562,435.37890625,804.404052734375,593.76123046875,763.5213623046875,514.570068359375,0.7842593193054199
473,97,954.50390625,405.6752014160156,1042.1309814453125,545.7147216796875,998.3174438476562,475.6949462890625,0.7139980792999268
473,115,429.9220275878906,327.492919921875,562.585205078125,443.5257873535156,496.25360107421875,385.50933837890625,0.8387675881385803
473,118,156.78733825683594,345.6097412109375,214.875244140625,456.843994140625,185.831298828125,401.22686767578125,0.8643733859062195
473,121,137.23085021972656,512.1893920898438,202.9864959716797,701.0496826171875,170.10867309570312,606.6195068359375,0.8398892283439636
473,117,90.32455444335938,444.90966796875,168.6256561279297,607.4467163085938,129.47509765625,526.17822265625,0.8122192621231079
473,127,799.607421875,361.7987976074219,881.203125,502.4044189453125,840.4052734375,432.10162353515625,0.8455421328544617
473,65,1006.84814453125,323.4226379394531,1100.5059814453125,467.3937683105469,1053.677001953125,395.408203125,0.7891980409622192
473,130,794.5196533203125,674.3720703125,853.5332641601562,719.8645629882812,824.0264892578125,697.1182861328125,0.48480892181396484
473,129,626.9569091796875,395.4754333496094,702.9336547851562,562.5313110351562,664.9453125,479.00335693359375,0.6337757706642151
473,131,524.0139770507812,673.8826904296875,573.1305541992188,719.841064453125,548.572265625,696.8618774414062,0.5040234923362732
474,16,899.8958129882812,403.18115234375,962.944091796875,578.5291137695312,931.419921875,490.8551330566406,0.7721919417381287
474,3,643.880859375,526.2481079101562,714.4269409179688,714.234130859375,679.1539306640625,620.2410888671875,0.7597013115882874
474,104,733.6135864257812,428.8747253417969,814.8252563476562,592.4298095703125,774.2194213867188,510.65228271484375,0.8596472144126892
474,97,975.472900390625,400.3981628417969,1061.0107421875,544.3737182617188,1018.2418212890625,472.38592529296875,0.752272367477417
474,115,447.70867919921875,331.95867919921875,583.0595703125,441.52960205078125,515.3841552734375,386.744140625,0.8940252661705017
474,118,164.86297607421875,339.7825927734375,221.76722717285156,456.6178894042969,193.31509399414062,398.20025634765625,0.8305749297142029
474,121,143.68280029296875,509.74798583984375,210.59100341796875,699.1193237304688,177.13690185546875,604.4336547851562,0.868475079536438
474,117,94.8236312866211,440.27752685546875,173.88221740722656,601.7721557617188,134.35292053222656,521.0248413085938,0.8598100543022156
474,127,812.2675170898438,354.08856201171875,889.7257690429688,497.2711486816406,850.9966430664062,425.67987060546875,0.8546113967895508
474,65,1024.8447265625,319.7930603027344,1115.1268310546875,466.69134521484375,1069.98583984375,393.2421875,0.8476502299308777
474,130,805.3807983398438,674.1466674804688,865.9329833984375,719.852783203125,835.6568603515625,696.999755859375,0.5332792401313782
474,129,651.3007202148438,391.41119384765625,712.9822387695312,562.378173828125,682.1414794921875,476.8946838378906,0.625242292881012
474,131,533.1364135742188,673.0732421875,583.5093383789062,719.8423461914062,558.3228759765625,696.457763671875,0.47566866874694824
475,16,912.3275146484375,399.259521484375,974.2677001953125,576.7613525390625,943.297607421875,488.01043701171875,0.7356998324394226
475,3,654.2601928710938,526.494140625,726.3521728515625,713.5534057617188,690.30615234375,620.0238037109375,0.7883484959602356
475,104,744.7681884765625,423.5361328125,825.453857421875,591.6953125,785.1110229492188,507.61572265625,0.7956774234771729
475,97,992.8842163085938,394.6510009765625,1078.8302001953125,543.8455200195312,1035.857177734375,469.2482604980469,0.5425392985343933
475,115,465.49346923828125,331.3580017089844,601.3143920898438,438.5783996582031,533.4039306640625,384.96820068359375,0.8593996167182922
475,118,172.45126342773438,334.0621337890625,228.88937377929688,453.1475524902344,200.67031860351562,393.6048583984375,0.8738459944725037
475,121,151.63148498535156,506.9346008300781,217.77499389648438,697.4700927734375,184.7032470703125,602.2023315429688,0.8604177832603455
475,117,98.20646667480469,435.87164306640625,182.3724822998047,597.8328857421875,140.2894744873047,516.852294921875,0.8269450068473816
475,127,823.4183959960938,346.21221923828125,896.4515380859375,491.1783142089844,859.9349365234375,418.69525146484375,0.8280711770057678
475,65,1040.6632080078125,315.8775939941406,1128.9437255859375,465.0183410644531,1084.803466796875,390.4479675292969,0.7803537845611572
475,130,816.4324951171875,673.8603515625,875.5484008789062,719.8931274414062,845.990478515625,696.876708984375,0.4860782325267792
475,129,667.9345703125,386.999755859375,723.3075561523438,561.1282348632812,695.62109375,474.0639953613281,0.6516785621643066
475,131,542.0906982421875,672.311279296875,592.183349609375,719.8948364257812,567.1370239257812,696.10302734375,0.5195446610450745
476,16,921.4051513671875,394.93017578125,984.5198364257812,574.17724609375,952.9625244140625,484.5537109375,0.8466839790344238
476,3,662.3388061523438,524.3299560546875,733.1687622070312,714.6151733398438,697.7537841796875,619.4725341796875,0.8028607368469238
476,104,754.7305297851562,416.6374816894531,836.0634155273438,591.0018310546875,795.39697265625,503.81964111328125,0.7548935413360596
476,97,1013.1021118164062,391.52606201171875,1094.154052734375,543.8707275390625,1053.6280517578125,467.6983947753906,0.7135545611381531
476,115,495.34912109375,329.7666931152344,615.7699584960938,436.4600830078125,555.5595703125,383.1134033203125,0.8518173694610596
476,118,175.75674438476562,328.9927062988281,233.65501403808594,450.1646423339844,204.70587158203125,389.57867431640625,0.8549268245697021
476,121,154.4033203125,505.2264404296875,222.30020141601562,696.853271484375,188.3517608642578,601.0398559570312,0.8475745320320129
476,117,99.67410278320312,431.5314636230469,179.12857055664062,595.9613647460938,139.40133666992188,513.7463989257812,0.8565048575401306
476,127,834.0718994140625,338.8223876953125,899.794189453125,485.37237548828125,866.9330444335938,412.0973815917969,0.8554406762123108
476,65,1053.6639404296875,312.6013488769531,1141.7574462890625,464.80914306640625,1097.710693359375,388.70526123046875,0.8099504113197327
476,130,825.536376953125,674.4826049804688,883.184814453125,720.0,854.360595703125,697.2413330078125,0.528796911239624
476,129,674.228759765625,386.7532043457031,729.365234375,559.3510131835938,701.7969970703125,473.0521240234375,0.6380780935287476
476,131,547.756591796875,672.1751708984375,598.9320678710938,720.0,573.3443603515625,696.0875854492188,0.5021255612373352
476,132,713.3905639648438,674.2127685546875,767.808837890625,719.9613647460938,740.5997314453125,697.0870361328125,0.42868945002555847
477,16,929.04248046875,391.5473327636719,993.3750610351562,572.6373901367188,961.208740234375,482.09234619140625,0.8404479026794434
477,3,667.35791015625,524.8131713867188,738.19482421875,715.2633666992188,702.7763671875,620.0382690429688,0.7778657078742981
477,104,761.2122802734375,410.7646789550781,845.3929443359375,590.5706176757812,803.3026123046875,500.66766357421875,0.7826287746429443
477,97,1033.3134765625,389.71527099609375,1102.621337890625,544.2849731445312,1067.9674072265625,467.0001220703125,0.8048169016838074
477,115,500.2882385253906,329.3489074707031,627.1126098632812,430.84039306640625,563.700439453125,380.09466552734375,0.7612574100494385
477,118,173.5360565185547,324.824951171875,234.74853515625,452.5072937011719,204.14230346679688,388.6661376953125,0.7881743907928467
477,121,156.68475341796875,504.3226623535156,223.3217315673828,697.050537109375,190.00323486328125,600.6865844726562,0.8256728053092957
477,117,98.44306945800781,428.358154296875,176.2699737548828,595.4035034179688,137.3565216064453,511.8808288574219,0.862037718296051
477,127,840.9188842773438,331.9402770996094,899.3451538085938,480.2418518066406,870.1320190429688,406.091064453125,0.8642582297325134
477,65,1062.8330078125,310.5992736816406,1150.9129638671875,464.61212158203125,1106.873046875,387.605712890625,0.7985073328018188
477,130,832.226318359375,675.310546875,887.3799438476562,720.0,859.8031005859375,697.6552734375,0.5093426704406738
477,129,677.5496826171875,403.0938720703125,732.5426025390625,558.8448486328125,705.046142578125,480.9693603515625,0.5996692180633545
477,131,550.991943359375,673.0478515625,601.584228515625,720.0,576.2880859375,696.52392578125,0.5542307496070862
477,132,717.8411865234375,674.9312744140625,772.4918823242188,720.0,745.16650390625,697.4656372070312,0.43816423416137695
478,16,933.5084228515625,390.88006591796875,1000.261474609375,570.50439453125,966.8849487304688,480.6922302246094,0.8636638522148132
478,3,670.0992431640625,524.9449462890625,740.498291015625,717.6646728515625,705.2987670898438,621.3048095703125,0.7805924415588379
478,104,775.2254638671875,406.9678649902344,850.5838012695312,592.8843994140625,812.9046630859375,499.9261474609375,0.732755184173584
478,97,1043.3016357421875,389.16259765625,1112.193115234375,546.239501953125,1077.747314453125,467.7010498046875,0.6783967614173889
478,115,510.2266845703125,330.5863342285156,620.6998901367188,422.3204040527344,565.4632568359375,376.453369140625,0.7925178408622742
478,118,169.90084838867188,322.4842529296875,232.32949829101562,455.1557312011719,201.11517333984375,388.82000732421875,0.7896866798400879
478,121,147.57627868652344,504.4111328125,220.75149536132812,699.3821411132812,184.16387939453125,601.8966064453125,0.8387418389320374
478,117,92.44071197509766,426.2588806152344,171.46749877929688,596.6040649414062,131.9541015625,511.43145751953125,0.8580372333526611
478,127,845.679931640625,326.9794616699219,898.1793823242188,475.3629150390625,871.9296875,401.17120361328125,0.8578444719314575
478,65,1068.299560546875,308.806884765625,1157.4195556640625,464.2225646972656,1112.859619140625,386.51470947265625,0.8231753706932068
478,130,835.2654418945312,677.2188720703125,889.1856689453125,720.0,862.2255859375,698.6094360351562,0.45968160033226013
478,129,673.8466796875,411.8525695800781,734.7718505859375,565.4468994140625,704.3092651367188,488.64971923828125,0.6253372430801392
478,131,551.2883911132812,674.7477416992188,602.2171630859375,720.0,576.7528076171875,697.3739013671875,0.48013684153556824
478,132,719.791259765625,677.2034301757812,774.5255126953125,720.0,747.1583862304688,698.6016845703125,0.4777742326259613
479,16,936.6127319335938,391.2591552734375,1008.0218505859375,569.459716796875,972.3172607421875,480.35943603515625,0.8744620680809021
479,3,671.4738159179688,525.89111328125,742.0999145507812,719.5818481445312,706.786865234375,622.7364501953125,0.776515007019043
479,104,786.869873046875,406.0270690917969,860.0518188476562,597.3751220703125,823.4608154296875,501.70111083984375,0.7802404761314392
479,97,1049.10693359375,392.2289123535156,1118.88525390625,548.6544799804688,1083.99609375,470.44171142578125,0.8041741251945496
479,115,514.2557373046875,332.4192199707031,624.7603759765625,412.12249755859375,569.508056640625,372.2708740234375,0.717048168182373
479,118,165.0989227294922,322.2639465332031,230.17626953125,461.73883056640625,197.63760375976562,392.00140380859375,0.8381528258323669
479,121,136.63742065429688,505.8743591308594,217.6776123046875,702.2782592773438,177.1575164794922,604.0762939453125,0.8483733534812927
479,117,85.09375762939453,423.9868469238281,165.85890197753906,599.204833984375,125.47633361816406,511.5958251953125,0.8882231712341309
479,127,847.2022094726562,323.7089538574219,896.2665405273438,472.1566162109375,871.734375,397.93280029296875,0.8268478512763977
479,65,1078.8597412109375,308.46917724609375,1162.637939453125,464.622314453125,1120.748779296875,386.5457458496094,0.7578265070915222
479,130,837.6195678710938,680.3555908203125,891.08837890625,720.0,864.35400390625,700.1777954101562,0.44426846504211426
479,129,660.6874389648438,418.0249328613281,736.611328125,582.4581909179688,698.6494140625,500.2415771484375,0.7569760084152222
479,131,551.0303955078125,677.1665649414062,601.9215698242188,720.0,576.4759521484375,698.583251953125,0.460094153881073
479,132,721.6235961914062,680.0894165039062,775.34326171875,720.0,748.4833984375,700.044677734375,0.5043203830718994
479,108,762.9053344726562,400.95916748046875,824.5820922851562,541.20068359375,793.7437133789062,471.0799255371094,0.5822316408157349
480,16,938.5655517578125,391.12530517578125,1011.0780029296875,567.6295166015625,974.82177734375,479.3774108886719,0.8783795237541199
480,3,672.654052734375,527.921630859375,744.3399047851562,719.9842529296875,708.4969482421875,623.9529418945312,0.828374981880188
480,104,792.4368896484375,406.75335693359375,863.6263427734375,601.8717041015625,828.0316162109375,504.3125305175781,0.7912512421607971
480,97,1053.1817626953125,392.525146484375,1126.350341796875,549.7800903320312,1089.76611328125,471.1526184082031,0.861497700214386
480,115,515.4376831054688,332.4813232421875,631.1966552734375,404.56536865234375,573.317138671875,368.5233459472656,0.8111190795898438
480,118,166.2997283935547,324.1858825683594,230.0595245361328,455.66461181640625,198.17962646484375,389.92523193359375,0.7689645290374756
480,121,143.9656982421875,506.9070129394531,214.8901824951172,705.4627075195312,179.42794799804688,606.1848754882812,0.8629205822944641
480,117,78.89207458496094,421.6622314453125,160.6148681640625,600.3726806640625,119.75347137451172,511.0174560546875,0.8945522904396057
480,127,847.6226196289062,322.1332702636719,893.8427734375,471.7021789550781,870.732666015625,396.917724609375,0.8229948878288269
480,65,1064.5709228515625,308.3765869140625,1165.5953369140625,465.3690490722656,1115.0831298828125,386.872802734375,0.8171183466911316
480,129,650.1438598632812,423.0535583496094,737.618408203125,589.3785400390625,693.881103515625,506.216064453125,0.7879887223243713
480,131,550.7941284179688,679.5145263671875,601.466796875,720.0,576.1304931640625,699.7572631835938,0.41669952869415283
480,132,723.5239868164062,682.6957397460938,773.5919189453125,720.0,748.5579833984375,701.347900390625,0.41786450147628784
480,108,764.25341796875,396.8770751953125,820.3034057617188,542.2368774414062,792.2784423828125,469.5569763183594,0.5023263096809387
481,16,939.9232788085938,387.9982604980469,1013.1131591796875,566.8731079101562,976.5181884765625,477.4356689453125,0.8833448886871338
481,3,673.4581298828125,528.7203369140625,746.8994750976562,719.7178344726562,710.1788330078125,624.2191162109375,0.8273407220840454
481,104,795.7262573242188,410.747314453125,869.7002563476562,605.5258178710938,832.7132568359375,508.1365661621094,0.8238363862037659
481,97,1055.78466796875,391.1136779785156,1136.1436767578125,550.3229370117188,1095.964111328125,470.71832275390625,0.8669204115867615
481,115,529.2116088867188,333.42449951171875,637.2902221679688,405.94268798828125,583.2509155273438,369.68359375,0.5069751739501953
481,118,162.46673583984375,327.3947448730469,232.57522583007812,461.07550048828125,197.52098083496094,394.235107421875,0.8185430765151978
481,121,147.0687255859375,507.6386413574219,213.56805419921875,707.2042236328125,180.31838989257812,607.4214477539062,0.8652379512786865
481,117,74.25113677978516,418.6833801269531,155.96435546875,600.2887573242188,115.10774230957031,509.486083984375,0.8989423513412476
481,127,847.0143432617188,322.0230407714844,893.4221801757812,471.20233154296875,870.21826171875,396.6126708984375,0.822226881980896
481,65,1060.024658203125,308.153076171875,1168.6551513671875,465.87109375,1114.33984375,387.0120849609375,0.7824757099151611
481,129,642.7979736328125,423.710205078125,736.9570922851562,594.223388671875,689.8775634765625,508.966796875,0.7360686659812927
481,131,550.8359375,681.0173950195312,601.3776245117188,720.0,576.1068115234375,700.5086669921875,0.4468079209327698
481,132,724.6822509765625,684.3536376953125,772.6580200195312,720.0,748.670166015625,702.1768188476562,0.4348980188369751
481,108,766.0947875976562,392.6664733886719,829.1028442382812,542.4909057617188,797.5988159179688,467.57867431640625,0.4717951714992523
482,16,944.25048828125,386.2391357421875,1017.21630859375,565.7977294921875,980.7333984375,476.0184326171875,0.827953577041626
482,3,676.701904296875,529.1237182617188,750.602783203125,719.45654296875,713.65234375,624.2901611328125,0.8401812314987183
482,104,795.2937622070312,402.28497314453125,879.4002075195312,608.108642578125,837.3469848632812,505.1968078613281,0.7694923281669617
482,97,1060.230224609375,390.4737548828125,1144.609375,550.1399536132812,1102.4197998046875,470.3068542480469,0.7362098097801208
482,115,536.3546752929688,335.5949401855469,645.2636108398438,406.35614013671875,590.8091430664062,370.97552490234375,0.5404497981071472
482,118,162.9424285888672,330.5335693359375,235.62380981445312,463.26708984375,199.28311157226562,396.90032958984375,0.7937740087509155
482,121,149.80364990234375,507.983642578125,214.42337036132812,708.1929931640625,182.11351013183594,608.0883178710938,0.8491173982620239
482,117,73.35041809082031,415.89276123046875,153.89112854003906,599.9879150390625,113.62077331542969,507.9403381347656,0.8987612724304199
482,127,843.7774047851562,322.3227844238281,897.0630493164062,470.823486328125,870.4202270507812,396.5731201171875,0.7749136686325073
482,65,1061.2513427734375,307.7955322265625,1173.20068359375,465.8213806152344,1117.22607421875,386.8084716796875,0.7395946383476257
482,129,641.2158813476562,422.3209228515625,736.4515991210938,597.5979614257812,688.833740234375,509.9594421386719,0.7337093949317932
482,132,728.2335815429688,684.9921875,774.7053833007812,720.0,751.469482421875,702.49609375,0.48650944232940674
482,135,657.6271362304688,377.52960205078125,714.1300659179688,454.9207763671875,685.8786010742188,416.2251892089844,0.41949599981307983
483,16,950.03759765625,390.2518615722656,1025.193359375,566.8802490234375,987.615478515625,478.5660400390625,0.8332162499427795
483,3,681.9088745117188,530.7777709960938,756.9276733398438,719.5470581054688,719.4182739257812,625.1624145507812,0.7975459098815918
483,104,805.5353393554688,423.34759521484375,890.6997680664062,613.3213500976562,848.1175537109375,518.33447265625,0.6630021333694458
483,97,1068.5062255859375,387.7427673339844,1169.6639404296875,548.1724853515625,1119.0850830078125,467.9576416015625,0.7877044677734375
483,118,165.52130126953125,334.6351013183594,240.57546997070312,468.0744934082031,203.0483856201172,401.35479736328125,0.8466843962669373
483,121,152.9458465576172,509.06640625,217.11082458496094,708.2081298828125,185.02833557128906,608.6372680664062,0.8572467565536499
483,117,71.28495025634766,413.5793151855469,154.54161071777344,599.6088256835938,112.91328430175781,506.59405517578125,0.8865624070167542
483,127,847.4164428710938,323.81524658203125,901.6861572265625,471.4605712890625,874.55126953125,397.6379089355469,0.8070440292358398
483,65,1065.8658447265625,308.4022216796875,1163.9891357421875,452.88702392578125,1114.927490234375,380.6446228027344,0.6312359571456909
483,129,643.2557983398438,423.6062927246094,734.3489990234375,600.025390625,688.8023681640625,511.81585693359375,0.6780785918235779
483,136,741.0807495117188,129.59727478027344,788.9267578125,283.05657958984375,765.0037841796875,206.32693481445312,0.4380110502243042
483,108,772.2462158203125,385.3155212402344,846.4575805664062,540.245361328125,809.3519287109375,462.78045654296875,0.5490323901176453
484,16,958.1201782226562,391.43865966796875,1033.5411376953125,568.1715698242188,995.8306884765625,479.80511474609375,0.8237659335136414
484,3,688.2857055664062,530.1347045898438,763.344482421875,719.6034545898438,725.8150634765625,624.8690795898438,0.8102246522903442
484,104,813.0220336914062,430.2923583984375,901.6672973632812,615.1492309570312,857.3446655273438,522.7208251953125,0.7359134554862976
484,97,1078.41455078125,384.047607421875,1183.4207763671875,546.1127319335938,1130.917724609375,465.0801696777344,0.8137296438217163
484,118,172.4054718017578,336.7414855957031,248.21910095214844,459.75543212890625,210.31228637695312,398.24847412109375,0.7629088163375854
484,121,157.19464111328125,509.3910217285156,220.98260498046875,709.8299560546875,189.088623046875,609.6104736328125,0.8721665740013123
484,117,67.02037048339844,410.64630126953125,155.85922241210938,602.1072998046875,111.4397964477539,506.3768005371094,0.9050068259239197
484,127,854.05908203125,326.48065185546875,907.8582153320312,471.79345703125,880.9586181640625,399.1370544433594,0.6341286897659302
484,65,1073.0047607421875,308.9987487792969,1164.374755859375,446.96929931640625,1118.689697265625,377.9840087890625,0.7847328186035156
484,129,648.677734375,425.38385009765625,730.6917114257812,601.4373168945312,689.6846923828125,513.4105834960938,0.7509211301803589
484,108,777.8984985351562,383.10260009765625,856.310791015625,538.5300903320312,817.1046142578125,460.81634521484375,0.6359643340110779
484,135,661.2601928710938,375.0098571777344,716.466064453125,453.85809326171875,688.8631591796875,414.4339599609375,0.46023330092430115
485,16,968.466552734375,391.7244873046875,1042.4888916015625,569.213623046875,1005.4777221679688,480.46905517578125,0.8577755093574524
485,3,693.7041015625,530.3001098632812,769.9396362304688,719.2504272460938,731.8218994140625,624.7752685546875,0.8332616686820984
485,104,818.4818115234375,433.4625549316406,908.4295654296875,616.3878784179688,863.4556884765625,524.9252319335938,0.8053103089332581
485,97,1094.5045166015625,382.35064697265625,1193.1051025390625,544.850341796875,1143.8048095703125,463.6004943847656,0.6197934150695801
485,118,172.89407348632812,337.5222473144531,255.0850830078125,468.26708984375,213.9895782470703,402.8946533203125,0.8250162601470947
485,121,161.4189910888672,509.5376892089844,224.94361877441406,710.8206176757812,193.18130493164062,610.1791381835938,0.8890818357467651
485,117,63.376686096191406,408.23260498046875,157.2294921875,602.3816528320312,110.30308532714844,505.30712890625,0.9026123285293579
485,127,862.7195434570312,328.1708068847656,913.8829956054688,471.6385803222656,888.30126953125,399.9046936035156,0.7858375906944275
485,65,1079.4320068359375,309.8025207519531,1168.790771484375,445.6485290527344,1124.111328125,377.72552490234375,0.6997242569923401
485,129,653.3619384765625,423.5130310058594,731.5829467773438,602.0362548828125,692.472412109375,512.774658203125,0.7973394989967346
485,108,785.6776733398438,379.5514221191406,865.4708862304688,536.8125610351562,825.5742797851562,458.1820068359375,0.7369410395622253
486,16,980.2109985351562,392.3135070800781,1051.731689453125,570.6695556640625,1015.9713134765625,481.49151611328125,0.8170676231384277
486,3,701.4014282226562,530.895751953125,777.0535888671875,719.3624267578125,739.2275390625,625.1290893554688,0.8328343033790588
486,104,823.5172729492188,412.9366760253906,915.1749877929688,615.986572265625,869.3461303710938,514.4616088867188,0.6368815898895264
486,97,1111.337158203125,377.9121398925781,1202.4989013671875,544.7933349609375,1156.91796875,461.35272216796875,0.7516416311264038
486,118,175.98565673828125,337.8351135253906,263.5243835449219,471.8329162597656,219.75502014160156,404.8340148925781,0.8540398478507996
486,121,165.3909912109375,509.7673645019531,229.455810546875,711.802490234375,197.42340087890625,610.784912109375,0.8929216861724854
486,117,63.96449279785156,406.3946228027344,159.6012725830078,601.7664794921875,111.78288269042969,504.08056640625,0.8903154134750366
486,127,868.565185546875,330.0598449707031,919.110595703125,472.36279296875,893.837890625,401.2113037109375,0.6971359848976135
486,65,1086.6551513671875,311.5887451171875,1175.7928466796875,446.5718994140625,1131.2239990234375,379.080322265625,0.7375493049621582
486,129,657.2057495117188,422.3917236328125,734.5619506835938,602.9071655273438,695.8838500976562,512.6494140625,0.752900242805481
487,16,994.0628662109375,393.0650634765625,1062.3922119140625,572.0510864257812,1028.2275390625,482.5580749511719,0.8275735974311829
487,3,709.90673828125,531.9122924804688,786.7409057617188,719.60009765625,748.3238525390625,625.7562255859375,0.8648760318756104
487,104,831.4420776367188,415.44073486328125,926.6950073242188,616.3353881835938,879.0685424804688,515.8880615234375,0.8521454334259033
487,97,1131.67822265625,371.3500671386719,1218.430419921875,543.6065673828125,1175.0543212890625,457.47833251953125,0.8246219754219055
487,118,181.02745056152344,337.2723388671875,272.1376647949219,472.65838623046875,226.58255004882812,404.9653625488281,0.9082403779029846
487,121,170.39425659179688,510.591064453125,234.6556854248047,712.9439086914062,202.52496337890625,611.7674560546875,0.8901063799858093
487,117,65.84935760498047,405.2756042480469,161.70948791503906,600.9442749023438,113.7794189453125,503.10992431640625,0.8993587493896484
487,127,875.2266845703125,330.9300231933594,925.0347900390625,464.1381530761719,900.1307373046875,397.5340881347656,0.6889449954032898
487,65,1096.380859375,313.60205078125,1185.4656982421875,446.217529296875,1140.92333984375,379.9097900390625,0.7040574550628662
487,129,663.3004150390625,421.0561828613281,738.82763671875,602.606689453125,701.0640258789062,511.8314208984375,0.7681813836097717
487,135,668.093994140625,369.9964904785156,742.7341918945312,453.4833984375,705.4140625,411.73992919921875,0.43977075815200806
487,108,812.7387084960938,375.3147277832031,885.4160766601562,532.9639282226562,849.077392578125,454.13934326171875,0.6901723146438599
488,16,1010.6640014648438,392.8440246582031,1074.6575927734375,573.4611206054688,1042.6607666015625,483.152587890625,0.8030259013175964
488,3,720.487548828125,532.9533081054688,795.693603515625,719.2869873046875,758.090576171875,626.1201171875,0.849042534828186
488,104,841.4407348632812,424.25689697265625,937.7426147460938,615.8215942382812,889.5916748046875,520.0392456054688,0.8464362621307373
488,97,1133.5469970703125,365.91815185546875,1234.5567626953125,542.5803833007812,1184.0518798828125,454.249267578125,0.7235643267631531
488,118,188.2350311279297,335.4468078613281,281.0005798339844,472.2451477050781,234.6177978515625,403.8459777832031,0.8805779218673706
488,121,177.7757568359375,510.213623046875,241.76593017578125,713.7333374023438,209.77084350585938,611.9735107421875,0.8868895769119263
488,117,72.80968475341797,403.05926513671875,165.70677185058594,598.2757568359375,119.25822448730469,500.6675109863281,0.9032666683197021
488,127,881.43994140625,331.5531311035156,934.1883544921875,461.0488586425781,907.8141479492188,396.3009948730469,0.7718780636787415
488,65,1106.5965576171875,316.0092468261719,1194.4764404296875,448.0503234863281,1150.5364990234375,382.02978515625,0.6756159663200378
488,129,668.9918212890625,418.1304626464844,744.47998046875,601.967041015625,706.7359008789062,510.04876708984375,0.7550812363624573
488,135,673.499755859375,368.13714599609375,751.3814086914062,454.8017578125,712.4405517578125,411.4694519042969,0.4093344211578369
488,108,830.4022827148438,372.55059814453125,896.4087524414062,530.5322875976562,863.405517578125,451.54144287109375,0.5428181290626526
489,16,1027.042724609375,393.0526428222656,1087.4176025390625,573.8521118164062,1057.230224609375,483.452392578125,0.8231838941574097
489,3,732.8455200195312,533.0506591796875,810.3630981445312,719.1810302734375,771.6043090820312,626.1158447265625,0.7830158472061157
489,104,853.0723266601562,427.34027099609375,954.3546752929688,612.4397583007812,903.7135009765625,519.8900146484375,0.8642003536224365
489,97,1163.484375,361.0636901855469,1255.1812744140625,539.1983642578125,1209.332763671875,450.13104248046875,0.7865722179412842
489,118,197.76902770996094,333.06005859375,290.06878662109375,472.7083740234375,243.91891479492188,402.88421630859375,0.8756953477859497
489,121,185.94912719726562,510.10723876953125,249.5348358154297,714.4998168945312,217.74197387695312,612.3035278320312,0.8708857893943787
489,117,81.26667022705078,400.5263366699219,170.45919799804688,595.7217407226562,125.86293029785156,498.1240234375,0.8946588635444641
489,127,893.7045288085938,330.6993713378906,945.6165161132812,458.4310607910156,919.6605224609375,394.5652160644531,0.7166474461555481
489,65,1120.6680908203125,317.07867431640625,1206.259765625,442.1060485839844,1163.4638671875,379.59234619140625,0.5295491218566895
489,129,676.2081909179688,415.5057067871094,747.1158447265625,601.9676513671875,711.6619873046875,508.7366943359375,0.7505967617034912
489,108,841.3186645507812,370.5662536621094,908.3377685546875,529.9215087890625,874.8282470703125,450.243896484375,0.6565150618553162
490,16,1041.51611328125,392.4769287109375,1101.9947509765625,574.10791015625,1071.75537109375,483.29241943359375,0.8185738921165466
490,3,743.963623046875,533.4501953125,825.8712158203125,719.39404296875,784.9174194335938,626.422119140625,0.8746662139892578
490,104,874.0457153320312,427.5858154296875,971.3840942382812,610.8856811523438,922.7149047851562,519.2357177734375,0.8617193102836609
490,97,1187.369384765625,356.037353515625,1275.549560546875,536.8746948242188,1231.45947265625,446.4560241699219,0.6423768401145935
490,118,207.50784301757812,330.3300476074219,300.01092529296875,473.3223876953125,253.75938415527344,401.82623291015625,0.890433669090271
490,121,194.20806884765625,510.066650390625,257.6044616699219,715.5267333984375,225.90626525878906,612.7966918945312,0.8888848423957825
490,117,89.26934051513672,398.4174499511719,173.67636108398438,594.1209716796875,131.4728546142578,496.26922607421875,0.8970093131065369
490,129,687.2582397460938,413.44219970703125,753.0185546875,601.5337524414062,720.138427734375,507.48797607421875,0.7223093509674072
490,108,851.6232299804688,368.2414245605469,915.9659423828125,530.0278930664062,883.7945556640625,449.1346435546875,0.7820404171943665
491,16,1053.61083984375,393.14703369140625,1113.737548828125,576.6622314453125,1083.6741943359375,484.9046325683594,0.8251076340675354
491,3,753.1295166015625,534.592041015625,836.5037231445312,719.3938598632812,794.816650390625,626.992919921875,0.878881573677063
491,104,895.5115966796875,427.18212890625,987.3832397460938,611.4076538085938,941.4473876953125,519.294921875,0.8200615644454956
491,97,1207.939453125,353.9389953613281,1280.0,535.7084350585938,1243.9697265625,444.82373046875,0.5583270192146301
491,118,216.56964111328125,327.6492614746094,307.7447814941406,473.8427734375,262.1572265625,400.74603271484375,0.9081999659538269
491,121,200.3192901611328,510.2967834472656,264.2537536621094,715.984130859375,232.28652954101562,613.1404418945312,0.8875812888145447
491,117,96.34745025634766,396.97747802734375,175.6626739501953,590.85107421875,136.00506591796875,493.9142761230469,0.8896138072013855
491,129,693.8795166015625,412.8478698730469,768.41015625,600.6907958984375,731.1448364257812,506.76934814453125,0.7409462332725525
491,108,862.2982177734375,366.723388671875,926.4924926757812,535.0779418945312,894.3953857421875,450.9006652832031,0.7076461911201477
491,127,916.8203735351562,326.045654296875,968.979736328125,466.3347473144531,942.9000244140625,396.190185546875,0.5377750992774963
491,65,1140.1737060546875,320.30352783203125,1230.7838134765625,451.0708312988281,1185.478759765625,385.68719482421875,0.6849326491355896
492,16,1066.4970703125,393.40087890625,1126.2091064453125,579.8258666992188,1096.35302734375,486.6133728027344,0.8670715093612671
492,3,762.572509765625,535.142578125,844.5142822265625,719.1259155273438,803.5433959960938,627.13427734375,0.8371462225914001
492,104,918.962646484375,425.1076965332031,1002.6578369140625,612.7374877929688,960.8102416992188,518.922607421875,0.7415165901184082
492,97,1228.1956787109375,353.58746337890625,1280.0,533.3311157226562,1254.097900390625,443.45928955078125,0.683894693851471
492,118,225.7061004638672,325.1853332519531,313.8985900878906,473.14752197265625,269.8023376464844,399.16644287109375,0.8854228854179382
492,121,205.85020446777344,510.4210510253906,270.57073974609375,716.1768798828125,238.21047973632812,613.2989501953125,0.904922604560852
492,117,101.88935852050781,395.9655456542969,177.58290100097656,589.3784790039062,139.7361297607422,492.6719970703125,0.8989786505699158
492,129,699.0757446289062,412.0570373535156,779.2101440429688,601.4032592773438,739.1429443359375,506.73016357421875,0.7173366546630859
492,108,870.258056640625,365.4117431640625,939.118896484375,536.1807250976562,904.6884765625,450.7962341308594,0.7770732045173645
492,65,1150.033935546875,320.51983642578125,1243.0654296875,453.7453918457031,1196.5496826171875,387.13262939453125,0.6973212361335754
493,16,1075.928466796875,393.5268249511719,1140.9893798828125,581.8381958007812,1108.458984375,487.6824951171875,0.8324027061462402
493,3,771.5389404296875,535.185546875,853.2063598632812,719.462158203125,812.3726806640625,627.3238525390625,0.8665343523025513
493,104,941.7229614257812,420.62786865234375,1017.4390869140625,613.3240966796875,979.5810546875,516.9759521484375,0.8559505343437195
493,118,237.03073120117188,322.902099609375,319.4201354980469,469.54583740234375,278.2254333496094,396.2239685058594,0.865894615650177
493,121,211.13613891601562,509.99066162109375,276.072998046875,716.795654296875,243.6045684814453,613.3931884765625,0.8768637180328369
493,117,107.70719909667969,394.8067321777344,181.12451171875,588.3055419921875,144.41586303710938,491.55615234375,0.8927525281906128
493,129,704.6951293945312,411.23956298828125,786.4775390625,601.888671875,745.5863037109375,506.5641174316406,0.7485834360122681
493,108,881.216796875,362.46795654296875,951.6135864257812,540.8163452148438,916.4151611328125,451.64215087890625,0.8151811957359314
493,140,667.1229858398438,398.9232177734375,727.7822265625,545.191162109375,697.45263671875,472.05718994140625,0.6878871917724609
493,127,932.7726440429688,322.3417663574219,994.748291015625,531.0999755859375,963.760498046875,426.72088623046875,0.4344850480556488
494,16,1086.502197265625,394.4941711425781,1157.54833984375,582.5398559570312,1122.0252685546875,488.51702880859375,0.8529831171035767
494,3,781.12255859375,535.8566284179688,860.7861328125,719.4877319335938,820.954345703125,627.6721801757812,0.8588289022445679
494,104,958.9696655273438,415.8529052734375,1031.277587890625,613.967529296875,995.1236572265625,514.9102172851562,0.8625688552856445
494,118,250.32594299316406,321.8895263671875,325.1084289550781,467.7574157714844,287.7171936035156,394.823486328125,0.8711085319519043
494,121,216.65274047851562,510.0509033203125,281.3569641113281,717.8156127929688,249.00485229492188,613.9332275390625,0.883945107460022
494,117,112.7518081665039,393.5693054199219,188.79945373535156,588.1249389648438,150.775634765625,490.84710693359375,0.8941738605499268
494,129,711.2615966796875,411.6082458496094,778.32470703125,601.3987426757812,744.7931518554688,506.50347900390625,0.7248424887657166
494,108,891.0992431640625,361.4114990234375,960.7913208007812,544.0643310546875,925.9453125,452.7379150390625,0.6893873810768127
494,140,665.0980834960938,410.1445007324219,732.0603637695312,547.015625,698.5792236328125,478.580078125,0.7267605066299438
494,127,943.8314819335938,321.2384948730469,1003.5061645507812,481.79248046875,973.6688232421875,401.5155029296875,0.7071212530136108
494,65,1169.1131591796875,322.9078063964844,1275.3890380859375,456.626708984375,1222.2510986328125,389.76727294921875,0.6124417781829834
495,16,1096.532958984375,395.0008850097656,1172.2637939453125,584.1914672851562,1134.3984375,489.59619140625,0.8832516074180603
495,3,791.2166137695312,535.1184692382812,868.3137817382812,719.2284545898438,829.7651977539062,627.1734619140625,0.8612545132637024
495,104,972.1553344726562,410.2357482910156,1045.2127685546875,614.2939453125,1008.68408203125,512.2648315429688,0.8438785076141357
495,118,261.5734558105469,320.6188049316406,329.1793212890625,468.125,295.37640380859375,394.37188720703125,0.8540902733802795
495,121,221.9290008544922,509.9486083984375,286.6949768066406,717.736328125,254.31198120117188,613.8424682617188,0.8867717385292053
495,117,117.32929229736328,392.8604431152344,196.3506622314453,587.7449951171875,156.83998107910156,490.302734375,0.8948758244514465
495,129,717.2783203125,412.951171875,776.0134887695312,600.7432250976562,746.6458740234375,506.8471984863281,0.6890951991081238
495,108,900.039306640625,361.12139892578125,969.22265625,544.9879150390625,934.6309814453125,453.0546569824219,0.8562018871307373
495,140,661.963623046875,421.5338439941406,732.7677001953125,547.0300903320312,697.3656616210938,484.281982421875,0.5615713596343994
495,127,952.3262939453125,320.560546875,1012.4484252929688,456.0914611816406,982.3873291015625,388.32598876953125,0.7327659726142883
495,65,1177.5921630859375,323.6061096191406,1280.0,458.2915344238281,1228.796142578125,390.9488220214844,0.8341046571731567
496,16,1112.1409912109375,395.71917724609375,1186.556396484375,586.1726684570312,1149.3486328125,490.9459228515625,0.8809763789176941
496,3,799.8616943359375,534.4376831054688,874.6239013671875,719.0859985351562,837.2427978515625,626.7618408203125,0.8761382102966309
496,104,983.716552734375,406.16290283203125,1059.5391845703125,611.565185546875,1021.6278686523438,508.8640441894531,0.8214353919029236
496,118,269.2723388671875,319.2585144042969,333.4140625,459.70068359375,301.34320068359375,389.4796142578125,0.7949483394622803
496,121,226.3125457763672,510.26092529296875,290.6571350097656,718.375244140625,258.4848327636719,614.318115234375,0.8827393054962158
496,117,122.00176239013672,392.5911865234375,205.248046875,587.5180053710938,163.62490844726562,490.0545959472656,0.9019353985786438
496,129,722.20751953125,412.24359130859375,780.1798095703125,600.2933349609375,751.1936645507812,506.2684631347656,0.5310274958610535
496,108,908.1658935546875,360.1558837890625,978.5794677734375,544.408447265625,943.3726806640625,452.28216552734375,0.8978694081306458
496,140,657.5340576171875,429.1525573730469,733.148681640625,546.5437622070312,695.3413696289062,487.84814453125,0.5088790059089661
496,127,960.6469116210938,320.6773681640625,1021.0750732421875,448.6197814941406,990.8609619140625,384.6485595703125,0.6643016934394836
496,65,1186.354736328125,323.93109130859375,1280.0,456.78955078125,1233.1773681640625,390.3603210449219,0.8370220065116882
497,16,1122.05078125,395.8519592285156,1198.5926513671875,586.9391479492188,1160.32177734375,491.39556884765625,0.8798139691352844
497,3,806.7610473632812,534.0778198242188,880.0075073242188,719.1057739257812,843.38427734375,626.591796875,0.8941448926925659
497,104,994.4185180664062,403.5221252441406,1073.938720703125,604.8251342773438,1034.1785888671875,504.17364501953125,0.8172796964645386
497,118,274.73516845703125,318.123779296875,336.36248779296875,465.3761901855469,305.548828125,391.75,0.8813669085502625
497,121,229.73046875,510.6896667480469,294.2283020019531,718.4939575195312,261.9793701171875,614.591796875,0.8894538283348083
497,117,126.2490234375,392.9898986816406,213.18072509765625,587.512939453125,169.71487426757812,490.25140380859375,0.90171879529953
497,129,726.554931640625,414.4080810546875,780.9304809570312,596.8568115234375,753.74267578125,505.6324462890625,0.6196635961532593
497,108,914.923583984375,359.30963134765625,988.5557250976562,543.4778442382812,951.7396240234375,451.39373779296875,0.9038283228874207
497,140,650.0594482421875,434.3461608886719,738.9419555664062,547.8746948242188,694.500732421875,491.11041259765625,0.557062029838562
497,127,968.0792236328125,320.6361389160156,1030.1473388671875,444.3946838378906,999.11328125,382.5154113769531,0.8034590482711792
497,65,1195.6082763671875,323.999755859375,1280.0,456.0079040527344,1237.80419921875,390.00384521484375,0.8481529951095581
498,16,1130.2562255859375,396.0148620605469,1208.4488525390625,588.130126953125,1169.3525390625,492.072509765625,0.9094592332839966
498,3,812.4962158203125,534.304931640625,885.2279052734375,719.225341796875,848.862060546875,626.76513671875,0.9218573570251465
498,104,1009.5324096679688,403.30633544921875,1090.053466796875,603.8900146484375,1049.79296875,503.5981750488281,0.8598846197128296
498,118,279.5450744628906,316.78497314453125,337.9816589355469,467.3297119140625,308.76336669921875,392.0573425292969,0.897223949432373
498,121,232.97381591796875,511.37396240234375,297.171142578125,718.4436645507812,265.0724792480469,614.9088134765625,0.8899072408676147
498,117,129.53709411621094,392.8984069824219,221.31626892089844,588.4811401367188,175.4266815185547,490.68975830078125,0.9035484790802002
498,129,730.6685180664062,410.02978515625,783.36181640625,595.1846923828125,757.01513671875,502.60723876953125,0.4952670931816101
498,108,920.8823852539062,358.7667541503906,997.6094970703125,542.15966796875,959.2459716796875,450.46319580078125,0.9090301990509033
498,127,976.7947387695312,320.2681884765625,1038.0657958984375,445.0636291503906,1007.4302978515625,382.6658935546875,0.7757124304771423
498,65,1202.763916015625,323.7139892578125,1280.0,456.6861877441406,1241.3819580078125,390.2000732421875,0.8672447800636292
499,16,1138.0294189453125,395.6332702636719,1217.0538330078125,591.3672485351562,1177.5416259765625,493.500244140625,0.8923423290252686
499,3,815.9155883789062,534.9404907226562,889.5858764648438,719.2120361328125,852.750732421875,627.0762939453125,0.9210942387580872
499,104,1015.29736328125,404.4708251953125,1103.540283203125,602.8258666992188,1059.4188232421875,503.6483459472656,0.8859183192253113
499,118,284.06768798828125,316.06292724609375,338.99609375,468.07745361328125,311.5318908691406,392.0701904296875,0.8915213346481323
499,121,235.21237182617188,511.8861999511719,299.346435546875,718.3215942382812,267.2794189453125,615.1038818359375,0.8960176706314087
499,117,131.25906372070312,392.8249206542969,226.65164184570312,590.1611938476562,178.95535278320312,491.4930419921875,0.9045153260231018
499,129,732.6327514648438,406.75494384765625,786.4049072265625,592.7440795898438,759.518798828125,499.74951171875,0.4483831822872162
499,108,925.9169921875,358.6656494140625,1006.5670776367188,540.3474731445312,966.2420654296875,449.5065612792969,0.9138465523719788
499,127,986.5941162109375,319.9798583984375,1045.6231689453125,444.9484558105469,1016.108642578125,382.46417236328125,0.5930195450782776
499,65,1209.602294921875,322.8659362792969,1280.0,457.4653625488281,1244.8011474609375,390.1656494140625,0.8543837666511536
499,142,732.96337890625,403.6391296386719,809.8076171875,592.5994262695312,771.385498046875,498.1192626953125,0.5489771366119385
499,140,645.745361328125,440.14208984375,745.5362548828125,548.4163208007812,695.6408081054688,494.2792053222656,0.4930770695209503
500,16,1145.8284912109375,395.8023681640625,1224.0362548828125,593.3120727539062,1184.932373046875,494.5572204589844,0.8915559649467468
500,3,819.44921875,534.9520874023438,893.5889892578125,719.03466796875,856.5191040039062,626.993408203125,0.8906959891319275
500,104,1021.6340942382812,406.03546142578125,1119.0670166015625,601.7227172851562,1070.3505859375,503.87908935546875,0.8908331394195557
500,118,287.36749267578125,314.5460205078125,339.74688720703125,468.5674133300781,313.55718994140625,391.55670166015625,0.8833785057067871
500,121,236.85311889648438,512.30859375,302.0640869140625,718.4881591796875,269.4586181640625,615.3983764648438,0.9035486578941345
500,117,132.58753967285156,392.76885986328125,231.1464385986328,589.7560424804688,181.8669891357422,491.262451171875,0.893661379814148
500,129,734.4888916015625,401.3118591308594,789.7633666992188,590.9459838867188,762.1260986328125,496.12890625,0.6032909154891968
500,108,931.0404663085938,357.61614990234375,1014.0264282226562,539.4989624023438,972.533447265625,448.55755615234375,0.9048572182655334
500,127,996.7927856445312,319.1607971191406,1053.1376953125,452.1148376464844,1024.9652099609375,385.6378173828125,0.7094866037368774
500,65,1215.9171142578125,321.9950866699219,1280.0,458.2122497558594,1247.95849609375,390.1036682128906,0.811173677444458
500,140,645.3361206054688,441.45465087890625,749.2501831054688,549.129638671875,697.2931518554688,495.2921447753906,0.6249786019325256
500,135,734.647705078125,350.5126647949219,794.9964599609375,465.6863708496094,764.8220825195312,408.0995178222656,0.46641042828559875
501,16,1151.9915771484375,395.5354919433594,1230.1390380859375,594.4295654296875,1191.0653076171875,494.9825439453125,0.8895457983016968
501,3,822.3301391601562,534.734375,896.998779296875,718.9054565429688,859.6644287109375,626.8199462890625,0.9122428894042969
501,104,1030.075439453125,406.3735046386719,1135.15087890625,601.1519165039062,1082.6131591796875,503.7626953125,0.8832350373268127
501,118,290.99078369140625,313.2687683105469,339.78302001953125,469.7342834472656,315.38690185546875,391.50152587890625,0.8794566988945007
501,121,238.7141876220703,512.4424438476562,304.4543151855469,718.8846435546875,271.5842590332031,615.66357421875,0.9068424105644226
501,117,134.91639709472656,392.54583740234375,234.02381896972656,590.15478515625,184.47010803222656,491.3503112792969,0.9048091769218445
501,129,738.3203735351562,398.182861328125,791.8591918945312,590.2427978515625,765.0897827148438,494.21282958984375,0.8488081693649292
501,108,934.9844360351562,357.1824035644531,1020.1245727539062,539.0511474609375,977.5545043945312,448.11676025390625,0.8924136757850647
501,127,1007.6907958984375,317.8548583984375,1060.1851806640625,464.9207458496094,1033.93798828125,391.3878173828125,0.8366904854774475
501,65,1222.7147216796875,320.9258117675781,1280.0,457.6033630371094,1251.357421875,389.26458740234375,0.7223271727561951
501,140,647.2333984375,442.02984619140625,752.0358276367188,548.982177734375,699.6346435546875,495.5060119628906,0.7341904640197754
501,135,736.4778442382812,349.5838928222656,795.7217407226562,459.6644287109375,766.0997924804688,404.6241455078125,0.4875333607196808
502,16,1158.2969970703125,395.76446533203125,1238.228515625,595.4973754882812,1198.2626953125,495.63092041015625,0.9011387825012207
502,3,822.4747924804688,535.05810546875,899.6148071289062,718.6796875,861.0447998046875,626.868896484375,0.9105079174041748
502,104,1052.1705322265625,404.58843994140625,1138.76416015625,601.546875,1095.46728515625,503.0676574707031,0.8783530592918396
502,118,293.9787292480469,311.5239562988281,340.384521484375,470.6556396484375,317.181640625,391.08978271484375,0.8858557343482971
502,121,240.9433135986328,512.8834838867188,306.5064697265625,719.0723876953125,273.7248840332031,615.9779052734375,0.8951958417892456
502,117,137.52403259277344,391.835205078125,236.4445343017578,590.6765747070312,186.98428344726562,491.2558898925781,0.9040993452072144
502,129,741.5803833007812,397.2625427246094,795.2195434570312,590.5140991210938,768.3999633789062,493.8883056640625,0.8795977234840393
502,108,940.2766723632812,356.8952331542969,1025.6431884765625,539.921142578125,982.9599609375,448.408203125,0.8974610567092896
502,127,1017.6528930664062,317.7007141113281,1068.3359375,470.7466735839844,1042.994384765625,394.22369384765625,0.8001716732978821
502,65,1230.8193359375,334.3672790527344,1280.0,458.6429748535156,1255.40966796875,396.505126953125,0.8120940923690796
502,140,650.3202514648438,441.6241149902344,754.3527221679688,549.0889282226562,702.3364868164062,495.35650634765625,0.7686304450035095
502,135,737.8356323242188,348.5115966796875,797.3024291992188,456.096435546875,767.5690307617188,402.30401611328125,0.5799798369407654
502,136,869.0726318359375,113.43112182617188,922.1614990234375,278.063232421875,895.6170654296875,195.74717712402344,0.41183140873908997
503,16,1163.93505859375,395.70599365234375,1245.84423828125,596.8798217773438,1204.8896484375,496.29290771484375,0.8812678456306458
503,3,820.6646118164062,535.3629760742188,901.4284057617188,718.5965576171875,861.0465087890625,626.979736328125,0.9080963134765625
503,104,1065.1785888671875,401.50689697265625,1146.127197265625,602.0733642578125,1105.65283203125,501.7901306152344,0.8455003499984741
503,118,297.1719665527344,309.459716796875,340.63818359375,471.0208435058594,318.90509033203125,390.24029541015625,0.875282883644104
503,121,243.26673889160156,513.221435546875,308.3963317871094,718.7273559570312,275.83154296875,615.974365234375,0.900239109992981
503,117,141.68931579589844,390.3399658203125,238.46490478515625,590.1670532226562,190.07711791992188,490.2535095214844,0.9116657972335815
503,129,741.125,398.3248596191406,799.0333251953125,592.1358032226562,770.0791625976562,495.2303466796875,0.8896104097366333
503,108,945.6874389648438,356.8833312988281,1030.255615234375,540.883544921875,987.9715576171875,448.8834228515625,0.8922825455665588
503,127,1029.720703125,317.05096435546875,1075.612060546875,475.8398742675781,1052.6663818359375,396.4454345703125,0.7261602878570557
503,65,1238.439697265625,338.7477722167969,1280.0,459.3376770019531,1259.2198486328125,399.042724609375,0.7856091260910034
503,140,653.4408569335938,439.60382080078125,756.2528076171875,550.465087890625,704.8468017578125,495.0344543457031,0.8384431600570679
503,135,739.1040649414062,346.4688415527344,799.451904296875,455.6120910644531,769.2779541015625,401.04046630859375,0.620059609413147
504,16,1170.4072265625,394.86224365234375,1253.4407958984375,598.2344360351562,1211.924072265625,496.54833984375,0.8761500120162964
504,3,818.8629760742188,535.6612548828125,903.9495239257812,718.9733276367188,861.40625,627.3172607421875,0.9082042574882507
504,104,1076.9571533203125,398.5647277832031,1161.8265380859375,600.9735717773438,1119.391845703125,499.7691650390625,0.8823352456092834
504,118,299.7405090332031,307.74261474609375,340.6858825683594,471.3621520996094,320.21319580078125,389.5523681640625,0.6276460886001587
504,121,245.50137329101562,513.4390258789062,309.9273986816406,718.7938842773438,277.7143859863281,616.116455078125,0.8942276239395142
504,117,146.65916442871094,387.7333068847656,240.50523376464844,591.0513916015625,193.5821990966797,489.392333984375,0.8990809917449951
504,129,739.1641235351562,399.6166687011719,801.963623046875,592.765869140625,770.5638427734375,496.1912841796875,0.867424726486206
504,108,950.0017700195312,356.7966613769531,1035.3902587890625,541.4609375,992.696044921875,449.1287841796875,0.9031927585601807
504,127,1040.0728759765625,316.0408935546875,1084.8155517578125,480.3458557128906,1062.4442138671875,398.193359375,0.8355268239974976
504,65,1243.1029052734375,340.7041931152344,1279.9561767578125,461.00616455078125,1261.529541015625,400.85516357421875,0.5061874985694885
504,140,657.0460205078125,437.323974609375,757.9193725585938,551.5628662109375,707.482666015625,494.44342041015625,0.8435114026069641
504,135,740.0816650390625,346.14288330078125,801.6387329101562,455.1017761230469,770.8602294921875,400.622314453125,0.6301671266555786
505,16,1177.2161865234375,394.1683349609375,1260.396728515625,599.9046020507812,1218.806396484375,497.0364685058594,0.8799257874488831
505,3,818.7465209960938,536.6254272460938,906.4907836914062,719.2565307617188,862.61865234375,627.9409790039062,0.9151826500892639
505,104,1087.759521484375,396.1540222167969,1172.7978515625,600.6934814453125,1130.2786865234375,498.42376708984375,0.872499942779541
505,118,302.0761413574219,306.08758544921875,341.6191711425781,471.7330017089844,321.84765625,388.9102783203125,0.8653832674026489
505,121,247.2172088623047,513.8380126953125,311.1191711425781,718.4929809570312,279.1681823730469,616.16552734375,0.890241801738739
505,117,154.2427520751953,385.4490966796875,246.10238647460938,588.5968017578125,200.17257690429688,487.02294921875,0.9018527865409851
505,129,738.10693359375,399.71405029296875,803.5111694335938,593.7427368164062,770.80908203125,496.7283935546875,0.880178689956665
505,108,954.6068725585938,356.91363525390625,1040.8955078125,542.820068359375,997.751220703125,449.8668518066406,0.9026985764503479
505,127,1047.007568359375,315.67303466796875,1092.7608642578125,485.2912902832031,1069.88427734375,400.482177734375,0.7785103917121887
505,140,660.1800537109375,435.2943420410156,759.9719848632812,552.318603515625,710.0760498046875,493.80645751953125,0.8485097885131836
505,135,741.719970703125,345.30859375,803.6338500976562,456.5816345214844,772.6768798828125,400.94512939453125,0.7092560529708862
505,136,883.7111206054688,109.35803985595703,937.06591796875,224.10646057128906,910.3885498046875,166.7322540283203,0.4617266356945038
506,16,1184.018310546875,394.44683837890625,1268.606689453125,601.6217651367188,1226.3125,498.0343017578125,0.8669813275337219
506,3,819.4863891601562,537.66650390625,909.6190185546875,719.382568359375,864.552734375,628.5245361328125,0.9190928339958191
506,104,1096.1260986328125,393.5504150390625,1179.17138671875,600.8646240234375,1137.648681640625,497.20751953125,0.8762004375457764
506,118,304.00439453125,304.96905517578125,343.3993225097656,472.14654541015625,323.70184326171875,388.55780029296875,0.868381679058075
506,121,248.60586547851562,514.4134521484375,311.82244873046875,718.35546875,280.21417236328125,616.3844604492188,0.8916716575622559
506,117,163.71697998046875,383.5663757324219,253.36383056640625,582.5068969726562,208.5404052734375,483.03662109375,0.9251725673675537
506,129,738.5940551757812,399.4742126464844,805.8636474609375,594.7835693359375,772.2288818359375,497.12890625,0.894267201423645
506,108,960.5570678710938,357.4468078613281,1047.473388671875,544.4420166015625,1004.0152587890625,450.94439697265625,0.8948841094970703
506,127,1051.818115234375,316.3633117675781,1102.4888916015625,488.848876953125,1077.153564453125,402.6060791015625,0.8252319097518921
506,140,663.0089111328125,434.20086669921875,760.16455078125,551.7469482421875,711.5867309570312,492.9739074707031,0.8536038398742676
506,135,743.8131713867188,344.2698974609375,805.7197265625,458.2028503417969,774.7664794921875,401.23638916015625,0.7484398484230042
506,136,887.9529418945312,107.557861328125,940.4810791015625,258.88409423828125,914.217041015625,183.22097778320312,0.4237351715564728
507,16,1192.263427734375,394.0570983886719,1276.7861328125,602.9922485351562,1234.5247802734375,498.524658203125,0.8769054412841797
507,3,820.2500610351562,538.3821411132812,910.559326171875,719.4276733398438,865.4046630859375,628.9049072265625,0.9105167388916016
507,104,1102.53173828125,389.3284606933594,1186.9765625,600.6541137695312,1144.754150390625,494.99127197265625,0.8832708597183228
507,118,304.8941955566406,304.106201171875,345.6317138671875,472.33221435546875,325.262939453125,388.2192077636719,0.890425443649292
507,121,248.6128387451172,515.0623168945312,312.04058837890625,718.3492431640625,280.32672119140625,616.705810546875,0.8888438940048218
507,117,175.21661376953125,380.8191223144531,260.44525146484375,578.2611694335938,217.8309326171875,479.5401611328125,0.9117816090583801
507,129,741.8119506835938,398.0527648925781,807.8494262695312,594.8602294921875,774.8306884765625,496.45648193359375,0.8950628638267517
507,108,970.51220703125,357.9814147949219,1055.2301025390625,547.0183715820312,1012.8711547851562,452.4998779296875,0.8847020864486694
507,127,1057.1490478515625,316.5841064453125,1116.4288330078125,488.04058837890625,1086.7889404296875,402.3123474121094,0.8656709790229797
507,140,665.56884765625,432.96832275390625,759.9553833007812,553.5672607421875,712.7620849609375,493.2677917480469,0.8749425411224365
507,135,745.1222534179688,342.68365478515625,807.9706420898438,459.48931884765625,776.5464477539062,401.08648681640625,0.7506300210952759
